<?xml version="1.0" encoding="utf-8"?>
<!--(c) XBRL Deutschland e.V. - see http://www.xbrl.de-->


<linkbase xmlns="http://www.xbrl.org/2003/linkbase"
          xmlns:xsi="http://www.w3.org/2001/XMLSchema-instance"
          xsi:schemaLocation="http://www.xbrl.org/2003/linkbase http://www.xbrl.org/2003/xbrl-linkbase-2003-12-31.xsd">
   <labelLink xmlns:xlink="http://www.w3.org/1999/xlink"
              xlink:role="http://www.xbrl.org/2003/role/link"
              xlink:type="extended">
      <loc xlink:type="locator"
           xlink:href="de-ins-2018-04-01.xsd#de-ins_bsIns.ass.other.comment"
           xlink:label="de-ins_bsIns.ass.other.comment"/>
      <loc xlink:type="locator"
           xlink:href="de-ins-2018-04-01.xsd#de-ins_bsIns.eqLiab.equity.taxBalanceGenerally"
           xlink:label="de-ins_bsIns.eqLiab.equity.taxBalanceGenerally"/>
      <loc xlink:type="locator"
           xlink:href="de-ins-2018-04-01.xsd#de-ins_bsIns.eqLiab.equity.taxBalanceGenerally.comment"
           xlink:label="de-ins_bsIns.eqLiab.equity.taxBalanceGenerally.comment"/>
      <loc xlink:type="locator"
           xlink:href="de-ins-2018-04-01.xsd#de-ins_bsIns.eqLiab.pretaxRes.specAmort.comment"
           xlink:label="de-ins_bsIns.eqLiab.pretaxRes.specAmort.comment"/>
      <loc xlink:type="locator"
           xlink:href="de-ins-2018-04-01.xsd#de-ins_bsIns.eqLiab.technicalProvisions.equalisationProv.similar.other.comment"
           xlink:label="de-ins_bsIns.eqLiab.technicalProvisions.equalisationProv.similar.other.comment"/>
      <loc xlink:type="locator"
           xlink:href="de-ins-2018-04-01.xsd#de-ins_bsIns.eqLiab.accruals.tax.other.comment"
           xlink:label="de-ins_bsIns.eqLiab.accruals.tax.other.comment"/>
      <loc xlink:type="locator"
           xlink:href="de-ins-2018-04-01.xsd#de-ins_bsIns.eqLiab.accruals.other.other.comment"
           xlink:label="de-ins_bsIns.eqLiab.accruals.other.other.comment"/>
      <loc xlink:type="locator"
           xlink:href="de-ins-2018-04-01.xsd#de-ins_bsIns.eqLiab.defIncome.comment"
           xlink:label="de-ins_bsIns.eqLiab.defIncome.comment"/>
      <loc xlink:type="locator"
           xlink:href="de-ins-2018-04-01.xsd#de-ins_isIns.nonTechnicalAccount.extraord.income.comment"
           xlink:label="de-ins_isIns.nonTechnicalAccount.extraord.income.comment"/>
      <loc xlink:type="locator"
           xlink:href="de-ins-2018-04-01.xsd#de-ins_isIns.nonTechnicalAccount.extraord.expenses.comment"
           xlink:label="de-ins_isIns.nonTechnicalAccount.extraord.expenses.comment"/>
      <loc xlink:type="locator"
           xlink:href="de-ins-2018-04-01.xsd#de-ins_isIns.nonTechnicalAccount.tax.deferred.comment"
           xlink:label="de-ins_isIns.nonTechnicalAccount.tax.deferred.comment"/>
      <loc xlink:type="locator"
           xlink:href="de-ins-2018-04-01.xsd#de-ins_isIns.nonTechnicalAccount.otherTaxes.other.comment"
           xlink:label="de-ins_isIns.nonTechnicalAccount.otherTaxes.other.comment"/>
      <loc xlink:type="locator"
           xlink:href="de-ins-2018-04-01.xsd#de-ins_bsIns.ass.investments.landBuildings.other"
           xlink:label="de-ins_bsIns.ass.investments.landBuildings.other"/>
      <loc xlink:type="locator"
           xlink:href="de-ins-2018-04-01.xsd#de-ins_bsIns.ass.fixAssIntan.concessionBrandsOtherForeign"
           xlink:label="de-ins_bsIns.ass.fixAssIntan.concessionBrandsOtherForeign"/>
      <loc xlink:type="locator"
           xlink:href="de-ins-2018-04-01.xsd#de-ins_bsIns.ass.investments.landBuildingsOtherForeign"
           xlink:label="de-ins_bsIns.ass.investments.landBuildingsOtherForeign"/>
      <loc xlink:type="locator"
           xlink:href="de-ins-2018-04-01.xsd#de-ins_bsIns.ass.investments.sharesInAffilOtherForeign"
           xlink:label="de-ins_bsIns.ass.investments.sharesInAffilOtherForeign"/>
      <loc xlink:type="locator"
           xlink:href="de-ins-2018-04-01.xsd#de-ins_bsIns.ass.investments.otherForeign"
           xlink:label="de-ins_bsIns.ass.investments.otherForeign"/>
      <loc xlink:type="locator"
           xlink:href="de-ins-2018-04-01.xsd#de-ins_bsIns.ass.receiv.directInsForeign"
           xlink:label="de-ins_bsIns.ass.receiv.directInsForeign"/>
      <loc xlink:type="locator"
           xlink:href="de-ins-2018-04-01.xsd#de-ins_bsIns.ass.receiv.pensionFundForeign"
           xlink:label="de-ins_bsIns.ass.receiv.pensionFundForeign"/>
      <loc xlink:type="locator"
           xlink:href="de-ins-2018-04-01.xsd#de-ins_bsIns.ass.other.tanFixAssAndInventoriesForeign"
           xlink:label="de-ins_bsIns.ass.other.tanFixAssAndInventoriesForeign"/>
      <loc xlink:type="locator"
           xlink:href="de-ins-2018-04-01.xsd#de-ins_bsIns.ass.other.cashEquivForeign"
           xlink:label="de-ins_bsIns.ass.other.cashEquivForeign"/>
      <loc xlink:type="locator"
           xlink:href="de-ins-2018-04-01.xsd#de-ins_bsIns.eqLiab.technicalProvisions.unearnedPremiumsForeign"
           xlink:label="de-ins_bsIns.eqLiab.technicalProvisions.unearnedPremiumsForeign"/>
      <loc xlink:type="locator"
           xlink:href="de-ins-2018-04-01.xsd#de-ins_bsIns.eqLiab.technicalProvisions.premiumResForeign"
           xlink:label="de-ins_bsIns.eqLiab.technicalProvisions.premiumResForeign"/>
      <loc xlink:type="locator"
           xlink:href="de-ins-2018-04-01.xsd#de-ins_bsIns.eqLiab.technicalProvisions.premiumRes.reins.grossForecastForeign"
           xlink:label="de-ins_bsIns.eqLiab.technicalProvisions.premiumRes.reins.grossForecastForeign"/>
      <loc xlink:type="locator"
           xlink:href="de-ins-2018-04-01.xsd#de-ins_bsIns.eqLiab.technicalProvisions.unsettledClaimsForeign"
           xlink:label="de-ins_bsIns.eqLiab.technicalProvisions.unsettledClaimsForeign"/>
      <loc xlink:type="locator"
           xlink:href="de-ins-2018-04-01.xsd#de-ins_bsIns.eqLiab.technicalProvisions.bonusesForeign"
           xlink:label="de-ins_bsIns.eqLiab.technicalProvisions.bonusesForeign"/>
      <loc xlink:type="locator"
           xlink:href="de-ins-2018-04-01.xsd#de-ins_bsIns.eqLiab.technicalProvisions.bonusesGenerallyForeign"
           xlink:label="de-ins_bsIns.eqLiab.technicalProvisions.bonusesGenerallyForeign"/>
      <loc xlink:type="locator"
           xlink:href="de-ins-2018-04-01.xsd#de-ins_bsIns.eqLiab.technicalProvisions.equalisationProvForeign"
           xlink:label="de-ins_bsIns.eqLiab.technicalProvisions.equalisationProvForeign"/>
      <loc xlink:type="locator"
           xlink:href="de-ins-2018-04-01.xsd#de-ins_bsIns.eqLiab.technicalProvisions.otherForeign"
           xlink:label="de-ins_bsIns.eqLiab.technicalProvisions.otherForeign"/>
      <loc xlink:type="locator"
           xlink:href="de-ins-2018-04-01.xsd#de-ins_bsIns.eqLiab.pensionFundProvisions.unearnedPremiumsForeign"
           xlink:label="de-ins_bsIns.eqLiab.pensionFundProvisions.unearnedPremiumsForeign"/>
      <loc xlink:type="locator"
           xlink:href="de-ins-2018-04-01.xsd#de-ins_bsIns.eqLiab.pensionFundProvisions.premiumResForeign"
           xlink:label="de-ins_bsIns.eqLiab.pensionFundProvisions.premiumResForeign"/>
      <loc xlink:type="locator"
           xlink:href="de-ins-2018-04-01.xsd#de-ins_bsIns.eqLiab.pensionFundProvisions.claimsOutstandingForeign"
           xlink:label="de-ins_bsIns.eqLiab.pensionFundProvisions.claimsOutstandingForeign"/>
      <loc xlink:type="locator"
           xlink:href="de-ins-2018-04-01.xsd#de-ins_bsIns.eqLiab.pensionFundProvisions.bonusesForeign"
           xlink:label="de-ins_bsIns.eqLiab.pensionFundProvisions.bonusesForeign"/>
      <loc xlink:type="locator"
           xlink:href="de-ins-2018-04-01.xsd#de-ins_bsIns.eqLiab.pensionFundProvisions.otherForeign"
           xlink:label="de-ins_bsIns.eqLiab.pensionFundProvisions.otherForeign"/>
      <loc xlink:type="locator"
           xlink:href="de-ins-2018-04-01.xsd#de-ins_bsIns.eqLiab.technicalProvisionsLifeInsRiskPolicyholder.premiumResForeign"
           xlink:label="de-ins_bsIns.eqLiab.technicalProvisionsLifeInsRiskPolicyholder.premiumResForeign"/>
      <loc xlink:type="locator"
           xlink:href="de-ins-2018-04-01.xsd#de-ins_bsIns.eqLiab.technicalProvisionsLifeInsRiskPolicyholder.otherForeign"
           xlink:label="de-ins_bsIns.eqLiab.technicalProvisionsLifeInsRiskPolicyholder.otherForeign"/>
      <loc xlink:type="locator"
           xlink:href="de-ins-2018-04-01.xsd#de-ins_bsIns.eqLiab.pensionFundProvisionsInsRiskEmpl.premiumResForeign"
           xlink:label="de-ins_bsIns.eqLiab.pensionFundProvisionsInsRiskEmpl.premiumResForeign"/>
      <loc xlink:type="locator"
           xlink:href="de-ins-2018-04-01.xsd#de-ins_bsIns.eqLiab.pensionFundProvisionsInsRiskEmpl.otherForeign"
           xlink:label="de-ins_bsIns.eqLiab.pensionFundProvisionsInsRiskEmpl.otherForeign"/>
      <loc xlink:type="locator"
           xlink:href="de-ins-2018-04-01.xsd#de-ins_bs.eqLiab.accruals.pensionsForeign"
           xlink:label="de-ins_bs.eqLiab.accruals.pensionsForeign"/>
      <loc xlink:type="locator"
           xlink:href="de-ins-2018-04-01.xsd#de-ins_bsIns.eqLiab.accruals.taxForeign"
           xlink:label="de-ins_bsIns.eqLiab.accruals.taxForeign"/>
      <loc xlink:type="locator"
           xlink:href="de-ins-2018-04-01.xsd#de-ins_bsIns.eqLiab.accruals.otherForeign"
           xlink:label="de-ins_bsIns.eqLiab.accruals.otherForeign"/>
      <loc xlink:type="locator"
           xlink:href="de-ins-2018-04-01.xsd#de-ins_bsIns.eqLiab.liab.directInsOperationsForeign"
           xlink:label="de-ins_bsIns.eqLiab.liab.directInsOperationsForeign"/>
      <loc xlink:type="locator"
           xlink:href="de-ins-2018-04-01.xsd#de-ins_bsIns.eqLiab.liab.pensionFundOperationsForeign"
           xlink:label="de-ins_bsIns.eqLiab.liab.pensionFundOperationsForeign"/>
      <loc xlink:type="locator"
           xlink:href="de-ins-2018-04-01.xsd#de-ins_isIns.nonTechnicalAccount.otherForeign"
           xlink:label="de-ins_isIns.nonTechnicalAccount.otherForeign"/>
      <loc xlink:type="locator"
           xlink:href="de-ins-2018-04-01.xsd#de-ins_bsIns.eqLiab.accInsRiskPolHolder.otherForeign"
           xlink:label="de-ins_bsIns.eqLiab.accInsRiskPolHolder.otherForeign"/>
      <loc xlink:type="locator"
           xlink:href="de-ins-2018-04-01.xsd#de-ins_bsIns.ass.receiv.other.corpTaxOverpayment"
           xlink:label="de-ins_bsIns.ass.receiv.other.corpTaxOverpayment"/>
      <loc xlink:type="locator"
           xlink:href="de-ins-2018-04-01.xsd#de-ins_bsIns.ass.receiv.other.tradeTaxOverpayment"
           xlink:label="de-ins_bsIns.ass.receiv.other.tradeTaxOverpayment"/>
      <loc xlink:type="locator"
           xlink:href="de-ins-2018-04-01.xsd#de-ins_bsIns.eqLiab.equity.netIncome.taxBalanceGenerally.finalPrev"
           xlink:label="de-ins_bsIns.eqLiab.equity.netIncome.taxBalanceGenerally.finalPrev"/>
      <loc xlink:type="locator"
           xlink:href="de-ins-2018-04-01.xsd#de-ins_bsIns.eqLiab.equity.netIncome.taxBalanceGenerally.capAdjust"
           xlink:label="de-ins_bsIns.eqLiab.equity.netIncome.taxBalanceGenerally.capAdjust"/>
      <loc xlink:type="locator"
           xlink:href="de-ins-2018-04-01.xsd#de-ins_bsIns.eqLiab.equity.netIncome.taxBalanceGenerally.movements"
           xlink:label="de-ins_bsIns.eqLiab.equity.netIncome.taxBalanceGenerally.movements"/>
      <loc xlink:type="locator"
           xlink:href="de-ins-2018-04-01.xsd#de-ins_bsIns.eqLiab.equity.netIncome.taxBalanceGenerally.changePresentYear"
           xlink:label="de-ins_bsIns.eqLiab.equity.netIncome.taxBalanceGenerally.changePresentYear"/>
      <loc xlink:type="locator"
           xlink:href="de-ins-2018-04-01.xsd#de-ins_bsIns.eqLiab.equity.netIncome.taxBalanceGenerally.transferDiffTaxAccounts"
           xlink:label="de-ins_bsIns.eqLiab.equity.netIncome.taxBalanceGenerally.transferDiffTaxAccounts"/>
      <!--
internal labels
--><labelArc xlink:from="de-ins_bs.eqLiab.accruals.pensionsForeign"
                xlink:to="label_de-ins_bs.eqLiab.accruals.pensionsForeign"
                xlink:arcrole="http://www.xbrl.org/2003/arcrole/concept-label"
                xlink:type="arc"/>
      <label xlink:label="label_de-ins_bs.eqLiab.accruals.pensionsForeign"
             id="label_de-ins_bs.eqLiab.accruals.pensionsForeign"
             xlink:role="http://www.xbrl.org/2003/role/definitionGuidance"
             xlink:type="resource"
             xml:lang="de">Die Position dient als Auffangposition, soweit eine detaillierte Zuordnung auf die in der gleichen Ebene vorhandenen Positionen nicht möglich ist.</label>
      <labelArc xlink:from="de-ins_bsIns.ass.fixAssIntan.concessionBrandsOtherForeign"
                xlink:to="label_de-ins_bsIns.ass.fixAssIntan.concessionBrandsOtherForeign"
                xlink:arcrole="http://www.xbrl.org/2003/arcrole/concept-label"
                xlink:type="arc"/>
      <label xlink:label="label_de-ins_bsIns.ass.fixAssIntan.concessionBrandsOtherForeign"
             id="label_de-ins_bsIns.ass.fixAssIntan.concessionBrandsOtherForeign"
             xlink:role="http://www.xbrl.org/2003/role/definitionGuidance"
             xlink:type="resource"
             xml:lang="de">Die Position dient als Auffangposition, soweit eine detaillierte Zuordnung auf die in der gleichen Ebene vorhandenen Positionen nicht möglich ist.</label>
      <labelArc xlink:from="de-ins_bsIns.ass.investments.landBuildings.other"
                xlink:to="label_de-ins_bsIns.ass.investments.landBuildings.other"
                xlink:arcrole="http://www.xbrl.org/2003/arcrole/concept-label"
                xlink:type="arc"/>
      <label xlink:label="label_de-ins_bsIns.ass.investments.landBuildings.other"
             id="label_de-ins_bsIns.ass.investments.landBuildings.other"
             xlink:role="http://www.xbrl.org/2003/role/definitionGuidance"
             xlink:type="resource"
             xml:lang="de">Die Position dient als Auffangposition, soweit eine detaillierte Zuordnung auf die in der gleichen Ebene vorhandenen Positionen nicht möglich ist.</label>
      <labelArc xlink:from="de-ins_bsIns.ass.investments.landBuildingsOtherForeign"
                xlink:to="label_de-ins_bsIns.ass.investments.landBuildingsOtherForeign"
                xlink:arcrole="http://www.xbrl.org/2003/arcrole/concept-label"
                xlink:type="arc"/>
      <label xlink:label="label_de-ins_bsIns.ass.investments.landBuildingsOtherForeign"
             id="label_de-ins_bsIns.ass.investments.landBuildingsOtherForeign"
             xlink:role="http://www.xbrl.org/2003/role/definitionGuidance"
             xlink:type="resource"
             xml:lang="de">Die Position dient als Auffangposition, soweit eine detaillierte Zuordnung auf die in der gleichen Ebene vorhandenen Positionen nicht möglich ist.</label>
      <labelArc xlink:from="de-ins_bsIns.ass.investments.otherForeign"
                xlink:to="label_de-ins_bsIns.ass.investments.otherForeign"
                xlink:arcrole="http://www.xbrl.org/2003/arcrole/concept-label"
                xlink:type="arc"/>
      <label xlink:label="label_de-ins_bsIns.ass.investments.otherForeign"
             id="label_de-ins_bsIns.ass.investments.otherForeign"
             xlink:role="http://www.xbrl.org/2003/role/definitionGuidance"
             xlink:type="resource"
             xml:lang="de">Die Position dient als Auffangposition, soweit eine detaillierte Zuordnung auf die in der gleichen Ebene vorhandenen Positionen nicht möglich ist.</label>
      <labelArc xlink:from="de-ins_bsIns.ass.investments.sharesInAffilOtherForeign"
                xlink:to="label_de-ins_bsIns.ass.investments.sharesInAffilOtherForeign"
                xlink:arcrole="http://www.xbrl.org/2003/arcrole/concept-label"
                xlink:type="arc"/>
      <label xlink:label="label_de-ins_bsIns.ass.investments.sharesInAffilOtherForeign"
             id="label_de-ins_bsIns.ass.investments.sharesInAffilOtherForeign"
             xlink:role="http://www.xbrl.org/2003/role/definitionGuidance"
             xlink:type="resource"
             xml:lang="de">Die Position dient als Auffangposition, soweit eine detaillierte Zuordnung auf die in der gleichen Ebene vorhandenen Positionen nicht möglich ist.</label>
      <labelArc xlink:from="de-ins_bsIns.ass.other.cashEquivForeign"
                xlink:to="label_de-ins_bsIns.ass.other.cashEquivForeign"
                xlink:arcrole="http://www.xbrl.org/2003/arcrole/concept-label"
                xlink:type="arc"/>
      <label xlink:label="label_de-ins_bsIns.ass.other.cashEquivForeign"
             id="label_de-ins_bsIns.ass.other.cashEquivForeign"
             xlink:role="http://www.xbrl.org/2003/role/definitionGuidance"
             xlink:type="resource"
             xml:lang="de">Die Position dient als Auffangposition, soweit eine detaillierte Zuordnung auf die in der gleichen Ebene vorhandenen Positionen nicht möglich ist.</label>
      <labelArc xlink:from="de-ins_bsIns.ass.other.comment"
                xlink:to="label_de-ins_bsIns.ass.other.comment"
                xlink:arcrole="http://www.xbrl.org/2003/arcrole/concept-label"
                xlink:type="arc"/>
      <label xlink:label="label_de-ins_bsIns.ass.other.comment"
             id="label_de-ins_bsIns.ass.other.comment"
             xlink:role="http://www.xbrl.org/2003/role/definitionGuidance"
             xlink:type="resource"
             xml:lang="de">Die entsprechende Berechnung/Erläuterung/detaillierte Darstellung ist als Fußnote zu berichten.</label>
      <labelArc xlink:from="de-ins_bsIns.ass.other.tanFixAssAndInventoriesForeign"
                xlink:to="label_de-ins_bsIns.ass.other.tanFixAssAndInventoriesForeign"
                xlink:arcrole="http://www.xbrl.org/2003/arcrole/concept-label"
                xlink:type="arc"/>
      <label xlink:label="label_de-ins_bsIns.ass.other.tanFixAssAndInventoriesForeign"
             id="label_de-ins_bsIns.ass.other.tanFixAssAndInventoriesForeign"
             xlink:role="http://www.xbrl.org/2003/role/definitionGuidance"
             xlink:type="resource"
             xml:lang="de">Die Position dient als Auffangposition, soweit eine detaillierte Zuordnung auf die in der gleichen Ebene vorhandenen Positionen nicht möglich ist.</label>
      <labelArc xlink:from="de-ins_bsIns.ass.receiv.directInsForeign"
                xlink:to="label_de-ins_bsIns.ass.receiv.directInsForeign"
                xlink:arcrole="http://www.xbrl.org/2003/arcrole/concept-label"
                xlink:type="arc"/>
      <label xlink:label="label_de-ins_bsIns.ass.receiv.directInsForeign"
             id="label_de-ins_bsIns.ass.receiv.directInsForeign"
             xlink:role="http://www.xbrl.org/2003/role/definitionGuidance"
             xlink:type="resource"
             xml:lang="de">Die Position dient als Auffangposition, soweit eine detaillierte Zuordnung auf die in der gleichen Ebene vorhandenen Positionen nicht möglich ist.</label>
      <labelArc xlink:from="de-ins_bsIns.ass.receiv.other.corpTaxOverpayment"
                xlink:to="label_de-ins_bsIns.ass.receiv.other.corpTaxOverpayment"
                xlink:arcrole="http://www.xbrl.org/2003/arcrole/concept-label"
                xlink:type="arc"/>
      <label xlink:label="label_de-ins_bsIns.ass.receiv.other.corpTaxOverpayment"
             id="label_de-ins_bsIns.ass.receiv.other.corpTaxOverpayment"
             xlink:role="http://www.xbrl.org/2003/role/definitionGuidance"
             xlink:type="resource"
             xml:lang="de">Erstattungsansprüche entstehen mit Ablauf des Wirtschaftsjahres. Ein Körperschaftsteuerbescheid ist nicht notwendig. Die Position gilt für Forderungen sowohl gegenüber deutschen als auch ausländischen Finanzbehörden.</label>
      <labelArc xlink:from="de-ins_bsIns.ass.receiv.other.tradeTaxOverpayment"
                xlink:to="label_de-ins_bsIns.ass.receiv.other.tradeTaxOverpayment"
                xlink:arcrole="http://www.xbrl.org/2003/arcrole/concept-label"
                xlink:type="arc"/>
      <label xlink:label="label_de-ins_bsIns.ass.receiv.other.tradeTaxOverpayment"
             id="label_de-ins_bsIns.ass.receiv.other.tradeTaxOverpayment"
             xlink:role="http://www.xbrl.org/2003/role/definitionGuidance"
             xlink:type="resource"
             xml:lang="de">Erstattungsansprüche entstehen mit Ablauf des Wirtschaftsjahres. Ein Gewerbesteuerbescheid ist nicht notwendig. Die Position gilt für Forderungen gegenüber deutschen als auch ausländischen Finanzbehörden.</label>
      <labelArc xlink:from="de-ins_bsIns.ass.receiv.pensionFundForeign"
                xlink:to="label_de-ins_bsIns.ass.receiv.pensionFundForeign"
                xlink:arcrole="http://www.xbrl.org/2003/arcrole/concept-label"
                xlink:type="arc"/>
      <label xlink:label="label_de-ins_bsIns.ass.receiv.pensionFundForeign"
             id="label_de-ins_bsIns.ass.receiv.pensionFundForeign"
             xlink:role="http://www.xbrl.org/2003/role/definitionGuidance"
             xlink:type="resource"
             xml:lang="de">Die Position dient als Auffangposition, soweit eine detaillierte Zuordnung auf die in der gleichen Ebene vorhandenen Positionen nicht möglich ist.</label>
      <labelArc xlink:from="de-ins_bsIns.eqLiab.accInsRiskPolHolder.otherForeign"
                xlink:to="label_de-ins_bsIns.eqLiab.accInsRiskPolHolder.otherForeign"
                xlink:arcrole="http://www.xbrl.org/2003/arcrole/concept-label"
                xlink:type="arc"/>
      <label xlink:label="label_de-ins_bsIns.eqLiab.accInsRiskPolHolder.otherForeign"
             id="label_de-ins_bsIns.eqLiab.accInsRiskPolHolder.otherForeign"
             xlink:role="http://www.xbrl.org/2003/role/definitionGuidance"
             xlink:type="resource"
             xml:lang="de">Die Position dient als Auffangposition, soweit eine detaillierte Zuordnung auf die in der gleichen Ebene vorhandenen Positionen nicht möglich ist.</label>
      <labelArc xlink:from="de-ins_bsIns.eqLiab.accruals.other.other.comment"
                xlink:to="label_de-ins_bsIns.eqLiab.accruals.other.other.comment"
                xlink:arcrole="http://www.xbrl.org/2003/arcrole/concept-label"
                xlink:type="arc"/>
      <label xlink:label="label_de-ins_bsIns.eqLiab.accruals.other.other.comment"
             id="label_de-ins_bsIns.eqLiab.accruals.other.other.comment"
             xlink:role="http://www.xbrl.org/2003/role/definitionGuidance"
             xlink:type="resource"
             xml:lang="de">Die entsprechende Berechnung/Erläuterung/detaillierte Darstellung ist als Fußnote zu berichten.</label>
      <labelArc xlink:from="de-ins_bsIns.eqLiab.accruals.otherForeign"
                xlink:to="label_de-ins_bsIns.eqLiab.accruals.otherForeign"
                xlink:arcrole="http://www.xbrl.org/2003/arcrole/concept-label"
                xlink:type="arc"/>
      <label xlink:label="label_de-ins_bsIns.eqLiab.accruals.otherForeign"
             id="label_de-ins_bsIns.eqLiab.accruals.otherForeign"
             xlink:role="http://www.xbrl.org/2003/role/definitionGuidance"
             xlink:type="resource"
             xml:lang="de">Die Position dient als Auffangposition, soweit eine detaillierte Zuordnung auf die in der gleichen Ebene vorhandenen Positionen nicht möglich ist.</label>
      <labelArc xlink:from="de-ins_bsIns.eqLiab.accruals.tax.other.comment"
                xlink:to="label_de-ins_bsIns.eqLiab.accruals.tax.other.comment"
                xlink:arcrole="http://www.xbrl.org/2003/arcrole/concept-label"
                xlink:type="arc"/>
      <label xlink:label="label_de-ins_bsIns.eqLiab.accruals.tax.other.comment"
             id="label_de-ins_bsIns.eqLiab.accruals.tax.other.comment"
             xlink:role="http://www.xbrl.org/2003/role/definitionGuidance"
             xlink:type="resource"
             xml:lang="de">Die entsprechende Berechnung/Erläuterung/detaillierte Darstellung ist als Fußnote zu berichten.</label>
      <labelArc xlink:from="de-ins_bsIns.eqLiab.accruals.taxForeign"
                xlink:to="label_de-ins_bsIns.eqLiab.accruals.taxForeign"
                xlink:arcrole="http://www.xbrl.org/2003/arcrole/concept-label"
                xlink:type="arc"/>
      <label xlink:label="label_de-ins_bsIns.eqLiab.accruals.taxForeign"
             id="label_de-ins_bsIns.eqLiab.accruals.taxForeign"
             xlink:role="http://www.xbrl.org/2003/role/definitionGuidance"
             xlink:type="resource"
             xml:lang="de">Die Position dient als Auffangposition, soweit eine detaillierte Zuordnung auf die in der gleichen Ebene vorhandenen Positionen nicht möglich ist.</label>
      <labelArc xlink:from="de-ins_bsIns.eqLiab.defIncome.comment"
                xlink:to="label_de-ins_bsIns.eqLiab.defIncome.comment"
                xlink:arcrole="http://www.xbrl.org/2003/arcrole/concept-label"
                xlink:type="arc"/>
      <label xlink:label="label_de-ins_bsIns.eqLiab.defIncome.comment"
             id="label_de-ins_bsIns.eqLiab.defIncome.comment"
             xlink:role="http://www.xbrl.org/2003/role/definitionGuidance"
             xlink:type="resource"
             xml:lang="de">Die entsprechende Berechnung/Erläuterung/detaillierte Darstellung ist als Fußnote zu berichten.</label>
      <labelArc xlink:from="de-ins_bsIns.eqLiab.equity.netIncome.taxBalanceGenerally.capAdjust"
                xlink:to="label_de-ins_bsIns.eqLiab.equity.netIncome.taxBalanceGenerally.capAdjust"
                xlink:arcrole="http://www.xbrl.org/2003/arcrole/concept-label"
                xlink:type="arc"/>
      <label xlink:label="label_de-ins_bsIns.eqLiab.equity.netIncome.taxBalanceGenerally.capAdjust"
             id="label_de-ins_bsIns.eqLiab.equity.netIncome.taxBalanceGenerally.capAdjust"
             xlink:role="http://www.xbrl.org/2003/role/definitionGuidance"
             xlink:type="resource"
             xml:lang="de">Änderungen des steuerlichen Ausgleichspostens aus vorangegangenen Wirtschaftsjahren -bspw. zur Anpassung an Ergebnisse einer Betriebsprüfung etc.-, können zur Vermeidung von Durchbrechungen des Bilanzenzusammenhangs zur Position "Eigenkapital, steuerlicher Ausgleichsposten, Kapitalanpassungen" hinterlegt werden.</label>
      <labelArc xlink:from="de-ins_bsIns.eqLiab.equity.netIncome.taxBalanceGenerally.changePresentYear"
                xlink:to="label_de-ins_bsIns.eqLiab.equity.netIncome.taxBalanceGenerally.changePresentYear"
                xlink:arcrole="http://www.xbrl.org/2003/arcrole/concept-label"
                xlink:type="arc"/>
      <label xlink:label="label_de-ins_bsIns.eqLiab.equity.netIncome.taxBalanceGenerally.changePresentYear"
             id="label_de-ins_bsIns.eqLiab.equity.netIncome.taxBalanceGenerally.changePresentYear"
             xlink:role="http://www.xbrl.org/2003/role/definitionGuidance"
             xlink:type="resource"
             xml:lang="de">Die Position "Zuführungen/Minderungen" beinhaltet erfolgsneutrale Anpassungen des laufenden Jahres zwischen handels- und steuerbilanziellem Eigenkapital. Erfolgswirksame Anpassungen zur Position "Eigenkapital, steuerlicher Ausgleichsposten" sind zwingend zur Position "Eigenkapital, steuerlicher Ausgleichsposten, steuerliches Mehr-/Minderergebnis lfd. Jahr gegenüber HB" zu hinterlegen.</label>
      <labelArc xlink:from="de-ins_bsIns.eqLiab.equity.netIncome.taxBalanceGenerally.finalPrev"
                xlink:to="label_de-ins_bsIns.eqLiab.equity.netIncome.taxBalanceGenerally.finalPrev"
                xlink:arcrole="http://www.xbrl.org/2003/arcrole/concept-label"
                xlink:type="arc"/>
      <label xlink:label="label_de-ins_bsIns.eqLiab.equity.netIncome.taxBalanceGenerally.finalPrev"
             id="label_de-ins_bsIns.eqLiab.equity.netIncome.taxBalanceGenerally.finalPrev"
             xlink:role="http://www.xbrl.org/2003/role/definitionGuidance"
             xlink:type="resource"
             xml:lang="de">Wert des steuerlichen Ausgleichspostens zum Ende des vorangegangenen Wirtschaftsjahres. Im Rahmen der Überleitungsrechnung sind hier die Abweichungen zwischen HB und StB der Vorjahre zu berichten.</label>
      <labelArc xlink:from="de-ins_bsIns.eqLiab.equity.netIncome.taxBalanceGenerally.movements"
                xlink:to="label_de-ins_bsIns.eqLiab.equity.netIncome.taxBalanceGenerally.movements"
                xlink:arcrole="http://www.xbrl.org/2003/arcrole/concept-label"
                xlink:type="arc"/>
      <label xlink:label="label_de-ins_bsIns.eqLiab.equity.netIncome.taxBalanceGenerally.movements"
             id="label_de-ins_bsIns.eqLiab.equity.netIncome.taxBalanceGenerally.movements"
             xlink:role="http://www.xbrl.org/2003/role/definitionGuidance"
             xlink:type="resource"
             xml:lang="de">Werden Anpassungen zur Angleichung des handelsbilanziellen Kapitals an das steuerliche Kapital vorgenommen führt dies zu Zu- und Abgängen bezüglich der verschiedenen betroffenen Eigenkapitalpositionen. Diese sind zur Position "Eigenkapital, steuerlicher Ausgleichsposten, Umschichtungen" zu hinterlegen. Alle Umschichtungen sind im selben Jahr wieder aufzulösen. Ein Zugang bei dem einen muss auch einen Abgang bei dem anderen Kapitalanteil im selben Jahr nach sich ziehen.</label>
      <labelArc xlink:from="de-ins_bsIns.eqLiab.equity.netIncome.taxBalanceGenerally.transferDiffTaxAccounts"
                xlink:to="label_de-ins_bsIns.eqLiab.equity.netIncome.taxBalanceGenerally.transferDiffTaxAccounts"
                xlink:arcrole="http://www.xbrl.org/2003/arcrole/concept-label"
                xlink:type="arc"/>
      <label xlink:label="label_de-ins_bsIns.eqLiab.equity.netIncome.taxBalanceGenerally.transferDiffTaxAccounts"
             id="label_de-ins_bsIns.eqLiab.equity.netIncome.taxBalanceGenerally.transferDiffTaxAccounts"
             xlink:role="http://www.xbrl.org/2003/role/definitionGuidance"
             xlink:type="resource"
             xml:lang="de">Diese Position beinhaltet den erfolgswirksamen steuerlichen Mehr-/Mindergewinn gegenüber der HB des lfd. Jahres. Soweit bei Übermittlung einer Steuerbilanz der Mehr-/Mindergewinn gegenüber der Handelsbilanz nicht dem Jahresüberschuss/Jahresfehlbetrag zugeordnet wird, ist der Mehr/Mindergewinn zwingend hier zu erfassen. In diesen Fällen wird die Übereinstimmung von JÜ lt. G+V mit dem JÜ lt. Bilanz und dieser Position überprüft.</label>
      <labelArc xlink:from="de-ins_bsIns.eqLiab.equity.taxBalanceGenerally"
                xlink:to="label_de-ins_bsIns.eqLiab.equity.taxBalanceGenerally"
                xlink:arcrole="http://www.xbrl.org/2003/arcrole/concept-label"
                xlink:type="arc"/>
      <label xlink:label="label_de-ins_bsIns.eqLiab.equity.taxBalanceGenerally"
             id="label_de-ins_bsIns.eqLiab.equity.taxBalanceGenerally"
             xlink:role="http://www.xbrl.org/2003/role/definitionGuidance"
             xlink:type="resource"
             xml:lang="de">Die Position „Eigenkapital, steuerlicher Ausgleichsposten“ kann zur Abbildung von Unterschieden zwischen dem handels- und steuerrechtlichen Kapital, welche sich beispielsweise aus Ansatz- und / oder Bewertungsunterschieden ergeben, genutzt werden. Bei Einzelunternehmen und Personenhandelsgesellschaften / Mitunternehmerschaften, welche nicht unter § 264a ff. HGB fallen, unterliegt der Kapitalausweis keinen strengen handelsrechtlichen Gliederungsvorgaben. § 247 Abs.1 HGB fordert lediglich das Eigenkapital gesondert auszuweisen und hinreichend aufzugliedern. Demgemäß können daher die o.g. Differenzbeträge bei den für diese Rechtsformen hinterlegten Kapitalpositionen berücksichtigt werden. In diesen Fallkonstellationen gilt dies sowohl für die Übermittlung einer reinen Steuerbilanz, als auch für die im Rahmen einer Überleitungsrechnung zu berücksichtigenden Anpassungsbeträge. Unterliegen Unternehmen hinsichtlich ihres Eigenkapitalausweises jedoch den gesonderten Vorschriften der §§ 264c, 266 HGB ff. wird in der Literatur vertreten, dass handelsrechtliche Gliederungsvorgaben auch steuerlich zu beachten sind. Nach dieser Auffassung dürfen auch in einer Steuerbilanz / übergeleiteten Handelsbilanz handelsrechtliche Kapitalausweise –bspw. hinsichtlich des Festkapitals, Stammkapitals, Rücklagen, Jahresüberschuss etc.- sowohl hinsichtlich des Ausweises selbst, als auch dem Wert nach nicht anders als in der maßgebenden Handelsbilanz dargestellt werden. Der steuerliche Ausgleichposten dient somit in diesen Sachverhalten als genereller Korrekturposten zum handelsbilanziellen Kapitalausweis. Gleiches gilt für die im Rahmen einer Betriebsprüfung in diesem Rechtssinn zu erfassenden Änderungen.</label>
      <labelArc xlink:from="de-ins_bsIns.eqLiab.equity.taxBalanceGenerally.comment"
                xlink:to="label_de-ins_bsIns.eqLiab.equity.taxBalanceGenerally.comment"
                xlink:arcrole="http://www.xbrl.org/2003/arcrole/concept-label"
                xlink:type="arc"/>
      <label xlink:label="label_de-ins_bsIns.eqLiab.equity.taxBalanceGenerally.comment"
             id="label_de-ins_bsIns.eqLiab.equity.taxBalanceGenerally.comment"
             xlink:role="http://www.xbrl.org/2003/role/definitionGuidance"
             xlink:type="resource"
             xml:lang="de">Zur Position "Eigenkapital, steuerlicher Ausgleichsposten, Inhalt des steuerlichen Ausgleichspostens" können Erläuterungen zum steuerlichen Mehr- oder Minderkapital hinterlegt werden. Die entsprechende Berechnung/Erläuterung/detaillierte Darstellung ist als Fußnote zu berichten.</label>
      <labelArc xlink:from="de-ins_bsIns.eqLiab.liab.directInsOperationsForeign"
                xlink:to="label_de-ins_bsIns.eqLiab.liab.directInsOperationsForeign"
                xlink:arcrole="http://www.xbrl.org/2003/arcrole/concept-label"
                xlink:type="arc"/>
      <label xlink:label="label_de-ins_bsIns.eqLiab.liab.directInsOperationsForeign"
             id="label_de-ins_bsIns.eqLiab.liab.directInsOperationsForeign"
             xlink:role="http://www.xbrl.org/2003/role/definitionGuidance"
             xlink:type="resource"
             xml:lang="de">Die Position dient als Auffangposition, soweit eine detaillierte Zuordnung auf die in der gleichen Ebene vorhandenen Positionen nicht möglich ist.</label>
      <labelArc xlink:from="de-ins_bsIns.eqLiab.liab.pensionFundOperationsForeign"
                xlink:to="label_de-ins_bsIns.eqLiab.liab.pensionFundOperationsForeign"
                xlink:arcrole="http://www.xbrl.org/2003/arcrole/concept-label"
                xlink:type="arc"/>
      <label xlink:label="label_de-ins_bsIns.eqLiab.liab.pensionFundOperationsForeign"
             id="label_de-ins_bsIns.eqLiab.liab.pensionFundOperationsForeign"
             xlink:role="http://www.xbrl.org/2003/role/definitionGuidance"
             xlink:type="resource"
             xml:lang="de">Die Position dient als Auffangposition, soweit eine detaillierte Zuordnung auf die in der gleichen Ebene vorhandenen Positionen nicht möglich ist.</label>
      <labelArc xlink:from="de-ins_bsIns.eqLiab.pensionFundProvisions.bonusesForeign"
                xlink:to="label_de-ins_bsIns.eqLiab.pensionFundProvisions.bonusesForeign"
                xlink:arcrole="http://www.xbrl.org/2003/arcrole/concept-label"
                xlink:type="arc"/>
      <label xlink:label="label_de-ins_bsIns.eqLiab.pensionFundProvisions.bonusesForeign"
             id="label_de-ins_bsIns.eqLiab.pensionFundProvisions.bonusesForeign"
             xlink:role="http://www.xbrl.org/2003/role/definitionGuidance"
             xlink:type="resource"
             xml:lang="de">Die Position dient als Auffangposition, soweit eine detaillierte Zuordnung auf die in der gleichen Ebene vorhandenen Positionen nicht möglich ist.</label>
      <labelArc xlink:from="de-ins_bsIns.eqLiab.pensionFundProvisions.claimsOutstandingForeign"
                xlink:to="label_de-ins_bsIns.eqLiab.pensionFundProvisions.claimsOutstandingForeign"
                xlink:arcrole="http://www.xbrl.org/2003/arcrole/concept-label"
                xlink:type="arc"/>
      <label xlink:label="label_de-ins_bsIns.eqLiab.pensionFundProvisions.claimsOutstandingForeign"
             id="label_de-ins_bsIns.eqLiab.pensionFundProvisions.claimsOutstandingForeign"
             xlink:role="http://www.xbrl.org/2003/role/definitionGuidance"
             xlink:type="resource"
             xml:lang="de">Die Position dient als Auffangposition, soweit eine detaillierte Zuordnung auf die in der gleichen Ebene vorhandenen Positionen nicht möglich ist.</label>
      <labelArc xlink:from="de-ins_bsIns.eqLiab.pensionFundProvisions.otherForeign"
                xlink:to="label_de-ins_bsIns.eqLiab.pensionFundProvisions.otherForeign"
                xlink:arcrole="http://www.xbrl.org/2003/arcrole/concept-label"
                xlink:type="arc"/>
      <label xlink:label="label_de-ins_bsIns.eqLiab.pensionFundProvisions.otherForeign"
             id="label_de-ins_bsIns.eqLiab.pensionFundProvisions.otherForeign"
             xlink:role="http://www.xbrl.org/2003/role/definitionGuidance"
             xlink:type="resource"
             xml:lang="de">Die Position dient als Auffangposition, soweit eine detaillierte Zuordnung auf die in der gleichen Ebene vorhandenen Positionen nicht möglich ist.</label>
      <labelArc xlink:from="de-ins_bsIns.eqLiab.pensionFundProvisions.premiumResForeign"
                xlink:to="label_de-ins_bsIns.eqLiab.pensionFundProvisions.premiumResForeign"
                xlink:arcrole="http://www.xbrl.org/2003/arcrole/concept-label"
                xlink:type="arc"/>
      <label xlink:label="label_de-ins_bsIns.eqLiab.pensionFundProvisions.premiumResForeign"
             id="label_de-ins_bsIns.eqLiab.pensionFundProvisions.premiumResForeign"
             xlink:role="http://www.xbrl.org/2003/role/definitionGuidance"
             xlink:type="resource"
             xml:lang="de">Die Position dient als Auffangposition, soweit eine detaillierte Zuordnung auf die in der gleichen Ebene vorhandenen Positionen nicht möglich ist.</label>
      <labelArc xlink:from="de-ins_bsIns.eqLiab.pensionFundProvisions.unearnedPremiumsForeign"
                xlink:to="label_de-ins_bsIns.eqLiab.pensionFundProvisions.unearnedPremiumsForeign"
                xlink:arcrole="http://www.xbrl.org/2003/arcrole/concept-label"
                xlink:type="arc"/>
      <label xlink:label="label_de-ins_bsIns.eqLiab.pensionFundProvisions.unearnedPremiumsForeign"
             id="label_de-ins_bsIns.eqLiab.pensionFundProvisions.unearnedPremiumsForeign"
             xlink:role="http://www.xbrl.org/2003/role/definitionGuidance"
             xlink:type="resource"
             xml:lang="de">Die Position dient als Auffangposition, soweit eine detaillierte Zuordnung auf die in der gleichen Ebene vorhandenen Positionen nicht möglich ist.</label>
      <labelArc xlink:from="de-ins_bsIns.eqLiab.pensionFundProvisionsInsRiskEmpl.otherForeign"
                xlink:to="label_de-ins_bsIns.eqLiab.pensionFundProvisionsInsRiskEmpl.otherForeign"
                xlink:arcrole="http://www.xbrl.org/2003/arcrole/concept-label"
                xlink:type="arc"/>
      <label xlink:label="label_de-ins_bsIns.eqLiab.pensionFundProvisionsInsRiskEmpl.otherForeign"
             id="label_de-ins_bsIns.eqLiab.pensionFundProvisionsInsRiskEmpl.otherForeign"
             xlink:role="http://www.xbrl.org/2003/role/definitionGuidance"
             xlink:type="resource"
             xml:lang="de">Die Position dient zur Erfassung der übrigen pensionsfondstechnischen Rückstellungen und als Auffangposition, soweit eine detaillierte Zuordnung auf die in der gleichen Ebene vorhandenen Positionen nicht möglich ist.</label>
      <labelArc xlink:from="de-ins_bsIns.eqLiab.pensionFundProvisionsInsRiskEmpl.premiumResForeign"
                xlink:to="label_de-ins_bsIns.eqLiab.pensionFundProvisionsInsRiskEmpl.premiumResForeign"
                xlink:arcrole="http://www.xbrl.org/2003/arcrole/concept-label"
                xlink:type="arc"/>
      <label xlink:label="label_de-ins_bsIns.eqLiab.pensionFundProvisionsInsRiskEmpl.premiumResForeign"
             id="label_de-ins_bsIns.eqLiab.pensionFundProvisionsInsRiskEmpl.premiumResForeign"
             xlink:role="http://www.xbrl.org/2003/role/definitionGuidance"
             xlink:type="resource"
             xml:lang="de">Die Position dient als Auffangposition, soweit eine detaillierte Zuordnung auf die in der gleichen Ebene vorhandenen Positionen nicht möglich ist.</label>
      <labelArc xlink:from="de-ins_bsIns.eqLiab.pretaxRes.specAmort.comment"
                xlink:to="label_de-ins_bsIns.eqLiab.pretaxRes.specAmort.comment"
                xlink:arcrole="http://www.xbrl.org/2003/arcrole/concept-label"
                xlink:type="arc"/>
      <label xlink:label="label_de-ins_bsIns.eqLiab.pretaxRes.specAmort.comment"
             id="label_de-ins_bsIns.eqLiab.pretaxRes.specAmort.comment"
             xlink:role="http://www.xbrl.org/2003/role/definitionGuidance"
             xlink:type="resource"
             xml:lang="de">Die entsprechende Berechnung/Erläuterung/detaillierte Darstellung ist als Fußnote zu berichten.</label>
      <labelArc xlink:from="de-ins_bsIns.eqLiab.technicalProvisions.bonusesForeign"
                xlink:to="label_de-ins_bsIns.eqLiab.technicalProvisions.bonusesForeign"
                xlink:arcrole="http://www.xbrl.org/2003/arcrole/concept-label"
                xlink:type="arc"/>
      <label xlink:label="label_de-ins_bsIns.eqLiab.technicalProvisions.bonusesForeign"
             id="label_de-ins_bsIns.eqLiab.technicalProvisions.bonusesForeign"
             xlink:role="http://www.xbrl.org/2003/role/definitionGuidance"
             xlink:type="resource"
             xml:lang="de">Die Position dient als Auffangposition, soweit eine detaillierte Zuordnung auf die in der gleichen Ebene vorhandenen Positionen nicht möglich ist.</label>
      <labelArc xlink:from="de-ins_bsIns.eqLiab.technicalProvisions.bonusesGenerallyForeign"
                xlink:to="label_de-ins_bsIns.eqLiab.technicalProvisions.bonusesGenerallyForeign"
                xlink:arcrole="http://www.xbrl.org/2003/arcrole/concept-label"
                xlink:type="arc"/>
      <label xlink:label="label_de-ins_bsIns.eqLiab.technicalProvisions.bonusesGenerallyForeign"
             id="label_de-ins_bsIns.eqLiab.technicalProvisions.bonusesGenerallyForeign"
             xlink:role="http://www.xbrl.org/2003/role/definitionGuidance"
             xlink:type="resource"
             xml:lang="de">Die Position dient als Auffangposition, soweit eine detaillierte Zuordnung auf die in der gleichen Ebene vorhandenen Positionen nicht möglich ist.</label>
      <labelArc xlink:from="de-ins_bsIns.eqLiab.technicalProvisions.equalisationProv.similar.other.comment"
                xlink:to="label_de-ins_bsIns.eqLiab.technicalProvisions.equalisationProv.similar.other.comment"
                xlink:arcrole="http://www.xbrl.org/2003/arcrole/concept-label"
                xlink:type="arc"/>
      <label xlink:label="label_de-ins_bsIns.eqLiab.technicalProvisions.equalisationProv.similar.other.comment"
             id="label_de-ins_bsIns.eqLiab.technicalProvisions.equalisationProv.similar.other.comment"
             xlink:role="http://www.xbrl.org/2003/role/definitionGuidance"
             xlink:type="resource"
             xml:lang="de">Die entsprechende Berechnung/Erläuterung/detaillierte Darstellung ist als Fußnote zu berichten.</label>
      <labelArc xlink:from="de-ins_bsIns.eqLiab.technicalProvisions.equalisationProvForeign"
                xlink:to="label_de-ins_bsIns.eqLiab.technicalProvisions.equalisationProvForeign"
                xlink:arcrole="http://www.xbrl.org/2003/arcrole/concept-label"
                xlink:type="arc"/>
      <label xlink:label="label_de-ins_bsIns.eqLiab.technicalProvisions.equalisationProvForeign"
             id="label_de-ins_bsIns.eqLiab.technicalProvisions.equalisationProvForeign"
             xlink:role="http://www.xbrl.org/2003/role/definitionGuidance"
             xlink:type="resource"
             xml:lang="de">Die Position dient als Auffangposition, soweit eine detaillierte Zuordnung auf die in der gleichen Ebene vorhandenen Positionen nicht möglich ist.</label>
      <labelArc xlink:from="de-ins_bsIns.eqLiab.technicalProvisions.otherForeign"
                xlink:to="label_de-ins_bsIns.eqLiab.technicalProvisions.otherForeign"
                xlink:arcrole="http://www.xbrl.org/2003/arcrole/concept-label"
                xlink:type="arc"/>
      <label xlink:label="label_de-ins_bsIns.eqLiab.technicalProvisions.otherForeign"
             id="label_de-ins_bsIns.eqLiab.technicalProvisions.otherForeign"
             xlink:role="http://www.xbrl.org/2003/role/definitionGuidance"
             xlink:type="resource"
             xml:lang="de">Die Position dient als Auffangposition, soweit eine detaillierte Zuordnung auf die in der gleichen Ebene vorhandenen Positionen nicht möglich ist.</label>
      <labelArc xlink:from="de-ins_bsIns.eqLiab.technicalProvisions.premiumRes.reins.grossForecastForeign"
                xlink:to="label_de-ins_bsIns.eqLiab.technicalProvisions.premiumRes.reins.grossForecastForeign"
                xlink:arcrole="http://www.xbrl.org/2003/arcrole/concept-label"
                xlink:type="arc"/>
      <label xlink:label="label_de-ins_bsIns.eqLiab.technicalProvisions.premiumRes.reins.grossForecastForeign"
             id="label_de-ins_bsIns.eqLiab.technicalProvisions.premiumRes.reins.grossForecastForeign"
             xlink:role="http://www.xbrl.org/2003/role/definitionGuidance"
             xlink:type="resource"
             xml:lang="de">Die Position dient als Auffangposition, soweit eine detaillierte Zuordnung auf die in der gleichen Ebene vorhandenen Positionen nicht möglich ist.</label>
      <labelArc xlink:from="de-ins_bsIns.eqLiab.technicalProvisions.premiumResForeign"
                xlink:to="label_de-ins_bsIns.eqLiab.technicalProvisions.premiumResForeign"
                xlink:arcrole="http://www.xbrl.org/2003/arcrole/concept-label"
                xlink:type="arc"/>
      <label xlink:label="label_de-ins_bsIns.eqLiab.technicalProvisions.premiumResForeign"
             id="label_de-ins_bsIns.eqLiab.technicalProvisions.premiumResForeign"
             xlink:role="http://www.xbrl.org/2003/role/definitionGuidance"
             xlink:type="resource"
             xml:lang="de">Die Position dient als Auffangposition, soweit eine detaillierte Zuordnung auf die in der gleichen Ebene vorhandenen Positionen nicht möglich ist.</label>
      <labelArc xlink:from="de-ins_bsIns.eqLiab.technicalProvisions.unearnedPremiumsForeign"
                xlink:to="label_de-ins_bsIns.eqLiab.technicalProvisions.unearnedPremiumsForeign"
                xlink:arcrole="http://www.xbrl.org/2003/arcrole/concept-label"
                xlink:type="arc"/>
      <label xlink:label="label_de-ins_bsIns.eqLiab.technicalProvisions.unearnedPremiumsForeign"
             id="label_de-ins_bsIns.eqLiab.technicalProvisions.unearnedPremiumsForeign"
             xlink:role="http://www.xbrl.org/2003/role/definitionGuidance"
             xlink:type="resource"
             xml:lang="de">Die Position dient als Auffangposition, soweit eine detaillierte Zuordnung auf die in der gleichen Ebene vorhandenen Positionen nicht möglich ist.</label>
      <labelArc xlink:from="de-ins_bsIns.eqLiab.technicalProvisions.unsettledClaimsForeign"
                xlink:to="label_de-ins_bsIns.eqLiab.technicalProvisions.unsettledClaimsForeign"
                xlink:arcrole="http://www.xbrl.org/2003/arcrole/concept-label"
                xlink:type="arc"/>
      <label xlink:label="label_de-ins_bsIns.eqLiab.technicalProvisions.unsettledClaimsForeign"
             id="label_de-ins_bsIns.eqLiab.technicalProvisions.unsettledClaimsForeign"
             xlink:role="http://www.xbrl.org/2003/role/definitionGuidance"
             xlink:type="resource"
             xml:lang="de">Die Position dient als Auffangposition, soweit eine detaillierte Zuordnung auf die in der gleichen Ebene vorhandenen Positionen nicht möglich ist.</label>
      <labelArc xlink:from="de-ins_bsIns.eqLiab.technicalProvisionsLifeInsRiskPolicyholder.otherForeign"
                xlink:to="label_de-ins_bsIns.eqLiab.technicalProvisionsLifeInsRiskPolicyholder.otherForeign"
                xlink:arcrole="http://www.xbrl.org/2003/arcrole/concept-label"
                xlink:type="arc"/>
      <label xlink:label="label_de-ins_bsIns.eqLiab.technicalProvisionsLifeInsRiskPolicyholder.otherForeign"
             id="label_de-ins_bsIns.eqLiab.technicalProvisionsLifeInsRiskPolicyholder.otherForeign"
             xlink:role="http://www.xbrl.org/2003/role/definitionGuidance"
             xlink:type="resource"
             xml:lang="de">Die Position dient zur Erfassung der übrigen versicherungstechnischen Rückstellungen und als Auffangposition, soweit eine detaillierte Zuordnung auf die in der gleichen Ebene vorhandenen Positionen nicht möglich ist.</label>
      <labelArc xlink:from="de-ins_bsIns.eqLiab.technicalProvisionsLifeInsRiskPolicyholder.premiumResForeign"
                xlink:to="label_de-ins_bsIns.eqLiab.technicalProvisionsLifeInsRiskPolicyholder.premiumResForeign"
                xlink:arcrole="http://www.xbrl.org/2003/arcrole/concept-label"
                xlink:type="arc"/>
      <label xlink:label="label_de-ins_bsIns.eqLiab.technicalProvisionsLifeInsRiskPolicyholder.premiumResForeign"
             id="label_de-ins_bsIns.eqLiab.technicalProvisionsLifeInsRiskPolicyholder.premiumResForeign"
             xlink:role="http://www.xbrl.org/2003/role/definitionGuidance"
             xlink:type="resource"
             xml:lang="de">Die Position dient als Auffangposition, soweit eine detaillierte Zuordnung auf die in der gleichen Ebene vorhandenen Positionen nicht möglich ist.</label>
      <labelArc xlink:from="de-ins_isIns.nonTechnicalAccount.extraord.expenses.comment"
                xlink:to="label_de-ins_isIns.nonTechnicalAccount.extraord.expenses.comment"
                xlink:arcrole="http://www.xbrl.org/2003/arcrole/concept-label"
                xlink:type="arc"/>
      <label xlink:label="label_de-ins_isIns.nonTechnicalAccount.extraord.expenses.comment"
             id="label_de-ins_isIns.nonTechnicalAccount.extraord.expenses.comment"
             xlink:role="http://www.xbrl.org/2003/role/definitionGuidance"
             xlink:type="resource"
             xml:lang="de">Die entsprechende Berechnung/Erläuterung/detaillierte Darstellung ist als Fußnote zu berichten.</label>
      <labelArc xlink:from="de-ins_isIns.nonTechnicalAccount.extraord.income.comment"
                xlink:to="label_de-ins_isIns.nonTechnicalAccount.extraord.income.comment"
                xlink:arcrole="http://www.xbrl.org/2003/arcrole/concept-label"
                xlink:type="arc"/>
      <label xlink:label="label_de-ins_isIns.nonTechnicalAccount.extraord.income.comment"
             id="label_de-ins_isIns.nonTechnicalAccount.extraord.income.comment"
             xlink:role="http://www.xbrl.org/2003/role/definitionGuidance"
             xlink:type="resource"
             xml:lang="de">Die entsprechende Berechnung/Erläuterung/detaillierte Darstellung ist als Fußnote zu berichten.</label>
      <labelArc xlink:from="de-ins_isIns.nonTechnicalAccount.otherForeign"
                xlink:to="label_de-ins_isIns.nonTechnicalAccount.otherForeign"
                xlink:arcrole="http://www.xbrl.org/2003/arcrole/concept-label"
                xlink:type="arc"/>
      <label xlink:label="label_de-ins_isIns.nonTechnicalAccount.otherForeign"
             id="label_de-ins_isIns.nonTechnicalAccount.otherForeign"
             xlink:role="http://www.xbrl.org/2003/role/definitionGuidance"
             xlink:type="resource"
             xml:lang="de">Die Position dient als Auffangposition, soweit eine detaillierte Zuordnung auf die in der gleichen Ebene vorhandenen Positionen nicht möglich ist.</label>
      <labelArc xlink:from="de-ins_isIns.nonTechnicalAccount.otherTaxes.other.comment"
                xlink:to="label_de-ins_isIns.nonTechnicalAccount.otherTaxes.other.comment"
                xlink:arcrole="http://www.xbrl.org/2003/arcrole/concept-label"
                xlink:type="arc"/>
      <label xlink:label="label_de-ins_isIns.nonTechnicalAccount.otherTaxes.other.comment"
             id="label_de-ins_isIns.nonTechnicalAccount.otherTaxes.other.comment"
             xlink:role="http://www.xbrl.org/2003/role/definitionGuidance"
             xlink:type="resource"
             xml:lang="de">Die entsprechende Berechnung/Erläuterung/detaillierte Darstellung ist als Fußnote zu berichten.</label>
      <labelArc xlink:from="de-ins_isIns.nonTechnicalAccount.tax.deferred.comment"
                xlink:to="label_de-ins_isIns.nonTechnicalAccount.tax.deferred.comment"
                xlink:arcrole="http://www.xbrl.org/2003/arcrole/concept-label"
                xlink:type="arc"/>
      <label xlink:label="label_de-ins_isIns.nonTechnicalAccount.tax.deferred.comment"
             id="label_de-ins_isIns.nonTechnicalAccount.tax.deferred.comment"
             xlink:role="http://www.xbrl.org/2003/role/definitionGuidance"
             xlink:type="resource"
             xml:lang="de">Die entsprechende Berechnung/Erläuterung/detaillierte Darstellung ist als Fußnote zu berichten.</label>
      <!--
external labels
--></labelLink>
</linkbase>