<?xml version="1.0" encoding="utf-8"?>
<!--(c) XBRL Deutschland e.V. - see http://www.xbrl.de-->


<linkbase xmlns="http://www.xbrl.org/2003/linkbase"
          xmlns:xsi="http://www.w3.org/2001/XMLSchema-instance"
          xsi:schemaLocation="http://www.xbrl.org/2003/linkbase http://www.xbrl.org/2003/xbrl-linkbase-2003-12-31.xsd">
   <roleRef xmlns:xbrldt="http://xbrl.org/2005/xbrldt"
            xmlns:xbrli="http://www.xbrl.org/2003/instance"
            xmlns:xlink="http://www.w3.org/1999/xlink"
            roleURI="http://www.xbrl.de/taxonomies/de-gaap-ci/role/changesEquityAccountsTableDebtCapitalAccounts"
            xlink:href="de-gaap-ci-2018-04-01.xsd#role_changesEquityAccountsTableDebtCapitalAccounts"
            xlink:type="simple"/>
   <arcroleRef xmlns:xbrldt="http://xbrl.org/2005/xbrldt"
               xmlns:xbrli="http://www.xbrl.org/2003/instance"
               xmlns:xlink="http://www.w3.org/1999/xlink"
               arcroleURI="http://xbrl.org/int/dim/arcrole/all"
               xlink:href="http://www.xbrl.org/2005/xbrldt-2005.xsd#all"
               xlink:type="simple"/>
   <arcroleRef xmlns:xbrldt="http://xbrl.org/2005/xbrldt"
               xmlns:xbrli="http://www.xbrl.org/2003/instance"
               xmlns:xlink="http://www.w3.org/1999/xlink"
               arcroleURI="http://xbrl.org/int/dim/arcrole/dimension-domain"
               xlink:href="http://www.xbrl.org/2005/xbrldt-2005.xsd#dimension-domain"
               xlink:type="simple"/>
   <arcroleRef xmlns:xbrldt="http://xbrl.org/2005/xbrldt"
               xmlns:xbrli="http://www.xbrl.org/2003/instance"
               xmlns:xlink="http://www.w3.org/1999/xlink"
               arcroleURI="http://xbrl.org/int/dim/arcrole/domain-member"
               xlink:href="http://www.xbrl.org/2005/xbrldt-2005.xsd#domain-member"
               xlink:type="simple"/>
   <arcroleRef xmlns:xbrldt="http://xbrl.org/2005/xbrldt"
               xmlns:xbrli="http://www.xbrl.org/2003/instance"
               xmlns:xlink="http://www.w3.org/1999/xlink"
               arcroleURI="http://xbrl.org/int/dim/arcrole/hypercube-dimension"
               xlink:href="http://www.xbrl.org/2005/xbrldt-2005.xsd#hypercube-dimension"
               xlink:type="simple"/>
   <arcroleRef xmlns:xbrldt="http://xbrl.org/2005/xbrldt"
               xmlns:xbrli="http://www.xbrl.org/2003/instance"
               xmlns:xlink="http://www.w3.org/1999/xlink"
               arcroleURI="http://xbrl.org/int/dim/arcrole/dimension-default"
               xlink:href="http://www.xbrl.org/2005/xbrldt-2005.xsd#dimension-default"
               xlink:type="simple"/>
   <definitionLink xmlns:xlink="http://www.w3.org/1999/xlink"
                   xlink:role="http://www.xbrl.de/taxonomies/de-gaap-ci/role/changesEquityAccountsTableDebtCapitalAccounts"
                   xlink:type="extended">
      <loc xlink:type="locator"
           xlink:href="de-gaap-ci-2018-04-01-dimensions.xsd#de-gaap-ci_dim_taxTrans"
           xlink:label="de-gaap-ci_dim_taxTrans"/>
      <loc xlink:type="locator"
           xlink:href="de-gaap-ci-2018-04-01-dimensions.xsd#de-gaap-ci_dim_taxBal"
           xlink:label="de-gaap-ci_dim_taxBal"/>
      <loc xlink:type="locator"
           xlink:href="de-gaap-ci-2018-04-01-dimensions.xsd#de-gaap-ci_dim_diffComToTaxBal"
           xlink:label="de-gaap-ci_dim_diffComToTaxBal"/>
      <loc xlink:type="locator"
           xlink:href="de-gaap-ci-2018-04-01-dimensions.xsd#de-gaap-ci_dim_comBal"
           xlink:label="de-gaap-ci_dim_comBal"/>
      <loc xlink:type="locator"
           xlink:href="de-gaap-ci-2018-04-01-dimensions.xsd#de-gaap-ci_table.kke.debtCreditAccounts"
           xlink:label="de-gaap-ci_table.kke.debtCreditAccounts"/>
      <loc xlink:type="locator"
           xlink:href="de-gaap-ci-2018-04-01-dimensions.xsd#de-gaap-ci_cube.debtCapitalAccounts"
           xlink:label="de-gaap-ci_cube.debtCapitalAccounts"/>
      <loc xlink:type="locator"
           xlink:href="de-gaap-ci-2018-04-01-dimensions.xsd#de-gaap-ci_dim_kindsOfDebtCapitalAccounts"
           xlink:label="de-gaap-ci_dim_kindsOfDebtCapitalAccounts"/>
      <loc xlink:type="locator"
           xlink:href="de-gaap-ci-2018-04-01-dimensions.xsd#de-gaap-ci_table.kke.allKindsOfDebtCapitalAccounts"
           xlink:label="de-gaap-ci_table.kke.allKindsOfDebtCapitalAccounts"/>
      <loc xlink:type="locator"
           xlink:href="de-gaap-ci-2018-04-01-dimensions.xsd#de-gaap-ci_table.kke.allKindsOfDebtCapitalAccounts.unlimitedPartners"
           xlink:label="de-gaap-ci_table.kke.allKindsOfDebtCapitalAccounts.unlimitedPartners"/>
      <loc xlink:type="locator"
           xlink:href="de-gaap-ci-2018-04-01-dimensions.xsd#de-gaap-ci_table.kke.allKindsOfDebtCapitalAccounts.unlimitedPartners.DaFK"
           xlink:label="de-gaap-ci_table.kke.allKindsOfDebtCapitalAccounts.unlimitedPartners.DaFK"/>
      <loc xlink:type="locator"
           xlink:href="de-gaap-ci-2018-04-01-dimensions.xsd#de-gaap-ci_table.kke.allKindsOfDebtCapitalAccounts.unlimitedPartners.FO"
           xlink:label="de-gaap-ci_table.kke.allKindsOfDebtCapitalAccounts.unlimitedPartners.FO"/>
      <loc xlink:type="locator"
           xlink:href="de-gaap-ci-2018-04-01-dimensions.xsd#de-gaap-ci_table.kke.allKindsOfDebtCapitalAccounts.unlimitedPartners.aEE"
           xlink:label="de-gaap-ci_table.kke.allKindsOfDebtCapitalAccounts.unlimitedPartners.aEE"/>
      <loc xlink:type="locator"
           xlink:href="de-gaap-ci-2018-04-01-dimensions.xsd#de-gaap-ci_table.kke.allKindsOfDebtCapitalAccounts.unlimitedPartners.S"
           xlink:label="de-gaap-ci_table.kke.allKindsOfDebtCapitalAccounts.unlimitedPartners.S"/>
      <loc xlink:type="locator"
           xlink:href="de-gaap-ci-2018-04-01-dimensions.xsd#de-gaap-ci_table.kke.allKindsOfDebtCapitalAccounts.limitedPartners"
           xlink:label="de-gaap-ci_table.kke.allKindsOfDebtCapitalAccounts.limitedPartners"/>
      <loc xlink:type="locator"
           xlink:href="de-gaap-ci-2018-04-01-dimensions.xsd#de-gaap-ci_table.kke.allKindsOfDebtCapitalAccounts.limitedPartners.DaFK"
           xlink:label="de-gaap-ci_table.kke.allKindsOfDebtCapitalAccounts.limitedPartners.DaFK"/>
      <loc xlink:type="locator"
           xlink:href="de-gaap-ci-2018-04-01-dimensions.xsd#de-gaap-ci_table.kke.allKindsOfDebtCapitalAccounts.limitedPartners.FO"
           xlink:label="de-gaap-ci_table.kke.allKindsOfDebtCapitalAccounts.limitedPartners.FO"/>
      <loc xlink:type="locator"
           xlink:href="de-gaap-ci-2018-04-01-dimensions.xsd#de-gaap-ci_table.kke.allKindsOfDebtCapitalAccounts.limitedPartners.aEE"
           xlink:label="de-gaap-ci_table.kke.allKindsOfDebtCapitalAccounts.limitedPartners.aEE"/>
      <loc xlink:type="locator"
           xlink:href="de-gaap-ci-2018-04-01-dimensions.xsd#de-gaap-ci_table.kke.allKindsOfDebtCapitalAccounts.limitedPartners.S"
           xlink:label="de-gaap-ci_table.kke.allKindsOfDebtCapitalAccounts.limitedPartners.S"/>
      <loc xlink:type="locator"
           xlink:href="de-gaap-ci-2018-04-01-dimensions.xsd#de-gaap-ci_dim_partnerKey"
           xlink:label="de-gaap-ci_dim_partnerKey"/>
      <loc xlink:type="locator"
           xlink:href="de-gaap-ci-2018-04-01-dimensions.xsd#de-gaap-ci_piTitle.debtCapitalAccounts"
           xlink:label="de-gaap-ci_piTitle.debtCapitalAccounts"/>
      <loc xlink:type="locator"
           xlink:href="de-gaap-ci-2018-04-01-dimensions.xsd#de-gaap-ci_table.kke.sumDebtCapitalAccounts.sumYearEnd"
           xlink:label="de-gaap-ci_table.kke.sumDebtCapitalAccounts.sumYearEnd"/>
      <loc xlink:type="locator"
           xlink:href="de-gaap-ci-2018-04-01-dimensions.xsd#de-gaap-ci_table.kke.sumDebtCapitalAccounts.sumYearEnd.begin"
           xlink:label="de-gaap-ci_table.kke.sumDebtCapitalAccounts.sumYearEnd.begin"/>
      <loc xlink:type="locator"
           xlink:href="de-gaap-ci-2018-04-01-dimensions.xsd#de-gaap-ci_table.kke.sumDebtCapitalAccounts.sumYearEnd.increase"
           xlink:label="de-gaap-ci_table.kke.sumDebtCapitalAccounts.sumYearEnd.increase"/>
      <loc xlink:type="locator"
           xlink:href="de-gaap-ci-2018-04-01-dimensions.xsd#de-gaap-ci_table.kke.sumDebtCapitalAccounts.sumYearEnd.decrease"
           xlink:label="de-gaap-ci_table.kke.sumDebtCapitalAccounts.sumYearEnd.decrease"/>
      <definitionArc xlink:from="de-gaap-ci_dim_taxTrans" xlink:to="de-gaap-ci_dim_taxBal" order="1"
                     xlink:arcrole="http://xbrl.org/int/dim/arcrole/dimension-domain"
                     xlink:type="arc"/>
      <definitionArc xlink:from="de-gaap-ci_dim_taxBal" xlink:to="de-gaap-ci_dim_diffComToTaxBal"
                     order="2"
                     xlink:arcrole="http://xbrl.org/int/dim/arcrole/domain-member"
                     xlink:type="arc"/>
      <definitionArc xlink:from="de-gaap-ci_dim_taxBal" xlink:to="de-gaap-ci_dim_comBal" order="1"
                     xlink:arcrole="http://xbrl.org/int/dim/arcrole/domain-member"
                     xlink:type="arc"/>
      <definitionArc xmlns:xbrldt="http://xbrl.org/2005/xbrldt"
                     xlink:from="de-gaap-ci_table.kke.debtCreditAccounts"
                     xlink:to="de-gaap-ci_cube.debtCapitalAccounts"
                     order="1"
                     xbrldt:contextElement="scenario"
                     xlink:arcrole="http://xbrl.org/int/dim/arcrole/all"
                     xlink:type="arc"/>
      <definitionArc xlink:from="de-gaap-ci_cube.debtCapitalAccounts"
                     xlink:to="de-gaap-ci_dim_kindsOfDebtCapitalAccounts"
                     order="3"
                     xlink:arcrole="http://xbrl.org/int/dim/arcrole/hypercube-dimension"
                     xlink:type="arc"/>
      <definitionArc xlink:from="de-gaap-ci_dim_kindsOfDebtCapitalAccounts"
                     xlink:to="de-gaap-ci_table.kke.allKindsOfDebtCapitalAccounts"
                     order="1"
                     xlink:arcrole="http://xbrl.org/int/dim/arcrole/dimension-domain"
                     xlink:type="arc"/>
      <definitionArc xlink:from="de-gaap-ci_table.kke.allKindsOfDebtCapitalAccounts"
                     xlink:to="de-gaap-ci_table.kke.allKindsOfDebtCapitalAccounts.unlimitedPartners"
                     order="1"
                     xlink:arcrole="http://xbrl.org/int/dim/arcrole/domain-member"
                     xlink:type="arc"/>
      <definitionArc xlink:from="de-gaap-ci_table.kke.allKindsOfDebtCapitalAccounts.unlimitedPartners"
                     xlink:to="de-gaap-ci_table.kke.allKindsOfDebtCapitalAccounts.unlimitedPartners.DaFK"
                     order="1"
                     xlink:arcrole="http://xbrl.org/int/dim/arcrole/domain-member"
                     xlink:type="arc"/>
      <definitionArc xlink:from="de-gaap-ci_table.kke.allKindsOfDebtCapitalAccounts.unlimitedPartners"
                     xlink:to="de-gaap-ci_table.kke.allKindsOfDebtCapitalAccounts.unlimitedPartners.FO"
                     order="2"
                     xlink:arcrole="http://xbrl.org/int/dim/arcrole/domain-member"
                     xlink:type="arc"/>
      <definitionArc xlink:from="de-gaap-ci_table.kke.allKindsOfDebtCapitalAccounts.unlimitedPartners"
                     xlink:to="de-gaap-ci_table.kke.allKindsOfDebtCapitalAccounts.unlimitedPartners.aEE"
                     order="4"
                     xlink:arcrole="http://xbrl.org/int/dim/arcrole/domain-member"
                     xlink:type="arc"/>
      <definitionArc xlink:from="de-gaap-ci_table.kke.allKindsOfDebtCapitalAccounts.unlimitedPartners"
                     xlink:to="de-gaap-ci_table.kke.allKindsOfDebtCapitalAccounts.unlimitedPartners.S"
                     order="6"
                     xlink:arcrole="http://xbrl.org/int/dim/arcrole/domain-member"
                     xlink:type="arc"/>
      <definitionArc xlink:from="de-gaap-ci_table.kke.allKindsOfDebtCapitalAccounts"
                     xlink:to="de-gaap-ci_table.kke.allKindsOfDebtCapitalAccounts.limitedPartners"
                     order="2"
                     xlink:arcrole="http://xbrl.org/int/dim/arcrole/domain-member"
                     xlink:type="arc"/>
      <definitionArc xlink:from="de-gaap-ci_table.kke.allKindsOfDebtCapitalAccounts.limitedPartners"
                     xlink:to="de-gaap-ci_table.kke.allKindsOfDebtCapitalAccounts.limitedPartners.DaFK"
                     order="1"
                     xlink:arcrole="http://xbrl.org/int/dim/arcrole/domain-member"
                     xlink:type="arc"/>
      <definitionArc xlink:from="de-gaap-ci_table.kke.allKindsOfDebtCapitalAccounts.limitedPartners"
                     xlink:to="de-gaap-ci_table.kke.allKindsOfDebtCapitalAccounts.limitedPartners.FO"
                     order="2"
                     xlink:arcrole="http://xbrl.org/int/dim/arcrole/domain-member"
                     xlink:type="arc"/>
      <definitionArc xlink:from="de-gaap-ci_table.kke.allKindsOfDebtCapitalAccounts.limitedPartners"
                     xlink:to="de-gaap-ci_table.kke.allKindsOfDebtCapitalAccounts.limitedPartners.aEE"
                     order="4"
                     xlink:arcrole="http://xbrl.org/int/dim/arcrole/domain-member"
                     xlink:type="arc"/>
      <definitionArc xlink:from="de-gaap-ci_table.kke.allKindsOfDebtCapitalAccounts.limitedPartners"
                     xlink:to="de-gaap-ci_table.kke.allKindsOfDebtCapitalAccounts.limitedPartners.S"
                     order="5"
                     xlink:arcrole="http://xbrl.org/int/dim/arcrole/domain-member"
                     xlink:type="arc"/>
      <definitionArc xlink:from="de-gaap-ci_cube.debtCapitalAccounts"
                     xlink:to="de-gaap-ci_dim_taxTrans"
                     order="1"
                     xlink:arcrole="http://xbrl.org/int/dim/arcrole/hypercube-dimension"
                     xlink:type="arc"/>
      <definitionArc xlink:from="de-gaap-ci_cube.debtCapitalAccounts"
                     xlink:to="de-gaap-ci_dim_partnerKey"
                     order="2"
                     xlink:arcrole="http://xbrl.org/int/dim/arcrole/hypercube-dimension"
                     xlink:type="arc"/>
      <definitionArc xlink:from="de-gaap-ci_table.kke.debtCreditAccounts"
                     xlink:to="de-gaap-ci_piTitle.debtCapitalAccounts"
                     order="2"
                     xlink:arcrole="http://xbrl.org/int/dim/arcrole/domain-member"
                     xlink:type="arc"/>
      <definitionArc xlink:from="de-gaap-ci_piTitle.debtCapitalAccounts"
                     xlink:to="de-gaap-ci_table.kke.sumDebtCapitalAccounts.sumYearEnd"
                     order="1"
                     xlink:arcrole="http://xbrl.org/int/dim/arcrole/domain-member"
                     xlink:type="arc"/>
      <definitionArc xlink:from="de-gaap-ci_table.kke.sumDebtCapitalAccounts.sumYearEnd"
                     xlink:to="de-gaap-ci_table.kke.sumDebtCapitalAccounts.sumYearEnd.begin"
                     order="1"
                     xlink:arcrole="http://xbrl.org/int/dim/arcrole/domain-member"
                     xlink:type="arc"/>
      <definitionArc xlink:from="de-gaap-ci_table.kke.sumDebtCapitalAccounts.sumYearEnd"
                     xlink:to="de-gaap-ci_table.kke.sumDebtCapitalAccounts.sumYearEnd.increase"
                     order="2"
                     xlink:arcrole="http://xbrl.org/int/dim/arcrole/domain-member"
                     xlink:type="arc"/>
      <definitionArc xlink:from="de-gaap-ci_table.kke.sumDebtCapitalAccounts.sumYearEnd"
                     xlink:to="de-gaap-ci_table.kke.sumDebtCapitalAccounts.sumYearEnd.decrease"
                     order="3"
                     xlink:arcrole="http://xbrl.org/int/dim/arcrole/domain-member"
                     xlink:type="arc"/>
   </definitionLink>
</linkbase>