<?xml version="1.0" encoding="utf-8"?>
<!--(c) XBRL Deutschland e.V. - see http://www.xbrl.de-->


<linkbase xmlns="http://www.xbrl.org/2003/linkbase"
          xmlns:xsi="http://www.w3.org/2001/XMLSchema-instance"
          xsi:schemaLocation="http://www.xbrl.org/2003/linkbase http://www.xbrl.org/2003/xbrl-linkbase-2003-12-31.xsd">
   <roleRef xmlns:xbrldt="http://xbrl.org/2005/xbrldt"
            xmlns:xbrli="http://www.xbrl.org/2003/instance"
            xmlns:xlink="http://www.w3.org/1999/xlink"
            roleURI="http://www.xbrl.de/taxonomies/de-gaap-ci/role/changesEquityStatement"
            xlink:href="de-gaap-ci-2018-04-01.xsd#role_changesEquityStatement"
            xlink:type="simple"/>
   <presentationLink xmlns:xlink="http://www.w3.org/1999/xlink"
                     xlink:role="http://www.xbrl.de/taxonomies/de-gaap-ci/role/changesEquityStatement"
                     xlink:type="extended">
      <loc xlink:type="locator"
           xlink:href="de-gaap-ci-2018-04-01.xsd#de-gaap-ci_table.eqCh.DRS22"
           xlink:label="de-gaap-ci_table.eqCh.DRS22"/>
      <loc xlink:type="locator"
           xlink:href="de-gaap-ci-2018-04-01-dimensions.xsd#de-gaap-ci_table.eqDRS22P"
           xlink:label="de-gaap-ci_table.eqDRS22P"/>
      <loc xlink:type="locator"
           xlink:href="de-gaap-ci-2018-04-01-dimensions.xsd#de-gaap-ci_tab_eqChDRS22P"
           xlink:label="de-gaap-ci_tab_eqChDRS22P"/>
      <loc xlink:type="locator"
           xlink:href="de-gaap-ci-2018-04-01-dimensions.xsd#de-gaap-ci_dim_eqChDRS22P"
           xlink:label="de-gaap-ci_dim_eqChDRS22P"/>
      <loc xlink:type="locator"
           xlink:href="de-gaap-ci-2018-04-01-dimensions.xsd#de-gaap-ci_dim_allDRS22P"
           xlink:label="de-gaap-ci_dim_allDRS22P"/>
      <loc xlink:type="locator"
           xlink:href="de-gaap-ci-2018-04-01-dimensions.xsd#de-gaap-ci_dim_parentDRS22P.accGroupStatement.shares"
           xlink:label="de-gaap-ci_dim_parentDRS22P.accGroupStatement.shares"/>
      <loc xlink:type="locator"
           xlink:href="de-gaap-ci-2018-04-01-dimensions.xsd#de-gaap-ci_dim_parentDRS22P.accGroupStatement.shares.subscribed"
           xlink:label="de-gaap-ci_dim_parentDRS22P.accGroupStatement.shares.subscribed"/>
      <loc xlink:type="locator"
           xlink:href="de-gaap-ci-2018-04-01-dimensions.xsd#de-gaap-ci_dim_parentDRS22P.accGroupStatement.shares.unpaidContribution"
           xlink:label="de-gaap-ci_dim_parentDRS22P.accGroupStatement.shares.unpaidContribution"/>
      <loc xlink:type="locator"
           xlink:href="de-gaap-ci-2018-04-01-dimensions.xsd#de-gaap-ci_dim_parentDRS22P.accGroupStatement.reserves"
           xlink:label="de-gaap-ci_dim_parentDRS22P.accGroupStatement.reserves"/>
      <loc xlink:type="locator"
           xlink:href="de-gaap-ci-2018-04-01-dimensions.xsd#de-gaap-ci_dim_parentDRS22P.accGroupStatement.reserves.capRes"
           xlink:label="de-gaap-ci_dim_parentDRS22P.accGroupStatement.reserves.capRes"/>
      <loc xlink:type="locator"
           xlink:href="de-gaap-ci-2018-04-01-dimensions.xsd#de-gaap-ci_dim_parentDRS22P.accGroupStatement.reserves.revenueRes"
           xlink:label="de-gaap-ci_dim_parentDRS22P.accGroupStatement.reserves.revenueRes"/>
      <loc xlink:type="locator"
           xlink:href="de-gaap-ci-2018-04-01-dimensions.xsd#de-gaap-ci_dim_parentDRS22P.accGroupStatement.reserves.revenueRes.compStat"
           xlink:label="de-gaap-ci_dim_parentDRS22P.accGroupStatement.reserves.revenueRes.compStat"/>
      <loc xlink:type="locator"
           xlink:href="de-gaap-ci-2018-04-01-dimensions.xsd#de-gaap-ci_dim_parentDRS22P.accGroupStatement.reserves.revenueRes..other"
           xlink:label="de-gaap-ci_dim_parentDRS22P.accGroupStatement.reserves.revenueRes..other"/>
      <loc xlink:type="locator"
           xlink:href="de-gaap-ci-2018-04-01-dimensions.xsd#de-gaap-ci_dim_parentDRS22P.accGroupStatement.currTranslDiff"
           xlink:label="de-gaap-ci_dim_parentDRS22P.accGroupStatement.currTranslDiff"/>
      <loc xlink:type="locator"
           xlink:href="de-gaap-ci-2018-04-01-dimensions.xsd#de-gaap-ci_dim_parentDRS22P.accGroupStatement.retainedEarningsPrevYear"
           xlink:label="de-gaap-ci_dim_parentDRS22P.accGroupStatement.retainedEarningsPrevYear"/>
      <loc xlink:type="locator"
           xlink:href="de-gaap-ci-2018-04-01-dimensions.xsd#de-gaap-ci_dim_parentDRS22P.accGroupStatement.netIncome"
           xlink:label="de-gaap-ci_dim_parentDRS22P.accGroupStatement.netIncome"/>
      <loc xlink:type="locator"
           xlink:href="de-gaap-ci-2018-04-01-dimensions.xsd#de-gaap-ci_eqCh_primaryItemDRS22P"
           xlink:label="de-gaap-ci_eqCh_primaryItemDRS22P"/>
      <loc xlink:type="locator"
           xlink:href="de-gaap-ci-2018-04-01-dimensions.xsd#de-gaap-ci_eqCh.group_allDRS22P"
           xlink:label="de-gaap-ci_eqCh.group_allDRS22P"/>
      <loc xlink:type="locator"
           xlink:href="de-gaap-ci-2018-04-01-dimensions.xsd#de-gaap-ci_eqCh.group_beginningDRS22P"
           xlink:label="de-gaap-ci_eqCh.group_beginningDRS22P"/>
      <loc xlink:type="locator"
           xlink:href="de-gaap-ci-2018-04-01-dimensions.xsd#de-gaap-ci_eqCh.group_.increaseDecreaseSharesDRS22P"
           xlink:label="de-gaap-ci_eqCh.group_.increaseDecreaseSharesDRS22P"/>
      <loc xlink:type="locator"
           xlink:href="de-gaap-ci-2018-04-01-dimensions.xsd#de-gaap-ci_eqCh.group_recPaidUnpaidContributionDRS22P"
           xlink:label="de-gaap-ci_eqCh.group_recPaidUnpaidContributionDRS22P"/>
      <loc xlink:type="locator"
           xlink:href="de-gaap-ci-2018-04-01-dimensions.xsd#de-gaap-ci_eqCh.group_additionPartnersAccountLiabDRS22P"
           xlink:label="de-gaap-ci_eqCh.group_additionPartnersAccountLiabDRS22P"/>
      <loc xlink:type="locator"
           xlink:href="de-gaap-ci-2018-04-01-dimensions.xsd#de-gaap-ci_eqCh.group_additionReleaseReservesDRS22P"
           xlink:label="de-gaap-ci_eqCh.group_additionReleaseReservesDRS22P"/>
      <loc xlink:type="locator"
           xlink:href="de-gaap-ci-2018-04-01-dimensions.xsd#de-gaap-ci_eqCh.group_currTranslDRS22P"
           xlink:label="de-gaap-ci_eqCh.group_currTranslDRS22P"/>
      <loc xlink:type="locator"
           xlink:href="de-gaap-ci-2018-04-01-dimensions.xsd#de-gaap-ci_eqCh.group_otherChangesDRS22P"
           xlink:label="de-gaap-ci_eqCh.group_otherChangesDRS22P"/>
      <loc xlink:type="locator"
           xlink:href="de-gaap-ci-2018-04-01-dimensions.xsd#de-gaap-ci_eqCh.group_otherChangesDRS22P.comment"
           xlink:label="de-gaap-ci_eqCh.group_otherChangesDRS22P.comment"/>
      <loc xlink:type="locator"
           xlink:href="de-gaap-ci-2018-04-01-dimensions.xsd#de-gaap-ci_eqCh.group_netIncomeDRS22P"
           xlink:label="de-gaap-ci_eqCh.group_netIncomeDRS22P"/>
      <presentationArc xlink:from="de-gaap-ci_table.eqCh.DRS22" xlink:to="de-gaap-ci_table.eqDRS22P"
                       order="2"
                       xlink:arcrole="http://www.xbrl.org/2003/arcrole/parent-child"
                       xlink:type="arc"/>
      <presentationArc xmlns:xbrldt="http://xbrl.org/2005/xbrldt" xlink:from="de-gaap-ci_table.eqDRS22P"
                       xlink:to="de-gaap-ci_tab_eqChDRS22P"
                       order="1"
                       xbrldt:contextElement="scenario"
                       xlink:arcrole="http://www.xbrl.org/2003/arcrole/parent-child"
                       xlink:type="arc"/>
      <presentationArc xlink:from="de-gaap-ci_tab_eqChDRS22P" xlink:to="de-gaap-ci_dim_eqChDRS22P"
                       order="1"
                       xlink:arcrole="http://www.xbrl.org/2003/arcrole/parent-child"
                       xlink:type="arc"/>
      <presentationArc xlink:from="de-gaap-ci_dim_eqChDRS22P" xlink:to="de-gaap-ci_dim_allDRS22P"
                       order="1"
                       xlink:arcrole="http://www.xbrl.org/2003/arcrole/parent-child"
                       xlink:type="arc"/>
      <presentationArc xlink:from="de-gaap-ci_dim_allDRS22P"
                       xlink:to="de-gaap-ci_dim_parentDRS22P.accGroupStatement.shares"
                       order="1"
                       xlink:arcrole="http://www.xbrl.org/2003/arcrole/parent-child"
                       xlink:type="arc"/>
      <presentationArc xlink:from="de-gaap-ci_dim_parentDRS22P.accGroupStatement.shares"
                       xlink:to="de-gaap-ci_dim_parentDRS22P.accGroupStatement.shares.subscribed"
                       order="1"
                       xlink:arcrole="http://www.xbrl.org/2003/arcrole/parent-child"
                       xlink:type="arc"/>
      <presentationArc xlink:from="de-gaap-ci_dim_parentDRS22P.accGroupStatement.shares"
                       xlink:to="de-gaap-ci_dim_parentDRS22P.accGroupStatement.shares.unpaidContribution"
                       order="2"
                       xlink:arcrole="http://www.xbrl.org/2003/arcrole/parent-child"
                       xlink:type="arc"/>
      <presentationArc xlink:from="de-gaap-ci_dim_allDRS22P"
                       xlink:to="de-gaap-ci_dim_parentDRS22P.accGroupStatement.reserves"
                       order="2"
                       xlink:arcrole="http://www.xbrl.org/2003/arcrole/parent-child"
                       xlink:type="arc"/>
      <presentationArc xlink:from="de-gaap-ci_dim_parentDRS22P.accGroupStatement.reserves"
                       xlink:to="de-gaap-ci_dim_parentDRS22P.accGroupStatement.reserves.capRes"
                       order="1"
                       xlink:arcrole="http://www.xbrl.org/2003/arcrole/parent-child"
                       xlink:type="arc"/>
      <presentationArc xlink:from="de-gaap-ci_dim_parentDRS22P.accGroupStatement.reserves"
                       xlink:to="de-gaap-ci_dim_parentDRS22P.accGroupStatement.reserves.revenueRes"
                       order="2"
                       xlink:arcrole="http://www.xbrl.org/2003/arcrole/parent-child"
                       xlink:type="arc"/>
      <presentationArc xlink:from="de-gaap-ci_dim_parentDRS22P.accGroupStatement.reserves.revenueRes"
                       xlink:to="de-gaap-ci_dim_parentDRS22P.accGroupStatement.reserves.revenueRes.compStat"
                       order="1"
                       xlink:arcrole="http://www.xbrl.org/2003/arcrole/parent-child"
                       xlink:type="arc"/>
      <presentationArc xlink:from="de-gaap-ci_dim_parentDRS22P.accGroupStatement.reserves.revenueRes"
                       xlink:to="de-gaap-ci_dim_parentDRS22P.accGroupStatement.reserves.revenueRes..other"
                       order="2"
                       xlink:arcrole="http://www.xbrl.org/2003/arcrole/parent-child"
                       xlink:type="arc"/>
      <presentationArc xlink:from="de-gaap-ci_dim_allDRS22P"
                       xlink:to="de-gaap-ci_dim_parentDRS22P.accGroupStatement.currTranslDiff"
                       order="3"
                       xlink:arcrole="http://www.xbrl.org/2003/arcrole/parent-child"
                       xlink:type="arc"/>
      <presentationArc xlink:from="de-gaap-ci_dim_allDRS22P"
                       xlink:to="de-gaap-ci_dim_parentDRS22P.accGroupStatement.retainedEarningsPrevYear"
                       order="4"
                       xlink:arcrole="http://www.xbrl.org/2003/arcrole/parent-child"
                       xlink:type="arc"/>
      <presentationArc xlink:from="de-gaap-ci_dim_allDRS22P"
                       xlink:to="de-gaap-ci_dim_parentDRS22P.accGroupStatement.netIncome"
                       order="5"
                       xlink:arcrole="http://www.xbrl.org/2003/arcrole/parent-child"
                       xlink:type="arc"/>
      <presentationArc xlink:from="de-gaap-ci_table.eqDRS22P"
                       xlink:to="de-gaap-ci_eqCh_primaryItemDRS22P"
                       order="2"
                       xlink:arcrole="http://www.xbrl.org/2003/arcrole/parent-child"
                       xlink:type="arc"/>
      <presentationArc xlink:from="de-gaap-ci_eqCh_primaryItemDRS22P"
                       xlink:to="de-gaap-ci_eqCh.group_allDRS22P"
                       order="1"
                       xlink:arcrole="http://www.xbrl.org/2003/arcrole/parent-child"
                       xlink:type="arc"/>
      <presentationArc xlink:from="de-gaap-ci_eqCh.group_allDRS22P"
                       xlink:to="de-gaap-ci_eqCh.group_beginningDRS22P"
                       order="1"
                       xlink:arcrole="http://www.xbrl.org/2003/arcrole/parent-child"
                       xlink:type="arc"/>
      <presentationArc xlink:from="de-gaap-ci_eqCh.group_allDRS22P"
                       xlink:to="de-gaap-ci_eqCh.group_.increaseDecreaseSharesDRS22P"
                       order="2"
                       xlink:arcrole="http://www.xbrl.org/2003/arcrole/parent-child"
                       xlink:type="arc"/>
      <presentationArc xlink:from="de-gaap-ci_eqCh.group_allDRS22P"
                       xlink:to="de-gaap-ci_eqCh.group_recPaidUnpaidContributionDRS22P"
                       order="3"
                       xlink:arcrole="http://www.xbrl.org/2003/arcrole/parent-child"
                       xlink:type="arc"/>
      <presentationArc xlink:from="de-gaap-ci_eqCh.group_allDRS22P"
                       xlink:to="de-gaap-ci_eqCh.group_additionPartnersAccountLiabDRS22P"
                       order="4"
                       xlink:arcrole="http://www.xbrl.org/2003/arcrole/parent-child"
                       xlink:type="arc"/>
      <presentationArc xlink:from="de-gaap-ci_eqCh.group_allDRS22P"
                       xlink:to="de-gaap-ci_eqCh.group_additionReleaseReservesDRS22P"
                       order="5"
                       xlink:arcrole="http://www.xbrl.org/2003/arcrole/parent-child"
                       xlink:type="arc"/>
      <presentationArc xlink:from="de-gaap-ci_eqCh.group_allDRS22P"
                       xlink:to="de-gaap-ci_eqCh.group_currTranslDRS22P"
                       order="6"
                       xlink:arcrole="http://www.xbrl.org/2003/arcrole/parent-child"
                       xlink:type="arc"/>
      <presentationArc xlink:from="de-gaap-ci_eqCh.group_allDRS22P"
                       xlink:to="de-gaap-ci_eqCh.group_otherChangesDRS22P"
                       order="7"
                       xlink:arcrole="http://www.xbrl.org/2003/arcrole/parent-child"
                       xlink:type="arc"/>
      <presentationArc xlink:from="de-gaap-ci_eqCh.group_otherChangesDRS22P"
                       xlink:to="de-gaap-ci_eqCh.group_otherChangesDRS22P.comment"
                       order="1"
                       xlink:arcrole="http://www.xbrl.org/2003/arcrole/parent-child"
                       xlink:type="arc"/>
      <presentationArc xlink:from="de-gaap-ci_eqCh.group_allDRS22P"
                       xlink:to="de-gaap-ci_eqCh.group_netIncomeDRS22P"
                       order="8"
                       xlink:arcrole="http://www.xbrl.org/2003/arcrole/parent-child"
                       xlink:type="arc"/>
   </presentationLink>
</linkbase>