<?xml version="1.0" encoding="utf-8"?>
<!--(c) XBRL Deutschland e.V. - see http://www.xbrl.de-->


<linkbase xmlns="http://www.xbrl.org/2003/linkbase"
          xmlns:xsi="http://www.w3.org/2001/XMLSchema-instance"
          xsi:schemaLocation="http://www.xbrl.org/2003/linkbase http://www.xbrl.org/2003/xbrl-linkbase-2003-12-31.xsd">
   <roleRef xmlns:xlink="http://www.w3.org/1999/xlink"
            roleURI="http://www.xbrl.de/taxonomies/de-gaap-ci/role/appropriationProfits"
            xlink:href="de-gaap-ci-2018-04-01.xsd#role_appropriationProfits"
            xlink:type="simple"/>
   <calculationLink xmlns:xlink="http://www.w3.org/1999/xlink"
                    xlink:role="http://www.xbrl.de/taxonomies/de-gaap-ci/role/appropriationProfits"
                    xlink:type="extended">
      <loc xlink:type="locator"
           xlink:href="de-gaap-ci-2018-04-01.xsd#de-gaap-ci_incomeUse.resultFoundations"
           xlink:label="de-gaap-ci_incomeUse.resultFoundations"/>
      <loc xlink:type="locator"
           xlink:href="de-gaap-ci-2018-04-01.xsd#de-gaap-ci_incomeUse.resultFoundations.currentYear"
           xlink:label="de-gaap-ci_incomeUse.resultFoundations.currentYear"/>
      <loc xlink:type="locator"
           xlink:href="de-gaap-ci-2018-04-01.xsd#de-gaap-ci_incomeUse.resultFoundations.prevYear"
           xlink:label="de-gaap-ci_incomeUse.resultFoundations.prevYear"/>
      <loc xlink:type="locator"
           xlink:href="de-gaap-ci-2018-04-01.xsd#de-gaap-ci_incomeUse.resultFoundations.transferWithdrawalReallocation"
           xlink:label="de-gaap-ci_incomeUse.resultFoundations.transferWithdrawalReallocation"/>
      <loc xlink:type="locator"
           xlink:href="de-gaap-ci-2018-04-01.xsd#de-gaap-ci_incomeUse.resultFoundations.transferWithdrawalRevenueReserves"
           xlink:label="de-gaap-ci_incomeUse.resultFoundations.transferWithdrawalRevenueReserves"/>
      <loc xlink:type="locator"
           xlink:href="de-gaap-ci-2018-04-01.xsd#de-gaap-ci_incomeUse.resultFoundations.capWithdrawals"
           xlink:label="de-gaap-ci_incomeUse.resultFoundations.capWithdrawals"/>
      <loc xlink:type="locator"
           xlink:href="de-gaap-ci-2018-04-01.xsd#de-gaap-ci_incomeUse.resultFoundations.capTransfers"
           xlink:label="de-gaap-ci_incomeUse.resultFoundations.capTransfers"/>
      <loc xlink:type="locator"
           xlink:href="de-gaap-ci-2018-04-01.xsd#de-gaap-ci_incomeUse.resultFoundations.increaseDecreaseStatutoryBoundCapital"
           xlink:label="de-gaap-ci_incomeUse.resultFoundations.increaseDecreaseStatutoryBoundCapital"/>
      <loc xlink:type="locator"
           xlink:href="de-gaap-ci-2018-04-01.xsd#de-gaap-ci_incomeUse.gainLoss"
           xlink:label="de-gaap-ci_incomeUse.gainLoss"/>
      <loc xlink:type="locator"
           xlink:href="de-gaap-ci-2018-04-01.xsd#de-gaap-ci_incomeUse.gainLoss.retainedEarningsPrevYear"
           xlink:label="de-gaap-ci_incomeUse.gainLoss.retainedEarningsPrevYear"/>
      <loc xlink:type="locator"
           xlink:href="de-gaap-ci-2018-04-01.xsd#de-gaap-ci_incomeUse.gainLoss.accumLossPrevYear"
           xlink:label="de-gaap-ci_incomeUse.gainLoss.accumLossPrevYear"/>
      <loc xlink:type="locator"
           xlink:href="de-gaap-ci-2018-04-01.xsd#de-gaap-ci_incomeUse.gainLoss.releaseCapReserves"
           xlink:label="de-gaap-ci_incomeUse.gainLoss.releaseCapReserves"/>
      <loc xlink:type="locator"
           xlink:href="de-gaap-ci-2018-04-01.xsd#de-gaap-ci_incomeUse.gainLoss.releaseRevenReserves"
           xlink:label="de-gaap-ci_incomeUse.gainLoss.releaseRevenReserves"/>
      <loc xlink:type="locator"
           xlink:href="de-gaap-ci-2018-04-01.xsd#de-gaap-ci_incomeUse.gainLoss.releaseRevenReserves.legalRes"
           xlink:label="de-gaap-ci_incomeUse.gainLoss.releaseRevenReserves.legalRes"/>
      <loc xlink:type="locator"
           xlink:href="de-gaap-ci-2018-04-01.xsd#de-gaap-ci_incomeUse.gainLoss.releaseRevenReserves.sharesParentCompRes"
           xlink:label="de-gaap-ci_incomeUse.gainLoss.releaseRevenReserves.sharesParentCompRes"/>
      <loc xlink:type="locator"
           xlink:href="de-gaap-ci-2018-04-01.xsd#de-gaap-ci_incomeUse.gainLoss.releaseRevenReserves.statRes"
           xlink:label="de-gaap-ci_incomeUse.gainLoss.releaseRevenReserves.statRes"/>
      <loc xlink:type="locator"
           xlink:href="de-gaap-ci-2018-04-01.xsd#de-gaap-ci_incomeUse.gainLoss.releaseOtherRes"
           xlink:label="de-gaap-ci_incomeUse.gainLoss.releaseOtherRes"/>
      <loc xlink:type="locator"
           xlink:href="de-gaap-ci-2018-04-01.xsd#de-gaap-ci_incomeUse.gainLoss.releaseCapital"
           xlink:label="de-gaap-ci_incomeUse.gainLoss.releaseCapital"/>
      <loc xlink:type="locator"
           xlink:href="de-gaap-ci-2018-04-01.xsd#de-gaap-ci_incomeUse.gainLoss.releaseCapitalReserve"
           xlink:label="de-gaap-ci_incomeUse.gainLoss.releaseCapitalReserve"/>
      <loc xlink:type="locator"
           xlink:href="de-gaap-ci-2018-04-01.xsd#de-gaap-ci_incomeUse.gainLoss.additionRevenReserves"
           xlink:label="de-gaap-ci_incomeUse.gainLoss.additionRevenReserves"/>
      <loc xlink:type="locator"
           xlink:href="de-gaap-ci-2018-04-01.xsd#de-gaap-ci_incomeUse.gainLoss.additionRevenReserves.legalRes"
           xlink:label="de-gaap-ci_incomeUse.gainLoss.additionRevenReserves.legalRes"/>
      <loc xlink:type="locator"
           xlink:href="de-gaap-ci-2018-04-01.xsd#de-gaap-ci_incomeUse.gainLoss.additionRevenReserves.sharesParentCompRes"
           xlink:label="de-gaap-ci_incomeUse.gainLoss.additionRevenReserves.sharesParentCompRes"/>
      <loc xlink:type="locator"
           xlink:href="de-gaap-ci-2018-04-01.xsd#de-gaap-ci_incomeUse.gainLoss.additionRevenReserves.statRes"
           xlink:label="de-gaap-ci_incomeUse.gainLoss.additionRevenReserves.statRes"/>
      <loc xlink:type="locator"
           xlink:href="de-gaap-ci-2018-04-01.xsd#de-gaap-ci_incomeUse.gainLoss.additionOtherRes"
           xlink:label="de-gaap-ci_incomeUse.gainLoss.additionOtherRes"/>
      <loc xlink:type="locator"
           xlink:href="de-gaap-ci-2018-04-01.xsd#de-gaap-ci_incomeUse.gainLoss.other"
           xlink:label="de-gaap-ci_incomeUse.gainLoss.other"/>
      <loc xlink:type="locator"
           xlink:href="de-gaap-ci-2018-04-01.xsd#de-gaap-ci_incomeUse.gainLoss.releasePartnersAccount"
           xlink:label="de-gaap-ci_incomeUse.gainLoss.releasePartnersAccount"/>
      <loc xlink:type="locator"
           xlink:href="de-gaap-ci-2018-04-01.xsd#de-gaap-ci_incomeUse.gainLoss.additionPartnersAccount"
           xlink:label="de-gaap-ci_incomeUse.gainLoss.additionPartnersAccount"/>
      <loc xlink:type="locator"
           xlink:href="de-gaap-ci-2018-04-01.xsd#de-gaap-ci_incomeUse.gainLoss.dividensPlanned"
           xlink:label="de-gaap-ci_incomeUse.gainLoss.dividensPlanned"/>
      <loc xlink:type="locator"
           xlink:href="de-gaap-ci-2018-04-01.xsd#de-gaap-ci_incomeUse.gainLoss.additionRetainedEarnings"
           xlink:label="de-gaap-ci_incomeUse.gainLoss.additionRetainedEarnings"/>
      <loc xlink:type="locator"
           xlink:href="de-gaap-ci-2018-04-01.xsd#de-gaap-ci_incomeUse.gainLoss.additionCummLoss"
           xlink:label="de-gaap-ci_incomeUse.gainLoss.additionCummLoss"/>
      <loc xlink:type="locator"
           xlink:href="de-gaap-ci-2018-04-01.xsd#de-gaap-ci_incomeUse.gainLoss.DeprPaidUpShares"
           xlink:label="de-gaap-ci_incomeUse.gainLoss.DeprPaidUpShares"/>
      <loc xlink:type="locator"
           xlink:href="de-gaap-ci-2018-04-01.xsd#de-gaap-ci_incomeUse.gainLoss.replentishmentPaidupShares"
           xlink:label="de-gaap-ci_incomeUse.gainLoss.replentishmentPaidupShares"/>
      <calculationArc xlink:from="de-gaap-ci_incomeUse.resultFoundations"
                      xlink:to="de-gaap-ci_incomeUse.resultFoundations.currentYear"
                      order="1"
                      weight="1"
                      xlink:arcrole="http://www.xbrl.org/2003/arcrole/summation-item"
                      xlink:type="arc"/>
      <calculationArc xlink:from="de-gaap-ci_incomeUse.resultFoundations"
                      xlink:to="de-gaap-ci_incomeUse.resultFoundations.prevYear"
                      order="2"
                      weight="1"
                      xlink:arcrole="http://www.xbrl.org/2003/arcrole/summation-item"
                      xlink:type="arc"/>
      <calculationArc xlink:from="de-gaap-ci_incomeUse.resultFoundations"
                      xlink:to="de-gaap-ci_incomeUse.resultFoundations.transferWithdrawalReallocation"
                      order="3"
                      weight="-1"
                      xlink:arcrole="http://www.xbrl.org/2003/arcrole/summation-item"
                      xlink:type="arc"/>
      <calculationArc xlink:from="de-gaap-ci_incomeUse.resultFoundations"
                      xlink:to="de-gaap-ci_incomeUse.resultFoundations.transferWithdrawalRevenueReserves"
                      order="4"
                      weight="-1"
                      xlink:arcrole="http://www.xbrl.org/2003/arcrole/summation-item"
                      xlink:type="arc"/>
      <calculationArc xlink:from="de-gaap-ci_incomeUse.resultFoundations"
                      xlink:to="de-gaap-ci_incomeUse.resultFoundations.capWithdrawals"
                      order="2.3"
                      weight="1"
                      xlink:arcrole="http://www.xbrl.org/2003/arcrole/summation-item"
                      xlink:type="arc"/>
      <calculationArc xlink:from="de-gaap-ci_incomeUse.resultFoundations"
                      xlink:to="de-gaap-ci_incomeUse.resultFoundations.capTransfers"
                      order="2.6"
                      weight="-1"
                      xlink:arcrole="http://www.xbrl.org/2003/arcrole/summation-item"
                      xlink:type="arc"/>
      <calculationArc xlink:from="de-gaap-ci_incomeUse.resultFoundations"
                      xlink:to="de-gaap-ci_incomeUse.resultFoundations.increaseDecreaseStatutoryBoundCapital"
                      order="5"
                      weight="-1"
                      xlink:arcrole="http://www.xbrl.org/2003/arcrole/summation-item"
                      xlink:type="arc"/>
      <calculationArc xlink:from="de-gaap-ci_incomeUse.gainLoss"
                      xlink:to="de-gaap-ci_incomeUse.gainLoss.retainedEarningsPrevYear"
                      order="2"
                      weight="1"
                      xlink:arcrole="http://www.xbrl.org/2003/arcrole/summation-item"
                      xlink:type="arc"/>
      <calculationArc xlink:from="de-gaap-ci_incomeUse.gainLoss"
                      xlink:to="de-gaap-ci_incomeUse.gainLoss.accumLossPrevYear"
                      order="3"
                      weight="-1"
                      xlink:arcrole="http://www.xbrl.org/2003/arcrole/summation-item"
                      xlink:type="arc"/>
      <calculationArc xlink:from="de-gaap-ci_incomeUse.gainLoss"
                      xlink:to="de-gaap-ci_incomeUse.gainLoss.releaseCapReserves"
                      order="4"
                      weight="1"
                      xlink:arcrole="http://www.xbrl.org/2003/arcrole/summation-item"
                      xlink:type="arc"/>
      <calculationArc xlink:from="de-gaap-ci_incomeUse.gainLoss"
                      xlink:to="de-gaap-ci_incomeUse.gainLoss.releaseRevenReserves"
                      order="5"
                      weight="1"
                      xlink:arcrole="http://www.xbrl.org/2003/arcrole/summation-item"
                      xlink:type="arc"/>
      <calculationArc xlink:from="de-gaap-ci_incomeUse.gainLoss.releaseRevenReserves"
                      xlink:to="de-gaap-ci_incomeUse.gainLoss.releaseRevenReserves.legalRes"
                      order="1"
                      weight="1"
                      xlink:arcrole="http://www.xbrl.org/2003/arcrole/summation-item"
                      xlink:type="arc"/>
      <calculationArc xlink:from="de-gaap-ci_incomeUse.gainLoss.releaseRevenReserves"
                      xlink:to="de-gaap-ci_incomeUse.gainLoss.releaseRevenReserves.sharesParentCompRes"
                      order="3"
                      weight="1"
                      xlink:arcrole="http://www.xbrl.org/2003/arcrole/summation-item"
                      xlink:type="arc"/>
      <calculationArc xlink:from="de-gaap-ci_incomeUse.gainLoss.releaseRevenReserves"
                      xlink:to="de-gaap-ci_incomeUse.gainLoss.releaseRevenReserves.statRes"
                      order="4"
                      weight="1"
                      xlink:arcrole="http://www.xbrl.org/2003/arcrole/summation-item"
                      xlink:type="arc"/>
      <calculationArc xlink:from="de-gaap-ci_incomeUse.gainLoss.releaseRevenReserves"
                      xlink:to="de-gaap-ci_incomeUse.gainLoss.releaseOtherRes"
                      order="6"
                      weight="1"
                      xlink:arcrole="http://www.xbrl.org/2003/arcrole/summation-item"
                      xlink:type="arc"/>
      <calculationArc xlink:from="de-gaap-ci_incomeUse.gainLoss"
                      xlink:to="de-gaap-ci_incomeUse.gainLoss.releaseCapital"
                      order="8"
                      weight="1"
                      xlink:arcrole="http://www.xbrl.org/2003/arcrole/summation-item"
                      xlink:type="arc"/>
      <calculationArc xlink:from="de-gaap-ci_incomeUse.gainLoss"
                      xlink:to="de-gaap-ci_incomeUse.gainLoss.releaseCapitalReserve"
                      order="9"
                      weight="-1"
                      xlink:arcrole="http://www.xbrl.org/2003/arcrole/summation-item"
                      xlink:type="arc"/>
      <calculationArc xlink:from="de-gaap-ci_incomeUse.gainLoss"
                      xlink:to="de-gaap-ci_incomeUse.gainLoss.additionRevenReserves"
                      order="10"
                      weight="-1"
                      xlink:arcrole="http://www.xbrl.org/2003/arcrole/summation-item"
                      xlink:type="arc"/>
      <calculationArc xlink:from="de-gaap-ci_incomeUse.gainLoss.additionRevenReserves"
                      xlink:to="de-gaap-ci_incomeUse.gainLoss.additionRevenReserves.legalRes"
                      order="1"
                      weight="1"
                      xlink:arcrole="http://www.xbrl.org/2003/arcrole/summation-item"
                      xlink:type="arc"/>
      <calculationArc xlink:from="de-gaap-ci_incomeUse.gainLoss.additionRevenReserves"
                      xlink:to="de-gaap-ci_incomeUse.gainLoss.additionRevenReserves.sharesParentCompRes"
                      order="3"
                      weight="1"
                      xlink:arcrole="http://www.xbrl.org/2003/arcrole/summation-item"
                      xlink:type="arc"/>
      <calculationArc xlink:from="de-gaap-ci_incomeUse.gainLoss.additionRevenReserves"
                      xlink:to="de-gaap-ci_incomeUse.gainLoss.additionRevenReserves.statRes"
                      order="4"
                      weight="1"
                      xlink:arcrole="http://www.xbrl.org/2003/arcrole/summation-item"
                      xlink:type="arc"/>
      <calculationArc xlink:from="de-gaap-ci_incomeUse.gainLoss.additionRevenReserves"
                      xlink:to="de-gaap-ci_incomeUse.gainLoss.additionOtherRes"
                      order="6"
                      weight="1"
                      xlink:arcrole="http://www.xbrl.org/2003/arcrole/summation-item"
                      xlink:type="arc"/>
      <calculationArc xlink:from="de-gaap-ci_incomeUse.gainLoss"
                      xlink:to="de-gaap-ci_incomeUse.gainLoss.other"
                      order="13"
                      weight="-1"
                      xlink:arcrole="http://www.xbrl.org/2003/arcrole/summation-item"
                      xlink:type="arc"/>
      <calculationArc xlink:from="de-gaap-ci_incomeUse.gainLoss"
                      xlink:to="de-gaap-ci_incomeUse.gainLoss.releasePartnersAccount"
                      order="14"
                      weight="1"
                      xlink:arcrole="http://www.xbrl.org/2003/arcrole/summation-item"
                      xlink:type="arc"/>
      <calculationArc xlink:from="de-gaap-ci_incomeUse.gainLoss"
                      xlink:to="de-gaap-ci_incomeUse.gainLoss.additionPartnersAccount"
                      order="15"
                      weight="-1"
                      xlink:arcrole="http://www.xbrl.org/2003/arcrole/summation-item"
                      xlink:type="arc"/>
      <calculationArc xlink:from="de-gaap-ci_incomeUse.gainLoss"
                      xlink:to="de-gaap-ci_incomeUse.gainLoss.dividensPlanned"
                      order="16"
                      weight="-1"
                      xlink:arcrole="http://www.xbrl.org/2003/arcrole/summation-item"
                      xlink:type="arc"/>
      <calculationArc xlink:from="de-gaap-ci_incomeUse.gainLoss"
                      xlink:to="de-gaap-ci_incomeUse.gainLoss.additionRetainedEarnings"
                      order="17"
                      weight="-1"
                      xlink:arcrole="http://www.xbrl.org/2003/arcrole/summation-item"
                      xlink:type="arc"/>
      <calculationArc xlink:from="de-gaap-ci_incomeUse.gainLoss"
                      xlink:to="de-gaap-ci_incomeUse.gainLoss.additionCummLoss"
                      order="18"
                      weight="1"
                      xlink:arcrole="http://www.xbrl.org/2003/arcrole/summation-item"
                      xlink:type="arc"/>
      <calculationArc xlink:from="de-gaap-ci_incomeUse.gainLoss"
                      xlink:to="de-gaap-ci_incomeUse.gainLoss.DeprPaidUpShares"
                      order="11"
                      weight="1"
                      xlink:arcrole="http://www.xbrl.org/2003/arcrole/summation-item"
                      xlink:type="arc"/>
      <calculationArc xlink:from="de-gaap-ci_incomeUse.gainLoss"
                      xlink:to="de-gaap-ci_incomeUse.gainLoss.replentishmentPaidupShares"
                      order="12"
                      weight="-1"
                      xlink:arcrole="http://www.xbrl.org/2003/arcrole/summation-item"
                      xlink:type="arc"/>
   </calculationLink>
   <calculationLink xmlns:xlink="http://www.w3.org/1999/xlink"
                    xlink:role="http://www.xbrl.de/taxonomies/de-gaap-ci/role/appropriationProfits"
                    xlink:type="extended">
      <loc xlink:type="locator"
           xlink:href="de-gaap-ci-2018-04-01.xsd#de-gaap-ci_incomeUse.gainLoss"
           xlink:label="de-gaap-ci_incomeUse.gainLoss"/>
      <loc xlink:type="locator"
           xlink:href="de-gaap-ci-2018-04-01.xsd#de-gaap-ci_incomeUse.gainLoss.netIncome"
           xlink:label="de-gaap-ci_incomeUse.gainLoss.netIncome"/>
      <calculationArc xlink:from="de-gaap-ci_incomeUse.gainLoss"
                      xlink:to="de-gaap-ci_incomeUse.gainLoss.netIncome"
                      order="0.5"
                      weight="1"
                      xlink:arcrole="http://www.xbrl.org/2003/arcrole/summation-item"
                      xlink:type="arc"/>
   </calculationLink>
</linkbase>