<?xml version="1.0" encoding="utf-8"?>
<!--(c) XBRL Deutschland e.V. - see http://www.xbrl.de-->


<linkbase xmlns="http://www.xbrl.org/2003/linkbase"
          xmlns:xsi="http://www.w3.org/2001/XMLSchema-instance"
          xsi:schemaLocation="http://www.xbrl.org/2003/linkbase http://www.xbrl.org/2003/xbrl-linkbase-2003-12-31.xsd">
   <roleRef xmlns:xbrldt="http://xbrl.org/2005/xbrldt"
            xmlns:xbrli="http://www.xbrl.org/2003/instance"
            xmlns:xlink="http://www.w3.org/1999/xlink"
            roleURI="http://www.xbrl.de/taxonomies/de-gaap-ci/role/changesEquityStatementTableDRS22K"
            xlink:href="de-gaap-ci-2018-04-01.xsd#role_changesEquityStatementTableDRS22K"
            xlink:type="simple"/>
   <arcroleRef xmlns:xbrldt="http://xbrl.org/2005/xbrldt"
               xmlns:xbrli="http://www.xbrl.org/2003/instance"
               xmlns:xlink="http://www.w3.org/1999/xlink"
               arcroleURI="http://xbrl.org/int/dim/arcrole/all"
               xlink:href="http://www.xbrl.org/2005/xbrldt-2005.xsd#all"
               xlink:type="simple"/>
   <arcroleRef xmlns:xbrldt="http://xbrl.org/2005/xbrldt"
               xmlns:xbrli="http://www.xbrl.org/2003/instance"
               xmlns:xlink="http://www.w3.org/1999/xlink"
               arcroleURI="http://xbrl.org/int/dim/arcrole/dimension-domain"
               xlink:href="http://www.xbrl.org/2005/xbrldt-2005.xsd#dimension-domain"
               xlink:type="simple"/>
   <arcroleRef xmlns:xbrldt="http://xbrl.org/2005/xbrldt"
               xmlns:xbrli="http://www.xbrl.org/2003/instance"
               xmlns:xlink="http://www.w3.org/1999/xlink"
               arcroleURI="http://xbrl.org/int/dim/arcrole/domain-member"
               xlink:href="http://www.xbrl.org/2005/xbrldt-2005.xsd#domain-member"
               xlink:type="simple"/>
   <arcroleRef xmlns:xbrldt="http://xbrl.org/2005/xbrldt"
               xmlns:xbrli="http://www.xbrl.org/2003/instance"
               xmlns:xlink="http://www.w3.org/1999/xlink"
               arcroleURI="http://xbrl.org/int/dim/arcrole/hypercube-dimension"
               xlink:href="http://www.xbrl.org/2005/xbrldt-2005.xsd#hypercube-dimension"
               xlink:type="simple"/>
   <arcroleRef xmlns:xbrldt="http://xbrl.org/2005/xbrldt"
               xmlns:xbrli="http://www.xbrl.org/2003/instance"
               xmlns:xlink="http://www.w3.org/1999/xlink"
               arcroleURI="http://xbrl.org/int/dim/arcrole/dimension-default"
               xlink:href="http://www.xbrl.org/2005/xbrldt-2005.xsd#dimension-default"
               xlink:type="simple"/>
   <definitionLink xmlns:xlink="http://www.w3.org/1999/xlink"
                   xlink:role="http://www.xbrl.de/taxonomies/de-gaap-ci/role/changesEquityStatementTableDRS22K"
                   xlink:type="extended">
      <loc xlink:type="locator"
           xlink:href="de-gaap-ci-2018-04-01-dimensions.xsd#de-gaap-ci_table.eqChDRS22K"
           xlink:label="de-gaap-ci_table.eqChDRS22K"/>
      <loc xlink:type="locator"
           xlink:href="de-gaap-ci-2018-04-01-dimensions.xsd#de-gaap-ci_tab_eqChDRS22K"
           xlink:label="de-gaap-ci_tab_eqChDRS22K"/>
      <loc xlink:type="locator"
           xlink:href="de-gaap-ci-2018-04-01-dimensions.xsd#de-gaap-ci_dim_eqChDRS22K"
           xlink:label="de-gaap-ci_dim_eqChDRS22K"/>
      <loc xlink:type="locator"
           xlink:href="de-gaap-ci-2018-04-01-dimensions.xsd#de-gaap-ci_dim_allDRS22K"
           xlink:label="de-gaap-ci_dim_allDRS22K"/>
      <loc xlink:type="locator"
           xlink:href="de-gaap-ci-2018-04-01-dimensions.xsd#de-gaap-ci_dim_parentDRS22K.accGroupStatement.netIncome"
           xlink:label="de-gaap-ci_dim_parentDRS22K.accGroupStatement.netIncome"/>
      <loc xlink:type="locator"
           xlink:href="de-gaap-ci-2018-04-01-dimensions.xsd#de-gaap-ci_dim_parentDRS22K.accGroupStatement.retainedEarningsPrevYear"
           xlink:label="de-gaap-ci_dim_parentDRS22K.accGroupStatement.retainedEarningsPrevYear"/>
      <loc xlink:type="locator"
           xlink:href="de-gaap-ci-2018-04-01-dimensions.xsd#de-gaap-ci_dim_parentDRS22K.accGroupStatement.currTranslDiff"
           xlink:label="de-gaap-ci_dim_parentDRS22K.accGroupStatement.currTranslDiff"/>
      <loc xlink:type="locator"
           xlink:href="de-gaap-ci-2018-04-01-dimensions.xsd#de-gaap-ci_dim_parentDRS22K.accGroupStatement.reserves"
           xlink:label="de-gaap-ci_dim_parentDRS22K.accGroupStatement.reserves"/>
      <loc xlink:type="locator"
           xlink:href="de-gaap-ci-2018-04-01-dimensions.xsd#de-gaap-ci_dim_parentDRS22K.accGroupStatement.reserves.revenueRes"
           xlink:label="de-gaap-ci_dim_parentDRS22K.accGroupStatement.reserves.revenueRes"/>
      <loc xlink:type="locator"
           xlink:href="de-gaap-ci-2018-04-01-dimensions.xsd#de-gaap-ci_dim_parentDRS22K.accGroupStatement.reserves.revenueRes.other"
           xlink:label="de-gaap-ci_dim_parentDRS22K.accGroupStatement.reserves.revenueRes.other"/>
      <loc xlink:type="locator"
           xlink:href="de-gaap-ci-2018-04-01-dimensions.xsd#de-gaap-ci_dim_parentDRS22K.accGroupStatement.reserves.revenueRes.statutory"
           xlink:label="de-gaap-ci_dim_parentDRS22K.accGroupStatement.reserves.revenueRes.statutory"/>
      <loc xlink:type="locator"
           xlink:href="de-gaap-ci-2018-04-01-dimensions.xsd#de-gaap-ci_dim_parentDRS22K.accGroupStatement.reserves.revenueRes.272_4"
           xlink:label="de-gaap-ci_dim_parentDRS22K.accGroupStatement.reserves.revenueRes.272_4"/>
      <loc xlink:type="locator"
           xlink:href="de-gaap-ci-2018-04-01-dimensions.xsd#de-gaap-ci_dim_parentDRS22K.accGroupStatement.reserves.revenueRes.legal"
           xlink:label="de-gaap-ci_dim_parentDRS22K.accGroupStatement.reserves.revenueRes.legal"/>
      <loc xlink:type="locator"
           xlink:href="de-gaap-ci-2018-04-01-dimensions.xsd#de-gaap-ci_dim_parentDRS22K.accGroupStatement.reserves.capRes"
           xlink:label="de-gaap-ci_dim_parentDRS22K.accGroupStatement.reserves.capRes"/>
      <loc xlink:type="locator"
           xlink:href="de-gaap-ci-2018-04-01-dimensions.xsd#de-gaap-ci_dim_parentDRS22K.accGroupStatement.reserves.capRes.272_2case4"
           xlink:label="de-gaap-ci_dim_parentDRS22K.accGroupStatement.reserves.capRes.272_2case4"/>
      <loc xlink:type="locator"
           xlink:href="de-gaap-ci-2018-04-01-dimensions.xsd#de-gaap-ci_dim_parentDRS22K.accGroupStatement.reserves.capRes.272_2case1_3"
           xlink:label="de-gaap-ci_dim_parentDRS22K.accGroupStatement.reserves.capRes.272_2case1_3"/>
      <loc xlink:type="locator"
           xlink:href="de-gaap-ci-2018-04-01-dimensions.xsd#de-gaap-ci_dim_parentDRS22K.accGroupStatement.shares"
           xlink:label="de-gaap-ci_dim_parentDRS22K.accGroupStatement.shares"/>
      <loc xlink:type="locator"
           xlink:href="de-gaap-ci-2018-04-01-dimensions.xsd#de-gaap-ci_dim_parentDRS22K.accGroupStatement.shares.unpaidContribution"
           xlink:label="de-gaap-ci_dim_parentDRS22K.accGroupStatement.shares.unpaidContribution"/>
      <loc xlink:type="locator"
           xlink:href="de-gaap-ci-2018-04-01-dimensions.xsd#de-gaap-ci_dim_parentDRS22K.accGroupStatement.shares.unpaidContribution.sharesPremium"
           xlink:label="de-gaap-ci_dim_parentDRS22K.accGroupStatement.shares.unpaidContribution.sharesPremium"/>
      <loc xlink:type="locator"
           xlink:href="de-gaap-ci-2018-04-01-dimensions.xsd#de-gaap-ci_dim_parentDRS22K.accGroupStatement.shares.unpaidContribution.sharesRegular"
           xlink:label="de-gaap-ci_dim_parentDRS22K.accGroupStatement.shares.unpaidContribution.sharesRegular"/>
      <loc xlink:type="locator"
           xlink:href="de-gaap-ci-2018-04-01-dimensions.xsd#de-gaap-ci_dim_parentDRS22K.accGroupStatement.shares.ownShares"
           xlink:label="de-gaap-ci_dim_parentDRS22K.accGroupStatement.shares.ownShares"/>
      <loc xlink:type="locator"
           xlink:href="de-gaap-ci-2018-04-01-dimensions.xsd#de-gaap-ci_dim_parentDRS22K.accGroupStatement.shares.ownShares.sharesPremium"
           xlink:label="de-gaap-ci_dim_parentDRS22K.accGroupStatement.shares.ownShares.sharesPremium"/>
      <loc xlink:type="locator"
           xlink:href="de-gaap-ci-2018-04-01-dimensions.xsd#de-gaap-ci_dim_parentDRS22K.accGroupStatement.shares.ownShares.sharesRegular"
           xlink:label="de-gaap-ci_dim_parentDRS22K.accGroupStatement.shares.ownShares.sharesRegular"/>
      <loc xlink:type="locator"
           xlink:href="de-gaap-ci-2018-04-01-dimensions.xsd#de-gaap-ci_dim_parentDRS22K.accGroupStatement.shares.subscribed"
           xlink:label="de-gaap-ci_dim_parentDRS22K.accGroupStatement.shares.subscribed"/>
      <loc xlink:type="locator"
           xlink:href="de-gaap-ci-2018-04-01-dimensions.xsd#de-gaap-ci_dim_parentDRS22K.accGroupStatement.shares.subscribed.sharesPremium"
           xlink:label="de-gaap-ci_dim_parentDRS22K.accGroupStatement.shares.subscribed.sharesPremium"/>
      <loc xlink:type="locator"
           xlink:href="de-gaap-ci-2018-04-01-dimensions.xsd#de-gaap-ci_dim_parentDRS22K.accGroupStatement.shares.subscribed.sharesRegular"
           xlink:label="de-gaap-ci_dim_parentDRS22K.accGroupStatement.shares.subscribed.sharesRegular"/>
      <loc xlink:type="locator"
           xlink:href="de-gaap-ci-2018-04-01-dimensions.xsd#de-gaap-ci_eqCh_primaryItemDRS22K"
           xlink:label="de-gaap-ci_eqCh_primaryItemDRS22K"/>
      <loc xlink:type="locator"
           xlink:href="de-gaap-ci-2018-04-01-dimensions.xsd#de-gaap-ci_eqCh.group_allDRS22K"
           xlink:label="de-gaap-ci_eqCh.group_allDRS22K"/>
      <loc xlink:type="locator"
           xlink:href="de-gaap-ci-2018-04-01-dimensions.xsd#de-gaap-ci_eqCh.group_beginningDRS22K"
           xlink:label="de-gaap-ci_eqCh.group_beginningDRS22K"/>
      <loc xlink:type="locator"
           xlink:href="de-gaap-ci-2018-04-01-dimensions.xsd#de-gaap-ci_eqCh.group_.increaseDecreaseSharesDRS22K"
           xlink:label="de-gaap-ci_eqCh.group_.increaseDecreaseSharesDRS22K"/>
      <loc xlink:type="locator"
           xlink:href="de-gaap-ci-2018-04-01-dimensions.xsd#de-gaap-ci_eqCh.group_.increaseDecreaseSharesDRS22K.paidInCapital"
           xlink:label="de-gaap-ci_eqCh.group_.increaseDecreaseSharesDRS22K.paidInCapital"/>
      <loc xlink:type="locator"
           xlink:href="de-gaap-ci-2018-04-01-dimensions.xsd#de-gaap-ci_eqCh.group_.increaseDecreaseSharesDRS22K.ownSharesPurchase"
           xlink:label="de-gaap-ci_eqCh.group_.increaseDecreaseSharesDRS22K.ownSharesPurchase"/>
      <loc xlink:type="locator"
           xlink:href="de-gaap-ci-2018-04-01-dimensions.xsd#de-gaap-ci_eqCh.group_.increaseDecreaseSharesDRS22K.ownSharesRedemption"
           xlink:label="de-gaap-ci_eqCh.group_.increaseDecreaseSharesDRS22K.ownSharesRedemption"/>
      <loc xlink:type="locator"
           xlink:href="de-gaap-ci-2018-04-01-dimensions.xsd#de-gaap-ci_eqCh.group_.increaseDecreaseSharesDRS22K.compCap"
           xlink:label="de-gaap-ci_eqCh.group_.increaseDecreaseSharesDRS22K.compCap"/>
      <loc xlink:type="locator"
           xlink:href="de-gaap-ci-2018-04-01-dimensions.xsd#de-gaap-ci_eqCh.group_.increaseDecreaseSharesDRS22K.other"
           xlink:label="de-gaap-ci_eqCh.group_.increaseDecreaseSharesDRS22K.other"/>
      <loc xlink:type="locator"
           xlink:href="de-gaap-ci-2018-04-01-dimensions.xsd#de-gaap-ci_eqCh.group_recPaidUnpaidContributionDRS22K"
           xlink:label="de-gaap-ci_eqCh.group_recPaidUnpaidContributionDRS22K"/>
      <loc xlink:type="locator"
           xlink:href="de-gaap-ci-2018-04-01-dimensions.xsd#de-gaap-ci_eqCh.group_additionReleaseReservesDRS22K"
           xlink:label="de-gaap-ci_eqCh.group_additionReleaseReservesDRS22K"/>
      <loc xlink:type="locator"
           xlink:href="de-gaap-ci-2018-04-01-dimensions.xsd#de-gaap-ci_eqCh.group_dividendsPaidOutDRS22K"
           xlink:label="de-gaap-ci_eqCh.group_dividendsPaidOutDRS22K"/>
      <loc xlink:type="locator"
           xlink:href="de-gaap-ci-2018-04-01-dimensions.xsd#de-gaap-ci_eqCh.group_currTranslDRS22K"
           xlink:label="de-gaap-ci_eqCh.group_currTranslDRS22K"/>
      <loc xlink:type="locator"
           xlink:href="de-gaap-ci-2018-04-01-dimensions.xsd#de-gaap-ci_eqCh.group_otherChangesDRS22K"
           xlink:label="de-gaap-ci_eqCh.group_otherChangesDRS22K"/>
      <loc xlink:type="locator"
           xlink:href="de-gaap-ci-2018-04-01-dimensions.xsd#de-gaap-ci_eqCh.group_otherChangesDRS22K.comment"
           xlink:label="de-gaap-ci_eqCh.group_otherChangesDRS22K.comment"/>
      <loc xlink:type="locator"
           xlink:href="de-gaap-ci-2018-04-01-dimensions.xsd#de-gaap-ci_eqCh.group_netIncomeDRS22K"
           xlink:label="de-gaap-ci_eqCh.group_netIncomeDRS22K"/>
      <definitionArc xmlns:xbrldt="http://xbrl.org/2005/xbrldt"
                     xlink:from="de-gaap-ci_table.eqChDRS22K"
                     xlink:to="de-gaap-ci_tab_eqChDRS22K"
                     order="1"
                     xbrldt:contextElement="scenario"
                     xlink:arcrole="http://xbrl.org/int/dim/arcrole/all"
                     xlink:type="arc"/>
      <definitionArc xlink:from="de-gaap-ci_tab_eqChDRS22K" xlink:to="de-gaap-ci_dim_eqChDRS22K"
                     order="1"
                     xlink:arcrole="http://xbrl.org/int/dim/arcrole/hypercube-dimension"
                     xlink:type="arc"/>
      <definitionArc xlink:from="de-gaap-ci_dim_eqChDRS22K" xlink:to="de-gaap-ci_dim_allDRS22K"
                     order="1"
                     xlink:arcrole="http://xbrl.org/int/dim/arcrole/dimension-domain"
                     xlink:type="arc"/>
      <definitionArc xlink:from="de-gaap-ci_dim_allDRS22K"
                     xlink:to="de-gaap-ci_dim_parentDRS22K.accGroupStatement.netIncome"
                     order="5"
                     xlink:arcrole="http://xbrl.org/int/dim/arcrole/domain-member"
                     xlink:type="arc"/>
      <definitionArc xlink:from="de-gaap-ci_dim_allDRS22K"
                     xlink:to="de-gaap-ci_dim_parentDRS22K.accGroupStatement.retainedEarningsPrevYear"
                     order="4"
                     xlink:arcrole="http://xbrl.org/int/dim/arcrole/domain-member"
                     xlink:type="arc"/>
      <definitionArc xlink:from="de-gaap-ci_dim_allDRS22K"
                     xlink:to="de-gaap-ci_dim_parentDRS22K.accGroupStatement.currTranslDiff"
                     order="3"
                     xlink:arcrole="http://xbrl.org/int/dim/arcrole/domain-member"
                     xlink:type="arc"/>
      <definitionArc xlink:from="de-gaap-ci_dim_allDRS22K"
                     xlink:to="de-gaap-ci_dim_parentDRS22K.accGroupStatement.reserves"
                     order="2"
                     xlink:arcrole="http://xbrl.org/int/dim/arcrole/domain-member"
                     xlink:type="arc"/>
      <definitionArc xlink:from="de-gaap-ci_dim_parentDRS22K.accGroupStatement.reserves"
                     xlink:to="de-gaap-ci_dim_parentDRS22K.accGroupStatement.reserves.revenueRes"
                     order="2"
                     xlink:arcrole="http://xbrl.org/int/dim/arcrole/domain-member"
                     xlink:type="arc"/>
      <definitionArc xlink:from="de-gaap-ci_dim_parentDRS22K.accGroupStatement.reserves.revenueRes"
                     xlink:to="de-gaap-ci_dim_parentDRS22K.accGroupStatement.reserves.revenueRes.other"
                     order="4"
                     xlink:arcrole="http://xbrl.org/int/dim/arcrole/domain-member"
                     xlink:type="arc"/>
      <definitionArc xlink:from="de-gaap-ci_dim_parentDRS22K.accGroupStatement.reserves.revenueRes"
                     xlink:to="de-gaap-ci_dim_parentDRS22K.accGroupStatement.reserves.revenueRes.statutory"
                     order="3"
                     xlink:arcrole="http://xbrl.org/int/dim/arcrole/domain-member"
                     xlink:type="arc"/>
      <definitionArc xlink:from="de-gaap-ci_dim_parentDRS22K.accGroupStatement.reserves.revenueRes"
                     xlink:to="de-gaap-ci_dim_parentDRS22K.accGroupStatement.reserves.revenueRes.272_4"
                     order="2"
                     xlink:arcrole="http://xbrl.org/int/dim/arcrole/domain-member"
                     xlink:type="arc"/>
      <definitionArc xlink:from="de-gaap-ci_dim_parentDRS22K.accGroupStatement.reserves.revenueRes"
                     xlink:to="de-gaap-ci_dim_parentDRS22K.accGroupStatement.reserves.revenueRes.legal"
                     order="1"
                     xlink:arcrole="http://xbrl.org/int/dim/arcrole/domain-member"
                     xlink:type="arc"/>
      <definitionArc xlink:from="de-gaap-ci_dim_parentDRS22K.accGroupStatement.reserves"
                     xlink:to="de-gaap-ci_dim_parentDRS22K.accGroupStatement.reserves.capRes"
                     order="1"
                     xlink:arcrole="http://xbrl.org/int/dim/arcrole/domain-member"
                     xlink:type="arc"/>
      <definitionArc xlink:from="de-gaap-ci_dim_parentDRS22K.accGroupStatement.reserves.capRes"
                     xlink:to="de-gaap-ci_dim_parentDRS22K.accGroupStatement.reserves.capRes.272_2case4"
                     order="2"
                     xlink:arcrole="http://xbrl.org/int/dim/arcrole/domain-member"
                     xlink:type="arc"/>
      <definitionArc xlink:from="de-gaap-ci_dim_parentDRS22K.accGroupStatement.reserves.capRes"
                     xlink:to="de-gaap-ci_dim_parentDRS22K.accGroupStatement.reserves.capRes.272_2case1_3"
                     order="1"
                     xlink:arcrole="http://xbrl.org/int/dim/arcrole/domain-member"
                     xlink:type="arc"/>
      <definitionArc xlink:from="de-gaap-ci_dim_allDRS22K"
                     xlink:to="de-gaap-ci_dim_parentDRS22K.accGroupStatement.shares"
                     order="1"
                     xlink:arcrole="http://xbrl.org/int/dim/arcrole/domain-member"
                     xlink:type="arc"/>
      <definitionArc xlink:from="de-gaap-ci_dim_parentDRS22K.accGroupStatement.shares"
                     xlink:to="de-gaap-ci_dim_parentDRS22K.accGroupStatement.shares.unpaidContribution"
                     order="3"
                     xlink:arcrole="http://xbrl.org/int/dim/arcrole/domain-member"
                     xlink:type="arc"/>
      <definitionArc xlink:from="de-gaap-ci_dim_parentDRS22K.accGroupStatement.shares.unpaidContribution"
                     xlink:to="de-gaap-ci_dim_parentDRS22K.accGroupStatement.shares.unpaidContribution.sharesPremium"
                     order="2"
                     xlink:arcrole="http://xbrl.org/int/dim/arcrole/domain-member"
                     xlink:type="arc"/>
      <definitionArc xlink:from="de-gaap-ci_dim_parentDRS22K.accGroupStatement.shares.unpaidContribution"
                     xlink:to="de-gaap-ci_dim_parentDRS22K.accGroupStatement.shares.unpaidContribution.sharesRegular"
                     order="1"
                     xlink:arcrole="http://xbrl.org/int/dim/arcrole/domain-member"
                     xlink:type="arc"/>
      <definitionArc xlink:from="de-gaap-ci_dim_parentDRS22K.accGroupStatement.shares"
                     xlink:to="de-gaap-ci_dim_parentDRS22K.accGroupStatement.shares.ownShares"
                     order="2"
                     xlink:arcrole="http://xbrl.org/int/dim/arcrole/domain-member"
                     xlink:type="arc"/>
      <definitionArc xlink:from="de-gaap-ci_dim_parentDRS22K.accGroupStatement.shares.ownShares"
                     xlink:to="de-gaap-ci_dim_parentDRS22K.accGroupStatement.shares.ownShares.sharesPremium"
                     order="2"
                     xlink:arcrole="http://xbrl.org/int/dim/arcrole/domain-member"
                     xlink:type="arc"/>
      <definitionArc xlink:from="de-gaap-ci_dim_parentDRS22K.accGroupStatement.shares.ownShares"
                     xlink:to="de-gaap-ci_dim_parentDRS22K.accGroupStatement.shares.ownShares.sharesRegular"
                     order="1"
                     xlink:arcrole="http://xbrl.org/int/dim/arcrole/domain-member"
                     xlink:type="arc"/>
      <definitionArc xlink:from="de-gaap-ci_dim_parentDRS22K.accGroupStatement.shares"
                     xlink:to="de-gaap-ci_dim_parentDRS22K.accGroupStatement.shares.subscribed"
                     order="1"
                     xlink:arcrole="http://xbrl.org/int/dim/arcrole/domain-member"
                     xlink:type="arc"/>
      <definitionArc xlink:from="de-gaap-ci_dim_parentDRS22K.accGroupStatement.shares.subscribed"
                     xlink:to="de-gaap-ci_dim_parentDRS22K.accGroupStatement.shares.subscribed.sharesPremium"
                     order="2"
                     xlink:arcrole="http://xbrl.org/int/dim/arcrole/domain-member"
                     xlink:type="arc"/>
      <definitionArc xlink:from="de-gaap-ci_dim_parentDRS22K.accGroupStatement.shares.subscribed"
                     xlink:to="de-gaap-ci_dim_parentDRS22K.accGroupStatement.shares.subscribed.sharesRegular"
                     order="1"
                     xlink:arcrole="http://xbrl.org/int/dim/arcrole/domain-member"
                     xlink:type="arc"/>
      <definitionArc xlink:from="de-gaap-ci_table.eqChDRS22K"
                     xlink:to="de-gaap-ci_eqCh_primaryItemDRS22K"
                     order="2"
                     xlink:arcrole="http://xbrl.org/int/dim/arcrole/domain-member"
                     xlink:type="arc"/>
      <definitionArc xlink:from="de-gaap-ci_eqCh_primaryItemDRS22K"
                     xlink:to="de-gaap-ci_eqCh.group_allDRS22K"
                     order="1"
                     xlink:arcrole="http://xbrl.org/int/dim/arcrole/domain-member"
                     xlink:type="arc"/>
      <definitionArc xlink:from="de-gaap-ci_eqCh.group_allDRS22K"
                     xlink:to="de-gaap-ci_eqCh.group_beginningDRS22K"
                     order="1"
                     xlink:arcrole="http://xbrl.org/int/dim/arcrole/domain-member"
                     xlink:type="arc"/>
      <definitionArc xlink:from="de-gaap-ci_eqCh.group_allDRS22K"
                     xlink:to="de-gaap-ci_eqCh.group_.increaseDecreaseSharesDRS22K"
                     order="2"
                     xlink:arcrole="http://xbrl.org/int/dim/arcrole/domain-member"
                     xlink:type="arc"/>
      <definitionArc xlink:from="de-gaap-ci_eqCh.group_.increaseDecreaseSharesDRS22K"
                     xlink:to="de-gaap-ci_eqCh.group_.increaseDecreaseSharesDRS22K.paidInCapital"
                     order="1"
                     xlink:arcrole="http://xbrl.org/int/dim/arcrole/domain-member"
                     xlink:type="arc"/>
      <definitionArc xlink:from="de-gaap-ci_eqCh.group_.increaseDecreaseSharesDRS22K"
                     xlink:to="de-gaap-ci_eqCh.group_.increaseDecreaseSharesDRS22K.ownSharesPurchase"
                     order="2"
                     xlink:arcrole="http://xbrl.org/int/dim/arcrole/domain-member"
                     xlink:type="arc"/>
      <definitionArc xlink:from="de-gaap-ci_eqCh.group_.increaseDecreaseSharesDRS22K"
                     xlink:to="de-gaap-ci_eqCh.group_.increaseDecreaseSharesDRS22K.ownSharesRedemption"
                     order="3"
                     xlink:arcrole="http://xbrl.org/int/dim/arcrole/domain-member"
                     xlink:type="arc"/>
      <definitionArc xlink:from="de-gaap-ci_eqCh.group_.increaseDecreaseSharesDRS22K"
                     xlink:to="de-gaap-ci_eqCh.group_.increaseDecreaseSharesDRS22K.compCap"
                     order="4"
                     xlink:arcrole="http://xbrl.org/int/dim/arcrole/domain-member"
                     xlink:type="arc"/>
      <definitionArc xlink:from="de-gaap-ci_eqCh.group_.increaseDecreaseSharesDRS22K"
                     xlink:to="de-gaap-ci_eqCh.group_.increaseDecreaseSharesDRS22K.other"
                     order="5"
                     xlink:arcrole="http://xbrl.org/int/dim/arcrole/domain-member"
                     xlink:type="arc"/>
      <definitionArc xlink:from="de-gaap-ci_eqCh.group_allDRS22K"
                     xlink:to="de-gaap-ci_eqCh.group_recPaidUnpaidContributionDRS22K"
                     order="3"
                     xlink:arcrole="http://xbrl.org/int/dim/arcrole/domain-member"
                     xlink:type="arc"/>
      <definitionArc xlink:from="de-gaap-ci_eqCh.group_allDRS22K"
                     xlink:to="de-gaap-ci_eqCh.group_additionReleaseReservesDRS22K"
                     order="4"
                     xlink:arcrole="http://xbrl.org/int/dim/arcrole/domain-member"
                     xlink:type="arc"/>
      <definitionArc xlink:from="de-gaap-ci_eqCh.group_allDRS22K"
                     xlink:to="de-gaap-ci_eqCh.group_dividendsPaidOutDRS22K"
                     order="5"
                     xlink:arcrole="http://xbrl.org/int/dim/arcrole/domain-member"
                     xlink:type="arc"/>
      <definitionArc xlink:from="de-gaap-ci_eqCh.group_allDRS22K"
                     xlink:to="de-gaap-ci_eqCh.group_currTranslDRS22K"
                     order="6"
                     xlink:arcrole="http://xbrl.org/int/dim/arcrole/domain-member"
                     xlink:type="arc"/>
      <definitionArc xlink:from="de-gaap-ci_eqCh.group_allDRS22K"
                     xlink:to="de-gaap-ci_eqCh.group_otherChangesDRS22K"
                     order="7"
                     xlink:arcrole="http://xbrl.org/int/dim/arcrole/domain-member"
                     xlink:type="arc"/>
      <definitionArc xlink:from="de-gaap-ci_eqCh.group_otherChangesDRS22K"
                     xlink:to="de-gaap-ci_eqCh.group_otherChangesDRS22K.comment"
                     order="1"
                     xlink:arcrole="http://xbrl.org/int/dim/arcrole/domain-member"
                     xlink:type="arc"/>
      <definitionArc xlink:from="de-gaap-ci_eqCh.group_allDRS22K"
                     xlink:to="de-gaap-ci_eqCh.group_netIncomeDRS22K"
                     order="8"
                     xlink:arcrole="http://xbrl.org/int/dim/arcrole/domain-member"
                     xlink:type="arc"/>
   </definitionLink>
</linkbase>