<?xml version="1.0" encoding="utf-8"?>
<!--(c) XBRL Deutschland e.V. - see http://www.xbrl.de-->


<linkbase xmlns="http://www.xbrl.org/2003/linkbase"
          xmlns:xsi="http://www.w3.org/2001/XMLSchema-instance"
          xsi:schemaLocation="http://www.xbrl.org/2003/linkbase http://www.xbrl.org/2003/xbrl-linkbase-2003-12-31.xsd">
   <roleRef xmlns:xlink="http://www.w3.org/1999/xlink"
            roleURI="http://www.xbrl.de/taxonomies/de-gaap-ci/role/notes"
            xlink:href="de-gaap-ci-2018-04-01.xsd#role_notes"
            xlink:type="simple"/>
   <presentationLink xmlns:xlink="http://www.w3.org/1999/xlink"
                     xlink:role="http://www.xbrl.de/taxonomies/de-gaap-ci/role/notes"
                     xlink:type="extended">
      <loc xlink:type="locator"
           xlink:href="de-gaap-ci-2018-04-01.xsd#de-gaap-ci_bs.ass.currAss.receiv"
           xlink:label="de-gaap-ci_bs.ass.currAss.receiv"/>
      <loc xlink:type="locator"
           xlink:href="de-gaap-ci-2018-04-01.xsd#de-gaap-ci_bs.ass.currAss.receiv.other.unpaidCapital"
           xlink:label="de-gaap-ci_bs.ass.currAss.receiv.other.unpaidCapital"/>
      <loc xlink:type="locator"
           xlink:href="de-gaap-ci-2018-04-01.xsd#de-gaap-ci_bs.ass.currAss.receiv.other.unpaidCapitalLimitedLiablePartner"
           xlink:label="de-gaap-ci_bs.ass.currAss.receiv.other.unpaidCapitalLimitedLiablePartner"/>
      <loc xlink:type="locator"
           xlink:href="de-gaap-ci-2018-04-01.xsd#de-gaap-ci_bs.ass.currAss.receiv.trade"
           xlink:label="de-gaap-ci_bs.ass.currAss.receiv.trade"/>
      <loc xlink:type="locator"
           xlink:href="de-gaap-ci-2018-04-01.xsd#de-gaap-ci_bs.ass.currAss.receiv.claim"
           xlink:label="de-gaap-ci_bs.ass.currAss.receiv.claim"/>
      <loc xlink:type="locator"
           xlink:href="de-gaap-ci-2018-04-01.xsd#de-gaap-ci_bs.ass.currAss.receiv.other"
           xlink:label="de-gaap-ci_bs.ass.currAss.receiv.other"/>
      <loc xlink:type="locator"
           xlink:href="de-gaap-ci-2018-04-01.xsd#de-gaap-ci_bs.ass.currAss.receiv.shareholders"
           xlink:label="de-gaap-ci_bs.ass.currAss.receiv.shareholders"/>
      <loc xlink:type="locator"
           xlink:href="de-gaap-ci-2018-04-01.xsd#de-gaap-ci_bs.ass.currAss.receiv.regulatory"
           xlink:label="de-gaap-ci_bs.ass.currAss.receiv.regulatory"/>
      <loc xlink:type="locator"
           xlink:href="de-gaap-ci-2018-04-01.xsd#de-gaap-ci_bs.ass.currAss.receiv.unpaidCapitalPartners"
           xlink:label="de-gaap-ci_bs.ass.currAss.receiv.unpaidCapitalPartners"/>
      <loc xlink:type="locator"
           xlink:href="de-gaap-ci-2018-04-01.xsd#de-gaap-ci_bs.ass.currAss.receiv.other.unpaidCapitalUnlimitedLiablePartner"
           xlink:label="de-gaap-ci_bs.ass.currAss.receiv.other.unpaidCapitalUnlimitedLiablePartner"/>
      <loc xlink:type="locator"
           xlink:href="de-gaap-ci-2018-04-01.xsd#de-gaap-ci_bs.ass.currAss.receiv.affil"
           xlink:label="de-gaap-ci_bs.ass.currAss.receiv.affil"/>
      <loc xlink:type="locator"
           xlink:href="de-gaap-ci-2018-04-01.xsd#de-gaap-ci_bs.ass.currAss.receiv.particip"
           xlink:label="de-gaap-ci_bs.ass.currAss.receiv.particip"/>
      <presentationArc xlink:from="de-gaap-ci_bs.ass.currAss.receiv"
                       xlink:to="de-gaap-ci_bs.ass.currAss.receiv.other.unpaidCapital"
                       order="6.5"
                       xlink:arcrole="http://www.xbrl.org/2003/arcrole/parent-child"
                       xlink:type="arc"/>
      <presentationArc xlink:from="de-gaap-ci_bs.ass.currAss.receiv"
                       xlink:to="de-gaap-ci_bs.ass.currAss.receiv.other.unpaidCapitalLimitedLiablePartner"
                       order="6.7"
                       xlink:arcrole="http://www.xbrl.org/2003/arcrole/parent-child"
                       xlink:type="arc"/>
      <presentationArc xlink:from="de-gaap-ci_bs.ass.currAss.receiv"
                       xlink:to="de-gaap-ci_bs.ass.currAss.receiv.trade"
                       order="2"
                       xlink:arcrole="http://www.xbrl.org/2003/arcrole/parent-child"
                       xlink:type="arc"/>
      <presentationArc xlink:from="de-gaap-ci_bs.ass.currAss.receiv"
                       xlink:to="de-gaap-ci_bs.ass.currAss.receiv.claim"
                       order="6.2"
                       xlink:arcrole="http://www.xbrl.org/2003/arcrole/parent-child"
                       xlink:type="arc"/>
      <presentationArc xlink:from="de-gaap-ci_bs.ass.currAss.receiv"
                       xlink:to="de-gaap-ci_bs.ass.currAss.receiv.other"
                       order="7"
                       xlink:arcrole="http://www.xbrl.org/2003/arcrole/parent-child"
                       xlink:type="arc"/>
      <presentationArc xlink:from="de-gaap-ci_bs.ass.currAss.receiv"
                       xlink:to="de-gaap-ci_bs.ass.currAss.receiv.shareholders"
                       order="3"
                       xlink:arcrole="http://www.xbrl.org/2003/arcrole/parent-child"
                       xlink:type="arc"/>
      <presentationArc xlink:from="de-gaap-ci_bs.ass.currAss.receiv"
                       xlink:to="de-gaap-ci_bs.ass.currAss.receiv.regulatory"
                       order="2.5"
                       xlink:arcrole="http://www.xbrl.org/2003/arcrole/parent-child"
                       xlink:type="arc"/>
      <presentationArc xlink:from="de-gaap-ci_bs.ass.currAss.receiv"
                       xlink:to="de-gaap-ci_bs.ass.currAss.receiv.unpaidCapitalPartners"
                       order="4"
                       xlink:arcrole="http://www.xbrl.org/2003/arcrole/parent-child"
                       xlink:type="arc"/>
      <presentationArc xlink:from="de-gaap-ci_bs.ass.currAss.receiv"
                       xlink:to="de-gaap-ci_bs.ass.currAss.receiv.other.unpaidCapitalUnlimitedLiablePartner"
                       order="6.6"
                       xlink:arcrole="http://www.xbrl.org/2003/arcrole/parent-child"
                       xlink:type="arc"/>
      <presentationArc xlink:from="de-gaap-ci_bs.ass.currAss.receiv"
                       xlink:to="de-gaap-ci_bs.ass.currAss.receiv.affil"
                       order="5"
                       xlink:arcrole="http://www.xbrl.org/2003/arcrole/parent-child"
                       xlink:type="arc"/>
      <presentationArc xlink:from="de-gaap-ci_bs.ass.currAss.receiv"
                       xlink:to="de-gaap-ci_bs.ass.currAss.receiv.particip"
                       order="6"
                       xlink:arcrole="http://www.xbrl.org/2003/arcrole/parent-child"
                       xlink:type="arc"/>
   </presentationLink>
</linkbase>