<?xml version="1.0" encoding="utf-8"?>
<!--(c) XBRL Deutschland e.V. - see http://www.xbrl.de-->


<linkbase xmlns="http://www.xbrl.org/2003/linkbase"
          xmlns:xsi="http://www.w3.org/2001/XMLSchema-instance"
          xsi:schemaLocation="http://www.xbrl.org/2003/linkbase http://www.xbrl.org/2003/xbrl-linkbase-2003-12-31.xsd">
   <roleRef xmlns:xlink="http://www.w3.org/1999/xlink"
            roleURI="http://www.xbrl.de/taxonomies/de-gaap-ci/role/cashFlowStatement"
            xlink:href="de-gaap-ci-2018-04-01.xsd#role_cashFlowStatement"
            xlink:type="simple"/>
   <presentationLink xmlns:xlink="http://www.w3.org/1999/xlink"
                     xlink:role="http://www.xbrl.de/taxonomies/de-gaap-ci/role/cashFlowStatement"
                     xlink:type="extended">
      <loc xlink:type="locator" xlink:href="de-gaap-ci-2018-04-01.xsd#de-gaap-ci_cfs"
           xlink:label="de-gaap-ci_cfs"/>
      <loc xlink:type="locator"
           xlink:href="de-gaap-ci-2018-04-01.xsd#de-gaap-ci_cfs.cashEqu"
           xlink:label="de-gaap-ci_cfs.cashEqu"/>
      <loc xlink:type="locator"
           xlink:href="de-gaap-ci-2018-04-01.xsd#de-gaap-ci_cfs.cashEqu.compound"
           xlink:label="de-gaap-ci_cfs.cashEqu.compound"/>
      <loc xlink:type="locator"
           xlink:href="de-gaap-ci-2018-04-01.xsd#de-gaap-ci_cfs.cashEqu.compound.cash"
           xlink:label="de-gaap-ci_cfs.cashEqu.compound.cash"/>
      <loc xlink:type="locator"
           xlink:href="de-gaap-ci-2018-04-01.xsd#de-gaap-ci_cfs.cashEqu.compound.cash.asOfBalanceSheet"
           xlink:label="de-gaap-ci_cfs.cashEqu.compound.cash.asOfBalanceSheet"/>
      <loc xlink:type="locator"
           xlink:href="de-gaap-ci-2018-04-01.xsd#de-gaap-ci_cfs.cashEqu.compound.cash.shTermInvestments"
           xlink:label="de-gaap-ci_cfs.cashEqu.compound.cash.shTermInvestments"/>
      <loc xlink:type="locator"
           xlink:href="de-gaap-ci-2018-04-01.xsd#de-gaap-ci_cfs.cashEqu.compound.cashEqu"
           xlink:label="de-gaap-ci_cfs.cashEqu.compound.cashEqu"/>
      <loc xlink:type="locator"
           xlink:href="de-gaap-ci-2018-04-01.xsd#de-gaap-ci_cfs.cashEqu.compound.cashEqu.securitiesAsOfBalanceSheet"
           xlink:label="de-gaap-ci_cfs.cashEqu.compound.cashEqu.securitiesAsOfBalanceSheet"/>
      <loc xlink:type="locator"
           xlink:href="de-gaap-ci-2018-04-01.xsd#de-gaap-ci_cfs.cashEqu.compound.cashEqu.notInFund"
           xlink:label="de-gaap-ci_cfs.cashEqu.compound.cashEqu.notInFund"/>
      <loc xlink:type="locator"
           xlink:href="de-gaap-ci-2018-04-01.xsd#de-gaap-ci_cfs.cashEqu.compound.cashEqu.other"
           xlink:label="de-gaap-ci_cfs.cashEqu.compound.cashEqu.other"/>
      <loc xlink:type="locator"
           xlink:href="de-gaap-ci-2018-04-01.xsd#de-gaap-ci_cfs.cashEqu.compound.shTermBankDebt"
           xlink:label="de-gaap-ci_cfs.cashEqu.compound.shTermBankDebt"/>
      <loc xlink:type="locator"
           xlink:href="de-gaap-ci-2018-04-01.xsd#de-gaap-ci_cfs.cashEqu.begin"
           xlink:label="de-gaap-ci_cfs.cashEqu.begin"/>
      <loc xlink:type="locator"
           xlink:href="de-gaap-ci-2018-04-01.xsd#de-gaap-ci_cfs.cashEqu.cashChanges"
           xlink:label="de-gaap-ci_cfs.cashEqu.cashChanges"/>
      <loc xlink:type="locator"
           xlink:href="de-gaap-ci-2018-04-01.xsd#de-gaap-ci_cfs.cashEqu.cashChanges.cfFromOperatingDirect"
           xlink:label="de-gaap-ci_cfs.cashEqu.cashChanges.cfFromOperatingDirect"/>
      <loc xlink:type="locator"
           xlink:href="de-gaap-ci-2018-04-01.xsd#de-gaap-ci_cfs.cashEqu.cashChanges.cfFromOperatingDirect.sales"
           xlink:label="de-gaap-ci_cfs.cashEqu.cashChanges.cfFromOperatingDirect.sales"/>
      <loc xlink:type="locator"
           xlink:href="de-gaap-ci-2018-04-01.xsd#de-gaap-ci_cfs.cashEqu.cashChanges.cfFromOperatingDirect.suppliersEmployees"
           xlink:label="de-gaap-ci_cfs.cashEqu.cashChanges.cfFromOperatingDirect.suppliersEmployees"/>
      <loc xlink:type="locator"
           xlink:href="de-gaap-ci-2018-04-01.xsd#de-gaap-ci_cfs.cashEqu.cashChanges.cfFromOperatingDirect.suppliersEmployees.suppliers"
           xlink:label="de-gaap-ci_cfs.cashEqu.cashChanges.cfFromOperatingDirect.suppliersEmployees.suppliers"/>
      <loc xlink:type="locator"
           xlink:href="de-gaap-ci-2018-04-01.xsd#de-gaap-ci_cfs.cashEqu.cashChanges.cfFromOperatingDirect.suppliersEmployees.employees"
           xlink:label="de-gaap-ci_cfs.cashEqu.cashChanges.cfFromOperatingDirect.suppliersEmployees.employees"/>
      <loc xlink:type="locator"
           xlink:href="de-gaap-ci-2018-04-01.xsd#de-gaap-ci_cfs.cashEqu.cashChanges.cfFromOperatingDirect.otherCashRecNonInvestNonFin"
           xlink:label="de-gaap-ci_cfs.cashEqu.cashChanges.cfFromOperatingDirect.otherCashRecNonInvestNonFin"/>
      <loc xlink:type="locator"
           xlink:href="de-gaap-ci-2018-04-01.xsd#de-gaap-ci_cfs.cashEqu.cashChanges.cfFromOperatingDirect.otherCashRecNonInvestNonFin.interest"
           xlink:label="de-gaap-ci_cfs.cashEqu.cashChanges.cfFromOperatingDirect.otherCashRecNonInvestNonFin.interest"/>
      <loc xlink:type="locator"
           xlink:href="de-gaap-ci-2018-04-01.xsd#de-gaap-ci_cfs.cashEqu.cashChanges.cfFromOperatingDirect.otherCashRecNonInvestNonFin.dividends"
           xlink:label="de-gaap-ci_cfs.cashEqu.cashChanges.cfFromOperatingDirect.otherCashRecNonInvestNonFin.dividends"/>
      <loc xlink:type="locator"
           xlink:href="de-gaap-ci-2018-04-01.xsd#de-gaap-ci_cfs.cashEqu.cashChanges.cfFromOperatingDirect.otherCashRecNonInvestNonFin.otherEarnFrParticip"
           xlink:label="de-gaap-ci_cfs.cashEqu.cashChanges.cfFromOperatingDirect.otherCashRecNonInvestNonFin.otherEarnFrParticip"/>
      <loc xlink:type="locator"
           xlink:href="de-gaap-ci-2018-04-01.xsd#de-gaap-ci_cfs.cashEqu.cashChanges.cfFromOperatingDirect.otherCashRecNonInvestNonFin.lossTakenByShareh"
           xlink:label="de-gaap-ci_cfs.cashEqu.cashChanges.cfFromOperatingDirect.otherCashRecNonInvestNonFin.lossTakenByShareh"/>
      <loc xlink:type="locator"
           xlink:href="de-gaap-ci-2018-04-01.xsd#de-gaap-ci_cfs.cashEqu.cashChanges.cfFromOperatingDirect.otherCashRecNonInvestNonFin.other"
           xlink:label="de-gaap-ci_cfs.cashEqu.cashChanges.cfFromOperatingDirect.otherCashRecNonInvestNonFin.other"/>
      <loc xlink:type="locator"
           xlink:href="de-gaap-ci-2018-04-01.xsd#de-gaap-ci_cfs.cashEqu.cashChanges.cfFromOperatingDirect.otherCashPaymNonInvestNonFin"
           xlink:label="de-gaap-ci_cfs.cashEqu.cashChanges.cfFromOperatingDirect.otherCashPaymNonInvestNonFin"/>
      <loc xlink:type="locator"
           xlink:href="de-gaap-ci-2018-04-01.xsd#de-gaap-ci_cfs.cashEqu.cashChanges.cfFromOperatingDirect.otherCashPaymNonInvestNonFin.interest"
           xlink:label="de-gaap-ci_cfs.cashEqu.cashChanges.cfFromOperatingDirect.otherCashPaymNonInvestNonFin.interest"/>
      <loc xlink:type="locator"
           xlink:href="de-gaap-ci-2018-04-01.xsd#de-gaap-ci_cfs.cashEqu.cashChanges.cfFromOperatingDirect.otherCashPaymNonInvestNonFin.tax"
           xlink:label="de-gaap-ci_cfs.cashEqu.cashChanges.cfFromOperatingDirect.otherCashPaymNonInvestNonFin.tax"/>
      <loc xlink:type="locator"
           xlink:href="de-gaap-ci-2018-04-01.xsd#de-gaap-ci_cfs.cashEqu.cashChanges.cfFromOperatingDirect.otherCashPaymNonInvestNonFin.tax.onIncome"
           xlink:label="de-gaap-ci_cfs.cashEqu.cashChanges.cfFromOperatingDirect.otherCashPaymNonInvestNonFin.tax.onIncome"/>
      <loc xlink:type="locator"
           xlink:href="de-gaap-ci-2018-04-01.xsd#de-gaap-ci_cfs.cashEqu.cashChanges.cfFromOperatingDirect.otherCashPaymNonInvestNonFin.lossFrParticip"
           xlink:label="de-gaap-ci_cfs.cashEqu.cashChanges.cfFromOperatingDirect.otherCashPaymNonInvestNonFin.lossFrParticip"/>
      <loc xlink:type="locator"
           xlink:href="de-gaap-ci-2018-04-01.xsd#de-gaap-ci_cfs.cashEqu.cashChanges.cfFromOperatingDirect.otherCashPaymNonInvestNonFin.other"
           xlink:label="de-gaap-ci_cfs.cashEqu.cashChanges.cfFromOperatingDirect.otherCashPaymNonInvestNonFin.other"/>
      <loc xlink:type="locator"
           xlink:href="de-gaap-ci-2018-04-01.xsd#de-gaap-ci_cfs.cashEqu.cashChanges.cfFromOperatingDirect.extraord"
           xlink:label="de-gaap-ci_cfs.cashEqu.cashChanges.cfFromOperatingDirect.extraord"/>
      <loc xlink:type="locator"
           xlink:href="de-gaap-ci-2018-04-01.xsd#de-gaap-ci_cfs.cashEqu.cashChanges.cfFromOperatingIndirect"
           xlink:label="de-gaap-ci_cfs.cashEqu.cashChanges.cfFromOperatingIndirect"/>
      <loc xlink:type="locator"
           xlink:href="de-gaap-ci-2018-04-01.xsd#de-gaap-ci_cfs.cashEqu.cashChanges.cfFromOperatingIndirect.earningBefExtraord"
           xlink:label="de-gaap-ci_cfs.cashEqu.cashChanges.cfFromOperatingIndirect.earningBefExtraord"/>
      <loc xlink:type="locator"
           xlink:href="de-gaap-ci-2018-04-01.xsd#de-gaap-ci_cfs.cashEqu.cashChanges.cfFromOperatingIndirect.earningBefExtraord.befTaxAndInterest"
           xlink:label="de-gaap-ci_cfs.cashEqu.cashChanges.cfFromOperatingIndirect.earningBefExtraord.befTaxAndInterest"/>
      <loc xlink:type="locator"
           xlink:href="de-gaap-ci-2018-04-01.xsd#de-gaap-ci_cfs.cashEqu.cashChanges.cfFromOperatingIndirect.earningBefExtraord.interestExp"
           xlink:label="de-gaap-ci_cfs.cashEqu.cashChanges.cfFromOperatingIndirect.earningBefExtraord.interestExp"/>
      <loc xlink:type="locator"
           xlink:href="de-gaap-ci-2018-04-01.xsd#de-gaap-ci_cfs.cashEqu.cashChanges.cfFromOperatingIndirect.earningBefExtraord.taxExp"
           xlink:label="de-gaap-ci_cfs.cashEqu.cashChanges.cfFromOperatingIndirect.earningBefExtraord.taxExp"/>
      <loc xlink:type="locator"
           xlink:href="de-gaap-ci-2018-04-01.xsd#de-gaap-ci_cfs.cashEqu.cashChanges.cfFromOperatingIndirect.deprRevalFixAss"
           xlink:label="de-gaap-ci_cfs.cashEqu.cashChanges.cfFromOperatingIndirect.deprRevalFixAss"/>
      <loc xlink:type="locator"
           xlink:href="de-gaap-ci-2018-04-01.xsd#de-gaap-ci_cfs.cashEqu.cashChanges.cfFromOperatingIndirect.changeProvisions"
           xlink:label="de-gaap-ci_cfs.cashEqu.cashChanges.cfFromOperatingIndirect.changeProvisions"/>
      <loc xlink:type="locator"
           xlink:href="de-gaap-ci-2018-04-01.xsd#de-gaap-ci_cfs.cashEqu.cashChanges.cfFromOperatingIndirect.otherCashEarningsCost"
           xlink:label="de-gaap-ci_cfs.cashEqu.cashChanges.cfFromOperatingIndirect.otherCashEarningsCost"/>
      <loc xlink:type="locator"
           xlink:href="de-gaap-ci-2018-04-01.xsd#de-gaap-ci_cfs.cashEqu.cashChanges.cfFromOperatingIndirect.otherCashEarningsCost.amortDiscount"
           xlink:label="de-gaap-ci_cfs.cashEqu.cashChanges.cfFromOperatingIndirect.otherCashEarningsCost.amortDiscount"/>
      <loc xlink:type="locator"
           xlink:href="de-gaap-ci-2018-04-01.xsd#de-gaap-ci_cfs.cashEqu.cashChanges.cfFromOperatingIndirect.otherCashEarningsCost.earningsFrParticip"
           xlink:label="de-gaap-ci_cfs.cashEqu.cashChanges.cfFromOperatingIndirect.otherCashEarningsCost.earningsFrParticip"/>
      <loc xlink:type="locator"
           xlink:href="de-gaap-ci-2018-04-01.xsd#de-gaap-ci_cfs.cashEqu.cashChanges.cfFromOperatingIndirect.otherCashEarningsCost.lossCompensation"
           xlink:label="de-gaap-ci_cfs.cashEqu.cashChanges.cfFromOperatingIndirect.otherCashEarningsCost.lossCompensation"/>
      <loc xlink:type="locator"
           xlink:href="de-gaap-ci-2018-04-01.xsd#de-gaap-ci_cfs.cashEqu.cashChanges.cfFromOperatingIndirect.otherCashEarningsCost.lossFrParticip"
           xlink:label="de-gaap-ci_cfs.cashEqu.cashChanges.cfFromOperatingIndirect.otherCashEarningsCost.lossFrParticip"/>
      <loc xlink:type="locator"
           xlink:href="de-gaap-ci-2018-04-01.xsd#de-gaap-ci_cfs.cashEqu.cashChanges.cfFromOperatingIndirect.resultDisposFixAss"
           xlink:label="de-gaap-ci_cfs.cashEqu.cashChanges.cfFromOperatingIndirect.resultDisposFixAss"/>
      <loc xlink:type="locator"
           xlink:href="de-gaap-ci-2018-04-01.xsd#de-gaap-ci_cfs.cashEqu.cashChanges.cfFromOperatingIndirect.changeInventoryCurrReceiv"
           xlink:label="de-gaap-ci_cfs.cashEqu.cashChanges.cfFromOperatingIndirect.changeInventoryCurrReceiv"/>
      <loc xlink:type="locator"
           xlink:href="de-gaap-ci-2018-04-01.xsd#de-gaap-ci_cfs.cashEqu.cashChanges.cfFromOperatingIndirect.changeInventoryCurrReceiv.InvIncrease"
           xlink:label="de-gaap-ci_cfs.cashEqu.cashChanges.cfFromOperatingIndirect.changeInventoryCurrReceiv.InvIncrease"/>
      <loc xlink:type="locator"
           xlink:href="de-gaap-ci-2018-04-01.xsd#de-gaap-ci_cfs.cashEqu.cashChanges.cfFromOperatingIndirect.changeInventoryCurrReceiv.invDecrease"
           xlink:label="de-gaap-ci_cfs.cashEqu.cashChanges.cfFromOperatingIndirect.changeInventoryCurrReceiv.invDecrease"/>
      <loc xlink:type="locator"
           xlink:href="de-gaap-ci-2018-04-01.xsd#de-gaap-ci_cfs.cashEqu.cashChanges.cfFromOperatingIndirect.changeInventoryCurrReceiv.tradeIncrease"
           xlink:label="de-gaap-ci_cfs.cashEqu.cashChanges.cfFromOperatingIndirect.changeInventoryCurrReceiv.tradeIncrease"/>
      <loc xlink:type="locator"
           xlink:href="de-gaap-ci-2018-04-01.xsd#de-gaap-ci_cfs.cashEqu.cashChanges.cfFromOperatingIndirect.changeInventoryCurrReceiv.tradeDecrease"
           xlink:label="de-gaap-ci_cfs.cashEqu.cashChanges.cfFromOperatingIndirect.changeInventoryCurrReceiv.tradeDecrease"/>
      <loc xlink:type="locator"
           xlink:href="de-gaap-ci-2018-04-01.xsd#de-gaap-ci_cfs.cashEqu.cashChanges.cfFromOperatingIndirect.changeInventoryCurrReceiv.incrOtherAss"
           xlink:label="de-gaap-ci_cfs.cashEqu.cashChanges.cfFromOperatingIndirect.changeInventoryCurrReceiv.incrOtherAss"/>
      <loc xlink:type="locator"
           xlink:href="de-gaap-ci-2018-04-01.xsd#de-gaap-ci_cfs.cashEqu.cashChanges.cfFromOperatingIndirect.changeInventoryCurrReceiv.decrOtherAss"
           xlink:label="de-gaap-ci_cfs.cashEqu.cashChanges.cfFromOperatingIndirect.changeInventoryCurrReceiv.decrOtherAss"/>
      <loc xlink:type="locator"
           xlink:href="de-gaap-ci-2018-04-01.xsd#de-gaap-ci_cfs.cashEqu.cashChanges.cfFromOperatingIndirect.changeCurrPay"
           xlink:label="de-gaap-ci_cfs.cashEqu.cashChanges.cfFromOperatingIndirect.changeCurrPay"/>
      <loc xlink:type="locator"
           xlink:href="de-gaap-ci-2018-04-01.xsd#de-gaap-ci_cfs.cashEqu.cashChanges.cfFromOperatingIndirect.changeCurrPay.tradeIncrease"
           xlink:label="de-gaap-ci_cfs.cashEqu.cashChanges.cfFromOperatingIndirect.changeCurrPay.tradeIncrease"/>
      <loc xlink:type="locator"
           xlink:href="de-gaap-ci-2018-04-01.xsd#de-gaap-ci_cfs.cashEqu.cashChanges.cfFromOperatingIndirect.changeCurrPay.tradeDecrease"
           xlink:label="de-gaap-ci_cfs.cashEqu.cashChanges.cfFromOperatingIndirect.changeCurrPay.tradeDecrease"/>
      <loc xlink:type="locator"
           xlink:href="de-gaap-ci-2018-04-01.xsd#de-gaap-ci_cfs.cashEqu.cashChanges.cfFromOperatingIndirect.changeCurrPay.incrOtherLiab"
           xlink:label="de-gaap-ci_cfs.cashEqu.cashChanges.cfFromOperatingIndirect.changeCurrPay.incrOtherLiab"/>
      <loc xlink:type="locator"
           xlink:href="de-gaap-ci-2018-04-01.xsd#de-gaap-ci_cfs.cashEqu.cashChanges.cfFromOperatingIndirect.changeCurrPay.decrOtherLiab"
           xlink:label="de-gaap-ci_cfs.cashEqu.cashChanges.cfFromOperatingIndirect.changeCurrPay.decrOtherLiab"/>
      <loc xlink:type="locator"
           xlink:href="de-gaap-ci-2018-04-01.xsd#de-gaap-ci_cfs.cashEqu.cashChanges.cfFromOperatingIndirect.extraord"
           xlink:label="de-gaap-ci_cfs.cashEqu.cashChanges.cfFromOperatingIndirect.extraord"/>
      <loc xlink:type="locator"
           xlink:href="de-gaap-ci-2018-04-01.xsd#de-gaap-ci_cfs.cashEqu.cashChanges.cfFromOperatingIndirect.interestPaid"
           xlink:label="de-gaap-ci_cfs.cashEqu.cashChanges.cfFromOperatingIndirect.interestPaid"/>
      <loc xlink:type="locator"
           xlink:href="de-gaap-ci-2018-04-01.xsd#de-gaap-ci_cfs.cashEqu.cashChanges.cfFromOperatingIndirect.tax"
           xlink:label="de-gaap-ci_cfs.cashEqu.cashChanges.cfFromOperatingIndirect.tax"/>
      <loc xlink:type="locator"
           xlink:href="de-gaap-ci-2018-04-01.xsd#de-gaap-ci_cfs.cashEqu.cashChanges.cfFromInvestments"
           xlink:label="de-gaap-ci_cfs.cashEqu.cashChanges.cfFromInvestments"/>
      <loc xlink:type="locator"
           xlink:href="de-gaap-ci-2018-04-01.xsd#de-gaap-ci_cfs.cashEqu.cashChanges.cfFromInvestments.disposTanAss"
           xlink:label="de-gaap-ci_cfs.cashEqu.cashChanges.cfFromInvestments.disposTanAss"/>
      <loc xlink:type="locator"
           xlink:href="de-gaap-ci-2018-04-01.xsd#de-gaap-ci_cfs.cashEqu.cashChanges.cfFromInvestments.investmTanAss"
           xlink:label="de-gaap-ci_cfs.cashEqu.cashChanges.cfFromInvestments.investmTanAss"/>
      <loc xlink:type="locator"
           xlink:href="de-gaap-ci-2018-04-01.xsd#de-gaap-ci_cfs.cashEqu.cashChanges.cfFromInvestments.disposIntanAss"
           xlink:label="de-gaap-ci_cfs.cashEqu.cashChanges.cfFromInvestments.disposIntanAss"/>
      <loc xlink:type="locator"
           xlink:href="de-gaap-ci-2018-04-01.xsd#de-gaap-ci_cfs.cashEqu.cashChanges.cfFromInvestments.investmIntanAss"
           xlink:label="de-gaap-ci_cfs.cashEqu.cashChanges.cfFromInvestments.investmIntanAss"/>
      <loc xlink:type="locator"
           xlink:href="de-gaap-ci-2018-04-01.xsd#de-gaap-ci_cfs.cashEqu.cashChanges.cfFromInvestments.disposFinAss"
           xlink:label="de-gaap-ci_cfs.cashEqu.cashChanges.cfFromInvestments.disposFinAss"/>
      <loc xlink:type="locator"
           xlink:href="de-gaap-ci-2018-04-01.xsd#de-gaap-ci_cfs.cashEqu.cashChanges.cfFromInvestments.investmFinAss"
           xlink:label="de-gaap-ci_cfs.cashEqu.cashChanges.cfFromInvestments.investmFinAss"/>
      <loc xlink:type="locator"
           xlink:href="de-gaap-ci-2018-04-01.xsd#de-gaap-ci_cfs.cashEqu.cashChanges.cfFromInvestments.disposGroupComp"
           xlink:label="de-gaap-ci_cfs.cashEqu.cashChanges.cfFromInvestments.disposGroupComp"/>
      <loc xlink:type="locator"
           xlink:href="de-gaap-ci-2018-04-01.xsd#de-gaap-ci_cfs.cashEqu.cashChanges.cfFromInvestments.investmGroupComp"
           xlink:label="de-gaap-ci_cfs.cashEqu.cashChanges.cfFromInvestments.investmGroupComp"/>
      <loc xlink:type="locator"
           xlink:href="de-gaap-ci-2018-04-01.xsd#de-gaap-ci_cfs.cashEqu.cashChanges.cfFromInvestments.disposShTermFin"
           xlink:label="de-gaap-ci_cfs.cashEqu.cashChanges.cfFromInvestments.disposShTermFin"/>
      <loc xlink:type="locator"
           xlink:href="de-gaap-ci-2018-04-01.xsd#de-gaap-ci_cfs.cashEqu.cashChanges.cfFromInvestments.investmShTermFin"
           xlink:label="de-gaap-ci_cfs.cashEqu.cashChanges.cfFromInvestments.investmShTermFin"/>
      <loc xlink:type="locator"
           xlink:href="de-gaap-ci-2018-04-01.xsd#de-gaap-ci_cfs.cashEqu.cashChanges.cfFromInvestments.interestDividends"
           xlink:label="de-gaap-ci_cfs.cashEqu.cashChanges.cfFromInvestments.interestDividends"/>
      <loc xlink:type="locator"
           xlink:href="de-gaap-ci-2018-04-01.xsd#de-gaap-ci_cfs.cashEqu.cashChanges.cfFromInvestments.interest"
           xlink:label="de-gaap-ci_cfs.cashEqu.cashChanges.cfFromInvestments.interest"/>
      <loc xlink:type="locator"
           xlink:href="de-gaap-ci-2018-04-01.xsd#de-gaap-ci_cfs.cashEqu.cashChanges.cfFromInvestments.tax"
           xlink:label="de-gaap-ci_cfs.cashEqu.cashChanges.cfFromInvestments.tax"/>
      <loc xlink:type="locator"
           xlink:href="de-gaap-ci-2018-04-01.xsd#de-gaap-ci_cfs.cashEqu.cashChanges.cfFromFinancing"
           xlink:label="de-gaap-ci_cfs.cashEqu.cashChanges.cfFromFinancing"/>
      <loc xlink:type="locator"
           xlink:href="de-gaap-ci-2018-04-01.xsd#de-gaap-ci_cfs.cashEqu.cashChanges.cfFromFinancing.paidInCap"
           xlink:label="de-gaap-ci_cfs.cashEqu.cashChanges.cfFromFinancing.paidInCap"/>
      <loc xlink:type="locator"
           xlink:href="de-gaap-ci-2018-04-01.xsd#de-gaap-ci_cfs.cashEqu.cashChanges.cfFromFinancing.paidInCap.mayority"
           xlink:label="de-gaap-ci_cfs.cashEqu.cashChanges.cfFromFinancing.paidInCap.mayority"/>
      <loc xlink:type="locator"
           xlink:href="de-gaap-ci-2018-04-01.xsd#de-gaap-ci_cfs.cashEqu.cashChanges.cfFromFinancing.paidInCap.salesOwnShares"
           xlink:label="de-gaap-ci_cfs.cashEqu.cashChanges.cfFromFinancing.paidInCap.salesOwnShares"/>
      <loc xlink:type="locator"
           xlink:href="de-gaap-ci-2018-04-01.xsd#de-gaap-ci_cfs.cashEqu.cashChanges.cfFromFinancing.paidInCap.other"
           xlink:label="de-gaap-ci_cfs.cashEqu.cashChanges.cfFromFinancing.paidInCap.other"/>
      <loc xlink:type="locator"
           xlink:href="de-gaap-ci-2018-04-01.xsd#de-gaap-ci_cfs.cashEqu.cashChanges.cfFromFinancing.paymToSharehold"
           xlink:label="de-gaap-ci_cfs.cashEqu.cashChanges.cfFromFinancing.paymToSharehold"/>
      <loc xlink:type="locator"
           xlink:href="de-gaap-ci-2018-04-01.xsd#de-gaap-ci_cfs.cashEqu.cashChanges.cfFromFinancing.paymToSharehold.dividendsMayority"
           xlink:label="de-gaap-ci_cfs.cashEqu.cashChanges.cfFromFinancing.paymToSharehold.dividendsMayority"/>
      <loc xlink:type="locator"
           xlink:href="de-gaap-ci-2018-04-01.xsd#de-gaap-ci_cfs.cashEqu.cashChanges.cfFromFinancing.paymToSharehold.dividendsMinority"
           xlink:label="de-gaap-ci_cfs.cashEqu.cashChanges.cfFromFinancing.paymToSharehold.dividendsMinority"/>
      <loc xlink:type="locator"
           xlink:href="de-gaap-ci-2018-04-01.xsd#de-gaap-ci_cfs.cashEqu.cashChanges.cfFromFinancing.paymToSharehold.profSharing"
           xlink:label="de-gaap-ci_cfs.cashEqu.cashChanges.cfFromFinancing.paymToSharehold.profSharing"/>
      <loc xlink:type="locator"
           xlink:href="de-gaap-ci-2018-04-01.xsd#de-gaap-ci_cfs.cashEqu.cashChanges.cfFromFinancing.paymToSharehold.ownShares"
           xlink:label="de-gaap-ci_cfs.cashEqu.cashChanges.cfFromFinancing.paymToSharehold.ownShares"/>
      <loc xlink:type="locator"
           xlink:href="de-gaap-ci-2018-04-01.xsd#de-gaap-ci_cfs.cashEqu.cashChanges.cfFromFinancing.paymToSharehold.capitalRepaymentMayority"
           xlink:label="de-gaap-ci_cfs.cashEqu.cashChanges.cfFromFinancing.paymToSharehold.capitalRepaymentMayority"/>
      <loc xlink:type="locator"
           xlink:href="de-gaap-ci-2018-04-01.xsd#de-gaap-ci_cfs.cashEqu.cashChanges.cfFromFinancing.paymToSharehold.capitalRepaymentMinority"
           xlink:label="de-gaap-ci_cfs.cashEqu.cashChanges.cfFromFinancing.paymToSharehold.capitalRepaymentMinority"/>
      <loc xlink:type="locator"
           xlink:href="de-gaap-ci-2018-04-01.xsd#de-gaap-ci_cfs.cashEqu.cashChanges.cfFromFinancing.paymToSharehold.otherMayority"
           xlink:label="de-gaap-ci_cfs.cashEqu.cashChanges.cfFromFinancing.paymToSharehold.otherMayority"/>
      <loc xlink:type="locator"
           xlink:href="de-gaap-ci-2018-04-01.xsd#de-gaap-ci_cfs.cashEqu.cashChanges.cfFromFinancing.paymToSharehold.otherMinority"
           xlink:label="de-gaap-ci_cfs.cashEqu.cashChanges.cfFromFinancing.paymToSharehold.otherMinority"/>
      <loc xlink:type="locator"
           xlink:href="de-gaap-ci-2018-04-01.xsd#de-gaap-ci_cfs.cashEqu.cashChanges.cfFromFinancing.loansTaken"
           xlink:label="de-gaap-ci_cfs.cashEqu.cashChanges.cfFromFinancing.loansTaken"/>
      <loc xlink:type="locator"
           xlink:href="de-gaap-ci-2018-04-01.xsd#de-gaap-ci_cfs.cashEqu.cashChanges.cfFromFinancing.loansTaken.issuedSecurities"
           xlink:label="de-gaap-ci_cfs.cashEqu.cashChanges.cfFromFinancing.loansTaken.issuedSecurities"/>
      <loc xlink:type="locator"
           xlink:href="de-gaap-ci-2018-04-01.xsd#de-gaap-ci_cfs.cashEqu.cashChanges.cfFromFinancing.loansTaken.bank"
           xlink:label="de-gaap-ci_cfs.cashEqu.cashChanges.cfFromFinancing.loansTaken.bank"/>
      <loc xlink:type="locator"
           xlink:href="de-gaap-ci-2018-04-01.xsd#de-gaap-ci_cfs.cashEqu.cashChanges.cfFromFinancing.loansTaken.group"
           xlink:label="de-gaap-ci_cfs.cashEqu.cashChanges.cfFromFinancing.loansTaken.group"/>
      <loc xlink:type="locator"
           xlink:href="de-gaap-ci-2018-04-01.xsd#de-gaap-ci_cfs.cashEqu.cashChanges.cfFromFinancing.loansTaken.other"
           xlink:label="de-gaap-ci_cfs.cashEqu.cashChanges.cfFromFinancing.loansTaken.other"/>
      <loc xlink:type="locator"
           xlink:href="de-gaap-ci-2018-04-01.xsd#de-gaap-ci_cfs.cashEqu.cashChanges.cfFromFinancing.loansRepaid"
           xlink:label="de-gaap-ci_cfs.cashEqu.cashChanges.cfFromFinancing.loansRepaid"/>
      <loc xlink:type="locator"
           xlink:href="de-gaap-ci-2018-04-01.xsd#de-gaap-ci_cfs.cashEqu.cashChanges.cfFromFinancing.loansRepaid.issuedSecurities"
           xlink:label="de-gaap-ci_cfs.cashEqu.cashChanges.cfFromFinancing.loansRepaid.issuedSecurities"/>
      <loc xlink:type="locator"
           xlink:href="de-gaap-ci-2018-04-01.xsd#de-gaap-ci_cfs.cashEqu.cashChanges.cfFromFinancing.loansRepaid.bank"
           xlink:label="de-gaap-ci_cfs.cashEqu.cashChanges.cfFromFinancing.loansRepaid.bank"/>
      <loc xlink:type="locator"
           xlink:href="de-gaap-ci-2018-04-01.xsd#de-gaap-ci_cfs.cashEqu.cashChanges.cfFromFinancing.loansRepaid.group"
           xlink:label="de-gaap-ci_cfs.cashEqu.cashChanges.cfFromFinancing.loansRepaid.group"/>
      <loc xlink:type="locator"
           xlink:href="de-gaap-ci-2018-04-01.xsd#de-gaap-ci_cfs.cashEqu.cashChanges.cfFromFinancing.loansRepaid.other"
           xlink:label="de-gaap-ci_cfs.cashEqu.cashChanges.cfFromFinancing.loansRepaid.other"/>
      <loc xlink:type="locator"
           xlink:href="de-gaap-ci-2018-04-01.xsd#de-gaap-ci_cfs.cashEqu.cashChanges.cfFromFinancing.interestPaid"
           xlink:label="de-gaap-ci_cfs.cashEqu.cashChanges.cfFromFinancing.interestPaid"/>
      <loc xlink:type="locator"
           xlink:href="de-gaap-ci-2018-04-01.xsd#de-gaap-ci_cfs.cashEqu.cashChanges.cfFromFinancing.tax"
           xlink:label="de-gaap-ci_cfs.cashEqu.cashChanges.cfFromFinancing.tax"/>
      <loc xlink:type="locator"
           xlink:href="de-gaap-ci-2018-04-01.xsd#de-gaap-ci_cfs.cashEqu.nonCashChanges"
           xlink:label="de-gaap-ci_cfs.cashEqu.nonCashChanges"/>
      <loc xlink:type="locator"
           xlink:href="de-gaap-ci-2018-04-01.xsd#de-gaap-ci_cfs.cashEqu.nonCashChanges.currTransl"
           xlink:label="de-gaap-ci_cfs.cashEqu.nonCashChanges.currTransl"/>
      <loc xlink:type="locator"
           xlink:href="de-gaap-ci-2018-04-01.xsd#de-gaap-ci_cfs.cashEqu.nonCashChanges.revaluation"
           xlink:label="de-gaap-ci_cfs.cashEqu.nonCashChanges.revaluation"/>
      <presentationArc xlink:from="de-gaap-ci_cfs" xlink:to="de-gaap-ci_cfs.cashEqu" order="1"
                       xlink:arcrole="http://www.xbrl.org/2003/arcrole/parent-child"
                       xlink:type="arc"/>
      <presentationArc xlink:from="de-gaap-ci_cfs.cashEqu" xlink:to="de-gaap-ci_cfs.cashEqu.compound"
                       order="1"
                       preferredLabel="http://www.xbrl.org/2003/role/periodEndLabel"
                       xlink:arcrole="http://www.xbrl.org/2003/arcrole/parent-child"
                       xlink:type="arc"/>
      <presentationArc xlink:from="de-gaap-ci_cfs.cashEqu.compound"
                       xlink:to="de-gaap-ci_cfs.cashEqu.compound.cash"
                       order="1"
                       xlink:arcrole="http://www.xbrl.org/2003/arcrole/parent-child"
                       xlink:type="arc"/>
      <presentationArc xlink:from="de-gaap-ci_cfs.cashEqu.compound.cash"
                       xlink:to="de-gaap-ci_cfs.cashEqu.compound.cash.asOfBalanceSheet"
                       order="1"
                       xlink:arcrole="http://www.xbrl.org/2003/arcrole/parent-child"
                       xlink:type="arc"/>
      <presentationArc xlink:from="de-gaap-ci_cfs.cashEqu.compound.cash"
                       xlink:to="de-gaap-ci_cfs.cashEqu.compound.cash.shTermInvestments"
                       order="2"
                       xlink:arcrole="http://www.xbrl.org/2003/arcrole/parent-child"
                       xlink:type="arc"/>
      <presentationArc xlink:from="de-gaap-ci_cfs.cashEqu.compound"
                       xlink:to="de-gaap-ci_cfs.cashEqu.compound.cashEqu"
                       order="2"
                       xlink:arcrole="http://www.xbrl.org/2003/arcrole/parent-child"
                       xlink:type="arc"/>
      <presentationArc xlink:from="de-gaap-ci_cfs.cashEqu.compound.cashEqu"
                       xlink:to="de-gaap-ci_cfs.cashEqu.compound.cashEqu.securitiesAsOfBalanceSheet"
                       order="1"
                       xlink:arcrole="http://www.xbrl.org/2003/arcrole/parent-child"
                       xlink:type="arc"/>
      <presentationArc xlink:from="de-gaap-ci_cfs.cashEqu.compound.cashEqu"
                       xlink:to="de-gaap-ci_cfs.cashEqu.compound.cashEqu.notInFund"
                       order="2"
                       xlink:arcrole="http://www.xbrl.org/2003/arcrole/parent-child"
                       xlink:type="arc"/>
      <presentationArc xlink:from="de-gaap-ci_cfs.cashEqu.compound.cashEqu"
                       xlink:to="de-gaap-ci_cfs.cashEqu.compound.cashEqu.other"
                       order="3"
                       xlink:arcrole="http://www.xbrl.org/2003/arcrole/parent-child"
                       xlink:type="arc"/>
      <presentationArc xlink:from="de-gaap-ci_cfs.cashEqu.compound"
                       xlink:to="de-gaap-ci_cfs.cashEqu.compound.shTermBankDebt"
                       order="3"
                       xlink:arcrole="http://www.xbrl.org/2003/arcrole/parent-child"
                       xlink:type="arc"/>
      <presentationArc xlink:from="de-gaap-ci_cfs.cashEqu" xlink:to="de-gaap-ci_cfs.cashEqu.begin"
                       order="2"
                       xlink:arcrole="http://www.xbrl.org/2003/arcrole/parent-child"
                       xlink:type="arc"/>
      <presentationArc xlink:from="de-gaap-ci_cfs.cashEqu"
                       xlink:to="de-gaap-ci_cfs.cashEqu.cashChanges"
                       order="3"
                       xlink:arcrole="http://www.xbrl.org/2003/arcrole/parent-child"
                       xlink:type="arc"/>
      <presentationArc xlink:from="de-gaap-ci_cfs.cashEqu.cashChanges"
                       xlink:to="de-gaap-ci_cfs.cashEqu.cashChanges.cfFromOperatingDirect"
                       order="1"
                       xlink:arcrole="http://www.xbrl.org/2003/arcrole/parent-child"
                       xlink:type="arc"/>
      <presentationArc xlink:from="de-gaap-ci_cfs.cashEqu.cashChanges.cfFromOperatingDirect"
                       xlink:to="de-gaap-ci_cfs.cashEqu.cashChanges.cfFromOperatingDirect.sales"
                       order="1"
                       xlink:arcrole="http://www.xbrl.org/2003/arcrole/parent-child"
                       xlink:type="arc"/>
      <presentationArc xlink:from="de-gaap-ci_cfs.cashEqu.cashChanges.cfFromOperatingDirect"
                       xlink:to="de-gaap-ci_cfs.cashEqu.cashChanges.cfFromOperatingDirect.suppliersEmployees"
                       order="2"
                       xlink:arcrole="http://www.xbrl.org/2003/arcrole/parent-child"
                       xlink:type="arc"/>
      <presentationArc xlink:from="de-gaap-ci_cfs.cashEqu.cashChanges.cfFromOperatingDirect.suppliersEmployees"
                       xlink:to="de-gaap-ci_cfs.cashEqu.cashChanges.cfFromOperatingDirect.suppliersEmployees.suppliers"
                       order="1"
                       xlink:arcrole="http://www.xbrl.org/2003/arcrole/parent-child"
                       xlink:type="arc"/>
      <presentationArc xlink:from="de-gaap-ci_cfs.cashEqu.cashChanges.cfFromOperatingDirect.suppliersEmployees"
                       xlink:to="de-gaap-ci_cfs.cashEqu.cashChanges.cfFromOperatingDirect.suppliersEmployees.employees"
                       order="2"
                       xlink:arcrole="http://www.xbrl.org/2003/arcrole/parent-child"
                       xlink:type="arc"/>
      <presentationArc xlink:from="de-gaap-ci_cfs.cashEqu.cashChanges.cfFromOperatingDirect"
                       xlink:to="de-gaap-ci_cfs.cashEqu.cashChanges.cfFromOperatingDirect.otherCashRecNonInvestNonFin"
                       order="3"
                       xlink:arcrole="http://www.xbrl.org/2003/arcrole/parent-child"
                       xlink:type="arc"/>
      <presentationArc xlink:from="de-gaap-ci_cfs.cashEqu.cashChanges.cfFromOperatingDirect.otherCashRecNonInvestNonFin"
                       xlink:to="de-gaap-ci_cfs.cashEqu.cashChanges.cfFromOperatingDirect.otherCashRecNonInvestNonFin.interest"
                       order="1"
                       xlink:arcrole="http://www.xbrl.org/2003/arcrole/parent-child"
                       xlink:type="arc"/>
      <presentationArc xlink:from="de-gaap-ci_cfs.cashEqu.cashChanges.cfFromOperatingDirect.otherCashRecNonInvestNonFin"
                       xlink:to="de-gaap-ci_cfs.cashEqu.cashChanges.cfFromOperatingDirect.otherCashRecNonInvestNonFin.dividends"
                       order="2"
                       xlink:arcrole="http://www.xbrl.org/2003/arcrole/parent-child"
                       xlink:type="arc"/>
      <presentationArc xlink:from="de-gaap-ci_cfs.cashEqu.cashChanges.cfFromOperatingDirect.otherCashRecNonInvestNonFin"
                       xlink:to="de-gaap-ci_cfs.cashEqu.cashChanges.cfFromOperatingDirect.otherCashRecNonInvestNonFin.otherEarnFrParticip"
                       order="3"
                       xlink:arcrole="http://www.xbrl.org/2003/arcrole/parent-child"
                       xlink:type="arc"/>
      <presentationArc xlink:from="de-gaap-ci_cfs.cashEqu.cashChanges.cfFromOperatingDirect.otherCashRecNonInvestNonFin"
                       xlink:to="de-gaap-ci_cfs.cashEqu.cashChanges.cfFromOperatingDirect.otherCashRecNonInvestNonFin.lossTakenByShareh"
                       order="4"
                       xlink:arcrole="http://www.xbrl.org/2003/arcrole/parent-child"
                       xlink:type="arc"/>
      <presentationArc xlink:from="de-gaap-ci_cfs.cashEqu.cashChanges.cfFromOperatingDirect.otherCashRecNonInvestNonFin"
                       xlink:to="de-gaap-ci_cfs.cashEqu.cashChanges.cfFromOperatingDirect.otherCashRecNonInvestNonFin.other"
                       order="5"
                       xlink:arcrole="http://www.xbrl.org/2003/arcrole/parent-child"
                       xlink:type="arc"/>
      <presentationArc xlink:from="de-gaap-ci_cfs.cashEqu.cashChanges.cfFromOperatingDirect"
                       xlink:to="de-gaap-ci_cfs.cashEqu.cashChanges.cfFromOperatingDirect.otherCashPaymNonInvestNonFin"
                       order="4"
                       xlink:arcrole="http://www.xbrl.org/2003/arcrole/parent-child"
                       xlink:type="arc"/>
      <presentationArc xlink:from="de-gaap-ci_cfs.cashEqu.cashChanges.cfFromOperatingDirect.otherCashPaymNonInvestNonFin"
                       xlink:to="de-gaap-ci_cfs.cashEqu.cashChanges.cfFromOperatingDirect.otherCashPaymNonInvestNonFin.interest"
                       order="1"
                       xlink:arcrole="http://www.xbrl.org/2003/arcrole/parent-child"
                       xlink:type="arc"/>
      <presentationArc xlink:from="de-gaap-ci_cfs.cashEqu.cashChanges.cfFromOperatingDirect.otherCashPaymNonInvestNonFin"
                       xlink:to="de-gaap-ci_cfs.cashEqu.cashChanges.cfFromOperatingDirect.otherCashPaymNonInvestNonFin.tax"
                       order="2"
                       xlink:arcrole="http://www.xbrl.org/2003/arcrole/parent-child"
                       xlink:type="arc"/>
      <presentationArc xlink:from="de-gaap-ci_cfs.cashEqu.cashChanges.cfFromOperatingDirect.otherCashPaymNonInvestNonFin.tax"
                       xlink:to="de-gaap-ci_cfs.cashEqu.cashChanges.cfFromOperatingDirect.otherCashPaymNonInvestNonFin.tax.onIncome"
                       order="1"
                       xlink:arcrole="http://www.xbrl.org/2003/arcrole/parent-child"
                       xlink:type="arc"/>
      <presentationArc xlink:from="de-gaap-ci_cfs.cashEqu.cashChanges.cfFromOperatingDirect.otherCashPaymNonInvestNonFin"
                       xlink:to="de-gaap-ci_cfs.cashEqu.cashChanges.cfFromOperatingDirect.otherCashPaymNonInvestNonFin.lossFrParticip"
                       order="3"
                       xlink:arcrole="http://www.xbrl.org/2003/arcrole/parent-child"
                       xlink:type="arc"/>
      <presentationArc xlink:from="de-gaap-ci_cfs.cashEqu.cashChanges.cfFromOperatingDirect.otherCashPaymNonInvestNonFin"
                       xlink:to="de-gaap-ci_cfs.cashEqu.cashChanges.cfFromOperatingDirect.otherCashPaymNonInvestNonFin.other"
                       order="4"
                       xlink:arcrole="http://www.xbrl.org/2003/arcrole/parent-child"
                       xlink:type="arc"/>
      <presentationArc xlink:from="de-gaap-ci_cfs.cashEqu.cashChanges.cfFromOperatingDirect"
                       xlink:to="de-gaap-ci_cfs.cashEqu.cashChanges.cfFromOperatingDirect.extraord"
                       order="5"
                       xlink:arcrole="http://www.xbrl.org/2003/arcrole/parent-child"
                       xlink:type="arc"/>
      <presentationArc xlink:from="de-gaap-ci_cfs.cashEqu.cashChanges"
                       xlink:to="de-gaap-ci_cfs.cashEqu.cashChanges.cfFromOperatingIndirect"
                       order="2"
                       xlink:arcrole="http://www.xbrl.org/2003/arcrole/parent-child"
                       xlink:type="arc"/>
      <presentationArc xlink:from="de-gaap-ci_cfs.cashEqu.cashChanges.cfFromOperatingIndirect"
                       xlink:to="de-gaap-ci_cfs.cashEqu.cashChanges.cfFromOperatingIndirect.earningBefExtraord"
                       order="1"
                       xlink:arcrole="http://www.xbrl.org/2003/arcrole/parent-child"
                       xlink:type="arc"/>
      <presentationArc xlink:from="de-gaap-ci_cfs.cashEqu.cashChanges.cfFromOperatingIndirect.earningBefExtraord"
                       xlink:to="de-gaap-ci_cfs.cashEqu.cashChanges.cfFromOperatingIndirect.earningBefExtraord.befTaxAndInterest"
                       order="1"
                       xlink:arcrole="http://www.xbrl.org/2003/arcrole/parent-child"
                       xlink:type="arc"/>
      <presentationArc xlink:from="de-gaap-ci_cfs.cashEqu.cashChanges.cfFromOperatingIndirect.earningBefExtraord"
                       xlink:to="de-gaap-ci_cfs.cashEqu.cashChanges.cfFromOperatingIndirect.earningBefExtraord.interestExp"
                       order="2"
                       xlink:arcrole="http://www.xbrl.org/2003/arcrole/parent-child"
                       xlink:type="arc"/>
      <presentationArc xlink:from="de-gaap-ci_cfs.cashEqu.cashChanges.cfFromOperatingIndirect.earningBefExtraord"
                       xlink:to="de-gaap-ci_cfs.cashEqu.cashChanges.cfFromOperatingIndirect.earningBefExtraord.taxExp"
                       order="3"
                       xlink:arcrole="http://www.xbrl.org/2003/arcrole/parent-child"
                       xlink:type="arc"/>
      <presentationArc xlink:from="de-gaap-ci_cfs.cashEqu.cashChanges.cfFromOperatingIndirect"
                       xlink:to="de-gaap-ci_cfs.cashEqu.cashChanges.cfFromOperatingIndirect.deprRevalFixAss"
                       order="2"
                       xlink:arcrole="http://www.xbrl.org/2003/arcrole/parent-child"
                       xlink:type="arc"/>
      <presentationArc xlink:from="de-gaap-ci_cfs.cashEqu.cashChanges.cfFromOperatingIndirect"
                       xlink:to="de-gaap-ci_cfs.cashEqu.cashChanges.cfFromOperatingIndirect.changeProvisions"
                       order="3"
                       xlink:arcrole="http://www.xbrl.org/2003/arcrole/parent-child"
                       xlink:type="arc"/>
      <presentationArc xlink:from="de-gaap-ci_cfs.cashEqu.cashChanges.cfFromOperatingIndirect"
                       xlink:to="de-gaap-ci_cfs.cashEqu.cashChanges.cfFromOperatingIndirect.otherCashEarningsCost"
                       order="4"
                       xlink:arcrole="http://www.xbrl.org/2003/arcrole/parent-child"
                       xlink:type="arc"/>
      <presentationArc xlink:from="de-gaap-ci_cfs.cashEqu.cashChanges.cfFromOperatingIndirect.otherCashEarningsCost"
                       xlink:to="de-gaap-ci_cfs.cashEqu.cashChanges.cfFromOperatingIndirect.otherCashEarningsCost.amortDiscount"
                       order="1"
                       xlink:arcrole="http://www.xbrl.org/2003/arcrole/parent-child"
                       xlink:type="arc"/>
      <presentationArc xlink:from="de-gaap-ci_cfs.cashEqu.cashChanges.cfFromOperatingIndirect.otherCashEarningsCost"
                       xlink:to="de-gaap-ci_cfs.cashEqu.cashChanges.cfFromOperatingIndirect.otherCashEarningsCost.earningsFrParticip"
                       order="2"
                       xlink:arcrole="http://www.xbrl.org/2003/arcrole/parent-child"
                       xlink:type="arc"/>
      <presentationArc xlink:from="de-gaap-ci_cfs.cashEqu.cashChanges.cfFromOperatingIndirect.otherCashEarningsCost"
                       xlink:to="de-gaap-ci_cfs.cashEqu.cashChanges.cfFromOperatingIndirect.otherCashEarningsCost.lossCompensation"
                       order="3"
                       xlink:arcrole="http://www.xbrl.org/2003/arcrole/parent-child"
                       xlink:type="arc"/>
      <presentationArc xlink:from="de-gaap-ci_cfs.cashEqu.cashChanges.cfFromOperatingIndirect.otherCashEarningsCost"
                       xlink:to="de-gaap-ci_cfs.cashEqu.cashChanges.cfFromOperatingIndirect.otherCashEarningsCost.lossFrParticip"
                       order="4"
                       xlink:arcrole="http://www.xbrl.org/2003/arcrole/parent-child"
                       xlink:type="arc"/>
      <presentationArc xlink:from="de-gaap-ci_cfs.cashEqu.cashChanges.cfFromOperatingIndirect"
                       xlink:to="de-gaap-ci_cfs.cashEqu.cashChanges.cfFromOperatingIndirect.resultDisposFixAss"
                       order="5"
                       xlink:arcrole="http://www.xbrl.org/2003/arcrole/parent-child"
                       xlink:type="arc"/>
      <presentationArc xlink:from="de-gaap-ci_cfs.cashEqu.cashChanges.cfFromOperatingIndirect"
                       xlink:to="de-gaap-ci_cfs.cashEqu.cashChanges.cfFromOperatingIndirect.changeInventoryCurrReceiv"
                       order="6"
                       xlink:arcrole="http://www.xbrl.org/2003/arcrole/parent-child"
                       xlink:type="arc"/>
      <presentationArc xlink:from="de-gaap-ci_cfs.cashEqu.cashChanges.cfFromOperatingIndirect.changeInventoryCurrReceiv"
                       xlink:to="de-gaap-ci_cfs.cashEqu.cashChanges.cfFromOperatingIndirect.changeInventoryCurrReceiv.InvIncrease"
                       order="1"
                       xlink:arcrole="http://www.xbrl.org/2003/arcrole/parent-child"
                       xlink:type="arc"/>
      <presentationArc xlink:from="de-gaap-ci_cfs.cashEqu.cashChanges.cfFromOperatingIndirect.changeInventoryCurrReceiv"
                       xlink:to="de-gaap-ci_cfs.cashEqu.cashChanges.cfFromOperatingIndirect.changeInventoryCurrReceiv.invDecrease"
                       order="2"
                       xlink:arcrole="http://www.xbrl.org/2003/arcrole/parent-child"
                       xlink:type="arc"/>
      <presentationArc xlink:from="de-gaap-ci_cfs.cashEqu.cashChanges.cfFromOperatingIndirect.changeInventoryCurrReceiv"
                       xlink:to="de-gaap-ci_cfs.cashEqu.cashChanges.cfFromOperatingIndirect.changeInventoryCurrReceiv.tradeIncrease"
                       order="3"
                       xlink:arcrole="http://www.xbrl.org/2003/arcrole/parent-child"
                       xlink:type="arc"/>
      <presentationArc xlink:from="de-gaap-ci_cfs.cashEqu.cashChanges.cfFromOperatingIndirect.changeInventoryCurrReceiv"
                       xlink:to="de-gaap-ci_cfs.cashEqu.cashChanges.cfFromOperatingIndirect.changeInventoryCurrReceiv.tradeDecrease"
                       order="4"
                       xlink:arcrole="http://www.xbrl.org/2003/arcrole/parent-child"
                       xlink:type="arc"/>
      <presentationArc xlink:from="de-gaap-ci_cfs.cashEqu.cashChanges.cfFromOperatingIndirect.changeInventoryCurrReceiv"
                       xlink:to="de-gaap-ci_cfs.cashEqu.cashChanges.cfFromOperatingIndirect.changeInventoryCurrReceiv.incrOtherAss"
                       order="5"
                       xlink:arcrole="http://www.xbrl.org/2003/arcrole/parent-child"
                       xlink:type="arc"/>
      <presentationArc xlink:from="de-gaap-ci_cfs.cashEqu.cashChanges.cfFromOperatingIndirect.changeInventoryCurrReceiv"
                       xlink:to="de-gaap-ci_cfs.cashEqu.cashChanges.cfFromOperatingIndirect.changeInventoryCurrReceiv.decrOtherAss"
                       order="6"
                       xlink:arcrole="http://www.xbrl.org/2003/arcrole/parent-child"
                       xlink:type="arc"/>
      <presentationArc xlink:from="de-gaap-ci_cfs.cashEqu.cashChanges.cfFromOperatingIndirect"
                       xlink:to="de-gaap-ci_cfs.cashEqu.cashChanges.cfFromOperatingIndirect.changeCurrPay"
                       order="7"
                       xlink:arcrole="http://www.xbrl.org/2003/arcrole/parent-child"
                       xlink:type="arc"/>
      <presentationArc xlink:from="de-gaap-ci_cfs.cashEqu.cashChanges.cfFromOperatingIndirect.changeCurrPay"
                       xlink:to="de-gaap-ci_cfs.cashEqu.cashChanges.cfFromOperatingIndirect.changeCurrPay.tradeIncrease"
                       order="1"
                       xlink:arcrole="http://www.xbrl.org/2003/arcrole/parent-child"
                       xlink:type="arc"/>
      <presentationArc xlink:from="de-gaap-ci_cfs.cashEqu.cashChanges.cfFromOperatingIndirect.changeCurrPay"
                       xlink:to="de-gaap-ci_cfs.cashEqu.cashChanges.cfFromOperatingIndirect.changeCurrPay.tradeDecrease"
                       order="2"
                       xlink:arcrole="http://www.xbrl.org/2003/arcrole/parent-child"
                       xlink:type="arc"/>
      <presentationArc xlink:from="de-gaap-ci_cfs.cashEqu.cashChanges.cfFromOperatingIndirect.changeCurrPay"
                       xlink:to="de-gaap-ci_cfs.cashEqu.cashChanges.cfFromOperatingIndirect.changeCurrPay.incrOtherLiab"
                       order="3"
                       xlink:arcrole="http://www.xbrl.org/2003/arcrole/parent-child"
                       xlink:type="arc"/>
      <presentationArc xlink:from="de-gaap-ci_cfs.cashEqu.cashChanges.cfFromOperatingIndirect.changeCurrPay"
                       xlink:to="de-gaap-ci_cfs.cashEqu.cashChanges.cfFromOperatingIndirect.changeCurrPay.decrOtherLiab"
                       order="4"
                       xlink:arcrole="http://www.xbrl.org/2003/arcrole/parent-child"
                       xlink:type="arc"/>
      <presentationArc xlink:from="de-gaap-ci_cfs.cashEqu.cashChanges.cfFromOperatingIndirect"
                       xlink:to="de-gaap-ci_cfs.cashEqu.cashChanges.cfFromOperatingIndirect.extraord"
                       order="8"
                       xlink:arcrole="http://www.xbrl.org/2003/arcrole/parent-child"
                       xlink:type="arc"/>
      <presentationArc xlink:from="de-gaap-ci_cfs.cashEqu.cashChanges.cfFromOperatingIndirect"
                       xlink:to="de-gaap-ci_cfs.cashEqu.cashChanges.cfFromOperatingIndirect.interestPaid"
                       order="9"
                       xlink:arcrole="http://www.xbrl.org/2003/arcrole/parent-child"
                       xlink:type="arc"/>
      <presentationArc xlink:from="de-gaap-ci_cfs.cashEqu.cashChanges.cfFromOperatingIndirect"
                       xlink:to="de-gaap-ci_cfs.cashEqu.cashChanges.cfFromOperatingIndirect.tax"
                       order="10"
                       xlink:arcrole="http://www.xbrl.org/2003/arcrole/parent-child"
                       xlink:type="arc"/>
      <presentationArc xlink:from="de-gaap-ci_cfs.cashEqu.cashChanges"
                       xlink:to="de-gaap-ci_cfs.cashEqu.cashChanges.cfFromInvestments"
                       order="3"
                       xlink:arcrole="http://www.xbrl.org/2003/arcrole/parent-child"
                       xlink:type="arc"/>
      <presentationArc xlink:from="de-gaap-ci_cfs.cashEqu.cashChanges.cfFromInvestments"
                       xlink:to="de-gaap-ci_cfs.cashEqu.cashChanges.cfFromInvestments.disposTanAss"
                       order="1"
                       xlink:arcrole="http://www.xbrl.org/2003/arcrole/parent-child"
                       xlink:type="arc"/>
      <presentationArc xlink:from="de-gaap-ci_cfs.cashEqu.cashChanges.cfFromInvestments"
                       xlink:to="de-gaap-ci_cfs.cashEqu.cashChanges.cfFromInvestments.investmTanAss"
                       order="2"
                       xlink:arcrole="http://www.xbrl.org/2003/arcrole/parent-child"
                       xlink:type="arc"/>
      <presentationArc xlink:from="de-gaap-ci_cfs.cashEqu.cashChanges.cfFromInvestments"
                       xlink:to="de-gaap-ci_cfs.cashEqu.cashChanges.cfFromInvestments.disposIntanAss"
                       order="3"
                       xlink:arcrole="http://www.xbrl.org/2003/arcrole/parent-child"
                       xlink:type="arc"/>
      <presentationArc xlink:from="de-gaap-ci_cfs.cashEqu.cashChanges.cfFromInvestments"
                       xlink:to="de-gaap-ci_cfs.cashEqu.cashChanges.cfFromInvestments.investmIntanAss"
                       order="4"
                       xlink:arcrole="http://www.xbrl.org/2003/arcrole/parent-child"
                       xlink:type="arc"/>
      <presentationArc xlink:from="de-gaap-ci_cfs.cashEqu.cashChanges.cfFromInvestments"
                       xlink:to="de-gaap-ci_cfs.cashEqu.cashChanges.cfFromInvestments.disposFinAss"
                       order="5"
                       xlink:arcrole="http://www.xbrl.org/2003/arcrole/parent-child"
                       xlink:type="arc"/>
      <presentationArc xlink:from="de-gaap-ci_cfs.cashEqu.cashChanges.cfFromInvestments"
                       xlink:to="de-gaap-ci_cfs.cashEqu.cashChanges.cfFromInvestments.investmFinAss"
                       order="6"
                       xlink:arcrole="http://www.xbrl.org/2003/arcrole/parent-child"
                       xlink:type="arc"/>
      <presentationArc xlink:from="de-gaap-ci_cfs.cashEqu.cashChanges.cfFromInvestments"
                       xlink:to="de-gaap-ci_cfs.cashEqu.cashChanges.cfFromInvestments.disposGroupComp"
                       order="7"
                       xlink:arcrole="http://www.xbrl.org/2003/arcrole/parent-child"
                       xlink:type="arc"/>
      <presentationArc xlink:from="de-gaap-ci_cfs.cashEqu.cashChanges.cfFromInvestments"
                       xlink:to="de-gaap-ci_cfs.cashEqu.cashChanges.cfFromInvestments.investmGroupComp"
                       order="8"
                       xlink:arcrole="http://www.xbrl.org/2003/arcrole/parent-child"
                       xlink:type="arc"/>
      <presentationArc xlink:from="de-gaap-ci_cfs.cashEqu.cashChanges.cfFromInvestments"
                       xlink:to="de-gaap-ci_cfs.cashEqu.cashChanges.cfFromInvestments.disposShTermFin"
                       order="9"
                       xlink:arcrole="http://www.xbrl.org/2003/arcrole/parent-child"
                       xlink:type="arc"/>
      <presentationArc xlink:from="de-gaap-ci_cfs.cashEqu.cashChanges.cfFromInvestments"
                       xlink:to="de-gaap-ci_cfs.cashEqu.cashChanges.cfFromInvestments.investmShTermFin"
                       order="10"
                       xlink:arcrole="http://www.xbrl.org/2003/arcrole/parent-child"
                       xlink:type="arc"/>
      <presentationArc xlink:from="de-gaap-ci_cfs.cashEqu.cashChanges.cfFromInvestments"
                       xlink:to="de-gaap-ci_cfs.cashEqu.cashChanges.cfFromInvestments.interestDividends"
                       order="11"
                       xlink:arcrole="http://www.xbrl.org/2003/arcrole/parent-child"
                       xlink:type="arc"/>
      <presentationArc xlink:from="de-gaap-ci_cfs.cashEqu.cashChanges.cfFromInvestments"
                       xlink:to="de-gaap-ci_cfs.cashEqu.cashChanges.cfFromInvestments.interest"
                       order="12"
                       xlink:arcrole="http://www.xbrl.org/2003/arcrole/parent-child"
                       xlink:type="arc"/>
      <presentationArc xlink:from="de-gaap-ci_cfs.cashEqu.cashChanges.cfFromInvestments"
                       xlink:to="de-gaap-ci_cfs.cashEqu.cashChanges.cfFromInvestments.tax"
                       order="13"
                       xlink:arcrole="http://www.xbrl.org/2003/arcrole/parent-child"
                       xlink:type="arc"/>
      <presentationArc xlink:from="de-gaap-ci_cfs.cashEqu.cashChanges"
                       xlink:to="de-gaap-ci_cfs.cashEqu.cashChanges.cfFromFinancing"
                       order="4"
                       xlink:arcrole="http://www.xbrl.org/2003/arcrole/parent-child"
                       xlink:type="arc"/>
      <presentationArc xlink:from="de-gaap-ci_cfs.cashEqu.cashChanges.cfFromFinancing"
                       xlink:to="de-gaap-ci_cfs.cashEqu.cashChanges.cfFromFinancing.paidInCap"
                       order="1"
                       xlink:arcrole="http://www.xbrl.org/2003/arcrole/parent-child"
                       xlink:type="arc"/>
      <presentationArc xlink:from="de-gaap-ci_cfs.cashEqu.cashChanges.cfFromFinancing.paidInCap"
                       xlink:to="de-gaap-ci_cfs.cashEqu.cashChanges.cfFromFinancing.paidInCap.mayority"
                       order="1"
                       xlink:arcrole="http://www.xbrl.org/2003/arcrole/parent-child"
                       xlink:type="arc"/>
      <presentationArc xlink:from="de-gaap-ci_cfs.cashEqu.cashChanges.cfFromFinancing.paidInCap"
                       xlink:to="de-gaap-ci_cfs.cashEqu.cashChanges.cfFromFinancing.paidInCap.salesOwnShares"
                       order="3"
                       xlink:arcrole="http://www.xbrl.org/2003/arcrole/parent-child"
                       xlink:type="arc"/>
      <presentationArc xlink:from="de-gaap-ci_cfs.cashEqu.cashChanges.cfFromFinancing.paidInCap"
                       xlink:to="de-gaap-ci_cfs.cashEqu.cashChanges.cfFromFinancing.paidInCap.other"
                       order="4"
                       xlink:arcrole="http://www.xbrl.org/2003/arcrole/parent-child"
                       xlink:type="arc"/>
      <presentationArc xlink:from="de-gaap-ci_cfs.cashEqu.cashChanges.cfFromFinancing"
                       xlink:to="de-gaap-ci_cfs.cashEqu.cashChanges.cfFromFinancing.paymToSharehold"
                       order="2"
                       xlink:arcrole="http://www.xbrl.org/2003/arcrole/parent-child"
                       xlink:type="arc"/>
      <presentationArc xlink:from="de-gaap-ci_cfs.cashEqu.cashChanges.cfFromFinancing.paymToSharehold"
                       xlink:to="de-gaap-ci_cfs.cashEqu.cashChanges.cfFromFinancing.paymToSharehold.dividendsMayority"
                       order="1"
                       xlink:arcrole="http://www.xbrl.org/2003/arcrole/parent-child"
                       xlink:type="arc"/>
      <presentationArc xlink:from="de-gaap-ci_cfs.cashEqu.cashChanges.cfFromFinancing.paymToSharehold"
                       xlink:to="de-gaap-ci_cfs.cashEqu.cashChanges.cfFromFinancing.paymToSharehold.dividendsMinority"
                       order="2"
                       xlink:arcrole="http://www.xbrl.org/2003/arcrole/parent-child"
                       xlink:type="arc"/>
      <presentationArc xlink:from="de-gaap-ci_cfs.cashEqu.cashChanges.cfFromFinancing.paymToSharehold"
                       xlink:to="de-gaap-ci_cfs.cashEqu.cashChanges.cfFromFinancing.paymToSharehold.profSharing"
                       order="3"
                       xlink:arcrole="http://www.xbrl.org/2003/arcrole/parent-child"
                       xlink:type="arc"/>
      <presentationArc xlink:from="de-gaap-ci_cfs.cashEqu.cashChanges.cfFromFinancing.paymToSharehold"
                       xlink:to="de-gaap-ci_cfs.cashEqu.cashChanges.cfFromFinancing.paymToSharehold.ownShares"
                       order="4"
                       xlink:arcrole="http://www.xbrl.org/2003/arcrole/parent-child"
                       xlink:type="arc"/>
      <presentationArc xlink:from="de-gaap-ci_cfs.cashEqu.cashChanges.cfFromFinancing.paymToSharehold"
                       xlink:to="de-gaap-ci_cfs.cashEqu.cashChanges.cfFromFinancing.paymToSharehold.capitalRepaymentMayority"
                       order="5"
                       xlink:arcrole="http://www.xbrl.org/2003/arcrole/parent-child"
                       xlink:type="arc"/>
      <presentationArc xlink:from="de-gaap-ci_cfs.cashEqu.cashChanges.cfFromFinancing.paymToSharehold"
                       xlink:to="de-gaap-ci_cfs.cashEqu.cashChanges.cfFromFinancing.paymToSharehold.capitalRepaymentMinority"
                       order="6"
                       xlink:arcrole="http://www.xbrl.org/2003/arcrole/parent-child"
                       xlink:type="arc"/>
      <presentationArc xlink:from="de-gaap-ci_cfs.cashEqu.cashChanges.cfFromFinancing.paymToSharehold"
                       xlink:to="de-gaap-ci_cfs.cashEqu.cashChanges.cfFromFinancing.paymToSharehold.otherMayority"
                       order="7"
                       xlink:arcrole="http://www.xbrl.org/2003/arcrole/parent-child"
                       xlink:type="arc"/>
      <presentationArc xlink:from="de-gaap-ci_cfs.cashEqu.cashChanges.cfFromFinancing.paymToSharehold"
                       xlink:to="de-gaap-ci_cfs.cashEqu.cashChanges.cfFromFinancing.paymToSharehold.otherMinority"
                       order="8"
                       xlink:arcrole="http://www.xbrl.org/2003/arcrole/parent-child"
                       xlink:type="arc"/>
      <presentationArc xlink:from="de-gaap-ci_cfs.cashEqu.cashChanges.cfFromFinancing"
                       xlink:to="de-gaap-ci_cfs.cashEqu.cashChanges.cfFromFinancing.loansTaken"
                       order="3"
                       xlink:arcrole="http://www.xbrl.org/2003/arcrole/parent-child"
                       xlink:type="arc"/>
      <presentationArc xlink:from="de-gaap-ci_cfs.cashEqu.cashChanges.cfFromFinancing.loansTaken"
                       xlink:to="de-gaap-ci_cfs.cashEqu.cashChanges.cfFromFinancing.loansTaken.issuedSecurities"
                       order="1"
                       xlink:arcrole="http://www.xbrl.org/2003/arcrole/parent-child"
                       xlink:type="arc"/>
      <presentationArc xlink:from="de-gaap-ci_cfs.cashEqu.cashChanges.cfFromFinancing.loansTaken"
                       xlink:to="de-gaap-ci_cfs.cashEqu.cashChanges.cfFromFinancing.loansTaken.bank"
                       order="2"
                       xlink:arcrole="http://www.xbrl.org/2003/arcrole/parent-child"
                       xlink:type="arc"/>
      <presentationArc xlink:from="de-gaap-ci_cfs.cashEqu.cashChanges.cfFromFinancing.loansTaken"
                       xlink:to="de-gaap-ci_cfs.cashEqu.cashChanges.cfFromFinancing.loansTaken.group"
                       order="3"
                       xlink:arcrole="http://www.xbrl.org/2003/arcrole/parent-child"
                       xlink:type="arc"/>
      <presentationArc xlink:from="de-gaap-ci_cfs.cashEqu.cashChanges.cfFromFinancing.loansTaken"
                       xlink:to="de-gaap-ci_cfs.cashEqu.cashChanges.cfFromFinancing.loansTaken.other"
                       order="4"
                       xlink:arcrole="http://www.xbrl.org/2003/arcrole/parent-child"
                       xlink:type="arc"/>
      <presentationArc xlink:from="de-gaap-ci_cfs.cashEqu.cashChanges.cfFromFinancing"
                       xlink:to="de-gaap-ci_cfs.cashEqu.cashChanges.cfFromFinancing.loansRepaid"
                       order="4"
                       xlink:arcrole="http://www.xbrl.org/2003/arcrole/parent-child"
                       xlink:type="arc"/>
      <presentationArc xlink:from="de-gaap-ci_cfs.cashEqu.cashChanges.cfFromFinancing.loansRepaid"
                       xlink:to="de-gaap-ci_cfs.cashEqu.cashChanges.cfFromFinancing.loansRepaid.issuedSecurities"
                       order="1"
                       xlink:arcrole="http://www.xbrl.org/2003/arcrole/parent-child"
                       xlink:type="arc"/>
      <presentationArc xlink:from="de-gaap-ci_cfs.cashEqu.cashChanges.cfFromFinancing.loansRepaid"
                       xlink:to="de-gaap-ci_cfs.cashEqu.cashChanges.cfFromFinancing.loansRepaid.bank"
                       order="2"
                       xlink:arcrole="http://www.xbrl.org/2003/arcrole/parent-child"
                       xlink:type="arc"/>
      <presentationArc xlink:from="de-gaap-ci_cfs.cashEqu.cashChanges.cfFromFinancing.loansRepaid"
                       xlink:to="de-gaap-ci_cfs.cashEqu.cashChanges.cfFromFinancing.loansRepaid.group"
                       order="3"
                       xlink:arcrole="http://www.xbrl.org/2003/arcrole/parent-child"
                       xlink:type="arc"/>
      <presentationArc xlink:from="de-gaap-ci_cfs.cashEqu.cashChanges.cfFromFinancing.loansRepaid"
                       xlink:to="de-gaap-ci_cfs.cashEqu.cashChanges.cfFromFinancing.loansRepaid.other"
                       order="4"
                       xlink:arcrole="http://www.xbrl.org/2003/arcrole/parent-child"
                       xlink:type="arc"/>
      <presentationArc xlink:from="de-gaap-ci_cfs.cashEqu.cashChanges.cfFromFinancing"
                       xlink:to="de-gaap-ci_cfs.cashEqu.cashChanges.cfFromFinancing.interestPaid"
                       order="5"
                       xlink:arcrole="http://www.xbrl.org/2003/arcrole/parent-child"
                       xlink:type="arc"/>
      <presentationArc xlink:from="de-gaap-ci_cfs.cashEqu.cashChanges.cfFromFinancing"
                       xlink:to="de-gaap-ci_cfs.cashEqu.cashChanges.cfFromFinancing.tax"
                       order="6"
                       xlink:arcrole="http://www.xbrl.org/2003/arcrole/parent-child"
                       xlink:type="arc"/>
      <presentationArc xlink:from="de-gaap-ci_cfs.cashEqu"
                       xlink:to="de-gaap-ci_cfs.cashEqu.nonCashChanges"
                       order="4"
                       xlink:arcrole="http://www.xbrl.org/2003/arcrole/parent-child"
                       xlink:type="arc"/>
      <presentationArc xlink:from="de-gaap-ci_cfs.cashEqu.nonCashChanges"
                       xlink:to="de-gaap-ci_cfs.cashEqu.nonCashChanges.currTransl"
                       order="1"
                       xlink:arcrole="http://www.xbrl.org/2003/arcrole/parent-child"
                       xlink:type="arc"/>
      <presentationArc xlink:from="de-gaap-ci_cfs.cashEqu.nonCashChanges"
                       xlink:to="de-gaap-ci_cfs.cashEqu.nonCashChanges.revaluation"
                       order="3"
                       xlink:arcrole="http://www.xbrl.org/2003/arcrole/parent-child"
                       xlink:type="arc"/>
   </presentationLink>
   <presentationLink xmlns:xlink="http://www.w3.org/1999/xlink"
                     xlink:role="http://www.xbrl.de/taxonomies/de-gaap-ci/role/cashFlowStatement"
                     xlink:type="extended"/>
</linkbase>