<?xml version="1.0" encoding="utf-8"?>
<!--(c) XBRL Deutschland e.V. - see http://www.xbrl.de-->


<linkbase xmlns="http://www.xbrl.org/2003/linkbase"
          xmlns:xsi="http://www.w3.org/2001/XMLSchema-instance"
          xsi:schemaLocation="http://www.xbrl.org/2003/linkbase http://www.xbrl.org/2003/xbrl-linkbase-2003-12-31.xsd">
   <roleRef xmlns:xbrldt="http://xbrl.org/2005/xbrldt"
            xmlns:xlink="http://www.w3.org/1999/xlink"
            roleURI="http://www.xbrl.de/taxonomies/de-gaap-ci/role/notes"
            xlink:href="de-gaap-ci-2018-04-01.xsd#role_notes"
            xlink:type="simple"/>
   <presentationLink xmlns:xlink="http://www.w3.org/1999/xlink"
                     xlink:role="http://www.xbrl.de/taxonomies/de-gaap-ci/role/notes"
                     xlink:type="extended">
      <loc xlink:type="locator"
           xlink:href="de-gaap-ci-2018-04-01.xsd#de-gaap-ci_nt.segmBusiness.profit"
           xlink:label="de-gaap-ci_nt.segmBusiness.profit"/>
      <loc xlink:type="locator"
           xlink:href="de-gaap-ci-2018-04-01.xsd#de-gaap-ci_nt.segmBusiness.profit.profAssoc"
           xlink:label="de-gaap-ci_nt.segmBusiness.profit.profAssoc"/>
      <loc xlink:type="locator"
           xlink:href="de-gaap-ci-2018-04-01.xsd#de-gaap-ci_nt.segmGeographical"
           xlink:label="de-gaap-ci_nt.segmGeographical"/>
      <loc xlink:type="locator"
           xlink:href="de-gaap-ci-2018-04-01.xsd#de-gaap-ci_nt.segmGeographical.profit.profAssoc"
           xlink:label="de-gaap-ci_nt.segmGeographical.profit.profAssoc"/>
      <loc xlink:type="locator"
           xlink:href="de-gaap-ci-2018-04-01.xsd#de-gaap-ci_nt.genInfo"
           xlink:label="de-gaap-ci_nt.genInfo"/>
      <loc xlink:type="locator"
           xlink:href="de-gaap-ci-2018-04-01.xsd#de-gaap-ci_nt.genInfo.reasonForMeasurementDif"
           xlink:label="de-gaap-ci_nt.genInfo.reasonForMeasurementDif"/>
      <loc xlink:type="locator"
           xlink:href="de-gaap-ci-2018-04-01.xsd#de-gaap-ci_nt.genInfo.specialCarryingAmountsOfBanksOrInsurances"
           xlink:label="de-gaap-ci_nt.genInfo.specialCarryingAmountsOfBanksOrInsurances"/>
      <loc xlink:type="locator"
           xlink:href="de-gaap-ci-2018-04-01.xsd#de-gaap-ci_nt.genInfo.reasonsForDepartureFromUniformMeasurement"
           xlink:label="de-gaap-ci_nt.genInfo.reasonsForDepartureFromUniformMeasurement"/>
      <loc xlink:type="locator"
           xlink:href="de-gaap-ci-2018-04-01.xsd#de-gaap-ci_nt.genInfo.departureFromPriorConsolMethods"
           xlink:label="de-gaap-ci_nt.genInfo.departureFromPriorConsolMethods"/>
      <loc xlink:type="locator"
           xlink:href="de-gaap-ci-2018-04-01.xsd#de-gaap-ci_nt.genInfo.effectOfDepartureFromPriorConsolMethods"
           xlink:label="de-gaap-ci_nt.genInfo.effectOfDepartureFromPriorConsolMethods"/>
      <loc xlink:type="locator"
           xlink:href="de-gaap-ci-2018-04-01.xsd#de-gaap-ci_nt.genInfo.differenceGroupBalanceAndParentBalance"
           xlink:label="de-gaap-ci_nt.genInfo.differenceGroupBalanceAndParentBalance"/>
      <loc xlink:type="locator"
           xlink:href="de-gaap-ci-2018-04-01.xsd#de-gaap-ci_nt.genInfo.transactionsWithEntitiesWithDifferingYearEnd"
           xlink:label="de-gaap-ci_nt.genInfo.transactionsWithEntitiesWithDifferingYearEnd"/>
      <loc xlink:type="locator"
           xlink:href="de-gaap-ci-2018-04-01.xsd#de-gaap-ci_nt.genInfo.retentionSpecialCarryingAmountsOfBanksOrInsurances"
           xlink:label="de-gaap-ci_nt.genInfo.retentionSpecialCarryingAmountsOfBanksOrInsurances"/>
      <loc xlink:type="locator"
           xlink:href="de-gaap-ci-2018-04-01.xsd#de-gaap-ci_nt.isInfo"
           xlink:label="de-gaap-ci_nt.isInfo"/>
      <loc xlink:type="locator"
           xlink:href="de-gaap-ci-2018-04-01.xsd#de-gaap-ci_nt.isInfo.notes"
           xlink:label="de-gaap-ci_nt.isInfo.notes"/>
      <loc xlink:type="locator"
           xlink:href="de-gaap-ci-2018-04-01.xsd#de-gaap-ci_nt.additionalNotes"
           xlink:label="de-gaap-ci_nt.additionalNotes"/>
      <loc xlink:type="locator"
           xlink:href="de-gaap-ci-2018-04-01.xsd#de-gaap-ci_nt.additionalNotes.justificationOfVoluntaryNoninclusionSubsidiary"
           xlink:label="de-gaap-ci_nt.additionalNotes.justificationOfVoluntaryNoninclusionSubsidiary"/>
      <loc xlink:type="locator"
           xlink:href="de-gaap-ci-2018-04-01.xsd#de-gaap-ci_nt.additionalNotes.comparabilityOfConsecutiveStatements"
           xlink:label="de-gaap-ci_nt.additionalNotes.comparabilityOfConsecutiveStatements"/>
      <loc xlink:type="locator"
           xlink:href="de-gaap-ci-2018-04-01.xsd#de-gaap-ci_nt.assocComp"
           xlink:label="de-gaap-ci_nt.assocComp"/>
      <loc xlink:type="locator"
           xlink:href="de-gaap-ci-2018-04-01.xsd#de-gaap-ci_nt.assocComp.proportionatellyConsolCompanies"
           xlink:label="de-gaap-ci_nt.assocComp.proportionatellyConsolCompanies"/>
      <loc xlink:type="locator"
           xlink:href="de-gaap-ci-2018-04-01.xsd#de-gaap-ci_nt.assocComp.sharesHeldInParent"
           xlink:label="de-gaap-ci_nt.assocComp.sharesHeldInParent"/>
      <loc xlink:type="locator"
           xlink:href="de-gaap-ci-2018-04-01.xsd#de-gaap-ci_nt.assocComp.DRS_8"
           xlink:label="de-gaap-ci_nt.assocComp.DRS_8"/>
      <loc xlink:type="locator"
           xlink:href="de-gaap-ci-2018-04-01.xsd#de-gaap-ci_nt.assocComp.DRS_9"
           xlink:label="de-gaap-ci_nt.assocComp.DRS_9"/>
      <loc xlink:type="locator"
           xlink:href="de-gaap-ci-2018-04-01.xsd#de-gaap-ci_nt.assocComp.DRS_11"
           xlink:label="de-gaap-ci_nt.assocComp.DRS_11"/>
      <loc xlink:type="locator" xlink:href="de-gaap-ci-2018-04-01.xsd#de-gaap-ci_nt"
           xlink:label="de-gaap-ci_nt"/>
      <loc xlink:type="locator"
           xlink:href="de-gaap-ci-2018-04-01.xsd#de-gaap-ci_nt.consolidation"
           xlink:label="de-gaap-ci_nt.consolidation"/>
      <loc xlink:type="locator"
           xlink:href="de-gaap-ci-2018-04-01.xsd#de-gaap-ci_nt.consolidation.acquisitionAccounting"
           xlink:label="de-gaap-ci_nt.consolidation.acquisitionAccounting"/>
      <loc xlink:type="locator"
           xlink:href="de-gaap-ci-2018-04-01.xsd#de-gaap-ci_nt.consolidation.acquisitionAccounting.method"
           xlink:label="de-gaap-ci_nt.consolidation.acquisitionAccounting.method"/>
      <loc xlink:type="locator"
           xlink:href="de-gaap-ci-2018-04-01.xsd#de-gaap-ci_nt.consolidation.acquisitionAccounting.dateOfSharesConsolidation"
           xlink:label="de-gaap-ci_nt.consolidation.acquisitionAccounting.dateOfSharesConsolidation"/>
      <loc xlink:type="locator"
           xlink:href="de-gaap-ci-2018-04-01.xsd#de-gaap-ci_nt.consolidation.acquisitionAccounting.explanationGoodwill"
           xlink:label="de-gaap-ci_nt.consolidation.acquisitionAccounting.explanationGoodwill"/>
      <loc xlink:type="locator"
           xlink:href="de-gaap-ci-2018-04-01.xsd#de-gaap-ci_nt.consolidation.acquisitionAccounting.offsetGoodwill"
           xlink:label="de-gaap-ci_nt.consolidation.acquisitionAccounting.offsetGoodwill"/>
      <loc xlink:type="locator"
           xlink:href="de-gaap-ci-2018-04-01.xsd#de-gaap-ci_nt.consolidation.acquisitionAccounting.disclosureOnSubsidiaries"
           xlink:label="de-gaap-ci_nt.consolidation.acquisitionAccounting.disclosureOnSubsidiaries"/>
      <loc xlink:type="locator"
           xlink:href="de-gaap-ci-2018-04-01.xsd#de-gaap-ci_nt.consolidation.interestPooling"
           xlink:label="de-gaap-ci_nt.consolidation.interestPooling"/>
      <loc xlink:type="locator"
           xlink:href="de-gaap-ci-2018-04-01.xsd#de-gaap-ci_nt.consolidation.interestPooling.comment"
           xlink:label="de-gaap-ci_nt.consolidation.interestPooling.comment"/>
      <loc xlink:type="locator"
           xlink:href="de-gaap-ci-2018-04-01.xsd#de-gaap-ci_nt.consolidation.proRata"
           xlink:label="de-gaap-ci_nt.consolidation.proRata"/>
      <loc xlink:type="locator"
           xlink:href="de-gaap-ci-2018-04-01.xsd#de-gaap-ci_nt.consolidation.proRata.comment"
           xlink:label="de-gaap-ci_nt.consolidation.proRata.comment"/>
      <loc xlink:type="locator"
           xlink:href="de-gaap-ci-2018-04-01.xsd#de-gaap-ci_nt.consolidation.eqConsol"
           xlink:label="de-gaap-ci_nt.consolidation.eqConsol"/>
      <loc xlink:type="locator"
           xlink:href="de-gaap-ci-2018-04-01.xsd#de-gaap-ci_nt.consolidation.eqConsol.diffFromAccountingAtEquity"
           xlink:label="de-gaap-ci_nt.consolidation.eqConsol.diffFromAccountingAtEquity"/>
      <loc xlink:type="locator"
           xlink:href="de-gaap-ci-2018-04-01.xsd#de-gaap-ci_nt.consolidation.eqConsol.diffFromAccountingAtEquity.amount"
           xlink:label="de-gaap-ci_nt.consolidation.eqConsol.diffFromAccountingAtEquity.amount"/>
      <loc xlink:type="locator"
           xlink:href="de-gaap-ci-2018-04-01.xsd#de-gaap-ci_nt.consolidation.eqConsol.equityAccountingMethod"
           xlink:label="de-gaap-ci_nt.consolidation.eqConsol.equityAccountingMethod"/>
      <loc xlink:type="locator"
           xlink:href="de-gaap-ci-2018-04-01.xsd#de-gaap-ci_nt.consolidation.eqConsol.equityAccountingDate"
           xlink:label="de-gaap-ci_nt.consolidation.eqConsol.equityAccountingDate"/>
      <loc xlink:type="locator"
           xlink:href="de-gaap-ci-2018-04-01.xsd#de-gaap-ci_nt.consolidation.eqConsol.equityAccountingNonadjustment"
           xlink:label="de-gaap-ci_nt.consolidation.eqConsol.equityAccountingNonadjustment"/>
      <loc xlink:type="locator"
           xlink:href="de-gaap-ci-2018-04-01.xsd#de-gaap-ci_nt.consolidation.eqConsol.associates"
           xlink:label="de-gaap-ci_nt.consolidation.eqConsol.associates"/>
      <loc xlink:type="locator"
           xlink:href="de-gaap-ci-2018-04-01.xsd#de-gaap-ci_nt.consolidation.eqConsol.associateNotPresentedSeparately"
           xlink:label="de-gaap-ci_nt.consolidation.eqConsol.associateNotPresentedSeparately"/>
      <loc xlink:type="locator"
           xlink:href="de-gaap-ci-2018-04-01.xsd#de-gaap-ci_nt.consolidation.interimResElim"
           xlink:label="de-gaap-ci_nt.consolidation.interimResElim"/>
      <loc xlink:type="locator"
           xlink:href="de-gaap-ci-2018-04-01.xsd#de-gaap-ci_nt.consolidation.interimResElim.omision"
           xlink:label="de-gaap-ci_nt.consolidation.interimResElim.omision"/>
      <loc xlink:type="locator"
           xlink:href="de-gaap-ci-2018-04-01.xsd#de-gaap-ci_nt.consolidation.changeConsolCicle"
           xlink:label="de-gaap-ci_nt.consolidation.changeConsolCicle"/>
      <loc xlink:type="locator"
           xlink:href="de-gaap-ci-2018-04-01.xsd#de-gaap-ci_nt.consolidation.DRS4_54"
           xlink:label="de-gaap-ci_nt.consolidation.DRS4_54"/>
      <loc xlink:type="locator"
           xlink:href="de-gaap-ci-2018-04-01.xsd#de-gaap-ci_nt.consolidation.DRS4_56"
           xlink:label="de-gaap-ci_nt.consolidation.DRS4_56"/>
      <loc xlink:type="locator"
           xlink:href="de-gaap-ci-2018-04-01.xsd#de-gaap-ci_nt.consolidation.DRS4_57"
           xlink:label="de-gaap-ci_nt.consolidation.DRS4_57"/>
      <loc xlink:type="locator"
           xlink:href="de-gaap-ci-2018-04-01.xsd#de-gaap-ci_nt.consolidation.DRS4_58"
           xlink:label="de-gaap-ci_nt.consolidation.DRS4_58"/>
      <loc xlink:type="locator"
           xlink:href="de-gaap-ci-2018-04-01.xsd#de-gaap-ci_nt.consolidation.DRS4_60"
           xlink:label="de-gaap-ci_nt.consolidation.DRS4_60"/>
      <loc xlink:type="locator"
           xlink:href="de-gaap-ci-2018-04-01.xsd#de-gaap-ci_nt.consolidation.DRS4_61"
           xlink:label="de-gaap-ci_nt.consolidation.DRS4_61"/>
      <loc xlink:type="locator"
           xlink:href="de-gaap-ci-2018-04-01.xsd#de-gaap-ci_nt.consolidation.DRS14_39"
           xlink:label="de-gaap-ci_nt.consolidation.DRS14_39"/>
      <presentationArc xlink:from="de-gaap-ci_nt.segmBusiness.profit"
                       xlink:to="de-gaap-ci_nt.segmBusiness.profit.profAssoc"
                       order="3"
                       xlink:arcrole="http://www.xbrl.org/2003/arcrole/parent-child"
                       xlink:type="arc"/>
      <presentationArc xlink:from="de-gaap-ci_nt.segmGeographical"
                       xlink:to="de-gaap-ci_nt.segmGeographical.profit.profAssoc"
                       order="10"
                       xlink:arcrole="http://www.xbrl.org/2003/arcrole/parent-child"
                       xlink:type="arc"/>
      <presentationArc xlink:from="de-gaap-ci_nt.genInfo"
                       xlink:to="de-gaap-ci_nt.genInfo.reasonForMeasurementDif"
                       order="10"
                       xlink:arcrole="http://www.xbrl.org/2003/arcrole/parent-child"
                       xlink:type="arc"/>
      <presentationArc xlink:from="de-gaap-ci_nt.genInfo"
                       xlink:to="de-gaap-ci_nt.genInfo.specialCarryingAmountsOfBanksOrInsurances"
                       order="11"
                       xlink:arcrole="http://www.xbrl.org/2003/arcrole/parent-child"
                       xlink:type="arc"/>
      <presentationArc xlink:from="de-gaap-ci_nt.genInfo"
                       xlink:to="de-gaap-ci_nt.genInfo.reasonsForDepartureFromUniformMeasurement"
                       order="12"
                       xlink:arcrole="http://www.xbrl.org/2003/arcrole/parent-child"
                       xlink:type="arc"/>
      <presentationArc xlink:from="de-gaap-ci_nt.genInfo"
                       xlink:to="de-gaap-ci_nt.genInfo.departureFromPriorConsolMethods"
                       order="13"
                       xlink:arcrole="http://www.xbrl.org/2003/arcrole/parent-child"
                       xlink:type="arc"/>
      <presentationArc xlink:from="de-gaap-ci_nt.genInfo"
                       xlink:to="de-gaap-ci_nt.genInfo.effectOfDepartureFromPriorConsolMethods"
                       order="14"
                       xlink:arcrole="http://www.xbrl.org/2003/arcrole/parent-child"
                       xlink:type="arc"/>
      <presentationArc xlink:from="de-gaap-ci_nt.genInfo"
                       xlink:to="de-gaap-ci_nt.genInfo.differenceGroupBalanceAndParentBalance"
                       order="15"
                       xlink:arcrole="http://www.xbrl.org/2003/arcrole/parent-child"
                       xlink:type="arc"/>
      <presentationArc xlink:from="de-gaap-ci_nt.genInfo"
                       xlink:to="de-gaap-ci_nt.genInfo.transactionsWithEntitiesWithDifferingYearEnd"
                       order="16"
                       xlink:arcrole="http://www.xbrl.org/2003/arcrole/parent-child"
                       xlink:type="arc"/>
      <presentationArc xlink:from="de-gaap-ci_nt.genInfo"
                       xlink:to="de-gaap-ci_nt.genInfo.retentionSpecialCarryingAmountsOfBanksOrInsurances"
                       order="22"
                       xlink:arcrole="http://www.xbrl.org/2003/arcrole/parent-child"
                       xlink:type="arc"/>
      <presentationArc xlink:from="de-gaap-ci_nt.isInfo" xlink:to="de-gaap-ci_nt.isInfo.notes"
                       order="15"
                       xlink:arcrole="http://www.xbrl.org/2003/arcrole/parent-child"
                       xlink:type="arc"/>
      <presentationArc xlink:from="de-gaap-ci_nt.additionalNotes"
                       xlink:to="de-gaap-ci_nt.additionalNotes.justificationOfVoluntaryNoninclusionSubsidiary"
                       order="8"
                       xlink:arcrole="http://www.xbrl.org/2003/arcrole/parent-child"
                       xlink:type="arc"/>
      <presentationArc xlink:from="de-gaap-ci_nt.additionalNotes"
                       xlink:to="de-gaap-ci_nt.additionalNotes.comparabilityOfConsecutiveStatements"
                       order="9"
                       xlink:arcrole="http://www.xbrl.org/2003/arcrole/parent-child"
                       xlink:type="arc"/>
      <presentationArc xlink:from="de-gaap-ci_nt.assocComp"
                       xlink:to="de-gaap-ci_nt.assocComp.proportionatellyConsolCompanies"
                       order="9"
                       xlink:arcrole="http://www.xbrl.org/2003/arcrole/parent-child"
                       xlink:type="arc"/>
      <presentationArc xlink:from="de-gaap-ci_nt.assocComp"
                       xlink:to="de-gaap-ci_nt.assocComp.sharesHeldInParent"
                       order="10"
                       xlink:arcrole="http://www.xbrl.org/2003/arcrole/parent-child"
                       xlink:type="arc"/>
      <presentationArc xlink:from="de-gaap-ci_nt.assocComp" xlink:to="de-gaap-ci_nt.assocComp.DRS_8"
                       order="11"
                       xlink:arcrole="http://www.xbrl.org/2003/arcrole/parent-child"
                       xlink:type="arc"/>
      <presentationArc xlink:from="de-gaap-ci_nt.assocComp" xlink:to="de-gaap-ci_nt.assocComp.DRS_9"
                       order="12"
                       xlink:arcrole="http://www.xbrl.org/2003/arcrole/parent-child"
                       xlink:type="arc"/>
      <presentationArc xlink:from="de-gaap-ci_nt.assocComp" xlink:to="de-gaap-ci_nt.assocComp.DRS_11"
                       order="13"
                       xlink:arcrole="http://www.xbrl.org/2003/arcrole/parent-child"
                       xlink:type="arc"/>
      <presentationArc xlink:from="de-gaap-ci_nt" xlink:to="de-gaap-ci_nt.consolidation" order="11"
                       xlink:arcrole="http://www.xbrl.org/2003/arcrole/parent-child"
                       xlink:type="arc"/>
      <presentationArc xlink:from="de-gaap-ci_nt.consolidation"
                       xlink:to="de-gaap-ci_nt.consolidation.acquisitionAccounting"
                       order="1"
                       xlink:arcrole="http://www.xbrl.org/2003/arcrole/parent-child"
                       xlink:type="arc"/>
      <presentationArc xlink:from="de-gaap-ci_nt.consolidation.acquisitionAccounting"
                       xlink:to="de-gaap-ci_nt.consolidation.acquisitionAccounting.method"
                       order="1"
                       xlink:arcrole="http://www.xbrl.org/2003/arcrole/parent-child"
                       xlink:type="arc"/>
      <presentationArc xlink:from="de-gaap-ci_nt.consolidation.acquisitionAccounting"
                       xlink:to="de-gaap-ci_nt.consolidation.acquisitionAccounting.dateOfSharesConsolidation"
                       order="2"
                       xlink:arcrole="http://www.xbrl.org/2003/arcrole/parent-child"
                       xlink:type="arc"/>
      <presentationArc xlink:from="de-gaap-ci_nt.consolidation.acquisitionAccounting"
                       xlink:to="de-gaap-ci_nt.consolidation.acquisitionAccounting.explanationGoodwill"
                       order="3"
                       xlink:arcrole="http://www.xbrl.org/2003/arcrole/parent-child"
                       xlink:type="arc"/>
      <presentationArc xlink:from="de-gaap-ci_nt.consolidation.acquisitionAccounting"
                       xlink:to="de-gaap-ci_nt.consolidation.acquisitionAccounting.offsetGoodwill"
                       order="4"
                       xlink:arcrole="http://www.xbrl.org/2003/arcrole/parent-child"
                       xlink:type="arc"/>
      <presentationArc xlink:from="de-gaap-ci_nt.consolidation.acquisitionAccounting"
                       xlink:to="de-gaap-ci_nt.consolidation.acquisitionAccounting.disclosureOnSubsidiaries"
                       order="5"
                       xlink:arcrole="http://www.xbrl.org/2003/arcrole/parent-child"
                       xlink:type="arc"/>
      <presentationArc xlink:from="de-gaap-ci_nt.consolidation"
                       xlink:to="de-gaap-ci_nt.consolidation.interestPooling"
                       order="2"
                       xlink:arcrole="http://www.xbrl.org/2003/arcrole/parent-child"
                       xlink:type="arc"/>
      <presentationArc xlink:from="de-gaap-ci_nt.consolidation.interestPooling"
                       xlink:to="de-gaap-ci_nt.consolidation.interestPooling.comment"
                       order="1"
                       xlink:arcrole="http://www.xbrl.org/2003/arcrole/parent-child"
                       xlink:type="arc"/>
      <presentationArc xlink:from="de-gaap-ci_nt.consolidation"
                       xlink:to="de-gaap-ci_nt.consolidation.proRata"
                       order="3"
                       xlink:arcrole="http://www.xbrl.org/2003/arcrole/parent-child"
                       xlink:type="arc"/>
      <presentationArc xlink:from="de-gaap-ci_nt.consolidation.proRata"
                       xlink:to="de-gaap-ci_nt.consolidation.proRata.comment"
                       order="1"
                       xlink:arcrole="http://www.xbrl.org/2003/arcrole/parent-child"
                       xlink:type="arc"/>
      <presentationArc xlink:from="de-gaap-ci_nt.consolidation"
                       xlink:to="de-gaap-ci_nt.consolidation.eqConsol"
                       order="4"
                       xlink:arcrole="http://www.xbrl.org/2003/arcrole/parent-child"
                       xlink:type="arc"/>
      <presentationArc xlink:from="de-gaap-ci_nt.consolidation.eqConsol"
                       xlink:to="de-gaap-ci_nt.consolidation.eqConsol.diffFromAccountingAtEquity"
                       order="1"
                       xlink:arcrole="http://www.xbrl.org/2003/arcrole/parent-child"
                       xlink:type="arc"/>
      <presentationArc xlink:from="de-gaap-ci_nt.consolidation.eqConsol"
                       xlink:to="de-gaap-ci_nt.consolidation.eqConsol.diffFromAccountingAtEquity.amount"
                       order="2"
                       xlink:arcrole="http://www.xbrl.org/2003/arcrole/parent-child"
                       xlink:type="arc"/>
      <presentationArc xlink:from="de-gaap-ci_nt.consolidation.eqConsol"
                       xlink:to="de-gaap-ci_nt.consolidation.eqConsol.equityAccountingMethod"
                       order="3"
                       xlink:arcrole="http://www.xbrl.org/2003/arcrole/parent-child"
                       xlink:type="arc"/>
      <presentationArc xlink:from="de-gaap-ci_nt.consolidation.eqConsol"
                       xlink:to="de-gaap-ci_nt.consolidation.eqConsol.equityAccountingDate"
                       order="4"
                       xlink:arcrole="http://www.xbrl.org/2003/arcrole/parent-child"
                       xlink:type="arc"/>
      <presentationArc xlink:from="de-gaap-ci_nt.consolidation.eqConsol"
                       xlink:to="de-gaap-ci_nt.consolidation.eqConsol.equityAccountingNonadjustment"
                       order="5"
                       xlink:arcrole="http://www.xbrl.org/2003/arcrole/parent-child"
                       xlink:type="arc"/>
      <presentationArc xlink:from="de-gaap-ci_nt.consolidation.eqConsol"
                       xlink:to="de-gaap-ci_nt.consolidation.eqConsol.associates"
                       order="6"
                       xlink:arcrole="http://www.xbrl.org/2003/arcrole/parent-child"
                       xlink:type="arc"/>
      <presentationArc xlink:from="de-gaap-ci_nt.consolidation.eqConsol"
                       xlink:to="de-gaap-ci_nt.consolidation.eqConsol.associateNotPresentedSeparately"
                       order="7"
                       xlink:arcrole="http://www.xbrl.org/2003/arcrole/parent-child"
                       xlink:type="arc"/>
      <presentationArc xlink:from="de-gaap-ci_nt.consolidation"
                       xlink:to="de-gaap-ci_nt.consolidation.interimResElim"
                       order="5"
                       xlink:arcrole="http://www.xbrl.org/2003/arcrole/parent-child"
                       xlink:type="arc"/>
      <presentationArc xlink:from="de-gaap-ci_nt.consolidation.interimResElim"
                       xlink:to="de-gaap-ci_nt.consolidation.interimResElim.omision"
                       order="1"
                       xlink:arcrole="http://www.xbrl.org/2003/arcrole/parent-child"
                       xlink:type="arc"/>
      <presentationArc xlink:from="de-gaap-ci_nt.consolidation"
                       xlink:to="de-gaap-ci_nt.consolidation.changeConsolCicle"
                       order="6"
                       xlink:arcrole="http://www.xbrl.org/2003/arcrole/parent-child"
                       xlink:type="arc"/>
      <presentationArc xlink:from="de-gaap-ci_nt.consolidation"
                       xlink:to="de-gaap-ci_nt.consolidation.DRS4_54"
                       order="7"
                       xlink:arcrole="http://www.xbrl.org/2003/arcrole/parent-child"
                       xlink:type="arc"/>
      <presentationArc xlink:from="de-gaap-ci_nt.consolidation"
                       xlink:to="de-gaap-ci_nt.consolidation.DRS4_56"
                       order="8"
                       xlink:arcrole="http://www.xbrl.org/2003/arcrole/parent-child"
                       xlink:type="arc"/>
      <presentationArc xlink:from="de-gaap-ci_nt.consolidation"
                       xlink:to="de-gaap-ci_nt.consolidation.DRS4_57"
                       order="9"
                       xlink:arcrole="http://www.xbrl.org/2003/arcrole/parent-child"
                       xlink:type="arc"/>
      <presentationArc xlink:from="de-gaap-ci_nt.consolidation"
                       xlink:to="de-gaap-ci_nt.consolidation.DRS4_58"
                       order="10"
                       xlink:arcrole="http://www.xbrl.org/2003/arcrole/parent-child"
                       xlink:type="arc"/>
      <presentationArc xlink:from="de-gaap-ci_nt.consolidation"
                       xlink:to="de-gaap-ci_nt.consolidation.DRS4_60"
                       order="11"
                       xlink:arcrole="http://www.xbrl.org/2003/arcrole/parent-child"
                       xlink:type="arc"/>
      <presentationArc xlink:from="de-gaap-ci_nt.consolidation"
                       xlink:to="de-gaap-ci_nt.consolidation.DRS4_61"
                       order="12"
                       xlink:arcrole="http://www.xbrl.org/2003/arcrole/parent-child"
                       xlink:type="arc"/>
      <presentationArc xlink:from="de-gaap-ci_nt.consolidation"
                       xlink:to="de-gaap-ci_nt.consolidation.DRS14_39"
                       order="13"
                       xlink:arcrole="http://www.xbrl.org/2003/arcrole/parent-child"
                       xlink:type="arc"/>
   </presentationLink>
</linkbase>