<?xml version="1.0" encoding="utf-8"?>
<!--(c) XBRL Deutschland e.V. - see http://www.xbrl.de-->


<linkbase xmlns="http://www.xbrl.org/2003/linkbase"
          xmlns:xsi="http://www.w3.org/2001/XMLSchema-instance"
          xsi:schemaLocation="http://www.xbrl.org/2003/linkbase http://www.xbrl.org/2003/xbrl-linkbase-2003-12-31.xsd">
   <roleRef xmlns:xlink="http://www.w3.org/1999/xlink"
            roleURI="http://www.xbrl.de/taxonomies/de-gaap-ci/role/incomeStatement"
            xlink:href="de-gaap-ci-2018-04-01.xsd#role_incomeStatement"
            xlink:type="simple"/>
   <presentationLink xmlns:xlink="http://www.w3.org/1999/xlink"
                     xlink:role="http://www.xbrl.de/taxonomies/de-gaap-ci/role/incomeStatement"
                     xlink:type="extended">
      <loc xlink:type="locator"
           xlink:href="de-gaap-ci-2018-04-01.xsd#de-gaap-ci_is.netIncome.regular.operatingTC.otherOpRevenue"
           xlink:label="de-gaap-ci_is.netIncome.regular.operatingTC.otherOpRevenue"/>
      <loc xlink:type="locator"
           xlink:href="de-gaap-ci-2018-04-01.xsd#de-gaap-ci_is.netIncome.regular.operatingTC.otherOpRevenue.liabConsol"
           xlink:label="de-gaap-ci_is.netIncome.regular.operatingTC.otherOpRevenue.liabConsol"/>
      <loc xlink:type="locator"
           xlink:href="de-gaap-ci-2018-04-01.xsd#de-gaap-ci_is.netIncome.regular.operatingTC.otherOpRevenue.incomeCons"
           xlink:label="de-gaap-ci_is.netIncome.regular.operatingTC.otherOpRevenue.incomeCons"/>
      <loc xlink:type="locator"
           xlink:href="de-gaap-ci-2018-04-01.xsd#de-gaap-ci_is.netIncome.regular.operatingTC.otherOpRevenue.consolDispos"
           xlink:label="de-gaap-ci_is.netIncome.regular.operatingTC.otherOpRevenue.consolDispos"/>
      <loc xlink:type="locator"
           xlink:href="de-gaap-ci-2018-04-01.xsd#de-gaap-ci_is.netIncome.regular.operatingTC.otherCost"
           xlink:label="de-gaap-ci_is.netIncome.regular.operatingTC.otherCost"/>
      <loc xlink:type="locator"
           xlink:href="de-gaap-ci-2018-04-01.xsd#de-gaap-ci_is.netIncome.regular.operatingTC.otherCost.liabConsol"
           xlink:label="de-gaap-ci_is.netIncome.regular.operatingTC.otherCost.liabConsol"/>
      <loc xlink:type="locator"
           xlink:href="de-gaap-ci-2018-04-01.xsd#de-gaap-ci_is.netIncome.regular.operatingTC.otherCost.incomeCons"
           xlink:label="de-gaap-ci_is.netIncome.regular.operatingTC.otherCost.incomeCons"/>
      <loc xlink:type="locator"
           xlink:href="de-gaap-ci-2018-04-01.xsd#de-gaap-ci_is.netIncome.regular.operatingTC.otherCost.deconsolidation"
           xlink:label="de-gaap-ci_is.netIncome.regular.operatingTC.otherCost.deconsolidation"/>
      <loc xlink:type="locator"
           xlink:href="de-gaap-ci-2018-04-01.xsd#de-gaap-ci_is.netIncome.regular.operatingCOGS.grossOpProfit.otherRevenue"
           xlink:label="de-gaap-ci_is.netIncome.regular.operatingCOGS.grossOpProfit.otherRevenue"/>
      <loc xlink:type="locator"
           xlink:href="de-gaap-ci-2018-04-01.xsd#de-gaap-ci_is.netIncome.regular.operatingCOGS.grossOpProfit.otherRevenue.liabConsol"
           xlink:label="de-gaap-ci_is.netIncome.regular.operatingCOGS.grossOpProfit.otherRevenue.liabConsol"/>
      <loc xlink:type="locator"
           xlink:href="de-gaap-ci-2018-04-01.xsd#de-gaap-ci_is.netIncome.regular.operatingCOGS.grossOpProfit.otherRevenue.incomeCons"
           xlink:label="de-gaap-ci_is.netIncome.regular.operatingCOGS.grossOpProfit.otherRevenue.incomeCons"/>
      <loc xlink:type="locator"
           xlink:href="de-gaap-ci-2018-04-01.xsd#de-gaap-ci_is.netIncome.regular.operatingCOGS.grossOpProfit.otherRevenue.consolDispos"
           xlink:label="de-gaap-ci_is.netIncome.regular.operatingCOGS.grossOpProfit.otherRevenue.consolDispos"/>
      <loc xlink:type="locator"
           xlink:href="de-gaap-ci-2018-04-01.xsd#de-gaap-ci_is.netIncome.regular.operatingCOGS.otherCostTC"
           xlink:label="de-gaap-ci_is.netIncome.regular.operatingCOGS.otherCostTC"/>
      <loc xlink:type="locator"
           xlink:href="de-gaap-ci-2018-04-01.xsd#de-gaap-ci_is.netIncome.regular.operatingCOGS.otherCostTC.liabConsol"
           xlink:label="de-gaap-ci_is.netIncome.regular.operatingCOGS.otherCostTC.liabConsol"/>
      <loc xlink:type="locator"
           xlink:href="de-gaap-ci-2018-04-01.xsd#de-gaap-ci_is.netIncome.regular.operatingCOGS.otherCostTC.incomeCons"
           xlink:label="de-gaap-ci_is.netIncome.regular.operatingCOGS.otherCostTC.incomeCons"/>
      <loc xlink:type="locator"
           xlink:href="de-gaap-ci-2018-04-01.xsd#de-gaap-ci_is.netIncome.regular.operatingCOGS.otherCostTC.deconsolitation"
           xlink:label="de-gaap-ci_is.netIncome.regular.operatingCOGS.otherCostTC.deconsolitation"/>
      <loc xlink:type="locator"
           xlink:href="de-gaap-ci-2018-04-01.xsd#de-gaap-ci_is.netIncome.regular.fin.netParticipation.earnings.particip"
           xlink:label="de-gaap-ci_is.netIncome.regular.fin.netParticipation.earnings.particip"/>
      <loc xlink:type="locator"
           xlink:href="de-gaap-ci-2018-04-01.xsd#de-gaap-ci_is.netIncome.regular.fin.netParticipation.earnings.particip.assoc"
           xlink:label="de-gaap-ci_is.netIncome.regular.fin.netParticipation.earnings.particip.assoc"/>
      <loc xlink:type="locator"
           xlink:href="de-gaap-ci-2018-04-01.xsd#de-gaap-ci_is.netIncome.regular.fin"
           xlink:label="de-gaap-ci_is.netIncome.regular.fin"/>
      <loc xlink:type="locator"
           xlink:href="de-gaap-ci-2018-04-01.xsd#de-gaap-ci_is.netIncome.regular.fin.netParticipation.earningAssoc"
           xlink:label="de-gaap-ci_is.netIncome.regular.fin.netParticipation.earningAssoc"/>
      <loc xlink:type="locator"
           xlink:href="de-gaap-ci-2018-04-01.xsd#de-gaap-ci_is.netIncome.regular.fin.netParticipation.resultsAssoc"
           xlink:label="de-gaap-ci_is.netIncome.regular.fin.netParticipation.resultsAssoc"/>
      <loc xlink:type="locator"
           xlink:href="de-gaap-ci-2018-04-01.xsd#de-gaap-ci_is.netIncome.regular.fin.netParticipation.lossAssoc"
           xlink:label="de-gaap-ci_is.netIncome.regular.fin.netParticipation.lossAssoc"/>
      <loc xlink:type="locator"
           xlink:href="de-gaap-ci-2018-04-01.xsd#de-gaap-ci_is.netIncome"
           xlink:label="de-gaap-ci_is.netIncome"/>
      <loc xlink:type="locator"
           xlink:href="de-gaap-ci-2018-04-01.xsd#de-gaap-ci_is.netIncome.thereoffMinorityIntProfit"
           xlink:label="de-gaap-ci_is.netIncome.thereoffMinorityIntProfit"/>
      <loc xlink:type="locator"
           xlink:href="de-gaap-ci-2018-04-01.xsd#de-gaap-ci_is.netIncome.thereoffMinorityIntLoss"
           xlink:label="de-gaap-ci_is.netIncome.thereoffMinorityIntLoss"/>
      <presentationArc xlink:from="de-gaap-ci_is.netIncome.regular.operatingTC.otherOpRevenue"
                       xlink:to="de-gaap-ci_is.netIncome.regular.operatingTC.otherOpRevenue.liabConsol"
                       order="8"
                       xlink:arcrole="http://www.xbrl.org/2003/arcrole/parent-child"
                       xlink:type="arc"/>
      <presentationArc xlink:from="de-gaap-ci_is.netIncome.regular.operatingTC.otherOpRevenue"
                       xlink:to="de-gaap-ci_is.netIncome.regular.operatingTC.otherOpRevenue.incomeCons"
                       order="9"
                       xlink:arcrole="http://www.xbrl.org/2003/arcrole/parent-child"
                       xlink:type="arc"/>
      <presentationArc xlink:from="de-gaap-ci_is.netIncome.regular.operatingTC.otherOpRevenue"
                       xlink:to="de-gaap-ci_is.netIncome.regular.operatingTC.otherOpRevenue.consolDispos"
                       order="10"
                       xlink:arcrole="http://www.xbrl.org/2003/arcrole/parent-child"
                       xlink:type="arc"/>
      <presentationArc xlink:from="de-gaap-ci_is.netIncome.regular.operatingTC.otherCost"
                       xlink:to="de-gaap-ci_is.netIncome.regular.operatingTC.otherCost.liabConsol"
                       order="20"
                       xlink:arcrole="http://www.xbrl.org/2003/arcrole/parent-child"
                       xlink:type="arc"/>
      <presentationArc xlink:from="de-gaap-ci_is.netIncome.regular.operatingTC.otherCost"
                       xlink:to="de-gaap-ci_is.netIncome.regular.operatingTC.otherCost.incomeCons"
                       order="21"
                       xlink:arcrole="http://www.xbrl.org/2003/arcrole/parent-child"
                       xlink:type="arc"/>
      <presentationArc xlink:from="de-gaap-ci_is.netIncome.regular.operatingTC.otherCost"
                       xlink:to="de-gaap-ci_is.netIncome.regular.operatingTC.otherCost.deconsolidation"
                       order="22"
                       xlink:arcrole="http://www.xbrl.org/2003/arcrole/parent-child"
                       xlink:type="arc"/>
      <presentationArc xlink:from="de-gaap-ci_is.netIncome.regular.operatingCOGS.grossOpProfit.otherRevenue"
                       xlink:to="de-gaap-ci_is.netIncome.regular.operatingCOGS.grossOpProfit.otherRevenue.liabConsol"
                       order="8"
                       xlink:arcrole="http://www.xbrl.org/2003/arcrole/parent-child"
                       xlink:type="arc"/>
      <presentationArc xlink:from="de-gaap-ci_is.netIncome.regular.operatingCOGS.grossOpProfit.otherRevenue"
                       xlink:to="de-gaap-ci_is.netIncome.regular.operatingCOGS.grossOpProfit.otherRevenue.incomeCons"
                       order="9"
                       xlink:arcrole="http://www.xbrl.org/2003/arcrole/parent-child"
                       xlink:type="arc"/>
      <presentationArc xlink:from="de-gaap-ci_is.netIncome.regular.operatingCOGS.grossOpProfit.otherRevenue"
                       xlink:to="de-gaap-ci_is.netIncome.regular.operatingCOGS.grossOpProfit.otherRevenue.consolDispos"
                       order="10"
                       xlink:arcrole="http://www.xbrl.org/2003/arcrole/parent-child"
                       xlink:type="arc"/>
      <presentationArc xlink:from="de-gaap-ci_is.netIncome.regular.operatingCOGS.otherCostTC"
                       xlink:to="de-gaap-ci_is.netIncome.regular.operatingCOGS.otherCostTC.liabConsol"
                       order="15.1"
                       xlink:arcrole="http://www.xbrl.org/2003/arcrole/parent-child"
                       xlink:type="arc"/>
      <presentationArc xlink:from="de-gaap-ci_is.netIncome.regular.operatingCOGS.otherCostTC"
                       xlink:to="de-gaap-ci_is.netIncome.regular.operatingCOGS.otherCostTC.incomeCons"
                       order="15.2"
                       xlink:arcrole="http://www.xbrl.org/2003/arcrole/parent-child"
                       xlink:type="arc"/>
      <presentationArc xlink:from="de-gaap-ci_is.netIncome.regular.operatingCOGS.otherCostTC"
                       xlink:to="de-gaap-ci_is.netIncome.regular.operatingCOGS.otherCostTC.deconsolitation"
                       order="15.3"
                       xlink:arcrole="http://www.xbrl.org/2003/arcrole/parent-child"
                       xlink:type="arc"/>
      <presentationArc xlink:from="de-gaap-ci_is.netIncome.regular.fin.netParticipation.earnings.particip"
                       xlink:to="de-gaap-ci_is.netIncome.regular.fin.netParticipation.earnings.particip.assoc"
                       order="1"
                       xlink:arcrole="http://www.xbrl.org/2003/arcrole/parent-child"
                       xlink:type="arc"/>
      <presentationArc xlink:from="de-gaap-ci_is.netIncome.regular.fin"
                       xlink:to="de-gaap-ci_is.netIncome.regular.fin.netParticipation.earningAssoc"
                       order="4.5"
                       xlink:arcrole="http://www.xbrl.org/2003/arcrole/parent-child"
                       xlink:type="arc"/>
      <presentationArc xlink:from="de-gaap-ci_is.netIncome.regular.fin"
                       xlink:to="de-gaap-ci_is.netIncome.regular.fin.netParticipation.resultsAssoc"
                       order="4.6"
                       xlink:arcrole="http://www.xbrl.org/2003/arcrole/parent-child"
                       xlink:type="arc"/>
      <presentationArc xlink:from="de-gaap-ci_is.netIncome.regular.fin"
                       xlink:to="de-gaap-ci_is.netIncome.regular.fin.netParticipation.lossAssoc"
                       order="8"
                       xlink:arcrole="http://www.xbrl.org/2003/arcrole/parent-child"
                       xlink:type="arc"/>
      <presentationArc xlink:from="de-gaap-ci_is.netIncome"
                       xlink:to="de-gaap-ci_is.netIncome.thereoffMinorityIntProfit"
                       order="8"
                       xlink:arcrole="http://www.xbrl.org/2003/arcrole/parent-child"
                       xlink:type="arc"/>
      <presentationArc xlink:from="de-gaap-ci_is.netIncome"
                       xlink:to="de-gaap-ci_is.netIncome.thereoffMinorityIntLoss"
                       order="9"
                       xlink:arcrole="http://www.xbrl.org/2003/arcrole/parent-child"
                       xlink:type="arc"/>
   </presentationLink>
</linkbase>