<?xml version="1.0" encoding="utf-8"?>
<!--(c) XBRL Deutschland e.V. - see http://www.xbrl.de-->


<linkbase xmlns="http://www.xbrl.org/2003/linkbase"
          xmlns:xsi="http://www.w3.org/2001/XMLSchema-instance"
          xsi:schemaLocation="http://www.xbrl.org/2003/linkbase http://www.xbrl.org/2003/xbrl-linkbase-2003-12-31.xsd">
   <roleRef xmlns:xlink="http://www.w3.org/1999/xlink"
            roleURI="http://www.xbrl.de/taxonomies/de-gaap-ci/role/OtherReportElements"
            xlink:href="de-gaap-ci-2018-04-01.xsd#role_OtherReportElements"
            xlink:type="simple"/>
   <presentationLink xmlns:xlink="http://www.w3.org/1999/xlink"
                     xlink:role="http://www.xbrl.de/taxonomies/de-gaap-ci/role/OtherReportElements"
                     xlink:type="extended">
      <loc xlink:type="locator"
           xlink:href="de-gaap-ci-2018-04-01.xsd#de-gaap-ci_OtherReportElements"
           xlink:label="de-gaap-ci_OtherReportElements"/>
      <loc xlink:type="locator"
           xlink:href="de-gaap-ci-2018-04-01.xsd#de-gaap-ci_OtherReportElements.ReportSupervisoryboard"
           xlink:label="de-gaap-ci_OtherReportElements.ReportSupervisoryboard"/>
      <loc xlink:type="locator"
           xlink:href="de-gaap-ci-2018-04-01.xsd#de-gaap-ci_OtherReportElements.invitationAnnualMeeting"
           xlink:label="de-gaap-ci_OtherReportElements.invitationAnnualMeeting"/>
      <loc xlink:type="locator"
           xlink:href="de-gaap-ci-2018-04-01.xsd#de-gaap-ci_OtherReportElements.Decisions"
           xlink:label="de-gaap-ci_OtherReportElements.Decisions"/>
      <loc xlink:type="locator"
           xlink:href="de-gaap-ci-2018-04-01.xsd#de-gaap-ci_OtherReportElements.HGB264_2_3"
           xlink:label="de-gaap-ci_OtherReportElements.HGB264_2_3"/>
      <loc xlink:type="locator"
           xlink:href="de-gaap-ci-2018-04-01.xsd#de-gaap-ci_OtherReportElements.other"
           xlink:label="de-gaap-ci_OtherReportElements.other"/>
      <loc xlink:type="locator"
           xlink:href="de-gaap-ci-2018-04-01.xsd#de-gaap-ci_OtherReportElements.companyLeading"
           xlink:label="de-gaap-ci_OtherReportElements.companyLeading"/>
      <loc xlink:type="locator"
           xlink:href="de-gaap-ci-2018-04-01.xsd#de-gaap-ci_OtherReportElements.NonFinancialReport"
           xlink:label="de-gaap-ci_OtherReportElements.NonFinancialReport"/>
      <loc xlink:type="locator"
           xlink:href="de-gaap-ci-2018-04-01.xsd#de-gaap-ci_OtherReportElements.EqualisationAndEqualityOfPaymentReport"
           xlink:label="de-gaap-ci_OtherReportElements.EqualisationAndEqualityOfPaymentReport"/>
      <presentationArc xlink:from="de-gaap-ci_OtherReportElements"
                       xlink:to="de-gaap-ci_OtherReportElements.ReportSupervisoryboard"
                       order="1"
                       xlink:arcrole="http://www.xbrl.org/2003/arcrole/parent-child"
                       xlink:type="arc"/>
      <presentationArc xlink:from="de-gaap-ci_OtherReportElements"
                       xlink:to="de-gaap-ci_OtherReportElements.invitationAnnualMeeting"
                       order="2"
                       xlink:arcrole="http://www.xbrl.org/2003/arcrole/parent-child"
                       xlink:type="arc"/>
      <presentationArc xlink:from="de-gaap-ci_OtherReportElements"
                       xlink:to="de-gaap-ci_OtherReportElements.Decisions"
                       order="3"
                       xlink:arcrole="http://www.xbrl.org/2003/arcrole/parent-child"
                       xlink:type="arc"/>
      <presentationArc xlink:from="de-gaap-ci_OtherReportElements"
                       xlink:to="de-gaap-ci_OtherReportElements.HGB264_2_3"
                       order="4"
                       xlink:arcrole="http://www.xbrl.org/2003/arcrole/parent-child"
                       xlink:type="arc"/>
      <presentationArc xlink:from="de-gaap-ci_OtherReportElements"
                       xlink:to="de-gaap-ci_OtherReportElements.other"
                       order="5"
                       xlink:arcrole="http://www.xbrl.org/2003/arcrole/parent-child"
                       xlink:type="arc"/>
      <presentationArc xlink:from="de-gaap-ci_OtherReportElements"
                       xlink:to="de-gaap-ci_OtherReportElements.companyLeading"
                       order="4.5"
                       xlink:arcrole="http://www.xbrl.org/2003/arcrole/parent-child"
                       xlink:type="arc"/>
      <presentationArc xlink:from="de-gaap-ci_OtherReportElements"
                       xlink:to="de-gaap-ci_OtherReportElements.NonFinancialReport"
                       order="4.7"
                       xlink:arcrole="http://www.xbrl.org/2003/arcrole/parent-child"
                       xlink:type="arc"/>
      <presentationArc xlink:from="de-gaap-ci_OtherReportElements"
                       xlink:to="de-gaap-ci_OtherReportElements.EqualisationAndEqualityOfPaymentReport"
                       order="4.8"
                       xlink:arcrole="http://www.xbrl.org/2003/arcrole/parent-child"
                       xlink:type="arc"/>
   </presentationLink>
   <presentationLink xmlns:xlink="http://www.w3.org/1999/xlink"
                     xlink:role="http://www.xbrl.de/taxonomies/de-gaap-ci/role/OtherReportElements"
                     xlink:type="extended">
      <loc xlink:type="locator"
           xlink:href="de-gaap-ci-2018-04-01.xsd#de-gaap-ci_OtherReportElements"
           xlink:label="de-gaap-ci_OtherReportElements"/>
      <loc xlink:type="locator"
           xlink:href="de-gaap-ci-2018-04-01.xsd#de-gaap-ci_OtherReportElements.CorporateGouvernance"
           xlink:label="de-gaap-ci_OtherReportElements.CorporateGouvernance"/>
      <loc xlink:type="locator"
           xlink:href="de-gaap-ci-2018-04-01.xsd#de-gaap-ci_OtherReportElements.CorporateGouvernance.note"
           xlink:label="de-gaap-ci_OtherReportElements.CorporateGouvernance.note"/>
      <presentationArc xlink:from="de-gaap-ci_OtherReportElements"
                       xlink:to="de-gaap-ci_OtherReportElements.CorporateGouvernance"
                       order="1.5"
                       xlink:arcrole="http://www.xbrl.org/2003/arcrole/parent-child"
                       xlink:type="arc"/>
      <presentationArc xlink:from="de-gaap-ci_OtherReportElements.CorporateGouvernance"
                       xlink:to="de-gaap-ci_OtherReportElements.CorporateGouvernance.note"
                       order="1"
                       xlink:arcrole="http://www.xbrl.org/2003/arcrole/parent-child"
                       xlink:type="arc"/>
   </presentationLink>
</linkbase>