<?xml version="1.0" encoding="utf-8"?>
<!--(c) XBRL Deutschland e.V. - see http://www.xbrl.de-->


<linkbase xmlns="http://www.xbrl.org/2003/linkbase"
          xmlns:xsi="http://www.w3.org/2001/XMLSchema-instance"
          xsi:schemaLocation="http://www.xbrl.org/2003/linkbase http://www.xbrl.org/2003/xbrl-linkbase-2003-12-31.xsd">
   <roleRef xmlns:xlink="http://www.w3.org/1999/xlink"
            roleURI="http://www.xbrl.de/taxonomies/de-gaap-ci/role/appropriationProfits"
            xlink:href="de-gaap-ci-2018-04-01.xsd#role_appropriationProfits"
            xlink:type="simple"/>
   <presentationLink xmlns:xlink="http://www.w3.org/1999/xlink"
                     xlink:role="http://www.xbrl.de/taxonomies/de-gaap-ci/role/appropriationProfits"
                     xlink:type="extended">
      <loc xlink:type="locator"
           xlink:href="de-gaap-ci-2018-04-01.xsd#de-gaap-ci_incomeUse"
           xlink:label="de-gaap-ci_incomeUse"/>
      <loc xlink:type="locator"
           xlink:href="de-gaap-ci-2018-04-01.xsd#de-gaap-ci_incomeUse.gainLoss"
           xlink:label="de-gaap-ci_incomeUse.gainLoss"/>
      <loc xlink:type="locator"
           xlink:href="de-gaap-ci-2018-04-01.xsd#de-gaap-ci_incomeUse.gainLoss.netIncome"
           xlink:label="de-gaap-ci_incomeUse.gainLoss.netIncome"/>
      <loc xlink:type="locator"
           xlink:href="de-gaap-ci-2018-04-01.xsd#de-gaap-ci_incomeUse.gainLoss.retainedEarningsPrevYear"
           xlink:label="de-gaap-ci_incomeUse.gainLoss.retainedEarningsPrevYear"/>
      <loc xlink:type="locator"
           xlink:href="de-gaap-ci-2018-04-01.xsd#de-gaap-ci_incomeUse.gainLoss.accumLossPrevYear"
           xlink:label="de-gaap-ci_incomeUse.gainLoss.accumLossPrevYear"/>
      <loc xlink:type="locator"
           xlink:href="de-gaap-ci-2018-04-01.xsd#de-gaap-ci_incomeUse.gainLoss.releaseCapReserves"
           xlink:label="de-gaap-ci_incomeUse.gainLoss.releaseCapReserves"/>
      <loc xlink:type="locator"
           xlink:href="de-gaap-ci-2018-04-01.xsd#de-gaap-ci_incomeUse.gainLoss.releaseRevenReserves"
           xlink:label="de-gaap-ci_incomeUse.gainLoss.releaseRevenReserves"/>
      <loc xlink:type="locator"
           xlink:href="de-gaap-ci-2018-04-01.xsd#de-gaap-ci_incomeUse.gainLoss.releaseRevenReserves.legalRes"
           xlink:label="de-gaap-ci_incomeUse.gainLoss.releaseRevenReserves.legalRes"/>
      <loc xlink:type="locator"
           xlink:href="de-gaap-ci-2018-04-01.xsd#de-gaap-ci_incomeUse.gainLoss.releaseRevenReserves.statRes"
           xlink:label="de-gaap-ci_incomeUse.gainLoss.releaseRevenReserves.statRes"/>
      <loc xlink:type="locator"
           xlink:href="de-gaap-ci-2018-04-01.xsd#de-gaap-ci_incomeUse.gainLoss.releaseOtherRes"
           xlink:label="de-gaap-ci_incomeUse.gainLoss.releaseOtherRes"/>
      <loc xlink:type="locator"
           xlink:href="de-gaap-ci-2018-04-01.xsd#de-gaap-ci_incomeUse.gainLoss.releaseRevenReserves.sharesParentCompRes"
           xlink:label="de-gaap-ci_incomeUse.gainLoss.releaseRevenReserves.sharesParentCompRes"/>
      <loc xlink:type="locator"
           xlink:href="de-gaap-ci-2018-04-01.xsd#de-gaap-ci_incomeUse.gainLoss.releaseCapital"
           xlink:label="de-gaap-ci_incomeUse.gainLoss.releaseCapital"/>
      <loc xlink:type="locator"
           xlink:href="de-gaap-ci-2018-04-01.xsd#de-gaap-ci_incomeUse.gainLoss.releaseCapitalReserve"
           xlink:label="de-gaap-ci_incomeUse.gainLoss.releaseCapitalReserve"/>
      <loc xlink:type="locator"
           xlink:href="de-gaap-ci-2018-04-01.xsd#de-gaap-ci_incomeUse.gainLoss.additionRevenReserves"
           xlink:label="de-gaap-ci_incomeUse.gainLoss.additionRevenReserves"/>
      <loc xlink:type="locator"
           xlink:href="de-gaap-ci-2018-04-01.xsd#de-gaap-ci_incomeUse.gainLoss.additionRevenReserves.legalRes"
           xlink:label="de-gaap-ci_incomeUse.gainLoss.additionRevenReserves.legalRes"/>
      <loc xlink:type="locator"
           xlink:href="de-gaap-ci-2018-04-01.xsd#de-gaap-ci_incomeUse.gainLoss.additionRevenReserves.statRes"
           xlink:label="de-gaap-ci_incomeUse.gainLoss.additionRevenReserves.statRes"/>
      <loc xlink:type="locator"
           xlink:href="de-gaap-ci-2018-04-01.xsd#de-gaap-ci_incomeUse.gainLoss.additionOtherRes"
           xlink:label="de-gaap-ci_incomeUse.gainLoss.additionOtherRes"/>
      <loc xlink:type="locator"
           xlink:href="de-gaap-ci-2018-04-01.xsd#de-gaap-ci_incomeUse.gainLoss.additionRevenReserves.sharesParentCompRes"
           xlink:label="de-gaap-ci_incomeUse.gainLoss.additionRevenReserves.sharesParentCompRes"/>
      <loc xlink:type="locator"
           xlink:href="de-gaap-ci-2018-04-01.xsd#de-gaap-ci_incomeUse.gainLoss.other"
           xlink:label="de-gaap-ci_incomeUse.gainLoss.other"/>
      <loc xlink:type="locator"
           xlink:href="de-gaap-ci-2018-04-01.xsd#de-gaap-ci_incomeUse.gainLoss.releasePartnersAccount"
           xlink:label="de-gaap-ci_incomeUse.gainLoss.releasePartnersAccount"/>
      <loc xlink:type="locator"
           xlink:href="de-gaap-ci-2018-04-01.xsd#de-gaap-ci_incomeUse.gainLoss.additionPartnersAccount"
           xlink:label="de-gaap-ci_incomeUse.gainLoss.additionPartnersAccount"/>
      <loc xlink:type="locator"
           xlink:href="de-gaap-ci-2018-04-01.xsd#de-gaap-ci_incomeUse.gainLoss.dividensPlanned"
           xlink:label="de-gaap-ci_incomeUse.gainLoss.dividensPlanned"/>
      <loc xlink:type="locator"
           xlink:href="de-gaap-ci-2018-04-01.xsd#de-gaap-ci_incomeUse.gainLoss.additionRetainedEarnings"
           xlink:label="de-gaap-ci_incomeUse.gainLoss.additionRetainedEarnings"/>
      <loc xlink:type="locator"
           xlink:href="de-gaap-ci-2018-04-01.xsd#de-gaap-ci_incomeUse.gainLoss.additionCummLoss"
           xlink:label="de-gaap-ci_incomeUse.gainLoss.additionCummLoss"/>
      <loc xlink:type="locator"
           xlink:href="de-gaap-ci-2018-04-01.xsd#de-gaap-ci_incomeUse.gainLoss.DeprPaidUpShares"
           xlink:label="de-gaap-ci_incomeUse.gainLoss.DeprPaidUpShares"/>
      <loc xlink:type="locator"
           xlink:href="de-gaap-ci-2018-04-01.xsd#de-gaap-ci_incomeUse.gainLoss.replentishmentPaidupShares"
           xlink:label="de-gaap-ci_incomeUse.gainLoss.replentishmentPaidupShares"/>
      <loc xlink:type="locator"
           xlink:href="de-gaap-ci-2018-04-01.xsd#de-gaap-ci_incomeUse.managmentProposing"
           xlink:label="de-gaap-ci_incomeUse.managmentProposing"/>
      <loc xlink:type="locator"
           xlink:href="de-gaap-ci-2018-04-01.xsd#de-gaap-ci_incomeUse.dividends"
           xlink:label="de-gaap-ci_incomeUse.dividends"/>
      <loc xlink:type="locator"
           xlink:href="de-gaap-ci-2018-04-01.xsd#de-gaap-ci_incomeUse.retainedEarnings"
           xlink:label="de-gaap-ci_incomeUse.retainedEarnings"/>
      <loc xlink:type="locator"
           xlink:href="de-gaap-ci-2018-04-01.xsd#de-gaap-ci_incomeUse.accumLoss"
           xlink:label="de-gaap-ci_incomeUse.accumLoss"/>
      <loc xlink:type="locator"
           xlink:href="de-gaap-ci-2018-04-01.xsd#de-gaap-ci_incomeUse.additionalDividends"
           xlink:label="de-gaap-ci_incomeUse.additionalDividends"/>
      <loc xlink:type="locator"
           xlink:href="de-gaap-ci-2018-04-01.xsd#de-gaap-ci_incomeUse.paidInCapital"
           xlink:label="de-gaap-ci_incomeUse.paidInCapital"/>
      <loc xlink:type="locator"
           xlink:href="de-gaap-ci-2018-04-01.xsd#de-gaap-ci_incomeUse.paidInCapital.toSubscrCap"
           xlink:label="de-gaap-ci_incomeUse.paidInCapital.toSubscrCap"/>
      <loc xlink:type="locator"
           xlink:href="de-gaap-ci-2018-04-01.xsd#de-gaap-ci_incomeUse.paidInCapital.toReserves"
           xlink:label="de-gaap-ci_incomeUse.paidInCapital.toReserves"/>
      <loc xlink:type="locator"
           xlink:href="de-gaap-ci-2018-04-01.xsd#de-gaap-ci_incomeUse.capitalRelease"
           xlink:label="de-gaap-ci_incomeUse.capitalRelease"/>
      <loc xlink:type="locator"
           xlink:href="de-gaap-ci-2018-04-01.xsd#de-gaap-ci_incomeUse.deposits"
           xlink:label="de-gaap-ci_incomeUse.deposits"/>
      <loc xlink:type="locator"
           xlink:href="de-gaap-ci-2018-04-01.xsd#de-gaap-ci_incomeUse.withdrawals"
           xlink:label="de-gaap-ci_incomeUse.withdrawals"/>
      <loc xlink:type="locator"
           xlink:href="de-gaap-ci-2018-04-01.xsd#de-gaap-ci_incomeUse.resultFoundations"
           xlink:label="de-gaap-ci_incomeUse.resultFoundations"/>
      <loc xlink:type="locator"
           xlink:href="de-gaap-ci-2018-04-01.xsd#de-gaap-ci_incomeUse.resultFoundations.currentYear"
           xlink:label="de-gaap-ci_incomeUse.resultFoundations.currentYear"/>
      <loc xlink:type="locator"
           xlink:href="de-gaap-ci-2018-04-01.xsd#de-gaap-ci_incomeUse.resultFoundations.prevYear"
           xlink:label="de-gaap-ci_incomeUse.resultFoundations.prevYear"/>
      <loc xlink:type="locator"
           xlink:href="de-gaap-ci-2018-04-01.xsd#de-gaap-ci_incomeUse.resultFoundations.transferWithdrawalReallocation"
           xlink:label="de-gaap-ci_incomeUse.resultFoundations.transferWithdrawalReallocation"/>
      <loc xlink:type="locator"
           xlink:href="de-gaap-ci-2018-04-01.xsd#de-gaap-ci_incomeUse.resultFoundations.transferWithdrawalRevenueReserves"
           xlink:label="de-gaap-ci_incomeUse.resultFoundations.transferWithdrawalRevenueReserves"/>
      <loc xlink:type="locator"
           xlink:href="de-gaap-ci-2018-04-01.xsd#de-gaap-ci_incomeUse.resultFoundations.capWithdrawals"
           xlink:label="de-gaap-ci_incomeUse.resultFoundations.capWithdrawals"/>
      <loc xlink:type="locator"
           xlink:href="de-gaap-ci-2018-04-01.xsd#de-gaap-ci_incomeUse.resultFoundations.capTransfers"
           xlink:label="de-gaap-ci_incomeUse.resultFoundations.capTransfers"/>
      <loc xlink:type="locator"
           xlink:href="de-gaap-ci-2018-04-01.xsd#de-gaap-ci_incomeUse.resultFoundations.increaseDecreaseStatutoryBoundCapital"
           xlink:label="de-gaap-ci_incomeUse.resultFoundations.increaseDecreaseStatutoryBoundCapital"/>
      <loc xlink:type="locator"
           xlink:href="de-gaap-ci-2018-04-01.xsd#de-gaap-ci_incomeUse.distributionInLineWithLegalRequirements"
           xlink:label="de-gaap-ci_incomeUse.distributionInLineWithLegalRequirements"/>
      <presentationArc xlink:from="de-gaap-ci_incomeUse" xlink:to="de-gaap-ci_incomeUse.gainLoss"
                       order="1"
                       xlink:arcrole="http://www.xbrl.org/2003/arcrole/parent-child"
                       xlink:type="arc"/>
      <presentationArc xlink:from="de-gaap-ci_incomeUse.gainLoss"
                       xlink:to="de-gaap-ci_incomeUse.gainLoss.netIncome"
                       order="1"
                       xlink:arcrole="http://www.xbrl.org/2003/arcrole/parent-child"
                       xlink:type="arc"/>
      <presentationArc xlink:from="de-gaap-ci_incomeUse.gainLoss"
                       xlink:to="de-gaap-ci_incomeUse.gainLoss.retainedEarningsPrevYear"
                       order="2"
                       xlink:arcrole="http://www.xbrl.org/2003/arcrole/parent-child"
                       xlink:type="arc"/>
      <presentationArc xlink:from="de-gaap-ci_incomeUse.gainLoss"
                       xlink:to="de-gaap-ci_incomeUse.gainLoss.accumLossPrevYear"
                       order="3"
                       xlink:arcrole="http://www.xbrl.org/2003/arcrole/parent-child"
                       xlink:type="arc"/>
      <presentationArc xlink:from="de-gaap-ci_incomeUse.gainLoss"
                       xlink:to="de-gaap-ci_incomeUse.gainLoss.releaseCapReserves"
                       order="4"
                       xlink:arcrole="http://www.xbrl.org/2003/arcrole/parent-child"
                       xlink:type="arc"/>
      <presentationArc xlink:from="de-gaap-ci_incomeUse.gainLoss"
                       xlink:to="de-gaap-ci_incomeUse.gainLoss.releaseRevenReserves"
                       order="5"
                       xlink:arcrole="http://www.xbrl.org/2003/arcrole/parent-child"
                       xlink:type="arc"/>
      <presentationArc xlink:from="de-gaap-ci_incomeUse.gainLoss.releaseRevenReserves"
                       xlink:to="de-gaap-ci_incomeUse.gainLoss.releaseRevenReserves.legalRes"
                       order="1"
                       xlink:arcrole="http://www.xbrl.org/2003/arcrole/parent-child"
                       xlink:type="arc"/>
      <presentationArc xlink:from="de-gaap-ci_incomeUse.gainLoss.releaseRevenReserves"
                       xlink:to="de-gaap-ci_incomeUse.gainLoss.releaseRevenReserves.statRes"
                       order="3"
                       xlink:arcrole="http://www.xbrl.org/2003/arcrole/parent-child"
                       xlink:type="arc"/>
      <presentationArc xlink:from="de-gaap-ci_incomeUse.gainLoss.releaseRevenReserves"
                       xlink:to="de-gaap-ci_incomeUse.gainLoss.releaseOtherRes"
                       order="5"
                       xlink:arcrole="http://www.xbrl.org/2003/arcrole/parent-child"
                       xlink:type="arc"/>
      <presentationArc xlink:from="de-gaap-ci_incomeUse.gainLoss.releaseRevenReserves"
                       xlink:to="de-gaap-ci_incomeUse.gainLoss.releaseRevenReserves.sharesParentCompRes"
                       order="2.5"
                       xlink:arcrole="http://www.xbrl.org/2003/arcrole/parent-child"
                       xlink:type="arc"/>
      <presentationArc xlink:from="de-gaap-ci_incomeUse.gainLoss"
                       xlink:to="de-gaap-ci_incomeUse.gainLoss.releaseCapital"
                       order="8"
                       xlink:arcrole="http://www.xbrl.org/2003/arcrole/parent-child"
                       xlink:type="arc"/>
      <presentationArc xlink:from="de-gaap-ci_incomeUse.gainLoss"
                       xlink:to="de-gaap-ci_incomeUse.gainLoss.releaseCapitalReserve"
                       order="9"
                       xlink:arcrole="http://www.xbrl.org/2003/arcrole/parent-child"
                       xlink:type="arc"/>
      <presentationArc xlink:from="de-gaap-ci_incomeUse.gainLoss"
                       xlink:to="de-gaap-ci_incomeUse.gainLoss.additionRevenReserves"
                       order="10"
                       xlink:arcrole="http://www.xbrl.org/2003/arcrole/parent-child"
                       xlink:type="arc"/>
      <presentationArc xlink:from="de-gaap-ci_incomeUse.gainLoss.additionRevenReserves"
                       xlink:to="de-gaap-ci_incomeUse.gainLoss.additionRevenReserves.legalRes"
                       order="1"
                       xlink:arcrole="http://www.xbrl.org/2003/arcrole/parent-child"
                       xlink:type="arc"/>
      <presentationArc xlink:from="de-gaap-ci_incomeUse.gainLoss.additionRevenReserves"
                       xlink:to="de-gaap-ci_incomeUse.gainLoss.additionRevenReserves.statRes"
                       order="3"
                       xlink:arcrole="http://www.xbrl.org/2003/arcrole/parent-child"
                       xlink:type="arc"/>
      <presentationArc xlink:from="de-gaap-ci_incomeUse.gainLoss.additionRevenReserves"
                       xlink:to="de-gaap-ci_incomeUse.gainLoss.additionOtherRes"
                       order="5"
                       xlink:arcrole="http://www.xbrl.org/2003/arcrole/parent-child"
                       xlink:type="arc"/>
      <presentationArc xlink:from="de-gaap-ci_incomeUse.gainLoss.additionRevenReserves"
                       xlink:to="de-gaap-ci_incomeUse.gainLoss.additionRevenReserves.sharesParentCompRes"
                       order="2.5"
                       xlink:arcrole="http://www.xbrl.org/2003/arcrole/parent-child"
                       xlink:type="arc"/>
      <presentationArc xlink:from="de-gaap-ci_incomeUse.gainLoss"
                       xlink:to="de-gaap-ci_incomeUse.gainLoss.other"
                       order="13"
                       xlink:arcrole="http://www.xbrl.org/2003/arcrole/parent-child"
                       xlink:type="arc"/>
      <presentationArc xlink:from="de-gaap-ci_incomeUse.gainLoss"
                       xlink:to="de-gaap-ci_incomeUse.gainLoss.releasePartnersAccount"
                       order="14"
                       xlink:arcrole="http://www.xbrl.org/2003/arcrole/parent-child"
                       xlink:type="arc"/>
      <presentationArc xlink:from="de-gaap-ci_incomeUse.gainLoss"
                       xlink:to="de-gaap-ci_incomeUse.gainLoss.additionPartnersAccount"
                       order="15"
                       xlink:arcrole="http://www.xbrl.org/2003/arcrole/parent-child"
                       xlink:type="arc"/>
      <presentationArc xlink:from="de-gaap-ci_incomeUse.gainLoss"
                       xlink:to="de-gaap-ci_incomeUse.gainLoss.dividensPlanned"
                       order="16"
                       xlink:arcrole="http://www.xbrl.org/2003/arcrole/parent-child"
                       xlink:type="arc"/>
      <presentationArc xlink:from="de-gaap-ci_incomeUse.gainLoss"
                       xlink:to="de-gaap-ci_incomeUse.gainLoss.additionRetainedEarnings"
                       order="17"
                       xlink:arcrole="http://www.xbrl.org/2003/arcrole/parent-child"
                       xlink:type="arc"/>
      <presentationArc xlink:from="de-gaap-ci_incomeUse.gainLoss"
                       xlink:to="de-gaap-ci_incomeUse.gainLoss.additionCummLoss"
                       order="18"
                       xlink:arcrole="http://www.xbrl.org/2003/arcrole/parent-child"
                       xlink:type="arc"/>
      <presentationArc xlink:from="de-gaap-ci_incomeUse.gainLoss"
                       xlink:to="de-gaap-ci_incomeUse.gainLoss.DeprPaidUpShares"
                       order="11"
                       xlink:arcrole="http://www.xbrl.org/2003/arcrole/parent-child"
                       xlink:type="arc"/>
      <presentationArc xlink:from="de-gaap-ci_incomeUse.gainLoss"
                       xlink:to="de-gaap-ci_incomeUse.gainLoss.replentishmentPaidupShares"
                       order="12"
                       xlink:arcrole="http://www.xbrl.org/2003/arcrole/parent-child"
                       xlink:type="arc"/>
      <presentationArc xlink:from="de-gaap-ci_incomeUse"
                       xlink:to="de-gaap-ci_incomeUse.managmentProposing"
                       order="2"
                       xlink:arcrole="http://www.xbrl.org/2003/arcrole/parent-child"
                       xlink:type="arc"/>
      <presentationArc xlink:from="de-gaap-ci_incomeUse" xlink:to="de-gaap-ci_incomeUse.dividends"
                       order="3"
                       xlink:arcrole="http://www.xbrl.org/2003/arcrole/parent-child"
                       xlink:type="arc"/>
      <presentationArc xlink:from="de-gaap-ci_incomeUse"
                       xlink:to="de-gaap-ci_incomeUse.retainedEarnings"
                       order="4"
                       xlink:arcrole="http://www.xbrl.org/2003/arcrole/parent-child"
                       xlink:type="arc"/>
      <presentationArc xlink:from="de-gaap-ci_incomeUse" xlink:to="de-gaap-ci_incomeUse.accumLoss"
                       order="5"
                       xlink:arcrole="http://www.xbrl.org/2003/arcrole/parent-child"
                       xlink:type="arc"/>
      <presentationArc xlink:from="de-gaap-ci_incomeUse"
                       xlink:to="de-gaap-ci_incomeUse.additionalDividends"
                       order="6"
                       xlink:arcrole="http://www.xbrl.org/2003/arcrole/parent-child"
                       xlink:type="arc"/>
      <presentationArc xlink:from="de-gaap-ci_incomeUse" xlink:to="de-gaap-ci_incomeUse.paidInCapital"
                       order="7"
                       xlink:arcrole="http://www.xbrl.org/2003/arcrole/parent-child"
                       xlink:type="arc"/>
      <presentationArc xlink:from="de-gaap-ci_incomeUse.paidInCapital"
                       xlink:to="de-gaap-ci_incomeUse.paidInCapital.toSubscrCap"
                       order="1"
                       xlink:arcrole="http://www.xbrl.org/2003/arcrole/parent-child"
                       xlink:type="arc"/>
      <presentationArc xlink:from="de-gaap-ci_incomeUse.paidInCapital"
                       xlink:to="de-gaap-ci_incomeUse.paidInCapital.toReserves"
                       order="2"
                       xlink:arcrole="http://www.xbrl.org/2003/arcrole/parent-child"
                       xlink:type="arc"/>
      <presentationArc xlink:from="de-gaap-ci_incomeUse"
                       xlink:to="de-gaap-ci_incomeUse.capitalRelease"
                       order="8"
                       xlink:arcrole="http://www.xbrl.org/2003/arcrole/parent-child"
                       xlink:type="arc"/>
      <presentationArc xlink:from="de-gaap-ci_incomeUse" xlink:to="de-gaap-ci_incomeUse.deposits"
                       order="9"
                       xlink:arcrole="http://www.xbrl.org/2003/arcrole/parent-child"
                       xlink:type="arc"/>
      <presentationArc xlink:from="de-gaap-ci_incomeUse" xlink:to="de-gaap-ci_incomeUse.withdrawals"
                       order="10"
                       xlink:arcrole="http://www.xbrl.org/2003/arcrole/parent-child"
                       xlink:type="arc"/>
      <presentationArc xlink:from="de-gaap-ci_incomeUse"
                       xlink:to="de-gaap-ci_incomeUse.resultFoundations"
                       order="11"
                       xlink:arcrole="http://www.xbrl.org/2003/arcrole/parent-child"
                       xlink:type="arc"/>
      <presentationArc xlink:from="de-gaap-ci_incomeUse.resultFoundations"
                       xlink:to="de-gaap-ci_incomeUse.resultFoundations.currentYear"
                       order="1"
                       xlink:arcrole="http://www.xbrl.org/2003/arcrole/parent-child"
                       xlink:type="arc"/>
      <presentationArc xlink:from="de-gaap-ci_incomeUse.resultFoundations"
                       xlink:to="de-gaap-ci_incomeUse.resultFoundations.prevYear"
                       order="2"
                       xlink:arcrole="http://www.xbrl.org/2003/arcrole/parent-child"
                       xlink:type="arc"/>
      <presentationArc xlink:from="de-gaap-ci_incomeUse.resultFoundations"
                       xlink:to="de-gaap-ci_incomeUse.resultFoundations.transferWithdrawalReallocation"
                       order="3"
                       xlink:arcrole="http://www.xbrl.org/2003/arcrole/parent-child"
                       xlink:type="arc"/>
      <presentationArc xlink:from="de-gaap-ci_incomeUse.resultFoundations"
                       xlink:to="de-gaap-ci_incomeUse.resultFoundations.transferWithdrawalRevenueReserves"
                       order="4"
                       xlink:arcrole="http://www.xbrl.org/2003/arcrole/parent-child"
                       xlink:type="arc"/>
      <presentationArc xlink:from="de-gaap-ci_incomeUse.resultFoundations"
                       xlink:to="de-gaap-ci_incomeUse.resultFoundations.capWithdrawals"
                       order="2.3"
                       xlink:arcrole="http://www.xbrl.org/2003/arcrole/parent-child"
                       xlink:type="arc"/>
      <presentationArc xlink:from="de-gaap-ci_incomeUse.resultFoundations"
                       xlink:to="de-gaap-ci_incomeUse.resultFoundations.capTransfers"
                       order="2.6"
                       xlink:arcrole="http://www.xbrl.org/2003/arcrole/parent-child"
                       xlink:type="arc"/>
      <presentationArc xlink:from="de-gaap-ci_incomeUse.resultFoundations"
                       xlink:to="de-gaap-ci_incomeUse.resultFoundations.increaseDecreaseStatutoryBoundCapital"
                       order="5"
                       xlink:arcrole="http://www.xbrl.org/2003/arcrole/parent-child"
                       xlink:type="arc"/>
      <presentationArc xlink:from="de-gaap-ci_incomeUse"
                       xlink:to="de-gaap-ci_incomeUse.distributionInLineWithLegalRequirements"
                       order="1.5"
                       xlink:arcrole="http://www.xbrl.org/2003/arcrole/parent-child"
                       xlink:type="arc"/>
   </presentationLink>
   <presentationLink xmlns:xlink="http://www.w3.org/1999/xlink"
                     xlink:role="http://www.xbrl.de/taxonomies/de-gaap-ci/role/appropriationProfits"
                     xlink:type="extended">
      <loc xlink:type="locator"
           xlink:href="de-gaap-ci-2018-04-01.xsd#de-gaap-ci_incomeUse"
           xlink:label="de-gaap-ci_incomeUse"/>
      <loc xlink:type="locator"
           xlink:href="de-gaap-ci-2018-04-01.xsd#de-gaap-ci_incomeUse.Decision"
           xlink:label="de-gaap-ci_incomeUse.Decision"/>
      <presentationArc xlink:from="de-gaap-ci_incomeUse" xlink:to="de-gaap-ci_incomeUse.Decision"
                       order="2.5"
                       xlink:arcrole="http://www.xbrl.org/2003/arcrole/parent-child"
                       xlink:type="arc"/>
   </presentationLink>
</linkbase>