<?xml version="1.0" encoding="utf-8"?>
<!--(c) XBRL Deutschland e.V. - see http://www.xbrl.de-->


<linkbase xmlns="http://www.xbrl.org/2003/linkbase"
          xmlns:xsi="http://www.w3.org/2001/XMLSchema-instance"
          xsi:schemaLocation="http://www.xbrl.org/2003/linkbase http://www.xbrl.org/2003/xbrl-linkbase-2003-12-31.xsd">
   <roleRef xmlns:xbrldt="http://xbrl.org/2005/xbrldt"
            xmlns:xlink="http://www.w3.org/1999/xlink"
            roleURI="http://www.xbrl.de/taxonomies/de-gaap-ci/role/determinationOfTaxableIncomeSpecialCases"
            xlink:href="de-gaap-ci-2018-04-01.xsd#role_determinationOfTaxableIncomeSpecialCases"
            xlink:type="simple"/>
   <presentationLink xmlns:xlink="http://www.w3.org/1999/xlink"
                     xlink:role="http://www.xbrl.de/taxonomies/de-gaap-ci/role/determinationOfTaxableIncomeSpecialCases"
                     xlink:type="extended">
      <loc xlink:type="locator"
           xlink:href="de-gaap-ci-2018-04-01.xsd#de-gaap-ci_DeterminationOfTaxableIncomeSpec.forProfitOrganisationsAndUtilities.balance"
           xlink:label="de-gaap-ci_DeterminationOfTaxableIncomeSpec.forProfitOrganisationsAndUtilities.balance"/>
      <loc xlink:type="locator"
           xlink:href="de-gaap-ci-2018-04-01-dimensions.xsd#de-gaap-ci_table.DeterminationOfTaxableIncomeSpecForProfitOrganisationsAndUtilitiesBalanceSheet"
           xlink:label="de-gaap-ci_table.DeterminationOfTaxableIncomeSpecForProfitOrganisationsAndUtilitiesBalanceSheet"/>
      <loc xlink:type="locator"
           xlink:href="de-gaap-ci-2018-04-01-dimensions.xsd#de-gaap-ci_DeterminationOfTaxableIncomeSpec.forProfitOrganisationsAndUtilities.balanceSheet.table"
           xlink:label="de-gaap-ci_DeterminationOfTaxableIncomeSpec.forProfitOrganisationsAndUtilities.balanceSheet.table"/>
      <loc xlink:type="locator"
           xlink:href="de-gaap-ci-2018-04-01-dimensions.xsd#de-gaap-ci_DeterminationOfTaxableIncomeSpec.forProfitOrganisationsAndUtilities.balanceSheet.table.item"
           xlink:label="de-gaap-ci_DeterminationOfTaxableIncomeSpec.forProfitOrganisationsAndUtilities.balanceSheet.table.item"/>
      <loc xlink:type="locator" xlink:href="de-gaap-ci-2018-04-01.xsd#de-gaap-ci_bs"
           xlink:label="de-gaap-ci_bs"/>
      <loc xlink:type="locator"
           xlink:href="de-gaap-ci-2018-04-01-dimensions.xsd#de-gaap-ci_dim_BgAKey"
           xlink:label="de-gaap-ci_dim_BgAKey"/>
      <loc xlink:type="locator"
           xlink:href="de-gaap-ci-2018-04-01-dimensions.xsd#de-gaap-ci_piTitle.DeterminationOfTaxableIncomeSpec.forProfitOrganisationsAndUtilities.balanceSheet"
           xlink:label="de-gaap-ci_piTitle.DeterminationOfTaxableIncomeSpec.forProfitOrganisationsAndUtilities.balanceSheet"/>
      <loc xlink:type="locator"
           xlink:href="de-gaap-ci-2018-04-01-dimensions.xsd#de-gaap-ci_DeterminationOfTaxableIncomeSpec.forProfitOrganisationsAndUtilities.balanceSheet.valueOfItem"
           xlink:label="de-gaap-ci_DeterminationOfTaxableIncomeSpec.forProfitOrganisationsAndUtilities.balanceSheet.valueOfItem"/>
      <loc xlink:type="locator"
           xlink:href="de-gaap-ci-2018-04-01.xsd#de-gaap-ci_DeterminationOfTaxableIncomeSpec.forProfitOrganisationsAndUtilities.IncomeStatement"
           xlink:label="de-gaap-ci_DeterminationOfTaxableIncomeSpec.forProfitOrganisationsAndUtilities.IncomeStatement"/>
      <loc xlink:type="locator"
           xlink:href="de-gaap-ci-2018-04-01-dimensions.xsd#de-gaap-ci_table.DeterminationOfTaxableIncomeSpecForProfitOrganisationsAndUtilitiesIncomeStatement"
           xlink:label="de-gaap-ci_table.DeterminationOfTaxableIncomeSpecForProfitOrganisationsAndUtilitiesIncomeStatement"/>
      <loc xlink:type="locator"
           xlink:href="de-gaap-ci-2018-04-01-dimensions.xsd#de-gaap-ci_DeterminationOfTaxableIncomeSpec.forProfitOrganisationsAndUtilities.IncomeStatement.table"
           xlink:label="de-gaap-ci_DeterminationOfTaxableIncomeSpec.forProfitOrganisationsAndUtilities.IncomeStatement.table"/>
      <loc xlink:type="locator"
           xlink:href="de-gaap-ci-2018-04-01-dimensions.xsd#de-gaap-ci_DeterminationOfTaxableIncomeSpec.forProfitOrganisationsAndUtilities.IncomeStatement.table.item"
           xlink:label="de-gaap-ci_DeterminationOfTaxableIncomeSpec.forProfitOrganisationsAndUtilities.IncomeStatement.table.item"/>
      <loc xlink:type="locator" xlink:href="de-gaap-ci-2018-04-01.xsd#de-gaap-ci_is"
           xlink:label="de-gaap-ci_is"/>
      <loc xlink:type="locator"
           xlink:href="de-gaap-ci-2018-04-01-dimensions.xsd#de-gaap-ci_piTitle.DeterminationOfTaxableIncomeSpec.forProfitOrganisationsAndUtilities.IncomeStatement"
           xlink:label="de-gaap-ci_piTitle.DeterminationOfTaxableIncomeSpec.forProfitOrganisationsAndUtilities.IncomeStatement"/>
      <loc xlink:type="locator"
           xlink:href="de-gaap-ci-2018-04-01-dimensions.xsd#de-gaap-ci_DeterminationOfTaxableIncomeSpec.forProfitOrganisationsAndUtilities.IncomeStatement.valueOfItem"
           xlink:label="de-gaap-ci_DeterminationOfTaxableIncomeSpec.forProfitOrganisationsAndUtilities.IncomeStatement.valueOfItem"/>
      <presentationArc xlink:from="de-gaap-ci_DeterminationOfTaxableIncomeSpec.forProfitOrganisationsAndUtilities.balance"
                       xlink:to="de-gaap-ci_table.DeterminationOfTaxableIncomeSpecForProfitOrganisationsAndUtilitiesBalanceSheet"
                       order="1"
                       xlink:arcrole="http://www.xbrl.org/2003/arcrole/parent-child"
                       xlink:type="arc"/>
      <presentationArc xmlns:xbrldt="http://xbrl.org/2005/xbrldt"
                       xlink:from="de-gaap-ci_table.DeterminationOfTaxableIncomeSpecForProfitOrganisationsAndUtilitiesBalanceSheet"
                       xlink:to="de-gaap-ci_DeterminationOfTaxableIncomeSpec.forProfitOrganisationsAndUtilities.balanceSheet.table"
                       order="1"
                       xbrldt:contextElement="scenario"
                       xlink:arcrole="http://www.xbrl.org/2003/arcrole/parent-child"
                       xlink:type="arc"/>
      <presentationArc xlink:from="de-gaap-ci_DeterminationOfTaxableIncomeSpec.forProfitOrganisationsAndUtilities.balanceSheet.table"
                       xlink:to="de-gaap-ci_DeterminationOfTaxableIncomeSpec.forProfitOrganisationsAndUtilities.balanceSheet.table.item"
                       order="1"
                       xlink:arcrole="http://www.xbrl.org/2003/arcrole/parent-child"
                       xlink:type="arc"/>
      <presentationArc xmlns:xbrldt="http://xbrl.org/2005/xbrldt"
                       xlink:from="de-gaap-ci_DeterminationOfTaxableIncomeSpec.forProfitOrganisationsAndUtilities.balanceSheet.table.item"
                       xlink:to="de-gaap-ci_bs"
                       order="1"
                       xbrldt:usable="false"
                       xlink:arcrole="http://www.xbrl.org/2003/arcrole/parent-child"
                       xlink:type="arc"/>
      <presentationArc xlink:from="de-gaap-ci_DeterminationOfTaxableIncomeSpec.forProfitOrganisationsAndUtilities.balanceSheet.table"
                       xlink:to="de-gaap-ci_dim_BgAKey"
                       order="2"
                       xlink:arcrole="http://www.xbrl.org/2003/arcrole/parent-child"
                       xlink:type="arc"/>
      <presentationArc xlink:from="de-gaap-ci_table.DeterminationOfTaxableIncomeSpecForProfitOrganisationsAndUtilitiesBalanceSheet"
                       xlink:to="de-gaap-ci_piTitle.DeterminationOfTaxableIncomeSpec.forProfitOrganisationsAndUtilities.balanceSheet"
                       order="2"
                       xlink:arcrole="http://www.xbrl.org/2003/arcrole/parent-child"
                       xlink:type="arc"/>
      <presentationArc xlink:from="de-gaap-ci_piTitle.DeterminationOfTaxableIncomeSpec.forProfitOrganisationsAndUtilities.balanceSheet"
                       xlink:to="de-gaap-ci_DeterminationOfTaxableIncomeSpec.forProfitOrganisationsAndUtilities.balanceSheet.valueOfItem"
                       order="1"
                       xlink:arcrole="http://www.xbrl.org/2003/arcrole/parent-child"
                       xlink:type="arc"/>
      <presentationArc xlink:from="de-gaap-ci_DeterminationOfTaxableIncomeSpec.forProfitOrganisationsAndUtilities.IncomeStatement"
                       xlink:to="de-gaap-ci_table.DeterminationOfTaxableIncomeSpecForProfitOrganisationsAndUtilitiesIncomeStatement"
                       order="1"
                       xlink:arcrole="http://www.xbrl.org/2003/arcrole/parent-child"
                       xlink:type="arc"/>
      <presentationArc xmlns:xbrldt="http://xbrl.org/2005/xbrldt"
                       xlink:from="de-gaap-ci_table.DeterminationOfTaxableIncomeSpecForProfitOrganisationsAndUtilitiesIncomeStatement"
                       xlink:to="de-gaap-ci_DeterminationOfTaxableIncomeSpec.forProfitOrganisationsAndUtilities.IncomeStatement.table"
                       order="1"
                       xbrldt:contextElement="scenario"
                       xlink:arcrole="http://www.xbrl.org/2003/arcrole/parent-child"
                       xlink:type="arc"/>
      <presentationArc xlink:from="de-gaap-ci_DeterminationOfTaxableIncomeSpec.forProfitOrganisationsAndUtilities.IncomeStatement.table"
                       xlink:to="de-gaap-ci_DeterminationOfTaxableIncomeSpec.forProfitOrganisationsAndUtilities.IncomeStatement.table.item"
                       order="1"
                       xlink:arcrole="http://www.xbrl.org/2003/arcrole/parent-child"
                       xlink:type="arc"/>
      <presentationArc xmlns:xbrldt="http://xbrl.org/2005/xbrldt"
                       xlink:from="de-gaap-ci_DeterminationOfTaxableIncomeSpec.forProfitOrganisationsAndUtilities.IncomeStatement.table.item"
                       xlink:to="de-gaap-ci_is"
                       order="1"
                       xbrldt:usable="false"
                       xlink:arcrole="http://www.xbrl.org/2003/arcrole/parent-child"
                       xlink:type="arc"/>
      <presentationArc xlink:from="de-gaap-ci_DeterminationOfTaxableIncomeSpec.forProfitOrganisationsAndUtilities.IncomeStatement.table"
                       xlink:to="de-gaap-ci_dim_BgAKey"
                       order="2"
                       xlink:arcrole="http://www.xbrl.org/2003/arcrole/parent-child"
                       xlink:type="arc"/>
      <presentationArc xlink:from="de-gaap-ci_table.DeterminationOfTaxableIncomeSpecForProfitOrganisationsAndUtilitiesIncomeStatement"
                       xlink:to="de-gaap-ci_piTitle.DeterminationOfTaxableIncomeSpec.forProfitOrganisationsAndUtilities.IncomeStatement"
                       order="2"
                       xlink:arcrole="http://www.xbrl.org/2003/arcrole/parent-child"
                       xlink:type="arc"/>
      <presentationArc xlink:from="de-gaap-ci_piTitle.DeterminationOfTaxableIncomeSpec.forProfitOrganisationsAndUtilities.IncomeStatement"
                       xlink:to="de-gaap-ci_DeterminationOfTaxableIncomeSpec.forProfitOrganisationsAndUtilities.IncomeStatement.valueOfItem"
                       order="1"
                       xlink:arcrole="http://www.xbrl.org/2003/arcrole/parent-child"
                       xlink:type="arc"/>
   </presentationLink>
</linkbase>