<?xml version="1.0" encoding="utf-8"?>
<!--(c) XBRL Deutschland e.V. - see http://www.xbrl.de-->


<linkbase xmlns="http://www.xbrl.org/2003/linkbase"
          xmlns:xsi="http://www.w3.org/2001/XMLSchema-instance"
          xsi:schemaLocation="http://www.xbrl.org/2003/linkbase http://www.xbrl.org/2003/xbrl-linkbase-2003-12-31.xsd">
   <roleRef xmlns:xbrldt="http://xbrl.org/2005/xbrldt"
            xmlns:xbrli="http://www.xbrl.org/2003/instance"
            xmlns:xlink="http://www.w3.org/1999/xlink"
            roleURI="http://www.xbrl.de/taxonomies/de-gaap-ci/role/changesEquityStatement"
            xlink:href="de-gaap-ci-2018-04-01.xsd#role_changesEquityStatement"
            xlink:type="simple"/>
   <presentationLink xmlns:xlink="http://www.w3.org/1999/xlink"
                     xlink:role="http://www.xbrl.de/taxonomies/de-gaap-ci/role/changesEquityStatement"
                     xlink:type="extended">
      <loc xlink:type="locator"
           xlink:href="de-gaap-ci-2018-04-01-dimensions.xsd#de-gaap-ci_dim_allDRS22K"
           xlink:label="de-gaap-ci_dim_allDRS22K"/>
      <loc xlink:type="locator"
           xlink:href="de-gaap-ci-2018-04-01-dimensions.xsd#de-gaap-ci_dim_parentDRS22K.accGroupStatement.shares"
           xlink:label="de-gaap-ci_dim_parentDRS22K.accGroupStatement.shares"/>
      <loc xlink:type="locator"
           xlink:href="de-gaap-ci-2018-04-01-dimensions.xsd#de-gaap-ci_dim_parentDRS22K.accGroupStatement.reserves"
           xlink:label="de-gaap-ci_dim_parentDRS22K.accGroupStatement.reserves"/>
      <loc xlink:type="locator"
           xlink:href="de-gaap-ci-2018-04-01-dimensions.xsd#de-gaap-ci_dim_parentDRS22K.accGroupStatement.currTranslDiff"
           xlink:label="de-gaap-ci_dim_parentDRS22K.accGroupStatement.currTranslDiff"/>
      <loc xlink:type="locator"
           xlink:href="de-gaap-ci-2018-04-01-dimensions.xsd#de-gaap-ci_dim_parentDRS22K.accGroupStatement.retainedEarningsPrevYear"
           xlink:label="de-gaap-ci_dim_parentDRS22K.accGroupStatement.retainedEarningsPrevYear"/>
      <loc xlink:type="locator"
           xlink:href="de-gaap-ci-2018-04-01-dimensions.xsd#de-gaap-ci_dim_parentDRS22K.accGroupStatement.netIncome"
           xlink:label="de-gaap-ci_dim_parentDRS22K.accGroupStatement.netIncome"/>
      <loc xlink:type="locator"
           xlink:href="de-gaap-ci-2018-04-01-dimensions.xsd#de-gaap-ci_dim_allDRS22K.parent"
           xlink:label="de-gaap-ci_dim_allDRS22K.parent"/>
      <loc xlink:type="locator"
           xlink:href="de-gaap-ci-2018-04-01-dimensions.xsd#de-gaap-ci_dim_minorityDRS22K"
           xlink:label="de-gaap-ci_dim_minorityDRS22K"/>
      <loc xlink:type="locator"
           xlink:href="de-gaap-ci-2018-04-01-dimensions.xsd#de-gaap-ci_dim_minorityDRS22K.currTransl"
           xlink:label="de-gaap-ci_dim_minorityDRS22K.currTransl"/>
      <loc xlink:type="locator"
           xlink:href="de-gaap-ci-2018-04-01-dimensions.xsd#de-gaap-ci_dim_minorityDRS22K.bevorCurrTranslOtherGroupResult"
           xlink:label="de-gaap-ci_dim_minorityDRS22K.bevorCurrTranslOtherGroupResult"/>
      <loc xlink:type="locator"
           xlink:href="de-gaap-ci-2018-04-01-dimensions.xsd#de-gaap-ci_eqCh.group_allDRS22K"
           xlink:label="de-gaap-ci_eqCh.group_allDRS22K"/>
      <loc xlink:type="locator"
           xlink:href="de-gaap-ci-2018-04-01-dimensions.xsd#de-gaap-ci_eqCh.group_changeConsolDRS22K"
           xlink:label="de-gaap-ci_eqCh.group_changeConsolDRS22K"/>
      <loc xlink:type="locator"
           xlink:href="de-gaap-ci-2018-04-01-dimensions.xsd#de-gaap-ci_dim_minorityDRS22K.otherGroupResult"
           xlink:label="de-gaap-ci_dim_minorityDRS22K.otherGroupResult"/>
      <loc xlink:type="locator"
           xlink:href="de-gaap-ci-2018-04-01-dimensions.xsd#de-gaap-ci_dim_eqChDRS22K"
           xlink:label="de-gaap-ci_dim_eqChDRS22K"/>
      <presentationArc xlink:from="de-gaap-ci_dim_allDRS22K"
                       xlink:to="de-gaap-ci_dim_parentDRS22K.accGroupStatement.shares"
                       order="1"
                       priority="1"
                       use="prohibited"
                       xlink:arcrole="http://www.xbrl.org/2003/arcrole/parent-child"
                       xlink:type="arc"/>
      <presentationArc xlink:from="de-gaap-ci_dim_allDRS22K"
                       xlink:to="de-gaap-ci_dim_parentDRS22K.accGroupStatement.reserves"
                       order="2"
                       priority="1"
                       use="prohibited"
                       xlink:arcrole="http://www.xbrl.org/2003/arcrole/parent-child"
                       xlink:type="arc"/>
      <presentationArc xlink:from="de-gaap-ci_dim_allDRS22K"
                       xlink:to="de-gaap-ci_dim_parentDRS22K.accGroupStatement.currTranslDiff"
                       order="3"
                       priority="1"
                       use="prohibited"
                       xlink:arcrole="http://www.xbrl.org/2003/arcrole/parent-child"
                       xlink:type="arc"/>
      <presentationArc xlink:from="de-gaap-ci_dim_allDRS22K"
                       xlink:to="de-gaap-ci_dim_parentDRS22K.accGroupStatement.retainedEarningsPrevYear"
                       order="4"
                       priority="1"
                       use="prohibited"
                       xlink:arcrole="http://www.xbrl.org/2003/arcrole/parent-child"
                       xlink:type="arc"/>
      <presentationArc xlink:from="de-gaap-ci_dim_allDRS22K"
                       xlink:to="de-gaap-ci_dim_parentDRS22K.accGroupStatement.netIncome"
                       order="5"
                       priority="1"
                       use="prohibited"
                       xlink:arcrole="http://www.xbrl.org/2003/arcrole/parent-child"
                       xlink:type="arc"/>
      <presentationArc xlink:from="de-gaap-ci_dim_allDRS22K"
                       xlink:to="de-gaap-ci_dim_allDRS22K.parent"
                       order="0.5"
                       xlink:arcrole="http://www.xbrl.org/2003/arcrole/parent-child"
                       xlink:type="arc"/>
      <presentationArc xlink:from="de-gaap-ci_dim_allDRS22K.parent"
                       xlink:to="de-gaap-ci_dim_parentDRS22K.accGroupStatement.shares"
                       order="1"
                       xlink:arcrole="http://www.xbrl.org/2003/arcrole/parent-child"
                       xlink:type="arc"/>
      <presentationArc xlink:from="de-gaap-ci_dim_allDRS22K.parent"
                       xlink:to="de-gaap-ci_dim_parentDRS22K.accGroupStatement.reserves"
                       order="2"
                       xlink:arcrole="http://www.xbrl.org/2003/arcrole/parent-child"
                       xlink:type="arc"/>
      <presentationArc xlink:from="de-gaap-ci_dim_allDRS22K.parent"
                       xlink:to="de-gaap-ci_dim_parentDRS22K.accGroupStatement.currTranslDiff"
                       order="3"
                       xlink:arcrole="http://www.xbrl.org/2003/arcrole/parent-child"
                       xlink:type="arc"/>
      <presentationArc xlink:from="de-gaap-ci_dim_allDRS22K.parent"
                       xlink:to="de-gaap-ci_dim_parentDRS22K.accGroupStatement.retainedEarningsPrevYear"
                       order="4"
                       xlink:arcrole="http://www.xbrl.org/2003/arcrole/parent-child"
                       xlink:type="arc"/>
      <presentationArc xlink:from="de-gaap-ci_dim_allDRS22K.parent"
                       xlink:to="de-gaap-ci_dim_parentDRS22K.accGroupStatement.netIncome"
                       order="5"
                       xlink:arcrole="http://www.xbrl.org/2003/arcrole/parent-child"
                       xlink:type="arc"/>
      <presentationArc xlink:from="de-gaap-ci_dim_allDRS22K" xlink:to="de-gaap-ci_dim_minorityDRS22K"
                       order="0.6"
                       xlink:arcrole="http://www.xbrl.org/2003/arcrole/parent-child"
                       xlink:type="arc"/>
      <presentationArc xlink:from="de-gaap-ci_dim_minorityDRS22K"
                       xlink:to="de-gaap-ci_dim_minorityDRS22K.currTransl"
                       order="2"
                       xlink:arcrole="http://www.xbrl.org/2003/arcrole/parent-child"
                       xlink:type="arc"/>
      <presentationArc xlink:from="de-gaap-ci_dim_minorityDRS22K"
                       xlink:to="de-gaap-ci_dim_minorityDRS22K.bevorCurrTranslOtherGroupResult"
                       order="1"
                       xlink:arcrole="http://www.xbrl.org/2003/arcrole/parent-child"
                       xlink:type="arc"/>
      <presentationArc xlink:from="de-gaap-ci_dim_minorityDRS22K"
                       xlink:to="de-gaap-ci_dim_minorityDRS22K.otherGroupResult"
                       order="6"
                       xlink:arcrole="http://www.xbrl.org/2003/arcrole/parent-child"
                       xlink:type="arc"/>
      <presentationArc xlink:from="de-gaap-ci_eqCh.group_allDRS22K"
                       xlink:to="de-gaap-ci_eqCh.group_changeConsolDRS22K"
                       order="7.5"
                       xlink:arcrole="http://www.xbrl.org/2003/arcrole/parent-child"
                       xlink:type="arc"/>
   </presentationLink>
</linkbase>