<?xml version="1.0" encoding="utf-8"?>
<!--(c) XBRL Deutschland e.V. - see http://www.xbrl.de-->


<linkbase xmlns="http://www.xbrl.org/2003/linkbase"
          xmlns:xsi="http://www.w3.org/2001/XMLSchema-instance"
          xsi:schemaLocation="http://www.xbrl.org/2003/linkbase http://www.xbrl.org/2003/xbrl-linkbase-2003-12-31.xsd">
   <roleRef xmlns:xlink="http://www.w3.org/1999/xlink"
            roleURI="http://www.xbrl.de/taxonomies/de-gaap-ci/role/appropriationProfits"
            xlink:href="de-gaap-ci-2018-04-01.xsd#role_appropriationProfits"
            xlink:type="simple"/>
   <presentationLink xmlns:xlink="http://www.w3.org/1999/xlink"
                     xlink:role="http://www.xbrl.de/taxonomies/de-gaap-ci/role/appropriationProfits"
                     xlink:type="extended">
      <loc xlink:type="locator"
           xlink:href="de-gaap-ci-2018-04-01.xsd#de-gaap-ci_incomeUse.gainLoss"
           xlink:label="de-gaap-ci_incomeUse.gainLoss"/>
      <loc xlink:type="locator"
           xlink:href="de-gaap-ci-2018-04-01.xsd#de-gaap-ci_incomeUse.gainLoss.MinorityInt"
           xlink:label="de-gaap-ci_incomeUse.gainLoss.MinorityInt"/>
      <loc xlink:type="locator"
           xlink:href="de-gaap-ci-2018-04-01.xsd#de-gaap-ci_incomeUse.gainLoss.releaseDiffFromCapitalConsol"
           xlink:label="de-gaap-ci_incomeUse.gainLoss.releaseDiffFromCapitalConsol"/>
      <presentationArc xlink:from="de-gaap-ci_incomeUse.gainLoss"
                       xlink:to="de-gaap-ci_incomeUse.gainLoss.MinorityInt"
                       order="1.5"
                       xlink:arcrole="http://www.xbrl.org/2003/arcrole/parent-child"
                       xlink:type="arc"/>
      <presentationArc xlink:from="de-gaap-ci_incomeUse.gainLoss"
                       xlink:to="de-gaap-ci_incomeUse.gainLoss.releaseDiffFromCapitalConsol"
                       order="7"
                       xlink:arcrole="http://www.xbrl.org/2003/arcrole/parent-child"
                       xlink:type="arc"/>
   </presentationLink>
</linkbase>