<?xml version="1.0" encoding="utf-8"?>
<!--(c) XBRL Deutschland e.V. - see http://www.xbrl.de-->


<linkbase xmlns="http://www.xbrl.org/2003/linkbase"
          xmlns:xsi="http://www.w3.org/2001/XMLSchema-instance"
          xsi:schemaLocation="http://www.xbrl.org/2003/linkbase http://www.xbrl.org/2003/xbrl-linkbase-2003-12-31.xsd">
   <roleRef xmlns:xlink="http://www.w3.org/1999/xlink"
            roleURI="http://www.xbrl.de/taxonomies/de-gaap-ci/role/addInfoCreditScoring"
            xlink:href="de-gaap-ci-2018-04-01.xsd#role_addInfoCreditScoring"
            xlink:type="simple"/>
   <presentationLink xmlns:xlink="http://www.w3.org/1999/xlink"
                     xlink:role="http://www.xbrl.de/taxonomies/de-gaap-ci/role/addInfoCreditScoring"
                     xlink:type="extended">
      <loc xlink:type="locator"
           xlink:href="de-gaap-ci-2018-04-01.xsd#de-gaap-ci_AddInfoCreditScoring.bs.ass.fixAss.fin.particip.assoc"
           xlink:label="de-gaap-ci_AddInfoCreditScoring.bs.ass.fixAss.fin.particip.assoc"/>
      <loc xlink:type="locator"
           xlink:href="de-gaap-ci-2018-04-01.xsd#de-gaap-ci_AddInfoCreditScoring.bs.ass.fixAss.fin.particip.assoc.atEquity"
           xlink:label="de-gaap-ci_AddInfoCreditScoring.bs.ass.fixAss.fin.particip.assoc.atEquity"/>
      <loc xlink:type="locator"
           xlink:href="de-gaap-ci-2018-04-01.xsd#de-gaap-ci_AddInfoCreditScoring.bs.ass.fixAss.fin.particip.jointVent.atEquity"
           xlink:label="de-gaap-ci_AddInfoCreditScoring.bs.ass.fixAss.fin.particip.jointVent.atEquity"/>
      <presentationArc xlink:from="de-gaap-ci_AddInfoCreditScoring.bs.ass.fixAss.fin.particip.assoc"
                       xlink:to="de-gaap-ci_AddInfoCreditScoring.bs.ass.fixAss.fin.particip.assoc.atEquity"
                       order="1"
                       xlink:arcrole="http://www.xbrl.org/2003/arcrole/parent-child"
                       xlink:type="arc"/>
      <presentationArc xlink:from="de-gaap-ci_AddInfoCreditScoring.bs.ass.fixAss.fin.particip.assoc"
                       xlink:to="de-gaap-ci_AddInfoCreditScoring.bs.ass.fixAss.fin.particip.jointVent.atEquity"
                       order="2"
                       xlink:arcrole="http://www.xbrl.org/2003/arcrole/parent-child"
                       xlink:type="arc"/>
   </presentationLink>
</linkbase>