<?xml version="1.0" encoding="utf-8"?>
<!--(c) XBRL Deutschland e.V. - see http://www.xbrl.de-->


<linkbase xmlns="http://www.xbrl.org/2003/linkbase"
          xmlns:xsi="http://www.w3.org/2001/XMLSchema-instance"
          xsi:schemaLocation="http://www.xbrl.org/2003/linkbase http://www.xbrl.org/2003/xbrl-linkbase-2003-12-31.xsd">
   <roleRef xmlns:xbrldt="http://xbrl.org/2005/xbrldt"
            xmlns:xlink="http://www.w3.org/1999/xlink"
            roleURI="http://www.xbrl.de/taxonomies/de-gaap-ci/role/transfersTaxAssets"
            xlink:href="de-gaap-ci-2018-04-01.xsd#role_transfersTaxAssets"
            xlink:type="simple"/>
   <presentationLink xmlns:xlink="http://www.w3.org/1999/xlink"
                     xlink:role="http://www.xbrl.de/taxonomies/de-gaap-ci/role/transfersTaxAssets"
                     xlink:type="extended">
      <loc xlink:type="locator" xlink:href="de-gaap-ci-2018-04-01.xsd#de-gaap-ci_BVV"
           xlink:label="de-gaap-ci_BVV"/>
      <loc xlink:type="locator"
           xlink:href="de-gaap-ci-2018-04-01.xsd#de-gaap-ci_BVV.profitLoss"
           xlink:label="de-gaap-ci_BVV.profitLoss"/>
      <loc xlink:type="locator"
           xlink:href="de-gaap-ci-2018-04-01.xsd#de-gaap-ci_BVV.profitLoss.assetsCurrentYear"
           xlink:label="de-gaap-ci_BVV.profitLoss.assetsCurrentYear"/>
      <loc xlink:type="locator"
           xlink:href="de-gaap-ci-2018-04-01.xsd#de-gaap-ci_BVV.profitLoss.assetsPreviousYear"
           xlink:label="de-gaap-ci_BVV.profitLoss.assetsPreviousYear"/>
      <loc xlink:type="locator"
           xlink:href="de-gaap-ci-2018-04-01.xsd#de-gaap-ci_BVV.profitLoss.assetsPreviousYear.assets"
           xlink:label="de-gaap-ci_BVV.profitLoss.assetsPreviousYear.assets"/>
      <loc xlink:type="locator"
           xlink:href="de-gaap-ci-2018-04-01.xsd#de-gaap-ci_BVV.profitLoss.assetsPreviousYear.capAdjustments"
           xlink:label="de-gaap-ci_BVV.profitLoss.assetsPreviousYear.capAdjustments"/>
      <loc xlink:type="locator"
           xlink:href="de-gaap-ci-2018-04-01.xsd#de-gaap-ci_BVV.profitLoss.withdrawalDistrib"
           xlink:label="de-gaap-ci_BVV.profitLoss.withdrawalDistrib"/>
      <loc xlink:type="locator"
           xlink:href="de-gaap-ci-2018-04-01.xsd#de-gaap-ci_BVV.profitLoss.contribution"
           xlink:label="de-gaap-ci_BVV.profitLoss.contribution"/>
      <loc xlink:type="locator"
           xlink:href="de-gaap-ci-2018-04-01.xsd#de-gaap-ci_BVV.profitLoss.EStG6b"
           xlink:label="de-gaap-ci_BVV.profitLoss.EStG6b"/>
      <presentationArc xlink:from="de-gaap-ci_BVV" xlink:to="de-gaap-ci_BVV.profitLoss" order="1"
                       xlink:arcrole="http://www.xbrl.org/2003/arcrole/parent-child"
                       xlink:type="arc"/>
      <presentationArc xlink:from="de-gaap-ci_BVV.profitLoss"
                       xlink:to="de-gaap-ci_BVV.profitLoss.assetsCurrentYear"
                       order="1"
                       xlink:arcrole="http://www.xbrl.org/2003/arcrole/parent-child"
                       xlink:type="arc"/>
      <presentationArc xlink:from="de-gaap-ci_BVV.profitLoss"
                       xlink:to="de-gaap-ci_BVV.profitLoss.assetsPreviousYear"
                       order="2"
                       xlink:arcrole="http://www.xbrl.org/2003/arcrole/parent-child"
                       xlink:type="arc"/>
      <presentationArc xlink:from="de-gaap-ci_BVV.profitLoss.assetsPreviousYear"
                       xlink:to="de-gaap-ci_BVV.profitLoss.assetsPreviousYear.assets"
                       order="1"
                       xlink:arcrole="http://www.xbrl.org/2003/arcrole/parent-child"
                       xlink:type="arc"/>
      <presentationArc xlink:from="de-gaap-ci_BVV.profitLoss.assetsPreviousYear"
                       xlink:to="de-gaap-ci_BVV.profitLoss.assetsPreviousYear.capAdjustments"
                       order="2"
                       xlink:arcrole="http://www.xbrl.org/2003/arcrole/parent-child"
                       xlink:type="arc"/>
      <presentationArc xlink:from="de-gaap-ci_BVV.profitLoss"
                       xlink:to="de-gaap-ci_BVV.profitLoss.withdrawalDistrib"
                       order="3"
                       xlink:arcrole="http://www.xbrl.org/2003/arcrole/parent-child"
                       xlink:type="arc"/>
      <presentationArc xlink:from="de-gaap-ci_BVV.profitLoss"
                       xlink:to="de-gaap-ci_BVV.profitLoss.contribution"
                       order="4"
                       xlink:arcrole="http://www.xbrl.org/2003/arcrole/parent-child"
                       xlink:type="arc"/>
      <presentationArc xlink:from="de-gaap-ci_BVV.profitLoss"
                       xlink:to="de-gaap-ci_BVV.profitLoss.EStG6b"
                       order="5"
                       xlink:arcrole="http://www.xbrl.org/2003/arcrole/parent-child"
                       xlink:type="arc"/>
   </presentationLink>
</linkbase>