<?xml version="1.0" encoding="utf-8"?>
<!--(c) XBRL Deutschland e.V. - see http://www.xbrl.de-->


<linkbase xmlns="http://www.xbrl.org/2003/linkbase"
          xmlns:xsi="http://www.w3.org/2001/XMLSchema-instance"
          xsi:schemaLocation="http://www.xbrl.org/2003/linkbase http://www.xbrl.org/2003/xbrl-linkbase-2003-12-31.xsd">
   <roleRef xmlns:xlink="http://www.w3.org/1999/xlink"
            roleURI="http://www.xbrl.de/taxonomies/de-gaap-ci/role/cashFlowStatement"
            xlink:href="de-gaap-ci-2018-04-01.xsd#role_cashFlowStatement"
            xlink:type="simple"/>
   <presentationLink xmlns:xlink="http://www.w3.org/1999/xlink"
                     xlink:role="http://www.xbrl.de/taxonomies/de-gaap-ci/role/cashFlowStatement"
                     xlink:type="extended">
      <loc xlink:type="locator"
           xlink:href="de-gaap-ci-2018-04-01.xsd#de-gaap-ci_cfs.cashEqu.cashChanges.cfFromFinancing.paidInCap"
           xlink:label="de-gaap-ci_cfs.cashEqu.cashChanges.cfFromFinancing.paidInCap"/>
      <loc xlink:type="locator"
           xlink:href="de-gaap-ci-2018-04-01.xsd#de-gaap-ci_cfs.cashEqu.cashChanges.cfFromFinancing.paidInCap.otherminority"
           xlink:label="de-gaap-ci_cfs.cashEqu.cashChanges.cfFromFinancing.paidInCap.otherminority"/>
      <loc xlink:type="locator"
           xlink:href="de-gaap-ci-2018-04-01.xsd#de-gaap-ci_cfs.cashEqu.cashChanges.cfFromFinancing.paidInCap.minority"
           xlink:label="de-gaap-ci_cfs.cashEqu.cashChanges.cfFromFinancing.paidInCap.minority"/>
      <loc xlink:type="locator"
           xlink:href="de-gaap-ci-2018-04-01.xsd#de-gaap-ci_cfs.cashEqu.nonCashChanges"
           xlink:label="de-gaap-ci_cfs.cashEqu.nonCashChanges"/>
      <loc xlink:type="locator"
           xlink:href="de-gaap-ci-2018-04-01.xsd#de-gaap-ci_cfs.cashEqu.nonCashChanges.changeConsol"
           xlink:label="de-gaap-ci_cfs.cashEqu.nonCashChanges.changeConsol"/>
      <presentationArc xlink:from="de-gaap-ci_cfs.cashEqu.cashChanges.cfFromFinancing.paidInCap"
                       xlink:to="de-gaap-ci_cfs.cashEqu.cashChanges.cfFromFinancing.paidInCap.otherminority"
                       order="5"
                       xlink:arcrole="http://www.xbrl.org/2003/arcrole/parent-child"
                       xlink:type="arc"/>
      <presentationArc xlink:from="de-gaap-ci_cfs.cashEqu.cashChanges.cfFromFinancing.paidInCap"
                       xlink:to="de-gaap-ci_cfs.cashEqu.cashChanges.cfFromFinancing.paidInCap.minority"
                       order="2"
                       xlink:arcrole="http://www.xbrl.org/2003/arcrole/parent-child"
                       xlink:type="arc"/>
      <presentationArc xlink:from="de-gaap-ci_cfs.cashEqu.nonCashChanges"
                       xlink:to="de-gaap-ci_cfs.cashEqu.nonCashChanges.changeConsol"
                       order="2"
                       xlink:arcrole="http://www.xbrl.org/2003/arcrole/parent-child"
                       xlink:type="arc"/>
   </presentationLink>
</linkbase>