<?xml version="1.0" encoding="utf-8"?>
<!--(c) XBRL Deutschland e.V. - see http://www.xbrl.de-->


<linkbase xmlns="http://www.xbrl.org/2003/linkbase"
          xmlns:xsi="http://www.w3.org/2001/XMLSchema-instance"
          xsi:schemaLocation="http://www.xbrl.org/2003/linkbase http://www.xbrl.org/2003/xbrl-linkbase-2003-12-31.xsd">
   <roleRef xmlns:xbrldt="http://xbrl.org/2005/xbrldt"
            xmlns:xlink="http://www.w3.org/1999/xlink"
            roleURI="http://www.xbrl.de/taxonomies/de-gaap-ci/role/notesBelowBalanceSheet"
            xlink:href="de-gaap-ci-2018-04-01.xsd#role_notesBelowBalanceSheet"
            xlink:type="simple"/>
   <presentationLink xmlns:xlink="http://www.w3.org/1999/xlink"
                     xlink:role="http://www.xbrl.de/taxonomies/de-gaap-ci/role/notesBelowBalanceSheet"
                     xlink:type="extended">
      <loc xlink:type="locator"
           xlink:href="de-gaap-ci-2018-04-01.xsd#de-gaap-ci_notesBelowBalanceSheet"
           xlink:label="de-gaap-ci_notesBelowBalanceSheet"/>
      <loc xlink:type="locator" xlink:href="de-gaap-ci-2018-04-01.xsd#de-gaap-ci_ntmi"
           xlink:label="de-gaap-ci_ntmi"/>
      <loc xlink:type="locator"
           xlink:href="de-gaap-ci-2018-04-01.xsd#de-gaap-ci_nt.relationships.creditsToMembers"
           xlink:label="de-gaap-ci_nt.relationships.creditsToMembers"/>
      <loc xlink:type="locator"
           xlink:href="de-gaap-ci-2018-04-01.xsd#de-gaap-ci_nt.bsInfo.infoOnOwnShares"
           xlink:label="de-gaap-ci_nt.bsInfo.infoOnOwnShares"/>
      <loc xlink:type="locator"
           xlink:href="de-gaap-ci-2018-04-01.xsd#de-gaap-ci_ntmi.other"
           xlink:label="de-gaap-ci_ntmi.other"/>
      <loc xlink:type="locator"
           xlink:href="de-gaap-ci-2018-04-01.xsd#de-gaap-ci_nt.bsInfo.infoOnOwnSharesS"
           xlink:label="de-gaap-ci_nt.bsInfo.infoOnOwnSharesS"/>
      <loc xlink:type="locator"
           xlink:href="de-gaap-ci-2018-04-01.xsd#de-gaap-ci_nt.relationships.numberCoopMembers"
           xlink:label="de-gaap-ci_nt.relationships.numberCoopMembers"/>
      <loc xlink:type="locator"
           xlink:href="de-gaap-ci-2018-04-01.xsd#de-gaap-ci_nt.other.coopertiveAuditOrg"
           xlink:label="de-gaap-ci_nt.other.coopertiveAuditOrg"/>
      <loc xlink:type="locator"
           xlink:href="de-gaap-ci-2018-04-01.xsd#de-gaap-ci_nt.relationships.receivablesFromCoopBoardMembers"
           xlink:label="de-gaap-ci_nt.relationships.receivablesFromCoopBoardMembers"/>
      <loc xlink:type="locator"
           xlink:href="de-gaap-ci-2018-04-01.xsd#de-gaap-ci_notesBelowBalanceSheet.dependency"
           xlink:label="de-gaap-ci_notesBelowBalanceSheet.dependency"/>
      <presentationArc xlink:from="de-gaap-ci_notesBelowBalanceSheet" xlink:to="de-gaap-ci_ntmi"
                       order="2"
                       xlink:arcrole="http://www.xbrl.org/2003/arcrole/parent-child"
                       xlink:type="arc"/>
      <presentationArc xlink:from="de-gaap-ci_ntmi"
                       xlink:to="de-gaap-ci_nt.relationships.creditsToMembers"
                       order="1"
                       xlink:arcrole="http://www.xbrl.org/2003/arcrole/parent-child"
                       xlink:type="arc"/>
      <presentationArc xlink:from="de-gaap-ci_ntmi" xlink:to="de-gaap-ci_nt.bsInfo.infoOnOwnShares"
                       order="2"
                       xlink:arcrole="http://www.xbrl.org/2003/arcrole/parent-child"
                       xlink:type="arc"/>
      <presentationArc xlink:from="de-gaap-ci_ntmi" xlink:to="de-gaap-ci_ntmi.other" order="3"
                       xlink:arcrole="http://www.xbrl.org/2003/arcrole/parent-child"
                       xlink:type="arc"/>
      <presentationArc xlink:from="de-gaap-ci_ntmi" xlink:to="de-gaap-ci_nt.bsInfo.infoOnOwnSharesS"
                       order="2.2"
                       xlink:arcrole="http://www.xbrl.org/2003/arcrole/parent-child"
                       xlink:type="arc"/>
      <presentationArc xlink:from="de-gaap-ci_ntmi"
                       xlink:to="de-gaap-ci_nt.relationships.numberCoopMembers"
                       order="2.6"
                       xlink:arcrole="http://www.xbrl.org/2003/arcrole/parent-child"
                       xlink:type="arc"/>
      <presentationArc xlink:from="de-gaap-ci_ntmi" xlink:to="de-gaap-ci_nt.other.coopertiveAuditOrg"
                       order="2.7"
                       xlink:arcrole="http://www.xbrl.org/2003/arcrole/parent-child"
                       xlink:type="arc"/>
      <presentationArc xlink:from="de-gaap-ci_ntmi"
                       xlink:to="de-gaap-ci_nt.relationships.receivablesFromCoopBoardMembers"
                       order="2.8"
                       xlink:arcrole="http://www.xbrl.org/2003/arcrole/parent-child"
                       xlink:type="arc"/>
      <presentationArc xlink:from="de-gaap-ci_ntmi"
                       xlink:to="de-gaap-ci_notesBelowBalanceSheet.dependency"
                       order="2.5"
                       xlink:arcrole="http://www.xbrl.org/2003/arcrole/parent-child"
                       xlink:type="arc"/>
   </presentationLink>
</linkbase>