<?xml version="1.0" encoding="utf-8"?>
<!--(c) XBRL Deutschland e.V. - see http://www.xbrl.de-->


<linkbase xmlns="http://www.xbrl.org/2003/linkbase"
          xmlns:xsi="http://www.w3.org/2001/XMLSchema-instance"
          xsi:schemaLocation="http://www.xbrl.org/2003/linkbase http://www.xbrl.org/2003/xbrl-linkbase-2003-12-31.xsd">
   <roleRef xmlns:xlink="http://www.w3.org/1999/xlink"
            roleURI="http://www.xbrl.de/roles/labels/terse60Label"
            xlink:href="../de-gcd-2018-04-01/hgbrole-2018-04-01.xsd#role_terse60Label"
            xlink:type="simple"/>
   <labelLink xmlns:xlink="http://www.w3.org/1999/xlink"
              xlink:role="http://www.xbrl.org/2003/role/link"
              xlink:type="extended">
      <loc xlink:type="locator"
           xlink:href="de-gaap-ci-2018-04-01.xsd#de-gaap-ci_is.netIncome.regular.fin.netInterest.income.valueDiscount.prematRepaymentKStGs38"
           xlink:label="de-gaap-ci_is.netIncome.regular.fin.netInterest.income.valueDiscount.prematRepaymentKStGs38"/>
      <loc xlink:type="locator"
           xlink:href="de-gaap-ci-2018-04-01.xsd#de-gaap-ci_is.netIncome.regular.fin.netInterest.income.valueDiscount.accruals"
           xlink:label="de-gaap-ci_is.netIncome.regular.fin.netInterest.income.valueDiscount.accruals"/>
      <loc xlink:type="locator"
           xlink:href="de-gaap-ci-2018-04-01.xsd#de-gaap-ci_is.netIncome.regular.fin.netInterest.income.valueDiscount.accrualsNonAllocable"
           xlink:label="de-gaap-ci_is.netIncome.regular.fin.netInterest.income.valueDiscount.accrualsNonAllocable"/>
      <loc xlink:type="locator"
           xlink:href="de-gaap-ci-2018-04-01.xsd#de-gaap-ci_is.netIncome.regular.fin.netInterest.expenses.valueDiscount.liabilities"
           xlink:label="de-gaap-ci_is.netIncome.regular.fin.netInterest.expenses.valueDiscount.liabilities"/>
      <loc xlink:type="locator"
           xlink:href="de-gaap-ci-2018-04-01.xsd#de-gaap-ci_is.netIncome.regular.fin.netInterest.expenses.valueDiscount.CITincrease"
           xlink:label="de-gaap-ci_is.netIncome.regular.fin.netInterest.expenses.valueDiscount.CITincrease"/>
      <loc xlink:type="locator"
           xlink:href="de-gaap-ci-2018-04-01.xsd#de-gaap-ci_is.netIncome.regular.fin.netInterest.expenses.valueDiscount.other"
           xlink:label="de-gaap-ci_is.netIncome.regular.fin.netInterest.expenses.valueDiscount.other"/>
      <!--
internal labels
--><labelArc xlink:from="de-gaap-ci_is.netIncome.regular.fin.netInterest.income.valueDiscount.accrualsNonAllocable"
                xlink:to="label_de-gaap-ci_is.netIncome.regular.fin.netInterest.income.valueDiscount.accrualsNonAllocable_1"
                xlink:arcrole="http://www.xbrl.org/2003/arcrole/concept-label"
                xlink:type="arc"/>
      <label xlink:label="label_de-gaap-ci_is.netIncome.regular.fin.netInterest.income.valueDiscount.accrualsNonAllocable_1"
             id="label_de-gaap-ci_is.netIncome.regular.fin.netInterest.income.valueDiscount.accrualsNonAllocable_1"
             xlink:role="http://www.xbrl.org/2003/role/label"
             xlink:type="resource"
             xml:lang="en">Other interest and similar income, income from discounting, non-allocable interest income</label>
      <labelArc xlink:from="de-gaap-ci_is.netIncome.regular.fin.netInterest.income.valueDiscount.accrualsNonAllocable"
                xlink:to="label_de-gaap-ci_is.netIncome.regular.fin.netInterest.income.valueDiscount.accrualsNonAllocable_2"
                xlink:arcrole="http://www.xbrl.org/2003/arcrole/concept-label"
                xlink:type="arc"/>
      <label xlink:label="label_de-gaap-ci_is.netIncome.regular.fin.netInterest.income.valueDiscount.accrualsNonAllocable_2"
             id="label_de-gaap-ci_is.netIncome.regular.fin.netInterest.income.valueDiscount.accrualsNonAllocable_2"
             xlink:role="http://www.xbrl.org/2003/role/terseLabel"
             xlink:type="resource"
             xml:lang="en">non-allocable interest income</label>
      <labelArc xlink:from="de-gaap-ci_is.netIncome.regular.fin.netInterest.expenses.valueDiscount.CITincrease"
                xlink:to="label_de-gaap-ci_is.netIncome.regular.fin.netInterest.expenses.valueDiscount.CITincrease"
                xlink:arcrole="http://www.xbrl.org/2003/arcrole/concept-label"
                xlink:type="arc"/>
      <label xlink:label="label_de-gaap-ci_is.netIncome.regular.fin.netInterest.expenses.valueDiscount.CITincrease"
             id="label_de-gaap-ci_is.netIncome.regular.fin.netInterest.expenses.valueDiscount.CITincrease"
             xlink:role="http://www.xbrl.org/2003/role/terseLabel"
             xlink:type="resource"
             xml:lang="en">Discounting of corporation tax credit according to KStG sec 38</label>
      <labelArc xlink:from="de-gaap-ci_is.netIncome.regular.fin.netInterest.expenses.valueDiscount.liabilities"
                xlink:to="label_de-gaap-ci_is.netIncome.regular.fin.netInterest.expenses.valueDiscount.liabilities_1"
                xlink:arcrole="http://www.xbrl.org/2003/arcrole/concept-label"
                xlink:type="arc"/>
      <label xlink:label="label_de-gaap-ci_is.netIncome.regular.fin.netInterest.expenses.valueDiscount.liabilities_1"
             id="label_de-gaap-ci_is.netIncome.regular.fin.netInterest.expenses.valueDiscount.liabilities_1"
             xlink:role="http://www.xbrl.org/2003/role/label"
             xlink:type="resource"
             xml:lang="en">Interest and similar expenses, other interest and similar expenses from discounting, discounting of accruals / liablities</label>
      <labelArc xlink:from="de-gaap-ci_is.netIncome.regular.fin.netInterest.expenses.valueDiscount.liabilities"
                xlink:to="label_de-gaap-ci_is.netIncome.regular.fin.netInterest.expenses.valueDiscount.liabilities_2"
                xlink:arcrole="http://www.xbrl.org/2003/arcrole/concept-label"
                xlink:type="arc"/>
      <label xlink:label="label_de-gaap-ci_is.netIncome.regular.fin.netInterest.expenses.valueDiscount.liabilities_2"
             id="label_de-gaap-ci_is.netIncome.regular.fin.netInterest.expenses.valueDiscount.liabilities_2"
             xlink:role="http://www.xbrl.org/2003/role/terseLabel"
             xlink:type="resource"
             xml:lang="en">discounting of accruals / liablities</label>
      <labelArc xlink:from="de-gaap-ci_is.netIncome.regular.fin.netInterest.expenses.valueDiscount.other"
                xlink:to="label_de-gaap-ci_is.netIncome.regular.fin.netInterest.expenses.valueDiscount.other"
                xlink:arcrole="http://www.xbrl.org/2003/arcrole/concept-label"
                xlink:type="arc"/>
      <label xlink:label="label_de-gaap-ci_is.netIncome.regular.fin.netInterest.expenses.valueDiscount.other"
             id="label_de-gaap-ci_is.netIncome.regular.fin.netInterest.expenses.valueDiscount.other"
             xlink:role="http://www.xbrl.org/2003/role/label"
             xlink:type="resource"
             xml:lang="en">Interest and similar expenses, other interest and similar expenses from discounting, non allocable expenses</label>
      <labelArc xlink:from="de-gaap-ci_is.netIncome.regular.fin.netInterest.income.valueDiscount.accruals"
                xlink:to="label_de-gaap-ci_is.netIncome.regular.fin.netInterest.income.valueDiscount.accruals_1"
                xlink:arcrole="http://www.xbrl.org/2003/arcrole/concept-label"
                xlink:type="arc"/>
      <label xlink:label="label_de-gaap-ci_is.netIncome.regular.fin.netInterest.income.valueDiscount.accruals_1"
             id="label_de-gaap-ci_is.netIncome.regular.fin.netInterest.income.valueDiscount.accruals_1"
             xlink:role="http://www.xbrl.org/2003/role/label"
             xlink:type="resource"
             xml:lang="en">Other interest and similar income from discounting, interest income from the discounting of accruals / liabilities</label>
      <labelArc xlink:from="de-gaap-ci_is.netIncome.regular.fin.netInterest.income.valueDiscount.accruals"
                xlink:to="label_de-gaap-ci_is.netIncome.regular.fin.netInterest.income.valueDiscount.accruals_2"
                xlink:arcrole="http://www.xbrl.org/2003/arcrole/concept-label"
                xlink:type="arc"/>
      <label xlink:label="label_de-gaap-ci_is.netIncome.regular.fin.netInterest.income.valueDiscount.accruals_2"
             id="label_de-gaap-ci_is.netIncome.regular.fin.netInterest.income.valueDiscount.accruals_2"
             xlink:role="http://www.xbrl.org/2003/role/terseLabel"
             xlink:type="resource"
             xml:lang="en">interest income from the discounting of accruals / liabilities</label>
      <labelArc xlink:from="de-gaap-ci_is.netIncome.regular.fin.netInterest.income.valueDiscount.prematRepaymentKStGs38"
                xlink:to="label_de-gaap-ci_is.netIncome.regular.fin.netInterest.income.valueDiscount.prematRepaymentKStGs38_1"
                xlink:arcrole="http://www.xbrl.org/2003/arcrole/concept-label"
                xlink:type="arc"/>
      <label xlink:label="label_de-gaap-ci_is.netIncome.regular.fin.netInterest.income.valueDiscount.prematRepaymentKStGs38_1"
             id="label_de-gaap-ci_is.netIncome.regular.fin.netInterest.income.valueDiscount.prematRepaymentKStGs38_1"
             xlink:role="http://www.xbrl.org/2003/role/label"
             xlink:type="resource"
             xml:lang="en">Other interest and similar income from discounting, interest income from the repayment of the corporate income tax credit prior to maturity</label>
      <labelArc xlink:from="de-gaap-ci_is.netIncome.regular.fin.netInterest.income.valueDiscount.prematRepaymentKStGs38"
                xlink:to="label_de-gaap-ci_is.netIncome.regular.fin.netInterest.income.valueDiscount.prematRepaymentKStGs38_2"
                xlink:arcrole="http://www.xbrl.org/2003/arcrole/concept-label"
                xlink:type="arc"/>
      <label xlink:label="label_de-gaap-ci_is.netIncome.regular.fin.netInterest.income.valueDiscount.prematRepaymentKStGs38_2"
             id="label_de-gaap-ci_is.netIncome.regular.fin.netInterest.income.valueDiscount.prematRepaymentKStGs38_2"
             xlink:role="http://www.xbrl.org/2003/role/terseLabel"
             xlink:type="resource"
             xml:lang="en">interest income from the repayment of the corporate income tax credit prior to maturity</label>
      <!--
external labels
--><labelArc xlink:from="de-gaap-ci_is.netIncome.regular.fin.netInterest.income.valueDiscount.accrualsNonAllocable"
                xlink:to="extlabel_de-gaap-ci_is.netIncome.regular.fin.netInterest.income.valueDiscount.accrualsNonAllocable_1"
                priority="1"
                use="prohibited"
                xlink:arcrole="http://www.xbrl.org/2003/arcrole/concept-label"
                xlink:type="arc"/>
      <labelArc xlink:from="de-gaap-ci_is.netIncome.regular.fin.netInterest.income.valueDiscount.accrualsNonAllocable"
                xlink:to="extlabel_de-gaap-ci_is.netIncome.regular.fin.netInterest.income.valueDiscount.accrualsNonAllocable_2"
                priority="1"
                use="prohibited"
                xlink:arcrole="http://www.xbrl.org/2003/arcrole/concept-label"
                xlink:type="arc"/>
      <labelArc xlink:from="de-gaap-ci_is.netIncome.regular.fin.netInterest.expenses.valueDiscount.CITincrease"
                xlink:to="extlabel_de-gaap-ci_is.netIncome.regular.fin.netInterest.expenses.valueDiscount.CITincrease_2"
                priority="1"
                use="prohibited"
                xlink:arcrole="http://www.xbrl.org/2003/arcrole/concept-label"
                xlink:type="arc"/>
      <labelArc xlink:from="de-gaap-ci_is.netIncome.regular.fin.netInterest.expenses.valueDiscount.liabilities"
                xlink:to="extlabel_de-gaap-ci_is.netIncome.regular.fin.netInterest.expenses.valueDiscount.liabilities_1"
                priority="1"
                use="prohibited"
                xlink:arcrole="http://www.xbrl.org/2003/arcrole/concept-label"
                xlink:type="arc"/>
      <labelArc xlink:from="de-gaap-ci_is.netIncome.regular.fin.netInterest.expenses.valueDiscount.liabilities"
                xlink:to="extlabel_de-gaap-ci_is.netIncome.regular.fin.netInterest.expenses.valueDiscount.liabilities_2"
                priority="1"
                use="prohibited"
                xlink:arcrole="http://www.xbrl.org/2003/arcrole/concept-label"
                xlink:type="arc"/>
      <labelArc xlink:from="de-gaap-ci_is.netIncome.regular.fin.netInterest.expenses.valueDiscount.other"
                xlink:to="extlabel_de-gaap-ci_is.netIncome.regular.fin.netInterest.expenses.valueDiscount.other_1"
                priority="1"
                use="prohibited"
                xlink:arcrole="http://www.xbrl.org/2003/arcrole/concept-label"
                xlink:type="arc"/>
      <labelArc xlink:from="de-gaap-ci_is.netIncome.regular.fin.netInterest.income.valueDiscount.accruals"
                xlink:to="extlabel_de-gaap-ci_is.netIncome.regular.fin.netInterest.income.valueDiscount.accruals_1"
                priority="1"
                use="prohibited"
                xlink:arcrole="http://www.xbrl.org/2003/arcrole/concept-label"
                xlink:type="arc"/>
      <labelArc xlink:from="de-gaap-ci_is.netIncome.regular.fin.netInterest.income.valueDiscount.accruals"
                xlink:to="extlabel_de-gaap-ci_is.netIncome.regular.fin.netInterest.income.valueDiscount.accruals_2"
                priority="1"
                use="prohibited"
                xlink:arcrole="http://www.xbrl.org/2003/arcrole/concept-label"
                xlink:type="arc"/>
      <labelArc xlink:from="de-gaap-ci_is.netIncome.regular.fin.netInterest.income.valueDiscount.prematRepaymentKStGs38"
                xlink:to="extlabel_de-gaap-ci_is.netIncome.regular.fin.netInterest.income.valueDiscount.prematRepaymentKStGs38_1"
                priority="1"
                use="prohibited"
                xlink:arcrole="http://www.xbrl.org/2003/arcrole/concept-label"
                xlink:type="arc"/>
      <labelArc xlink:from="de-gaap-ci_is.netIncome.regular.fin.netInterest.income.valueDiscount.prematRepaymentKStGs38"
                xlink:to="extlabel_de-gaap-ci_is.netIncome.regular.fin.netInterest.income.valueDiscount.prematRepaymentKStGs38_2"
                priority="1"
                use="prohibited"
                xlink:arcrole="http://www.xbrl.org/2003/arcrole/concept-label"
                xlink:type="arc"/>
      <loc xlink:type="locator"
           xlink:href="de-gaap-ci-2018-04-01-label-en.xml#label_de-gaap-ci_is.netIncome.regular.fin.netInterest.income.valueDiscount.accrualsNonAllocable_1"
           xlink:label="extlabel_de-gaap-ci_is.netIncome.regular.fin.netInterest.income.valueDiscount.accrualsNonAllocable_1"/>
      <loc xlink:type="locator"
           xlink:href="de-gaap-ci-2018-04-01-label-en.xml#label_de-gaap-ci_is.netIncome.regular.fin.netInterest.income.valueDiscount.accrualsNonAllocable_2"
           xlink:label="extlabel_de-gaap-ci_is.netIncome.regular.fin.netInterest.income.valueDiscount.accrualsNonAllocable_2"/>
      <loc xlink:type="locator"
           xlink:href="de-gaap-ci-2018-04-01-label-en.xml#label_de-gaap-ci_is.netIncome.regular.fin.netInterest.expenses.valueDiscount.CITincrease_2"
           xlink:label="extlabel_de-gaap-ci_is.netIncome.regular.fin.netInterest.expenses.valueDiscount.CITincrease_2"/>
      <loc xlink:type="locator"
           xlink:href="de-gaap-ci-2018-04-01-label-en.xml#label_de-gaap-ci_is.netIncome.regular.fin.netInterest.expenses.valueDiscount.liabilities_1"
           xlink:label="extlabel_de-gaap-ci_is.netIncome.regular.fin.netInterest.expenses.valueDiscount.liabilities_1"/>
      <loc xlink:type="locator"
           xlink:href="de-gaap-ci-2018-04-01-label-en.xml#label_de-gaap-ci_is.netIncome.regular.fin.netInterest.expenses.valueDiscount.liabilities_2"
           xlink:label="extlabel_de-gaap-ci_is.netIncome.regular.fin.netInterest.expenses.valueDiscount.liabilities_2"/>
      <loc xlink:type="locator"
           xlink:href="de-gaap-ci-2018-04-01-label-en.xml#label_de-gaap-ci_is.netIncome.regular.fin.netInterest.expenses.valueDiscount.other_1"
           xlink:label="extlabel_de-gaap-ci_is.netIncome.regular.fin.netInterest.expenses.valueDiscount.other_1"/>
      <loc xlink:type="locator"
           xlink:href="de-gaap-ci-2018-04-01-label-en.xml#label_de-gaap-ci_is.netIncome.regular.fin.netInterest.income.valueDiscount.accruals_1"
           xlink:label="extlabel_de-gaap-ci_is.netIncome.regular.fin.netInterest.income.valueDiscount.accruals_1"/>
      <loc xlink:type="locator"
           xlink:href="de-gaap-ci-2018-04-01-label-en.xml#label_de-gaap-ci_is.netIncome.regular.fin.netInterest.income.valueDiscount.accruals_2"
           xlink:label="extlabel_de-gaap-ci_is.netIncome.regular.fin.netInterest.income.valueDiscount.accruals_2"/>
      <loc xlink:type="locator"
           xlink:href="de-gaap-ci-2018-04-01-label-en.xml#label_de-gaap-ci_is.netIncome.regular.fin.netInterest.income.valueDiscount.prematRepaymentKStGs38_1"
           xlink:label="extlabel_de-gaap-ci_is.netIncome.regular.fin.netInterest.income.valueDiscount.prematRepaymentKStGs38_1"/>
      <loc xlink:type="locator"
           xlink:href="de-gaap-ci-2018-04-01-label-en.xml#label_de-gaap-ci_is.netIncome.regular.fin.netInterest.income.valueDiscount.prematRepaymentKStGs38_2"
           xlink:label="extlabel_de-gaap-ci_is.netIncome.regular.fin.netInterest.income.valueDiscount.prematRepaymentKStGs38_2"/>
   </labelLink>
</linkbase>