<?xml version="1.0" encoding="utf-8"?>
<!--(c) XBRL Deutschland e.V. - see http://www.xbrl.de-->


<linkbase xmlns="http://www.xbrl.org/2003/linkbase"
          xmlns:xsi="http://www.w3.org/2001/XMLSchema-instance"
          xsi:schemaLocation="http://www.xbrl.org/2003/linkbase http://www.xbrl.org/2003/xbrl-linkbase-2003-12-31.xsd">
   <roleRef xmlns:xbrldt="http://xbrl.org/2005/xbrldt"
            xmlns:xlink="http://www.w3.org/1999/xlink"
            roleURI="http://www.xbrl.de/taxonomies/de-gaap-ci/role/determinationOfTaxableIncomeSpecialCases"
            xlink:href="de-gaap-ci-2018-04-01.xsd#role_determinationOfTaxableIncomeSpecialCases"
            xlink:type="simple"/>
   <presentationLink xmlns:xlink="http://www.w3.org/1999/xlink"
                     xlink:role="http://www.xbrl.de/taxonomies/de-gaap-ci/role/determinationOfTaxableIncomeSpecialCases"
                     xlink:type="extended">
      <loc xlink:type="locator"
           xlink:href="de-gaap-ci-2018-04-01.xsd#de-gaap-ci_DeterminationOfTaxableIncomeSpec"
           xlink:label="de-gaap-ci_DeterminationOfTaxableIncomeSpec"/>
      <loc xlink:type="locator"
           xlink:href="de-gaap-ci-2018-04-01.xsd#de-gaap-ci_DeterminationOfTaxableIncomeSpec.forProfitOrganization"
           xlink:label="de-gaap-ci_DeterminationOfTaxableIncomeSpec.forProfitOrganization"/>
      <loc xlink:type="locator"
           xlink:href="de-gaap-ci-2018-04-01.xsd#de-gaap-ci_DeterminationOfTaxableIncomeSpec.forProfitOrganization.taxableIncome"
           xlink:label="de-gaap-ci_DeterminationOfTaxableIncomeSpec.forProfitOrganization.taxableIncome"/>
      <loc xlink:type="locator"
           xlink:href="de-gaap-ci-2018-04-01.xsd#de-gaap-ci_DeterminationOfTaxableIncomeSpec.forProfitOrganization.determinationOfTaxableIncome"
           xlink:label="de-gaap-ci_DeterminationOfTaxableIncomeSpec.forProfitOrganization.determinationOfTaxableIncome"/>
      <loc xlink:type="locator"
           xlink:href="de-gaap-ci-2018-04-01.xsd#de-gaap-ci_DeterminationOfTaxableIncomeSpec.merchantVessels"
           xlink:label="de-gaap-ci_DeterminationOfTaxableIncomeSpec.merchantVessels"/>
      <loc xlink:type="locator"
           xlink:href="de-gaap-ci-2018-04-01.xsd#de-gaap-ci_DeterminationOfTaxableIncomeSpec.merchantVessels.taxableIncome"
           xlink:label="de-gaap-ci_DeterminationOfTaxableIncomeSpec.merchantVessels.taxableIncome"/>
      <loc xlink:type="locator"
           xlink:href="de-gaap-ci-2018-04-01.xsd#de-gaap-ci_DeterminationOfTaxableIncomeSpec.merchantVessels.determinationOfTaxableIncome"
           xlink:label="de-gaap-ci_DeterminationOfTaxableIncomeSpec.merchantVessels.determinationOfTaxableIncome"/>
      <loc xlink:type="locator"
           xlink:href="de-gaap-ci-2018-04-01.xsd#de-gaap-ci_DeterminationOfTaxableIncomeSpec.domesticBranchofForeignCompany"
           xlink:label="de-gaap-ci_DeterminationOfTaxableIncomeSpec.domesticBranchofForeignCompany"/>
      <loc xlink:type="locator"
           xlink:href="de-gaap-ci-2018-04-01.xsd#de-gaap-ci_DeterminationOfTaxableIncomeSpec.domesticBranchofForeignCompany.adjustmentsAStG_s1"
           xlink:label="de-gaap-ci_DeterminationOfTaxableIncomeSpec.domesticBranchofForeignCompany.adjustmentsAStG_s1"/>
      <loc xlink:type="locator"
           xlink:href="de-gaap-ci-2018-04-01.xsd#de-gaap-ci_DeterminationOfTaxableIncomeSpec.forProfitOrganisationsAndUtilities.balance"
           xlink:label="de-gaap-ci_DeterminationOfTaxableIncomeSpec.forProfitOrganisationsAndUtilities.balance"/>
      <loc xlink:type="locator"
           xlink:href="de-gaap-ci-2018-04-01.xsd#de-gaap-ci_DeterminationOfTaxableIncomeSpec.forProfitOrganisationsAndUtilities.IncomeStatement"
           xlink:label="de-gaap-ci_DeterminationOfTaxableIncomeSpec.forProfitOrganisationsAndUtilities.IncomeStatement"/>
      <presentationArc xlink:from="de-gaap-ci_DeterminationOfTaxableIncomeSpec"
                       xlink:to="de-gaap-ci_DeterminationOfTaxableIncomeSpec.forProfitOrganization"
                       order="1"
                       xlink:arcrole="http://www.xbrl.org/2003/arcrole/parent-child"
                       xlink:type="arc"/>
      <presentationArc xlink:from="de-gaap-ci_DeterminationOfTaxableIncomeSpec.forProfitOrganization"
                       xlink:to="de-gaap-ci_DeterminationOfTaxableIncomeSpec.forProfitOrganization.taxableIncome"
                       order="1"
                       xlink:arcrole="http://www.xbrl.org/2003/arcrole/parent-child"
                       xlink:type="arc"/>
      <presentationArc xlink:from="de-gaap-ci_DeterminationOfTaxableIncomeSpec.forProfitOrganization"
                       xlink:to="de-gaap-ci_DeterminationOfTaxableIncomeSpec.forProfitOrganization.determinationOfTaxableIncome"
                       order="2"
                       xlink:arcrole="http://www.xbrl.org/2003/arcrole/parent-child"
                       xlink:type="arc"/>
      <presentationArc xlink:from="de-gaap-ci_DeterminationOfTaxableIncomeSpec"
                       xlink:to="de-gaap-ci_DeterminationOfTaxableIncomeSpec.merchantVessels"
                       order="4"
                       xlink:arcrole="http://www.xbrl.org/2003/arcrole/parent-child"
                       xlink:type="arc"/>
      <presentationArc xlink:from="de-gaap-ci_DeterminationOfTaxableIncomeSpec.merchantVessels"
                       xlink:to="de-gaap-ci_DeterminationOfTaxableIncomeSpec.merchantVessels.taxableIncome"
                       order="1"
                       xlink:arcrole="http://www.xbrl.org/2003/arcrole/parent-child"
                       xlink:type="arc"/>
      <presentationArc xlink:from="de-gaap-ci_DeterminationOfTaxableIncomeSpec.merchantVessels"
                       xlink:to="de-gaap-ci_DeterminationOfTaxableIncomeSpec.merchantVessels.determinationOfTaxableIncome"
                       order="2"
                       xlink:arcrole="http://www.xbrl.org/2003/arcrole/parent-child"
                       xlink:type="arc"/>
      <presentationArc xlink:from="de-gaap-ci_DeterminationOfTaxableIncomeSpec"
                       xlink:to="de-gaap-ci_DeterminationOfTaxableIncomeSpec.domesticBranchofForeignCompany"
                       order="5"
                       xlink:arcrole="http://www.xbrl.org/2003/arcrole/parent-child"
                       xlink:type="arc"/>
      <presentationArc xlink:from="de-gaap-ci_DeterminationOfTaxableIncomeSpec.domesticBranchofForeignCompany"
                       xlink:to="de-gaap-ci_DeterminationOfTaxableIncomeSpec.domesticBranchofForeignCompany.adjustmentsAStG_s1"
                       order="2"
                       xlink:arcrole="http://www.xbrl.org/2003/arcrole/parent-child"
                       xlink:type="arc"/>
      <presentationArc xlink:from="de-gaap-ci_DeterminationOfTaxableIncomeSpec"
                       xlink:to="de-gaap-ci_DeterminationOfTaxableIncomeSpec.forProfitOrganisationsAndUtilities.balance"
                       order="2"
                       xlink:arcrole="http://www.xbrl.org/2003/arcrole/parent-child"
                       xlink:type="arc"/>
      <presentationArc xlink:from="de-gaap-ci_DeterminationOfTaxableIncomeSpec"
                       xlink:to="de-gaap-ci_DeterminationOfTaxableIncomeSpec.forProfitOrganisationsAndUtilities.IncomeStatement"
                       order="3"
                       xlink:arcrole="http://www.xbrl.org/2003/arcrole/parent-child"
                       xlink:type="arc"/>
   </presentationLink>
</linkbase>