<?xml version="1.0" encoding="utf-8"?>
<!--(c) XBRL Deutschland e.V. - see http://www.xbrl.de-->


<linkbase xmlns="http://www.xbrl.org/2003/linkbase"
          xmlns:xsi="http://www.w3.org/2001/XMLSchema-instance"
          xsi:schemaLocation="http://www.xbrl.org/2003/linkbase http://www.xbrl.org/2003/xbrl-linkbase-2003-12-31.xsd">
   <roleRef xmlns:xbrldt="http://xbrl.org/2005/xbrldt"
            xmlns:xlink="http://www.w3.org/1999/xlink"
            roleURI="http://www.xbrl.de/taxonomies/de-gaap-ci/role/balanceSheet"
            xlink:href="de-gaap-ci-2018-04-01.xsd#role_balanceSheet"
            xlink:type="simple"/>
   <presentationLink xmlns:xlink="http://www.w3.org/1999/xlink"
                     xlink:role="http://www.xbrl.de/taxonomies/de-gaap-ci/role/balanceSheet"
                     xlink:type="extended">
      <loc xlink:type="locator"
           xlink:href="de-gaap-ci-2018-04-01.xsd#de-gaap-ci_bs.ass.fixAss.intan.goodwill"
           xlink:label="de-gaap-ci_bs.ass.fixAss.intan.goodwill"/>
      <loc xlink:type="locator"
           xlink:href="de-gaap-ci-2018-04-01.xsd#de-gaap-ci_bs.ass.fixAss.intan.goodwill.fromConsolidation"
           xlink:label="de-gaap-ci_bs.ass.fixAss.intan.goodwill.fromConsolidation"/>
      <loc xlink:type="locator"
           xlink:href="de-gaap-ci-2018-04-01.xsd#de-gaap-ci_bs.ass.fixAss.fin.particip"
           xlink:label="de-gaap-ci_bs.ass.fixAss.fin.particip"/>
      <loc xlink:type="locator"
           xlink:href="de-gaap-ci-2018-04-01.xsd#de-gaap-ci_bs.ass.fixAss.fin.particip.assoc"
           xlink:label="de-gaap-ci_bs.ass.fixAss.fin.particip.assoc"/>
      <loc xlink:type="locator"
           xlink:href="de-gaap-ci-2018-04-01.xsd#de-gaap-ci_bs.ass.fixAss.fin.particip.jointVent"
           xlink:label="de-gaap-ci_bs.ass.fixAss.fin.particip.jointVent"/>
      <loc xlink:type="locator"
           xlink:href="de-gaap-ci-2018-04-01.xsd#de-gaap-ci_bs.ass.fixAss.fin.loansToParticip"
           xlink:label="de-gaap-ci_bs.ass.fixAss.fin.loansToParticip"/>
      <loc xlink:type="locator"
           xlink:href="de-gaap-ci-2018-04-01.xsd#de-gaap-ci_bs.ass.fixAss.fin.loansToParticip.assoc"
           xlink:label="de-gaap-ci_bs.ass.fixAss.fin.loansToParticip.assoc"/>
      <loc xlink:type="locator"
           xlink:href="de-gaap-ci-2018-04-01.xsd#de-gaap-ci_bs.ass.fixAss.fin.loansToParticip.jointVent"
           xlink:label="de-gaap-ci_bs.ass.fixAss.fin.loansToParticip.jointVent"/>
      <loc xlink:type="locator"
           xlink:href="de-gaap-ci-2018-04-01.xsd#de-gaap-ci_bs.ass.fixAss.fin"
           xlink:label="de-gaap-ci_bs.ass.fixAss.fin"/>
      <loc xlink:type="locator"
           xlink:href="de-gaap-ci-2018-04-01.xsd#de-gaap-ci_bs.ass.fixAss.fin.assoc"
           xlink:label="de-gaap-ci_bs.ass.fixAss.fin.assoc"/>
      <loc xlink:type="locator"
           xlink:href="de-gaap-ci-2018-04-01.xsd#de-gaap-ci_bs.eqLiab.liab.particip.upTo1year"
           xlink:label="de-gaap-ci_bs.eqLiab.liab.particip.upTo1year"/>
      <loc xlink:type="locator"
           xlink:href="de-gaap-ci-2018-04-01.xsd#de-gaap-ci_bs.eqLiab.liab.particip.upTo1year.assoc"
           xlink:label="de-gaap-ci_bs.eqLiab.liab.particip.upTo1year.assoc"/>
      <loc xlink:type="locator"
           xlink:href="de-gaap-ci-2018-04-01.xsd#de-gaap-ci_bs.ass.currAss.receiv.particip"
           xlink:label="de-gaap-ci_bs.ass.currAss.receiv.particip"/>
      <loc xlink:type="locator"
           xlink:href="de-gaap-ci-2018-04-01.xsd#de-gaap-ci_bs.ass.currAss.receiv.particip.assoc"
           xlink:label="de-gaap-ci_bs.ass.currAss.receiv.particip.assoc"/>
      <loc xlink:type="locator"
           xlink:href="de-gaap-ci-2018-04-01.xsd#de-gaap-ci_bs.ass.currAss.receiv.particip.jointVent"
           xlink:label="de-gaap-ci_bs.ass.currAss.receiv.particip.jointVent"/>
      <loc xlink:type="locator"
           xlink:href="de-gaap-ci-2018-04-01.xsd#de-gaap-ci_bs.eqLiab.equity"
           xlink:label="de-gaap-ci_bs.eqLiab.equity"/>
      <loc xlink:type="locator"
           xlink:href="de-gaap-ci-2018-04-01.xsd#de-gaap-ci_bs.eqLiab.equity.minorityInterest"
           xlink:label="de-gaap-ci_bs.eqLiab.equity.minorityInterest"/>
      <loc xlink:type="locator"
           xlink:href="de-gaap-ci-2018-04-01.xsd#de-gaap-ci_bs.eqLiab.otherSpecRes"
           xlink:label="de-gaap-ci_bs.eqLiab.otherSpecRes"/>
      <loc xlink:type="locator"
           xlink:href="de-gaap-ci-2018-04-01.xsd#de-gaap-ci_bs.eqLiab.otherSpecRes.consolSurplus"
           xlink:label="de-gaap-ci_bs.eqLiab.otherSpecRes.consolSurplus"/>
      <presentationArc xlink:from="de-gaap-ci_bs.ass.fixAss.intan.goodwill"
                       xlink:to="de-gaap-ci_bs.ass.fixAss.intan.goodwill.fromConsolidation"
                       order="3"
                       xlink:arcrole="http://www.xbrl.org/2003/arcrole/parent-child"
                       xlink:type="arc"/>
      <presentationArc xlink:from="de-gaap-ci_bs.ass.fixAss.fin.particip"
                       xlink:to="de-gaap-ci_bs.ass.fixAss.fin.particip.assoc"
                       order="0.5"
                       xlink:arcrole="http://www.xbrl.org/2003/arcrole/parent-child"
                       xlink:type="arc"/>
      <presentationArc xlink:from="de-gaap-ci_bs.ass.fixAss.fin.particip"
                       xlink:to="de-gaap-ci_bs.ass.fixAss.fin.particip.jointVent"
                       order="0.6"
                       xlink:arcrole="http://www.xbrl.org/2003/arcrole/parent-child"
                       xlink:type="arc"/>
      <presentationArc xlink:from="de-gaap-ci_bs.ass.fixAss.fin.loansToParticip"
                       xlink:to="de-gaap-ci_bs.ass.fixAss.fin.loansToParticip.assoc"
                       order="0.3"
                       xlink:arcrole="http://www.xbrl.org/2003/arcrole/parent-child"
                       xlink:type="arc"/>
      <presentationArc xlink:from="de-gaap-ci_bs.ass.fixAss.fin.loansToParticip"
                       xlink:to="de-gaap-ci_bs.ass.fixAss.fin.loansToParticip.jointVent"
                       order="0.4"
                       xlink:arcrole="http://www.xbrl.org/2003/arcrole/parent-child"
                       xlink:type="arc"/>
      <presentationArc xlink:from="de-gaap-ci_bs.ass.fixAss.fin"
                       xlink:to="de-gaap-ci_bs.ass.fixAss.fin.assoc"
                       order="3.5"
                       xlink:arcrole="http://www.xbrl.org/2003/arcrole/parent-child"
                       xlink:type="arc"/>
      <presentationArc xlink:from="de-gaap-ci_bs.eqLiab.liab.particip.upTo1year"
                       xlink:to="de-gaap-ci_bs.eqLiab.liab.particip.upTo1year.assoc"
                       order="2"
                       xlink:arcrole="http://www.xbrl.org/2003/arcrole/parent-child"
                       xlink:type="arc"/>
      <presentationArc xlink:from="de-gaap-ci_bs.ass.currAss.receiv.particip"
                       xlink:to="de-gaap-ci_bs.ass.currAss.receiv.particip.assoc"
                       order="4"
                       xlink:arcrole="http://www.xbrl.org/2003/arcrole/parent-child"
                       xlink:type="arc"/>
      <presentationArc xlink:from="de-gaap-ci_bs.ass.currAss.receiv.particip"
                       xlink:to="de-gaap-ci_bs.ass.currAss.receiv.particip.jointVent"
                       order="5"
                       xlink:arcrole="http://www.xbrl.org/2003/arcrole/parent-child"
                       xlink:type="arc"/>
      <presentationArc xlink:from="de-gaap-ci_bs.eqLiab.equity"
                       xlink:to="de-gaap-ci_bs.eqLiab.equity.minorityInterest"
                       order="14.5"
                       xlink:arcrole="http://www.xbrl.org/2003/arcrole/parent-child"
                       xlink:type="arc"/>
      <presentationArc xlink:from="de-gaap-ci_bs.eqLiab.otherSpecRes"
                       xlink:to="de-gaap-ci_bs.eqLiab.otherSpecRes.consolSurplus"
                       order="4.5"
                       xlink:arcrole="http://www.xbrl.org/2003/arcrole/parent-child"
                       xlink:type="arc"/>
   </presentationLink>
</linkbase>