<?xml version="1.0" encoding="utf-8"?>
<!--(c) XBRL Deutschland e.V. - see http://www.xbrl.de-->


<linkbase xmlns="http://www.xbrl.org/2003/linkbase"
          xmlns:xsi="http://www.w3.org/2001/XMLSchema-instance"
          xsi:schemaLocation="http://www.xbrl.org/2003/linkbase http://www.xbrl.org/2003/xbrl-linkbase-2003-12-31.xsd">
   <labelLink xmlns:xlink="http://www.w3.org/1999/xlink"
              xlink:role="http://www.xbrl.org/2003/role/link"
              xlink:type="extended">
      <loc xlink:type="locator"
           xlink:href="de-gaap-ci-2018-04-01-dimensions.xsd#de-gaap-ci_tab_eqCh"
           xlink:label="de-gaap-ci_tab_eqCh"/>
      <loc xlink:type="locator"
           xlink:href="de-gaap-ci-2018-04-01-dimensions.xsd#de-gaap-ci_dim_eqCh"
           xlink:label="de-gaap-ci_dim_eqCh"/>
      <loc xlink:type="locator"
           xlink:href="de-gaap-ci-2018-04-01-dimensions.xsd#de-gaap-ci_eqCh.group.groupResult"
           xlink:label="de-gaap-ci_eqCh.group.groupResult"/>
      <loc xlink:type="locator"
           xlink:href="de-gaap-ci-2018-04-01-dimensions.xsd#de-gaap-ci_eqCh.group.netIncome"
           xlink:label="de-gaap-ci_eqCh.group.netIncome"/>
      <loc xlink:type="locator"
           xlink:href="de-gaap-ci-2018-04-01-dimensions.xsd#de-gaap-ci_eqCh.group.otherResult"
           xlink:label="de-gaap-ci_eqCh.group.otherResult"/>
      <loc xlink:type="locator"
           xlink:href="de-gaap-ci-2018-04-01-dimensions.xsd#de-gaap-ci_dim_parent.accGroupStatement.revenueRes"
           xlink:label="de-gaap-ci_dim_parent.accGroupStatement.revenueRes"/>
      <loc xlink:type="locator"
           xlink:href="de-gaap-ci-2018-04-01-dimensions.xsd#de-gaap-ci_dim_parent.accGroupStatement.otherGroupResult"
           xlink:label="de-gaap-ci_dim_parent.accGroupStatement.otherGroupResult"/>
      <loc xlink:type="locator"
           xlink:href="de-gaap-ci-2018-04-01-dimensions.xsd#de-gaap-ci_dim_all"
           xlink:label="de-gaap-ci_dim_all"/>
      <loc xlink:type="locator"
           xlink:href="de-gaap-ci-2018-04-01-dimensions.xsd#de-gaap-ci_eqCh_primaryItem"
           xlink:label="de-gaap-ci_eqCh_primaryItem"/>
      <loc xlink:type="locator"
           xlink:href="de-gaap-ci-2018-04-01-dimensions.xsd#de-gaap-ci_table.eqCh"
           xlink:label="de-gaap-ci_table.eqCh"/>
      <loc xlink:type="locator" xlink:href="de-gaap-ci-2018-04-01.xsd#de-gaap-ci_eqCh"
           xlink:label="de-gaap-ci_eqCh"/>
      <!--
internal labels
--><labelArc xlink:from="de-gaap-ci_dim_all" xlink:to="label_de-gaap-ci_dim_all"
                xlink:arcrole="http://www.xbrl.org/2003/arcrole/concept-label"
                xlink:type="arc"/>
      <label xlink:label="label_de-gaap-ci_dim_all" id="label_de-gaap-ci_dim_all"
             xlink:role="http://www.xbrl.org/2003/role/label"
             xlink:type="resource"
             xml:lang="de">Konzern-Eigenkapital</label>
      <labelArc xlink:from="de-gaap-ci_dim_eqCh" xlink:to="label_de-gaap-ci_dim_eqCh"
                xlink:arcrole="http://www.xbrl.org/2003/arcrole/concept-label"
                xlink:type="arc"/>
      <label xlink:label="label_de-gaap-ci_dim_eqCh" id="label_de-gaap-ci_dim_eqCh"
             xlink:role="http://www.xbrl.org/2003/role/label"
             xlink:type="resource"
             xml:lang="de">Gliederung des Konzerneigenkapitalspiegels [Tabellendimension]</label>
      <labelArc xlink:from="de-gaap-ci_dim_parent.accGroupStatement.otherGroupResult"
                xlink:to="label_de-gaap-ci_dim_parent.accGroupStatement.otherGroupResult"
                xlink:arcrole="http://www.xbrl.org/2003/arcrole/concept-label"
                xlink:type="arc"/>
      <label xlink:label="label_de-gaap-ci_dim_parent.accGroupStatement.otherGroupResult"
             id="label_de-gaap-ci_dim_parent.accGroupStatement.otherGroupResult"
             xlink:role="http://www.xbrl.org/2003/role/label"
             xlink:type="resource"
             xml:lang="de">Kumuliertes übriges Konzernergebnis</label>
      <labelArc xlink:from="de-gaap-ci_dim_parent.accGroupStatement.revenueRes"
                xlink:to="label_de-gaap-ci_dim_parent.accGroupStatement.revenueRes"
                xlink:arcrole="http://www.xbrl.org/2003/arcrole/concept-label"
                xlink:type="arc"/>
      <label xlink:label="label_de-gaap-ci_dim_parent.accGroupStatement.revenueRes"
             id="label_de-gaap-ci_dim_parent.accGroupStatement.revenueRes"
             xlink:role="http://www.xbrl.org/2003/role/label"
             xlink:type="resource"
             xml:lang="de">Erwirtschaftetes Konzerneigenkapital</label>
      <labelArc xlink:from="de-gaap-ci_eqCh" xlink:to="label_de-gaap-ci_eqCh"
                xlink:arcrole="http://www.xbrl.org/2003/arcrole/concept-label"
                xlink:type="arc"/>
      <label xlink:label="label_de-gaap-ci_eqCh" id="label_de-gaap-ci_eqCh"
             xlink:role="http://www.xbrl.org/2003/role/label"
             xlink:type="resource"
             xml:lang="de">Konzerneigenkapitalspiegel</label>
      <labelArc xlink:from="de-gaap-ci_eqCh.group.groupResult"
                xlink:to="label_de-gaap-ci_eqCh.group.groupResult"
                xlink:arcrole="http://www.xbrl.org/2003/arcrole/concept-label"
                xlink:type="arc"/>
      <label xlink:label="label_de-gaap-ci_eqCh.group.groupResult"
             id="label_de-gaap-ci_eqCh.group.groupResult"
             xlink:role="http://www.xbrl.org/2003/role/label"
             xlink:type="resource"
             xml:lang="de">Konzerngesamtergebnis</label>
      <labelArc xlink:from="de-gaap-ci_eqCh.group.netIncome"
                xlink:to="label_de-gaap-ci_eqCh.group.netIncome"
                xlink:arcrole="http://www.xbrl.org/2003/arcrole/concept-label"
                xlink:type="arc"/>
      <label xlink:label="label_de-gaap-ci_eqCh.group.netIncome"
             id="label_de-gaap-ci_eqCh.group.netIncome"
             xlink:role="http://www.xbrl.org/2003/role/label"
             xlink:type="resource"
             xml:lang="de">Konzern-Jahresüberschuss/fehlbetrag</label>
      <labelArc xlink:from="de-gaap-ci_eqCh.group.otherResult"
                xlink:to="label_de-gaap-ci_eqCh.group.otherResult"
                xlink:arcrole="http://www.xbrl.org/2003/arcrole/concept-label"
                xlink:type="arc"/>
      <label xlink:label="label_de-gaap-ci_eqCh.group.otherResult"
             id="label_de-gaap-ci_eqCh.group.otherResult"
             xlink:role="http://www.xbrl.org/2003/role/label"
             xlink:type="resource"
             xml:lang="de">Übriges Konzernergebnis</label>
      <labelArc xlink:from="de-gaap-ci_eqCh_primaryItem"
                xlink:to="label_de-gaap-ci_eqCh_primaryItem"
                xlink:arcrole="http://www.xbrl.org/2003/arcrole/concept-label"
                xlink:type="arc"/>
      <label xlink:label="label_de-gaap-ci_eqCh_primaryItem"
             id="label_de-gaap-ci_eqCh_primaryItem"
             xlink:role="http://www.xbrl.org/2003/role/label"
             xlink:type="resource"
             xml:lang="de">Wertentwicklung des Konzerneigenkapitalspiegels [Primäre Tabellendimension]</label>
      <labelArc xlink:from="de-gaap-ci_tab_eqCh" xlink:to="label_de-gaap-ci_tab_eqCh"
                xlink:arcrole="http://www.xbrl.org/2003/arcrole/concept-label"
                xlink:type="arc"/>
      <label xlink:label="label_de-gaap-ci_tab_eqCh" id="label_de-gaap-ci_tab_eqCh"
             xlink:role="http://www.xbrl.org/2003/role/label"
             xlink:type="resource"
             xml:lang="de">Konzerneigenkapitalspiegel [Tabelle]</label>
      <labelArc xlink:from="de-gaap-ci_table.eqCh" xlink:to="label_de-gaap-ci_table.eqCh"
                xlink:arcrole="http://www.xbrl.org/2003/arcrole/concept-label"
                xlink:type="arc"/>
      <label xlink:label="label_de-gaap-ci_table.eqCh" id="label_de-gaap-ci_table.eqCh"
             xlink:role="http://www.xbrl.org/2003/role/label"
             xlink:type="resource"
             xml:lang="de">Konzerneigenkapitalspiegel</label>
      <!--
external labels
--><labelArc xlink:from="de-gaap-ci_dim_all" xlink:to="extlabel_de-gaap-ci_dim_all_1"
                priority="1"
                use="prohibited"
                xlink:arcrole="http://www.xbrl.org/2003/arcrole/concept-label"
                xlink:type="arc"/>
      <labelArc xlink:from="de-gaap-ci_dim_eqCh" xlink:to="extlabel_de-gaap-ci_dim_eqCh_1_1"
                priority="1"
                use="prohibited"
                xlink:arcrole="http://www.xbrl.org/2003/arcrole/concept-label"
                xlink:type="arc"/>
      <labelArc xlink:from="de-gaap-ci_dim_parent.accGroupStatement.otherGroupResult"
                xlink:to="extlabel_de-gaap-ci_dim_parent.accGroupStatement.otherGroupResult_1"
                priority="1"
                use="prohibited"
                xlink:arcrole="http://www.xbrl.org/2003/arcrole/concept-label"
                xlink:type="arc"/>
      <labelArc xlink:from="de-gaap-ci_dim_parent.accGroupStatement.revenueRes"
                xlink:to="extlabel_de-gaap-ci_dim_parent.accGroupStatement.revenueRes_1"
                priority="1"
                use="prohibited"
                xlink:arcrole="http://www.xbrl.org/2003/arcrole/concept-label"
                xlink:type="arc"/>
      <labelArc xlink:from="de-gaap-ci_eqCh.group.groupResult"
                xlink:to="extlabel_de-gaap-ci_eqCh.group.groupResult_1"
                priority="1"
                use="prohibited"
                xlink:arcrole="http://www.xbrl.org/2003/arcrole/concept-label"
                xlink:type="arc"/>
      <labelArc xlink:from="de-gaap-ci_eqCh.group.netIncome"
                xlink:to="extlabel_de-gaap-ci_eqCh.group.netIncome_1"
                priority="1"
                use="prohibited"
                xlink:arcrole="http://www.xbrl.org/2003/arcrole/concept-label"
                xlink:type="arc"/>
      <labelArc xlink:from="de-gaap-ci_eqCh.group.otherResult"
                xlink:to="extlabel_de-gaap-ci_eqCh.group.otherResult_1"
                priority="1"
                use="prohibited"
                xlink:arcrole="http://www.xbrl.org/2003/arcrole/concept-label"
                xlink:type="arc"/>
      <labelArc xlink:from="de-gaap-ci_eqCh" xlink:to="extlabel_de-gaap-ci_eqCh_2" priority="1"
                use="prohibited"
                xlink:arcrole="http://www.xbrl.org/2003/arcrole/concept-label"
                xlink:type="arc"/>
      <labelArc xlink:from="de-gaap-ci_eqCh_primaryItem"
                xlink:to="extlabel_de-gaap-ci_eqCh_primaryItem_2_1"
                priority="1"
                use="prohibited"
                xlink:arcrole="http://www.xbrl.org/2003/arcrole/concept-label"
                xlink:type="arc"/>
      <labelArc xlink:from="de-gaap-ci_tab_eqCh" xlink:to="extlabel_de-gaap-ci_tab_eqCh_1_1"
                priority="1"
                use="prohibited"
                xlink:arcrole="http://www.xbrl.org/2003/arcrole/concept-label"
                xlink:type="arc"/>
      <labelArc xlink:from="de-gaap-ci_table.eqCh"
                xlink:to="extlabel_de-gaap-ci_table.eqCh_1_1"
                priority="1"
                use="prohibited"
                xlink:arcrole="http://www.xbrl.org/2003/arcrole/concept-label"
                xlink:type="arc"/>
      <loc xlink:type="locator"
           xlink:href="de-gaap-ci-2018-04-01-dimensions-label-de.xml#label_de-gaap-ci_dim_all"
           xlink:label="extlabel_de-gaap-ci_dim_all_1"/>
      <loc xlink:type="locator"
           xlink:href="de-gaap-ci-2018-04-01-dimensions-label-de.xml#label_de-gaap-ci_dim_eqCh_1"
           xlink:label="extlabel_de-gaap-ci_dim_eqCh_1_1"/>
      <loc xlink:type="locator"
           xlink:href="de-gaap-ci-2018-04-01-dimensions-label-de.xml#label_de-gaap-ci_dim_parent.accGroupStatement.otherGroupResult"
           xlink:label="extlabel_de-gaap-ci_dim_parent.accGroupStatement.otherGroupResult_1"/>
      <loc xlink:type="locator"
           xlink:href="de-gaap-ci-2018-04-01-dimensions-label-de.xml#label_de-gaap-ci_dim_parent.accGroupStatement.revenueRes"
           xlink:label="extlabel_de-gaap-ci_dim_parent.accGroupStatement.revenueRes_1"/>
      <loc xlink:type="locator"
           xlink:href="de-gaap-ci-2018-04-01-dimensions-label-de.xml#label_de-gaap-ci_eqCh.group.groupResult"
           xlink:label="extlabel_de-gaap-ci_eqCh.group.groupResult_1"/>
      <loc xlink:type="locator"
           xlink:href="de-gaap-ci-2018-04-01-dimensions-label-de.xml#label_de-gaap-ci_eqCh.group.netIncome"
           xlink:label="extlabel_de-gaap-ci_eqCh.group.netIncome_1"/>
      <loc xlink:type="locator"
           xlink:href="de-gaap-ci-2018-04-01-dimensions-label-de.xml#label_de-gaap-ci_eqCh.group.otherResult"
           xlink:label="extlabel_de-gaap-ci_eqCh.group.otherResult_1"/>
      <loc xlink:type="locator"
           xlink:href="de-gaap-ci-2018-04-01-label-de.xml#label_de-gaap-ci_eqCh"
           xlink:label="extlabel_de-gaap-ci_eqCh_2"/>
      <loc xlink:type="locator"
           xlink:href="de-gaap-ci-2018-04-01-dimensions-label-de.xml#label_de-gaap-ci_eqCh_primaryItem_2"
           xlink:label="extlabel_de-gaap-ci_eqCh_primaryItem_2_1"/>
      <loc xlink:type="locator"
           xlink:href="de-gaap-ci-2018-04-01-dimensions-label-de.xml#label_de-gaap-ci_tab_eqCh_1"
           xlink:label="extlabel_de-gaap-ci_tab_eqCh_1_1"/>
      <loc xlink:type="locator"
           xlink:href="de-gaap-ci-2018-04-01-dimensions-label-de.xml#label_de-gaap-ci_table.eqCh_1"
           xlink:label="extlabel_de-gaap-ci_table.eqCh_1_1"/>
   </labelLink>
</linkbase>