<?xml version="1.0" encoding="utf-8"?>
<!--(c) XBRL Deutschland e.V. - see http://www.xbrl.de-->


<linkbase xmlns="http://www.xbrl.org/2003/linkbase"
          xmlns:xsi="http://www.w3.org/2001/XMLSchema-instance"
          xsi:schemaLocation="http://www.xbrl.org/2003/linkbase http://www.xbrl.org/2003/xbrl-linkbase-2003-12-31.xsd">
   <roleRef xmlns:xbrli="http://www.xbrl.org/2003/instance"
            xmlns:xlink="http://www.w3.org/1999/xlink"
            roleURI="http://www.xbrl.de/taxonomies/de-gaap-ci/role/changesEquityAccounts"
            xlink:href="de-gaap-ci-2018-04-01.xsd#role_changesEquityAccounts"
            xlink:type="simple"/>
   <calculationLink xmlns:xlink="http://www.w3.org/1999/xlink"
                    xlink:role="http://www.xbrl.de/taxonomies/de-gaap-ci/role/changesEquityAccounts"
                    xlink:type="extended">
      <loc xlink:type="locator"
           xlink:href="de-gaap-ci-2018-04-01-dimensions.xsd#de-gaap-ci_table.kke.sumEquityAccounts.sumYearEnd"
           xlink:label="de-gaap-ci_table.kke.sumEquityAccounts.sumYearEnd"/>
      <loc xlink:type="locator"
           xlink:href="de-gaap-ci-2018-04-01-dimensions.xsd#de-gaap-ci_table.kke.sumEquityAccounts.sumYearEnd.begin"
           xlink:label="de-gaap-ci_table.kke.sumEquityAccounts.sumYearEnd.begin"/>
      <loc xlink:type="locator"
           xlink:href="de-gaap-ci-2018-04-01-dimensions.xsd#de-gaap-ci_table.kke.sumEquityAccounts.sumYearEnd.deposits"
           xlink:label="de-gaap-ci_table.kke.sumEquityAccounts.sumYearEnd.deposits"/>
      <loc xlink:type="locator"
           xlink:href="de-gaap-ci-2018-04-01-dimensions.xsd#de-gaap-ci_table.kke.sumEquityAccounts.sumYearEnd.withdrawals"
           xlink:label="de-gaap-ci_table.kke.sumEquityAccounts.sumYearEnd.withdrawals"/>
      <loc xlink:type="locator"
           xlink:href="de-gaap-ci-2018-04-01-dimensions.xsd#de-gaap-ci_table.kke.sumEquityAccounts.sumYearEnd.capAdjust6bRes"
           xlink:label="de-gaap-ci_table.kke.sumEquityAccounts.sumYearEnd.capAdjust6bRes"/>
      <loc xlink:type="locator"
           xlink:href="de-gaap-ci-2018-04-01-dimensions.xsd#de-gaap-ci_table.kke.sumEquityAccounts.sumYearEnd.incomeShare"
           xlink:label="de-gaap-ci_table.kke.sumEquityAccounts.sumYearEnd.incomeShare"/>
      <loc xlink:type="locator"
           xlink:href="de-gaap-ci-2018-04-01-dimensions.xsd#de-gaap-ci_table.kke.sumEquityAccounts.sumYearEnd.capitalMovements"
           xlink:label="de-gaap-ci_table.kke.sumEquityAccounts.sumYearEnd.capitalMovements"/>
      <loc xlink:type="locator"
           xlink:href="de-gaap-ci-2018-04-01-dimensions.xsd#de-gaap-ci_table.kke.sumEquityAccounts.sumYearEnd.capitalAdjustmentOther"
           xlink:label="de-gaap-ci_table.kke.sumEquityAccounts.sumYearEnd.capitalAdjustmentOther"/>
      <loc xlink:type="locator"
           xlink:href="de-gaap-ci-2018-04-01-dimensions.xsd#de-gaap-ci_table.kke.sumDebtCapitalAccounts.sumYearEnd"
           xlink:label="de-gaap-ci_table.kke.sumDebtCapitalAccounts.sumYearEnd"/>
      <loc xlink:type="locator"
           xlink:href="de-gaap-ci-2018-04-01-dimensions.xsd#de-gaap-ci_table.kke.sumDebtCapitalAccounts.sumYearEnd.begin"
           xlink:label="de-gaap-ci_table.kke.sumDebtCapitalAccounts.sumYearEnd.begin"/>
      <loc xlink:type="locator"
           xlink:href="de-gaap-ci-2018-04-01-dimensions.xsd#de-gaap-ci_table.kke.sumDebtCapitalAccounts.sumYearEnd.increase"
           xlink:label="de-gaap-ci_table.kke.sumDebtCapitalAccounts.sumYearEnd.increase"/>
      <loc xlink:type="locator"
           xlink:href="de-gaap-ci-2018-04-01-dimensions.xsd#de-gaap-ci_table.kke.sumDebtCapitalAccounts.sumYearEnd.decrease"
           xlink:label="de-gaap-ci_table.kke.sumDebtCapitalAccounts.sumYearEnd.decrease"/>
      <loc xlink:type="locator"
           xlink:href="de-gaap-ci-2018-04-01-dimensions.xsd#de-gaap-ci_table.kke.allKindsOfEquityAccounts"
           xlink:label="de-gaap-ci_table.kke.allKindsOfEquityAccounts"/>
      <loc xlink:type="locator"
           xlink:href="de-gaap-ci-2018-04-01-dimensions.xsd#de-gaap-ci_table.kke.allKindsOfEquityAccounts.unlimitedPartners"
           xlink:label="de-gaap-ci_table.kke.allKindsOfEquityAccounts.unlimitedPartners"/>
      <loc xlink:type="locator"
           xlink:href="de-gaap-ci-2018-04-01-dimensions.xsd#de-gaap-ci_table.kke.allKindsOfEquityAccounts.unlimitedPartners.FK"
           xlink:label="de-gaap-ci_table.kke.allKindsOfEquityAccounts.unlimitedPartners.FK"/>
      <loc xlink:type="locator"
           xlink:href="de-gaap-ci-2018-04-01-dimensions.xsd#de-gaap-ci_table.kke.allKindsOfEquityAccounts.unlimitedPartners.VK"
           xlink:label="de-gaap-ci_table.kke.allKindsOfEquityAccounts.unlimitedPartners.VK"/>
      <loc xlink:type="locator"
           xlink:href="de-gaap-ci-2018-04-01-dimensions.xsd#de-gaap-ci_table.kke.allKindsOfEquityAccounts.unlimitedPartners.VVK"
           xlink:label="de-gaap-ci_table.kke.allKindsOfEquityAccounts.unlimitedPartners.VVK"/>
      <loc xlink:type="locator"
           xlink:href="de-gaap-ci-2018-04-01-dimensions.xsd#de-gaap-ci_table.kke.allKindsOfEquityAccounts.unlimitedPartners.DaEK"
           xlink:label="de-gaap-ci_table.kke.allKindsOfEquityAccounts.unlimitedPartners.DaEK"/>
      <loc xlink:type="locator"
           xlink:href="de-gaap-ci-2018-04-01-dimensions.xsd#de-gaap-ci_table.kke.allKindsOfEquityAccounts.unlimitedPartners.nVgV"
           xlink:label="de-gaap-ci_table.kke.allKindsOfEquityAccounts.unlimitedPartners.nVgV"/>
      <loc xlink:type="locator"
           xlink:href="de-gaap-ci-2018-04-01-dimensions.xsd#de-gaap-ci_table.kke.allKindsOfEquityAccounts.unlimitedPartners.nVgE"
           xlink:label="de-gaap-ci_table.kke.allKindsOfEquityAccounts.unlimitedPartners.nVgE"/>
      <loc xlink:type="locator"
           xlink:href="de-gaap-ci-2018-04-01-dimensions.xsd#de-gaap-ci_table.kke.allKindsOfEquityAccounts.unlimitedPartners.taxAdjustmentItem"
           xlink:label="de-gaap-ci_table.kke.allKindsOfEquityAccounts.unlimitedPartners.taxAdjustmentItem"/>
      <loc xlink:type="locator"
           xlink:href="de-gaap-ci-2018-04-01-dimensions.xsd#de-gaap-ci_table.kke.allKindsOfEquityAccounts.unlimitedPartners.netIncomeLoss"
           xlink:label="de-gaap-ci_table.kke.allKindsOfEquityAccounts.unlimitedPartners.netIncomeLoss"/>
      <loc xlink:type="locator"
           xlink:href="de-gaap-ci-2018-04-01-dimensions.xsd#de-gaap-ci_table.kke.allKindsOfEquityAccounts.unlimitedPartners.retainedProfitLoss"
           xlink:label="de-gaap-ci_table.kke.allKindsOfEquityAccounts.unlimitedPartners.retainedProfitLoss"/>
      <loc xlink:type="locator"
           xlink:href="de-gaap-ci-2018-04-01-dimensions.xsd#de-gaap-ci_table.kke.allKindsOfEquityAccounts.unlimitedPartners.profitLoss"
           xlink:label="de-gaap-ci_table.kke.allKindsOfEquityAccounts.unlimitedPartners.profitLoss"/>
      <loc xlink:type="locator"
           xlink:href="de-gaap-ci-2018-04-01-dimensions.xsd#de-gaap-ci_table.kke.allKindsOfEquityAccounts.unlimitedPartners.profitParticipationCapital"
           xlink:label="de-gaap-ci_table.kke.allKindsOfEquityAccounts.unlimitedPartners.profitParticipationCapital"/>
      <loc xlink:type="locator"
           xlink:href="de-gaap-ci-2018-04-01-dimensions.xsd#de-gaap-ci_table.kke.allKindsOfEquityAccounts.unlimitedPartners.subordimatedCapital"
           xlink:label="de-gaap-ci_table.kke.allKindsOfEquityAccounts.unlimitedPartners.subordimatedCapital"/>
      <loc xlink:type="locator"
           xlink:href="de-gaap-ci-2018-04-01-dimensions.xsd#de-gaap-ci_table.kke.allKindsOfEquityAccounts.unlimitedPartners.revenueReserves"
           xlink:label="de-gaap-ci_table.kke.allKindsOfEquityAccounts.unlimitedPartners.revenueReserves"/>
      <loc xlink:type="locator"
           xlink:href="de-gaap-ci-2018-04-01-dimensions.xsd#de-gaap-ci_table.kke.allKindsOfEquityAccounts.unlimitedPartners.uncalledContributionsGenPartner"
           xlink:label="de-gaap-ci_table.kke.allKindsOfEquityAccounts.unlimitedPartners.uncalledContributionsGenPartner"/>
      <loc xlink:type="locator"
           xlink:href="de-gaap-ci-2018-04-01-dimensions.xsd#de-gaap-ci_table.kke.allKindsOfEquityAccounts.unlimitedPartners.participationReserves"
           xlink:label="de-gaap-ci_table.kke.allKindsOfEquityAccounts.unlimitedPartners.participationReserves"/>
      <loc xlink:type="locator"
           xlink:href="de-gaap-ci-2018-04-01-dimensions.xsd#de-gaap-ci_table.kke.allKindsOfEquityAccounts.unlimitedPartners.foreignCurrTranslationDiff"
           xlink:label="de-gaap-ci_table.kke.allKindsOfEquityAccounts.unlimitedPartners.foreignCurrTranslationDiff"/>
      <loc xlink:type="locator"
           xlink:href="de-gaap-ci-2018-04-01-dimensions.xsd#de-gaap-ci_table.kke.allKindsOfEquityAccounts.unlimitedPartners.subordinatedCapitalDeficitItem"
           xlink:label="de-gaap-ci_table.kke.allKindsOfEquityAccounts.unlimitedPartners.subordinatedCapitalDeficitItem"/>
      <loc xlink:type="locator"
           xlink:href="de-gaap-ci-2018-04-01-dimensions.xsd#de-gaap-ci_table.kke.allKindsOfEquityAccounts.unlimitedPartners.endowmentCapital"
           xlink:label="de-gaap-ci_table.kke.allKindsOfEquityAccounts.unlimitedPartners.endowmentCapital"/>
      <loc xlink:type="locator"
           xlink:href="de-gaap-ci-2018-04-01-dimensions.xsd#de-gaap-ci_table.kke.allKindsOfEquityAccounts.unlimitedPartners.VkE"
           xlink:label="de-gaap-ci_table.kke.allKindsOfEquityAccounts.unlimitedPartners.VkE"/>
      <loc xlink:type="locator"
           xlink:href="de-gaap-ci-2018-04-01-dimensions.xsd#de-gaap-ci_table.kke.allKindsOfEquityAccounts.unlimitedPartners.nVAaG"
           xlink:label="de-gaap-ci_table.kke.allKindsOfEquityAccounts.unlimitedPartners.nVAaG"/>
      <loc xlink:type="locator"
           xlink:href="de-gaap-ci-2018-04-01-dimensions.xsd#de-gaap-ci_table.kke.allKindsOfEquityAccounts.limitedPartners"
           xlink:label="de-gaap-ci_table.kke.allKindsOfEquityAccounts.limitedPartners"/>
      <loc xlink:type="locator"
           xlink:href="de-gaap-ci-2018-04-01-dimensions.xsd#de-gaap-ci_table.kke.allKindsOfEquityAccounts.limitedPartners.FK"
           xlink:label="de-gaap-ci_table.kke.allKindsOfEquityAccounts.limitedPartners.FK"/>
      <loc xlink:type="locator"
           xlink:href="de-gaap-ci-2018-04-01-dimensions.xsd#de-gaap-ci_table.kke.allKindsOfEquityAccounts.limitedPartners.KK"
           xlink:label="de-gaap-ci_table.kke.allKindsOfEquityAccounts.limitedPartners.KK"/>
      <loc xlink:type="locator"
           xlink:href="de-gaap-ci-2018-04-01-dimensions.xsd#de-gaap-ci_table.kke.allKindsOfEquityAccounts.limitedPartners.VK"
           xlink:label="de-gaap-ci_table.kke.allKindsOfEquityAccounts.limitedPartners.VK"/>
      <loc xlink:type="locator"
           xlink:href="de-gaap-ci-2018-04-01-dimensions.xsd#de-gaap-ci_table.kke.allKindsOfEquityAccounts.limitedPartners.VVK"
           xlink:label="de-gaap-ci_table.kke.allKindsOfEquityAccounts.limitedPartners.VVK"/>
      <loc xlink:type="locator"
           xlink:href="de-gaap-ci-2018-04-01-dimensions.xsd#de-gaap-ci_table.kke.allKindsOfEquityAccounts.limitedPartners.DaEK"
           xlink:label="de-gaap-ci_table.kke.allKindsOfEquityAccounts.limitedPartners.DaEK"/>
      <loc xlink:type="locator"
           xlink:href="de-gaap-ci-2018-04-01-dimensions.xsd#de-gaap-ci_table.kke.allKindsOfEquityAccounts.limitedPartners.nVgV"
           xlink:label="de-gaap-ci_table.kke.allKindsOfEquityAccounts.limitedPartners.nVgV"/>
      <loc xlink:type="locator"
           xlink:href="de-gaap-ci-2018-04-01-dimensions.xsd#de-gaap-ci_table.kke.allKindsOfEquityAccounts.limitedPartners.nVgE"
           xlink:label="de-gaap-ci_table.kke.allKindsOfEquityAccounts.limitedPartners.nVgE"/>
      <loc xlink:type="locator"
           xlink:href="de-gaap-ci-2018-04-01-dimensions.xsd#de-gaap-ci_table.kke.allKindsOfEquityAccounts.limitedPartners.taxAdjustmentItem"
           xlink:label="de-gaap-ci_table.kke.allKindsOfEquityAccounts.limitedPartners.taxAdjustmentItem"/>
      <loc xlink:type="locator"
           xlink:href="de-gaap-ci-2018-04-01-dimensions.xsd#de-gaap-ci_table.kke.allKindsOfEquityAccounts.limitedPartners.netIncomeLoss"
           xlink:label="de-gaap-ci_table.kke.allKindsOfEquityAccounts.limitedPartners.netIncomeLoss"/>
      <loc xlink:type="locator"
           xlink:href="de-gaap-ci-2018-04-01-dimensions.xsd#de-gaap-ci_table.kke.allKindsOfEquityAccounts.limitedPartners.retainedProfitLoss"
           xlink:label="de-gaap-ci_table.kke.allKindsOfEquityAccounts.limitedPartners.retainedProfitLoss"/>
      <loc xlink:type="locator"
           xlink:href="de-gaap-ci-2018-04-01-dimensions.xsd#de-gaap-ci_table.kke.allKindsOfEquityAccounts.limitedPartners.profitLoss"
           xlink:label="de-gaap-ci_table.kke.allKindsOfEquityAccounts.limitedPartners.profitLoss"/>
      <loc xlink:type="locator"
           xlink:href="de-gaap-ci-2018-04-01-dimensions.xsd#de-gaap-ci_table.kke.allKindsOfEquityAccounts.limitedPartners.profitParticipationCapital"
           xlink:label="de-gaap-ci_table.kke.allKindsOfEquityAccounts.limitedPartners.profitParticipationCapital"/>
      <loc xlink:type="locator"
           xlink:href="de-gaap-ci-2018-04-01-dimensions.xsd#de-gaap-ci_table.kke.allKindsOfEquityAccounts.limitedPartners.subordimatedCapital"
           xlink:label="de-gaap-ci_table.kke.allKindsOfEquityAccounts.limitedPartners.subordimatedCapital"/>
      <loc xlink:type="locator"
           xlink:href="de-gaap-ci-2018-04-01-dimensions.xsd#de-gaap-ci_table.kke.allKindsOfEquityAccounts.limitedPartners.contributionSilentPartners"
           xlink:label="de-gaap-ci_table.kke.allKindsOfEquityAccounts.limitedPartners.contributionSilentPartners"/>
      <loc xlink:type="locator"
           xlink:href="de-gaap-ci-2018-04-01-dimensions.xsd#de-gaap-ci_table.kke.allKindsOfEquityAccounts.limitedPartners.revenueReserves"
           xlink:label="de-gaap-ci_table.kke.allKindsOfEquityAccounts.limitedPartners.revenueReserves"/>
      <loc xlink:type="locator"
           xlink:href="de-gaap-ci-2018-04-01-dimensions.xsd#de-gaap-ci_table.kke.allKindsOfEquityAccounts.limitedPartners.uncalledContributionsGenPartner"
           xlink:label="de-gaap-ci_table.kke.allKindsOfEquityAccounts.limitedPartners.uncalledContributionsGenPartner"/>
      <loc xlink:type="locator"
           xlink:href="de-gaap-ci-2018-04-01-dimensions.xsd#de-gaap-ci_table.kke.allKindsOfEquityAccounts.limitedPartners.participationReserves"
           xlink:label="de-gaap-ci_table.kke.allKindsOfEquityAccounts.limitedPartners.participationReserves"/>
      <loc xlink:type="locator"
           xlink:href="de-gaap-ci-2018-04-01-dimensions.xsd#de-gaap-ci_table.kke.allKindsOfEquityAccounts.limitedPartners.foreignCurrTranslationDiff"
           xlink:label="de-gaap-ci_table.kke.allKindsOfEquityAccounts.limitedPartners.foreignCurrTranslationDiff"/>
      <loc xlink:type="locator"
           xlink:href="de-gaap-ci-2018-04-01-dimensions.xsd#de-gaap-ci_table.kke.allKindsOfEquityAccounts.limitedPartners.subordinatedCapitalDeficitItem"
           xlink:label="de-gaap-ci_table.kke.allKindsOfEquityAccounts.limitedPartners.subordinatedCapitalDeficitItem"/>
      <loc xlink:type="locator"
           xlink:href="de-gaap-ci-2018-04-01-dimensions.xsd#de-gaap-ci_table.kke.allKindsOfEquityAccounts.limitedPartners.contributionSilentPartnersDeficitItem"
           xlink:label="de-gaap-ci_table.kke.allKindsOfEquityAccounts.limitedPartners.contributionSilentPartnersDeficitItem"/>
      <loc xlink:type="locator"
           xlink:href="de-gaap-ci-2018-04-01-dimensions.xsd#de-gaap-ci_table.kke.allKindsOfEquityAccounts.limitedPartners.endowmentCapital"
           xlink:label="de-gaap-ci_table.kke.allKindsOfEquityAccounts.limitedPartners.endowmentCapital"/>
      <loc xlink:type="locator"
           xlink:href="de-gaap-ci-2018-04-01-dimensions.xsd#de-gaap-ci_table.kke.allKindsOfEquityAccounts.limitedPartners.VkE"
           xlink:label="de-gaap-ci_table.kke.allKindsOfEquityAccounts.limitedPartners.VkE"/>
      <loc xlink:type="locator"
           xlink:href="de-gaap-ci-2018-04-01-dimensions.xsd#de-gaap-ci_table.kke.allKindsOfEquityAccounts.limitedPartners.nVAaG"
           xlink:label="de-gaap-ci_table.kke.allKindsOfEquityAccounts.limitedPartners.nVAaG"/>
      <loc xlink:type="locator"
           xlink:href="de-gaap-ci-2018-04-01-dimensions.xsd#de-gaap-ci_table.kke.allKindsOfDebtCapitalAccounts"
           xlink:label="de-gaap-ci_table.kke.allKindsOfDebtCapitalAccounts"/>
      <loc xlink:type="locator"
           xlink:href="de-gaap-ci-2018-04-01-dimensions.xsd#de-gaap-ci_table.kke.allKindsOfDebtCapitalAccounts.unlimitedPartners"
           xlink:label="de-gaap-ci_table.kke.allKindsOfDebtCapitalAccounts.unlimitedPartners"/>
      <loc xlink:type="locator"
           xlink:href="de-gaap-ci-2018-04-01-dimensions.xsd#de-gaap-ci_table.kke.allKindsOfDebtCapitalAccounts.unlimitedPartners.DaFK"
           xlink:label="de-gaap-ci_table.kke.allKindsOfDebtCapitalAccounts.unlimitedPartners.DaFK"/>
      <loc xlink:type="locator"
           xlink:href="de-gaap-ci-2018-04-01-dimensions.xsd#de-gaap-ci_table.kke.allKindsOfDebtCapitalAccounts.unlimitedPartners.FO"
           xlink:label="de-gaap-ci_table.kke.allKindsOfDebtCapitalAccounts.unlimitedPartners.FO"/>
      <loc xlink:type="locator"
           xlink:href="de-gaap-ci-2018-04-01-dimensions.xsd#de-gaap-ci_table.kke.allKindsOfDebtCapitalAccounts.unlimitedPartners.aEE"
           xlink:label="de-gaap-ci_table.kke.allKindsOfDebtCapitalAccounts.unlimitedPartners.aEE"/>
      <loc xlink:type="locator"
           xlink:href="de-gaap-ci-2018-04-01-dimensions.xsd#de-gaap-ci_table.kke.allKindsOfDebtCapitalAccounts.unlimitedPartners.S"
           xlink:label="de-gaap-ci_table.kke.allKindsOfDebtCapitalAccounts.unlimitedPartners.S"/>
      <loc xlink:type="locator"
           xlink:href="de-gaap-ci-2018-04-01-dimensions.xsd#de-gaap-ci_table.kke.allKindsOfDebtCapitalAccounts.limitedPartners"
           xlink:label="de-gaap-ci_table.kke.allKindsOfDebtCapitalAccounts.limitedPartners"/>
      <loc xlink:type="locator"
           xlink:href="de-gaap-ci-2018-04-01-dimensions.xsd#de-gaap-ci_table.kke.allKindsOfDebtCapitalAccounts.limitedPartners.DaFK"
           xlink:label="de-gaap-ci_table.kke.allKindsOfDebtCapitalAccounts.limitedPartners.DaFK"/>
      <loc xlink:type="locator"
           xlink:href="de-gaap-ci-2018-04-01-dimensions.xsd#de-gaap-ci_table.kke.allKindsOfDebtCapitalAccounts.limitedPartners.FO"
           xlink:label="de-gaap-ci_table.kke.allKindsOfDebtCapitalAccounts.limitedPartners.FO"/>
      <loc xlink:type="locator"
           xlink:href="de-gaap-ci-2018-04-01-dimensions.xsd#de-gaap-ci_table.kke.allKindsOfDebtCapitalAccounts.limitedPartners.aEE"
           xlink:label="de-gaap-ci_table.kke.allKindsOfDebtCapitalAccounts.limitedPartners.aEE"/>
      <loc xlink:type="locator"
           xlink:href="de-gaap-ci-2018-04-01-dimensions.xsd#de-gaap-ci_table.kke.allKindsOfDebtCapitalAccounts.limitedPartners.S"
           xlink:label="de-gaap-ci_table.kke.allKindsOfDebtCapitalAccounts.limitedPartners.S"/>
      <calculationArc xlink:from="de-gaap-ci_table.kke.sumEquityAccounts.sumYearEnd"
                      xlink:to="de-gaap-ci_table.kke.sumEquityAccounts.sumYearEnd.begin"
                      order="1"
                      weight="1"
                      xlink:arcrole="http://www.xbrl.org/2003/arcrole/summation-item"
                      xlink:type="arc"/>
      <calculationArc xlink:from="de-gaap-ci_table.kke.sumEquityAccounts.sumYearEnd"
                      xlink:to="de-gaap-ci_table.kke.sumEquityAccounts.sumYearEnd.deposits"
                      order="2"
                      weight="1"
                      xlink:arcrole="http://www.xbrl.org/2003/arcrole/summation-item"
                      xlink:type="arc"/>
      <calculationArc xlink:from="de-gaap-ci_table.kke.sumEquityAccounts.sumYearEnd"
                      xlink:to="de-gaap-ci_table.kke.sumEquityAccounts.sumYearEnd.withdrawals"
                      order="3"
                      weight="-1"
                      xlink:arcrole="http://www.xbrl.org/2003/arcrole/summation-item"
                      xlink:type="arc"/>
      <calculationArc xlink:from="de-gaap-ci_table.kke.sumEquityAccounts.sumYearEnd"
                      xlink:to="de-gaap-ci_table.kke.sumEquityAccounts.sumYearEnd.capAdjust6bRes"
                      order="4"
                      weight="1"
                      xlink:arcrole="http://www.xbrl.org/2003/arcrole/summation-item"
                      xlink:type="arc"/>
      <calculationArc xlink:from="de-gaap-ci_table.kke.sumEquityAccounts.sumYearEnd"
                      xlink:to="de-gaap-ci_table.kke.sumEquityAccounts.sumYearEnd.incomeShare"
                      order="5"
                      weight="1"
                      xlink:arcrole="http://www.xbrl.org/2003/arcrole/summation-item"
                      xlink:type="arc"/>
      <calculationArc xlink:from="de-gaap-ci_table.kke.sumEquityAccounts.sumYearEnd"
                      xlink:to="de-gaap-ci_table.kke.sumEquityAccounts.sumYearEnd.capitalMovements"
                      order="6"
                      weight="1"
                      xlink:arcrole="http://www.xbrl.org/2003/arcrole/summation-item"
                      xlink:type="arc"/>
      <calculationArc xlink:from="de-gaap-ci_table.kke.sumEquityAccounts.sumYearEnd"
                      xlink:to="de-gaap-ci_table.kke.sumEquityAccounts.sumYearEnd.capitalAdjustmentOther"
                      order="7"
                      weight="1"
                      xlink:arcrole="http://www.xbrl.org/2003/arcrole/summation-item"
                      xlink:type="arc"/>
      <calculationArc xlink:from="de-gaap-ci_table.kke.sumDebtCapitalAccounts.sumYearEnd"
                      xlink:to="de-gaap-ci_table.kke.sumDebtCapitalAccounts.sumYearEnd.begin"
                      order="1"
                      weight="1"
                      xlink:arcrole="http://www.xbrl.org/2003/arcrole/summation-item"
                      xlink:type="arc"/>
      <calculationArc xlink:from="de-gaap-ci_table.kke.sumDebtCapitalAccounts.sumYearEnd"
                      xlink:to="de-gaap-ci_table.kke.sumDebtCapitalAccounts.sumYearEnd.increase"
                      order="2"
                      weight="1"
                      xlink:arcrole="http://www.xbrl.org/2003/arcrole/summation-item"
                      xlink:type="arc"/>
      <calculationArc xlink:from="de-gaap-ci_table.kke.sumDebtCapitalAccounts.sumYearEnd"
                      xlink:to="de-gaap-ci_table.kke.sumDebtCapitalAccounts.sumYearEnd.decrease"
                      order="3"
                      weight="-1"
                      xlink:arcrole="http://www.xbrl.org/2003/arcrole/summation-item"
                      xlink:type="arc"/>
      <calculationArc xlink:from="de-gaap-ci_table.kke.allKindsOfEquityAccounts"
                      xlink:to="de-gaap-ci_table.kke.allKindsOfEquityAccounts.unlimitedPartners"
                      order="1"
                      weight="1"
                      xlink:arcrole="http://www.xbrl.org/2003/arcrole/summation-item"
                      xlink:type="arc"/>
      <calculationArc xlink:from="de-gaap-ci_table.kke.allKindsOfEquityAccounts.unlimitedPartners"
                      xlink:to="de-gaap-ci_table.kke.allKindsOfEquityAccounts.unlimitedPartners.FK"
                      order="1"
                      weight="1"
                      xlink:arcrole="http://www.xbrl.org/2003/arcrole/summation-item"
                      xlink:type="arc"/>
      <calculationArc xlink:from="de-gaap-ci_table.kke.allKindsOfEquityAccounts.unlimitedPartners"
                      xlink:to="de-gaap-ci_table.kke.allKindsOfEquityAccounts.unlimitedPartners.VK"
                      order="2"
                      weight="1"
                      xlink:arcrole="http://www.xbrl.org/2003/arcrole/summation-item"
                      xlink:type="arc"/>
      <calculationArc xlink:from="de-gaap-ci_table.kke.allKindsOfEquityAccounts.unlimitedPartners"
                      xlink:to="de-gaap-ci_table.kke.allKindsOfEquityAccounts.unlimitedPartners.VVK"
                      order="3"
                      weight="1"
                      xlink:arcrole="http://www.xbrl.org/2003/arcrole/summation-item"
                      xlink:type="arc"/>
      <calculationArc xlink:from="de-gaap-ci_table.kke.allKindsOfEquityAccounts.unlimitedPartners"
                      xlink:to="de-gaap-ci_table.kke.allKindsOfEquityAccounts.unlimitedPartners.DaEK"
                      order="4"
                      weight="1"
                      xlink:arcrole="http://www.xbrl.org/2003/arcrole/summation-item"
                      xlink:type="arc"/>
      <calculationArc xlink:from="de-gaap-ci_table.kke.allKindsOfEquityAccounts.unlimitedPartners"
                      xlink:to="de-gaap-ci_table.kke.allKindsOfEquityAccounts.unlimitedPartners.nVgV"
                      order="5"
                      weight="1"
                      xlink:arcrole="http://www.xbrl.org/2003/arcrole/summation-item"
                      xlink:type="arc"/>
      <calculationArc xlink:from="de-gaap-ci_table.kke.allKindsOfEquityAccounts.unlimitedPartners"
                      xlink:to="de-gaap-ci_table.kke.allKindsOfEquityAccounts.unlimitedPartners.nVgE"
                      order="6"
                      weight="1"
                      xlink:arcrole="http://www.xbrl.org/2003/arcrole/summation-item"
                      xlink:type="arc"/>
      <calculationArc xlink:from="de-gaap-ci_table.kke.allKindsOfEquityAccounts.unlimitedPartners"
                      xlink:to="de-gaap-ci_table.kke.allKindsOfEquityAccounts.unlimitedPartners.taxAdjustmentItem"
                      order="7"
                      weight="1"
                      xlink:arcrole="http://www.xbrl.org/2003/arcrole/summation-item"
                      xlink:type="arc"/>
      <calculationArc xlink:from="de-gaap-ci_table.kke.allKindsOfEquityAccounts.unlimitedPartners"
                      xlink:to="de-gaap-ci_table.kke.allKindsOfEquityAccounts.unlimitedPartners.netIncomeLoss"
                      order="8"
                      weight="1"
                      xlink:arcrole="http://www.xbrl.org/2003/arcrole/summation-item"
                      xlink:type="arc"/>
      <calculationArc xlink:from="de-gaap-ci_table.kke.allKindsOfEquityAccounts.unlimitedPartners"
                      xlink:to="de-gaap-ci_table.kke.allKindsOfEquityAccounts.unlimitedPartners.retainedProfitLoss"
                      order="9"
                      weight="1"
                      xlink:arcrole="http://www.xbrl.org/2003/arcrole/summation-item"
                      xlink:type="arc"/>
      <calculationArc xlink:from="de-gaap-ci_table.kke.allKindsOfEquityAccounts.unlimitedPartners"
                      xlink:to="de-gaap-ci_table.kke.allKindsOfEquityAccounts.unlimitedPartners.profitLoss"
                      order="10"
                      weight="1"
                      xlink:arcrole="http://www.xbrl.org/2003/arcrole/summation-item"
                      xlink:type="arc"/>
      <calculationArc xlink:from="de-gaap-ci_table.kke.allKindsOfEquityAccounts.unlimitedPartners"
                      xlink:to="de-gaap-ci_table.kke.allKindsOfEquityAccounts.unlimitedPartners.profitParticipationCapital"
                      order="11"
                      weight="1"
                      xlink:arcrole="http://www.xbrl.org/2003/arcrole/summation-item"
                      xlink:type="arc"/>
      <calculationArc xlink:from="de-gaap-ci_table.kke.allKindsOfEquityAccounts.unlimitedPartners"
                      xlink:to="de-gaap-ci_table.kke.allKindsOfEquityAccounts.unlimitedPartners.subordimatedCapital"
                      order="12"
                      weight="1"
                      xlink:arcrole="http://www.xbrl.org/2003/arcrole/summation-item"
                      xlink:type="arc"/>
      <calculationArc xlink:from="de-gaap-ci_table.kke.allKindsOfEquityAccounts.unlimitedPartners"
                      xlink:to="de-gaap-ci_table.kke.allKindsOfEquityAccounts.unlimitedPartners.revenueReserves"
                      order="14"
                      weight="1"
                      xlink:arcrole="http://www.xbrl.org/2003/arcrole/summation-item"
                      xlink:type="arc"/>
      <calculationArc xlink:from="de-gaap-ci_table.kke.allKindsOfEquityAccounts.unlimitedPartners"
                      xlink:to="de-gaap-ci_table.kke.allKindsOfEquityAccounts.unlimitedPartners.uncalledContributionsGenPartner"
                      order="15"
                      weight="1"
                      xlink:arcrole="http://www.xbrl.org/2003/arcrole/summation-item"
                      xlink:type="arc"/>
      <calculationArc xlink:from="de-gaap-ci_table.kke.allKindsOfEquityAccounts.unlimitedPartners"
                      xlink:to="de-gaap-ci_table.kke.allKindsOfEquityAccounts.unlimitedPartners.participationReserves"
                      order="16"
                      weight="1"
                      xlink:arcrole="http://www.xbrl.org/2003/arcrole/summation-item"
                      xlink:type="arc"/>
      <calculationArc xlink:from="de-gaap-ci_table.kke.allKindsOfEquityAccounts.unlimitedPartners"
                      xlink:to="de-gaap-ci_table.kke.allKindsOfEquityAccounts.unlimitedPartners.foreignCurrTranslationDiff"
                      order="17"
                      weight="1"
                      xlink:arcrole="http://www.xbrl.org/2003/arcrole/summation-item"
                      xlink:type="arc"/>
      <calculationArc xlink:from="de-gaap-ci_table.kke.allKindsOfEquityAccounts.unlimitedPartners"
                      xlink:to="de-gaap-ci_table.kke.allKindsOfEquityAccounts.unlimitedPartners.subordinatedCapitalDeficitItem"
                      order="18"
                      weight="1"
                      xlink:arcrole="http://www.xbrl.org/2003/arcrole/summation-item"
                      xlink:type="arc"/>
      <calculationArc xlink:from="de-gaap-ci_table.kke.allKindsOfEquityAccounts.unlimitedPartners"
                      xlink:to="de-gaap-ci_table.kke.allKindsOfEquityAccounts.unlimitedPartners.endowmentCapital"
                      order="20"
                      weight="1"
                      xlink:arcrole="http://www.xbrl.org/2003/arcrole/summation-item"
                      xlink:type="arc"/>
      <calculationArc xlink:from="de-gaap-ci_table.kke.allKindsOfEquityAccounts.unlimitedPartners"
                      xlink:to="de-gaap-ci_table.kke.allKindsOfEquityAccounts.unlimitedPartners.VkE"
                      order="6.5"
                      weight="1"
                      xlink:arcrole="http://www.xbrl.org/2003/arcrole/summation-item"
                      xlink:type="arc"/>
      <calculationArc xlink:from="de-gaap-ci_table.kke.allKindsOfEquityAccounts.unlimitedPartners"
                      xlink:to="de-gaap-ci_table.kke.allKindsOfEquityAccounts.unlimitedPartners.nVAaG"
                      order="6.2"
                      weight="1"
                      xlink:arcrole="http://www.xbrl.org/2003/arcrole/summation-item"
                      xlink:type="arc"/>
      <calculationArc xlink:from="de-gaap-ci_table.kke.allKindsOfEquityAccounts"
                      xlink:to="de-gaap-ci_table.kke.allKindsOfEquityAccounts.limitedPartners"
                      order="2"
                      weight="1"
                      xlink:arcrole="http://www.xbrl.org/2003/arcrole/summation-item"
                      xlink:type="arc"/>
      <calculationArc xlink:from="de-gaap-ci_table.kke.allKindsOfEquityAccounts.limitedPartners"
                      xlink:to="de-gaap-ci_table.kke.allKindsOfEquityAccounts.limitedPartners.FK"
                      order="1"
                      weight="1"
                      xlink:arcrole="http://www.xbrl.org/2003/arcrole/summation-item"
                      xlink:type="arc"/>
      <calculationArc xlink:from="de-gaap-ci_table.kke.allKindsOfEquityAccounts.limitedPartners"
                      xlink:to="de-gaap-ci_table.kke.allKindsOfEquityAccounts.limitedPartners.KK"
                      order="2"
                      weight="1"
                      xlink:arcrole="http://www.xbrl.org/2003/arcrole/summation-item"
                      xlink:type="arc"/>
      <calculationArc xlink:from="de-gaap-ci_table.kke.allKindsOfEquityAccounts.limitedPartners"
                      xlink:to="de-gaap-ci_table.kke.allKindsOfEquityAccounts.limitedPartners.VK"
                      order="3"
                      weight="1"
                      xlink:arcrole="http://www.xbrl.org/2003/arcrole/summation-item"
                      xlink:type="arc"/>
      <calculationArc xlink:from="de-gaap-ci_table.kke.allKindsOfEquityAccounts.limitedPartners"
                      xlink:to="de-gaap-ci_table.kke.allKindsOfEquityAccounts.limitedPartners.VVK"
                      order="4"
                      weight="1"
                      xlink:arcrole="http://www.xbrl.org/2003/arcrole/summation-item"
                      xlink:type="arc"/>
      <calculationArc xlink:from="de-gaap-ci_table.kke.allKindsOfEquityAccounts.limitedPartners"
                      xlink:to="de-gaap-ci_table.kke.allKindsOfEquityAccounts.limitedPartners.DaEK"
                      order="5"
                      weight="1"
                      xlink:arcrole="http://www.xbrl.org/2003/arcrole/summation-item"
                      xlink:type="arc"/>
      <calculationArc xlink:from="de-gaap-ci_table.kke.allKindsOfEquityAccounts.limitedPartners"
                      xlink:to="de-gaap-ci_table.kke.allKindsOfEquityAccounts.limitedPartners.nVgV"
                      order="6"
                      weight="1"
                      xlink:arcrole="http://www.xbrl.org/2003/arcrole/summation-item"
                      xlink:type="arc"/>
      <calculationArc xlink:from="de-gaap-ci_table.kke.allKindsOfEquityAccounts.limitedPartners"
                      xlink:to="de-gaap-ci_table.kke.allKindsOfEquityAccounts.limitedPartners.nVgE"
                      order="7"
                      weight="1"
                      xlink:arcrole="http://www.xbrl.org/2003/arcrole/summation-item"
                      xlink:type="arc"/>
      <calculationArc xlink:from="de-gaap-ci_table.kke.allKindsOfEquityAccounts.limitedPartners"
                      xlink:to="de-gaap-ci_table.kke.allKindsOfEquityAccounts.limitedPartners.taxAdjustmentItem"
                      order="8"
                      weight="1"
                      xlink:arcrole="http://www.xbrl.org/2003/arcrole/summation-item"
                      xlink:type="arc"/>
      <calculationArc xlink:from="de-gaap-ci_table.kke.allKindsOfEquityAccounts.limitedPartners"
                      xlink:to="de-gaap-ci_table.kke.allKindsOfEquityAccounts.limitedPartners.netIncomeLoss"
                      order="9"
                      weight="1"
                      xlink:arcrole="http://www.xbrl.org/2003/arcrole/summation-item"
                      xlink:type="arc"/>
      <calculationArc xlink:from="de-gaap-ci_table.kke.allKindsOfEquityAccounts.limitedPartners"
                      xlink:to="de-gaap-ci_table.kke.allKindsOfEquityAccounts.limitedPartners.retainedProfitLoss"
                      order="10"
                      weight="1"
                      xlink:arcrole="http://www.xbrl.org/2003/arcrole/summation-item"
                      xlink:type="arc"/>
      <calculationArc xlink:from="de-gaap-ci_table.kke.allKindsOfEquityAccounts.limitedPartners"
                      xlink:to="de-gaap-ci_table.kke.allKindsOfEquityAccounts.limitedPartners.profitLoss"
                      order="11"
                      weight="1"
                      xlink:arcrole="http://www.xbrl.org/2003/arcrole/summation-item"
                      xlink:type="arc"/>
      <calculationArc xlink:from="de-gaap-ci_table.kke.allKindsOfEquityAccounts.limitedPartners"
                      xlink:to="de-gaap-ci_table.kke.allKindsOfEquityAccounts.limitedPartners.profitParticipationCapital"
                      order="12"
                      weight="1"
                      xlink:arcrole="http://www.xbrl.org/2003/arcrole/summation-item"
                      xlink:type="arc"/>
      <calculationArc xlink:from="de-gaap-ci_table.kke.allKindsOfEquityAccounts.limitedPartners"
                      xlink:to="de-gaap-ci_table.kke.allKindsOfEquityAccounts.limitedPartners.subordimatedCapital"
                      order="13"
                      weight="1"
                      xlink:arcrole="http://www.xbrl.org/2003/arcrole/summation-item"
                      xlink:type="arc"/>
      <calculationArc xlink:from="de-gaap-ci_table.kke.allKindsOfEquityAccounts.limitedPartners"
                      xlink:to="de-gaap-ci_table.kke.allKindsOfEquityAccounts.limitedPartners.contributionSilentPartners"
                      order="14"
                      weight="1"
                      xlink:arcrole="http://www.xbrl.org/2003/arcrole/summation-item"
                      xlink:type="arc"/>
      <calculationArc xlink:from="de-gaap-ci_table.kke.allKindsOfEquityAccounts.limitedPartners"
                      xlink:to="de-gaap-ci_table.kke.allKindsOfEquityAccounts.limitedPartners.revenueReserves"
                      order="15"
                      weight="1"
                      xlink:arcrole="http://www.xbrl.org/2003/arcrole/summation-item"
                      xlink:type="arc"/>
      <calculationArc xlink:from="de-gaap-ci_table.kke.allKindsOfEquityAccounts.limitedPartners"
                      xlink:to="de-gaap-ci_table.kke.allKindsOfEquityAccounts.limitedPartners.uncalledContributionsGenPartner"
                      order="16"
                      weight="1"
                      xlink:arcrole="http://www.xbrl.org/2003/arcrole/summation-item"
                      xlink:type="arc"/>
      <calculationArc xlink:from="de-gaap-ci_table.kke.allKindsOfEquityAccounts.limitedPartners"
                      xlink:to="de-gaap-ci_table.kke.allKindsOfEquityAccounts.limitedPartners.participationReserves"
                      order="17"
                      weight="1"
                      xlink:arcrole="http://www.xbrl.org/2003/arcrole/summation-item"
                      xlink:type="arc"/>
      <calculationArc xlink:from="de-gaap-ci_table.kke.allKindsOfEquityAccounts.limitedPartners"
                      xlink:to="de-gaap-ci_table.kke.allKindsOfEquityAccounts.limitedPartners.foreignCurrTranslationDiff"
                      order="18"
                      weight="1"
                      xlink:arcrole="http://www.xbrl.org/2003/arcrole/summation-item"
                      xlink:type="arc"/>
      <calculationArc xlink:from="de-gaap-ci_table.kke.allKindsOfEquityAccounts.limitedPartners"
                      xlink:to="de-gaap-ci_table.kke.allKindsOfEquityAccounts.limitedPartners.subordinatedCapitalDeficitItem"
                      order="19"
                      weight="1"
                      xlink:arcrole="http://www.xbrl.org/2003/arcrole/summation-item"
                      xlink:type="arc"/>
      <calculationArc xlink:from="de-gaap-ci_table.kke.allKindsOfEquityAccounts.limitedPartners"
                      xlink:to="de-gaap-ci_table.kke.allKindsOfEquityAccounts.limitedPartners.contributionSilentPartnersDeficitItem"
                      order="20"
                      weight="1"
                      xlink:arcrole="http://www.xbrl.org/2003/arcrole/summation-item"
                      xlink:type="arc"/>
      <calculationArc xlink:from="de-gaap-ci_table.kke.allKindsOfEquityAccounts.limitedPartners"
                      xlink:to="de-gaap-ci_table.kke.allKindsOfEquityAccounts.limitedPartners.endowmentCapital"
                      order="22"
                      weight="1"
                      xlink:arcrole="http://www.xbrl.org/2003/arcrole/summation-item"
                      xlink:type="arc"/>
      <calculationArc xlink:from="de-gaap-ci_table.kke.allKindsOfEquityAccounts.limitedPartners"
                      xlink:to="de-gaap-ci_table.kke.allKindsOfEquityAccounts.limitedPartners.VkE"
                      order="7.5"
                      weight="1"
                      xlink:arcrole="http://www.xbrl.org/2003/arcrole/summation-item"
                      xlink:type="arc"/>
      <calculationArc xlink:from="de-gaap-ci_table.kke.allKindsOfEquityAccounts.limitedPartners"
                      xlink:to="de-gaap-ci_table.kke.allKindsOfEquityAccounts.limitedPartners.nVAaG"
                      order="7.2"
                      weight="1"
                      xlink:arcrole="http://www.xbrl.org/2003/arcrole/summation-item"
                      xlink:type="arc"/>
      <calculationArc xlink:from="de-gaap-ci_table.kke.allKindsOfDebtCapitalAccounts"
                      xlink:to="de-gaap-ci_table.kke.allKindsOfDebtCapitalAccounts.unlimitedPartners"
                      order="1"
                      weight="1"
                      xlink:arcrole="http://www.xbrl.org/2003/arcrole/summation-item"
                      xlink:type="arc"/>
      <calculationArc xlink:from="de-gaap-ci_table.kke.allKindsOfDebtCapitalAccounts.unlimitedPartners"
                      xlink:to="de-gaap-ci_table.kke.allKindsOfDebtCapitalAccounts.unlimitedPartners.DaFK"
                      order="1"
                      weight="1"
                      xlink:arcrole="http://www.xbrl.org/2003/arcrole/summation-item"
                      xlink:type="arc"/>
      <calculationArc xlink:from="de-gaap-ci_table.kke.allKindsOfDebtCapitalAccounts.unlimitedPartners"
                      xlink:to="de-gaap-ci_table.kke.allKindsOfDebtCapitalAccounts.unlimitedPartners.FO"
                      order="2"
                      weight="1"
                      xlink:arcrole="http://www.xbrl.org/2003/arcrole/summation-item"
                      xlink:type="arc"/>
      <calculationArc xlink:from="de-gaap-ci_table.kke.allKindsOfDebtCapitalAccounts.unlimitedPartners"
                      xlink:to="de-gaap-ci_table.kke.allKindsOfDebtCapitalAccounts.unlimitedPartners.aEE"
                      order="4"
                      weight="1"
                      xlink:arcrole="http://www.xbrl.org/2003/arcrole/summation-item"
                      xlink:type="arc"/>
      <calculationArc xlink:from="de-gaap-ci_table.kke.allKindsOfDebtCapitalAccounts.unlimitedPartners"
                      xlink:to="de-gaap-ci_table.kke.allKindsOfDebtCapitalAccounts.unlimitedPartners.S"
                      order="6"
                      weight="1"
                      xlink:arcrole="http://www.xbrl.org/2003/arcrole/summation-item"
                      xlink:type="arc"/>
      <calculationArc xlink:from="de-gaap-ci_table.kke.allKindsOfDebtCapitalAccounts"
                      xlink:to="de-gaap-ci_table.kke.allKindsOfDebtCapitalAccounts.limitedPartners"
                      order="2"
                      weight="1"
                      xlink:arcrole="http://www.xbrl.org/2003/arcrole/summation-item"
                      xlink:type="arc"/>
      <calculationArc xlink:from="de-gaap-ci_table.kke.allKindsOfDebtCapitalAccounts.limitedPartners"
                      xlink:to="de-gaap-ci_table.kke.allKindsOfDebtCapitalAccounts.limitedPartners.DaFK"
                      order="1"
                      weight="1"
                      xlink:arcrole="http://www.xbrl.org/2003/arcrole/summation-item"
                      xlink:type="arc"/>
      <calculationArc xlink:from="de-gaap-ci_table.kke.allKindsOfDebtCapitalAccounts.limitedPartners"
                      xlink:to="de-gaap-ci_table.kke.allKindsOfDebtCapitalAccounts.limitedPartners.FO"
                      order="2"
                      weight="1"
                      xlink:arcrole="http://www.xbrl.org/2003/arcrole/summation-item"
                      xlink:type="arc"/>
      <calculationArc xlink:from="de-gaap-ci_table.kke.allKindsOfDebtCapitalAccounts.limitedPartners"
                      xlink:to="de-gaap-ci_table.kke.allKindsOfDebtCapitalAccounts.limitedPartners.aEE"
                      order="4"
                      weight="1"
                      xlink:arcrole="http://www.xbrl.org/2003/arcrole/summation-item"
                      xlink:type="arc"/>
      <calculationArc xlink:from="de-gaap-ci_table.kke.allKindsOfDebtCapitalAccounts.limitedPartners"
                      xlink:to="de-gaap-ci_table.kke.allKindsOfDebtCapitalAccounts.limitedPartners.S"
                      order="5"
                      weight="1"
                      xlink:arcrole="http://www.xbrl.org/2003/arcrole/summation-item"
                      xlink:type="arc"/>
   </calculationLink>
</linkbase>