<?xml version="1.0" encoding="utf-8"?>
<!--(c) XBRL Deutschland e.V. - see http://www.xbrl.de-->


<linkbase xmlns="http://www.xbrl.org/2003/linkbase"
          xmlns:xsi="http://www.w3.org/2001/XMLSchema-instance"
          xsi:schemaLocation="http://www.xbrl.org/2003/linkbase http://www.xbrl.org/2003/xbrl-linkbase-2003-12-31.xsd">
   <roleRef xmlns:xlink="http://www.w3.org/1999/xlink"
            roleURI="http://www.xbrl.de/taxonomies/de-gaap-ci/role/detailedInformation"
            xlink:href="de-gaap-ci-2018-04-01.xsd#role_detailedInformation"
            xlink:type="simple"/>
   <presentationLink xmlns:xlink="http://www.w3.org/1999/xlink"
                     xlink:role="http://www.xbrl.de/taxonomies/de-gaap-ci/role/detailedInformation"
                     xlink:type="extended">
      <loc xlink:type="locator"
           xlink:href="de-gaap-ci-2018-04-01.xsd#de-gaap-ci_detailedInformation.accountBalances"
           xlink:label="de-gaap-ci_detailedInformation.accountBalances"/>
      <loc xlink:type="locator"
           xlink:href="de-gaap-ci-2018-04-01.xsd#de-gaap-ci_detailedInformation.accountbalances.positionName"
           xlink:label="de-gaap-ci_detailedInformation.accountbalances.positionName"/>
      <loc xlink:type="locator"
           xlink:href="de-gaap-ci-2018-04-01.xsd#de-gaap-ci_detailedInformation.accountbalances.accountNumber"
           xlink:label="de-gaap-ci_detailedInformation.accountbalances.accountNumber"/>
      <loc xlink:type="locator"
           xlink:href="de-gaap-ci-2018-04-01.xsd#de-gaap-ci_detailedInformation.accountbalances.accountDescription"
           xlink:label="de-gaap-ci_detailedInformation.accountbalances.accountDescription"/>
      <loc xlink:type="locator"
           xlink:href="de-gaap-ci-2018-04-01.xsd#de-gaap-ci_detailedInformation.accountbalances.amount"
           xlink:label="de-gaap-ci_detailedInformation.accountbalances.amount"/>
      <presentationArc xlink:from="de-gaap-ci_detailedInformation.accountBalances"
                       xlink:to="de-gaap-ci_detailedInformation.accountbalances.positionName"
                       order="1"
                       xlink:arcrole="http://www.xbrl.org/2003/arcrole/parent-child"
                       xlink:type="arc"/>
      <presentationArc xlink:from="de-gaap-ci_detailedInformation.accountBalances"
                       xlink:to="de-gaap-ci_detailedInformation.accountbalances.accountNumber"
                       order="2"
                       xlink:arcrole="http://www.xbrl.org/2003/arcrole/parent-child"
                       xlink:type="arc"/>
      <presentationArc xlink:from="de-gaap-ci_detailedInformation.accountBalances"
                       xlink:to="de-gaap-ci_detailedInformation.accountbalances.accountDescription"
                       order="3"
                       xlink:arcrole="http://www.xbrl.org/2003/arcrole/parent-child"
                       xlink:type="arc"/>
      <presentationArc xlink:from="de-gaap-ci_detailedInformation.accountBalances"
                       xlink:to="de-gaap-ci_detailedInformation.accountbalances.amount"
                       order="4"
                       xlink:arcrole="http://www.xbrl.org/2003/arcrole/parent-child"
                       xlink:type="arc"/>
   </presentationLink>
</linkbase>