<?xml version="1.0" encoding="utf-8"?>
<!--(c) XBRL Deutschland e.V. - see http://www.xbrl.de-->


<linkbase xmlns="http://www.xbrl.org/2003/linkbase"
          xmlns:xsi="http://www.w3.org/2001/XMLSchema-instance"
          xsi:schemaLocation="http://www.xbrl.org/2003/linkbase http://www.xbrl.org/2003/xbrl-linkbase-2003-12-31.xsd">
   <labelLink xmlns:xlink="http://www.w3.org/1999/xlink"
              xlink:role="http://www.xbrl.org/2003/role/link"
              xlink:type="extended">
      <loc xlink:type="locator"
           xlink:href="de-gaap-ci-2018-04-01-dimensions.xsd#de-gaap-ci_table.kke.allKindsOfEquityAccounts.unlimitedPartners.endowmentCapital"
           xlink:label="de-gaap-ci_table.kke.allKindsOfEquityAccounts.unlimitedPartners.endowmentCapital"/>
      <loc xlink:type="locator"
           xlink:href="de-gaap-ci-2018-04-01-dimensions.xsd#de-gaap-ci_table.kke.allKindsOfEquityAccounts.limitedPartners.endowmentCapital"
           xlink:label="de-gaap-ci_table.kke.allKindsOfEquityAccounts.limitedPartners.endowmentCapital"/>
      <loc xlink:type="locator"
           xlink:href="de-gaap-ci-2018-04-01-dimensions.xsd#de-gaap-ci_table.kke.sumEquityAccounts.sumYearEnd"
           xlink:label="de-gaap-ci_table.kke.sumEquityAccounts.sumYearEnd"/>
      <loc xlink:type="locator"
           xlink:href="de-gaap-ci-2018-04-01-dimensions.xsd#de-gaap-ci_table.kke.sumEquityAccounts.sumYearEnd.begin"
           xlink:label="de-gaap-ci_table.kke.sumEquityAccounts.sumYearEnd.begin"/>
      <loc xlink:type="locator"
           xlink:href="de-gaap-ci-2018-04-01-dimensions.xsd#de-gaap-ci_table.kke.sumEquityAccounts.sumYearEnd.deposits"
           xlink:label="de-gaap-ci_table.kke.sumEquityAccounts.sumYearEnd.deposits"/>
      <loc xlink:type="locator"
           xlink:href="de-gaap-ci-2018-04-01-dimensions.xsd#de-gaap-ci_table.kke.sumEquityAccounts.sumYearEnd.deposits.incRealEst"
           xlink:label="de-gaap-ci_table.kke.sumEquityAccounts.sumYearEnd.deposits.incRealEst"/>
      <loc xlink:type="locator"
           xlink:href="de-gaap-ci-2018-04-01-dimensions.xsd#de-gaap-ci_table.kke.sumEquityAccounts.sumYearEnd.deposits.privateTax"
           xlink:label="de-gaap-ci_table.kke.sumEquityAccounts.sumYearEnd.deposits.privateTax"/>
      <loc xlink:type="locator"
           xlink:href="de-gaap-ci-2018-04-01-dimensions.xsd#de-gaap-ci_table.kke.sumEquityAccounts.sumYearEnd.deposits.tanBookvalue"
           xlink:label="de-gaap-ci_table.kke.sumEquityAccounts.sumYearEnd.deposits.tanBookvalue"/>
      <loc xlink:type="locator"
           xlink:href="de-gaap-ci-2018-04-01-dimensions.xsd#de-gaap-ci_table.kke.sumEquityAccounts.sumYearEnd.deposits.tanOther"
           xlink:label="de-gaap-ci_table.kke.sumEquityAccounts.sumYearEnd.deposits.tanOther"/>
      <loc xlink:type="locator"
           xlink:href="de-gaap-ci-2018-04-01-dimensions.xsd#de-gaap-ci_table.kke.sumEquityAccounts.sumYearEnd.withdrawals"
           xlink:label="de-gaap-ci_table.kke.sumEquityAccounts.sumYearEnd.withdrawals"/>
      <loc xlink:type="locator"
           xlink:href="de-gaap-ci-2018-04-01-dimensions.xsd#de-gaap-ci_table.kke.sumEquityAccounts.sumYearEnd.withdrawals.privateTax"
           xlink:label="de-gaap-ci_table.kke.sumEquityAccounts.sumYearEnd.withdrawals.privateTax"/>
      <loc xlink:type="locator"
           xlink:href="de-gaap-ci-2018-04-01-dimensions.xsd#de-gaap-ci_table.kke.sumEquityAccounts.sumYearEnd.withdrawals.specialExtordExpenses"
           xlink:label="de-gaap-ci_table.kke.sumEquityAccounts.sumYearEnd.withdrawals.specialExtordExpenses"/>
      <loc xlink:type="locator"
           xlink:href="de-gaap-ci-2018-04-01-dimensions.xsd#de-gaap-ci_table.kke.sumEquityAccounts.sumYearEnd.withdrawals.costRealEst"
           xlink:label="de-gaap-ci_table.kke.sumEquityAccounts.sumYearEnd.withdrawals.costRealEst"/>
      <loc xlink:type="locator"
           xlink:href="de-gaap-ci-2018-04-01-dimensions.xsd#de-gaap-ci_table.kke.sumEquityAccounts.sumYearEnd.withdrawals.nonCash"
           xlink:label="de-gaap-ci_table.kke.sumEquityAccounts.sumYearEnd.withdrawals.nonCash"/>
      <loc xlink:type="locator"
           xlink:href="de-gaap-ci-2018-04-01-dimensions.xsd#de-gaap-ci_table.kke.sumEquityAccounts.sumYearEnd.withdrawals.tanBookvalue"
           xlink:label="de-gaap-ci_table.kke.sumEquityAccounts.sumYearEnd.withdrawals.tanBookvalue"/>
      <loc xlink:type="locator"
           xlink:href="de-gaap-ci-2018-04-01-dimensions.xsd#de-gaap-ci_table.kke.sumEquityAccounts.sumYearEnd.withdrawals.tanOther"
           xlink:label="de-gaap-ci_table.kke.sumEquityAccounts.sumYearEnd.withdrawals.tanOther"/>
      <loc xlink:type="locator"
           xlink:href="de-gaap-ci-2018-04-01-dimensions.xsd#de-gaap-ci_table.kke.sumEquityAccounts.sumYearEnd.capAdjust6bRes"
           xlink:label="de-gaap-ci_table.kke.sumEquityAccounts.sumYearEnd.capAdjust6bRes"/>
      <loc xlink:type="locator"
           xlink:href="de-gaap-ci-2018-04-01-dimensions.xsd#de-gaap-ci_table.kke.sumEquityAccounts.sumYearEnd.incomeShare"
           xlink:label="de-gaap-ci_table.kke.sumEquityAccounts.sumYearEnd.incomeShare"/>
      <loc xlink:type="locator"
           xlink:href="de-gaap-ci-2018-04-01-dimensions.xsd#de-gaap-ci_table.kke.sumEquityAccounts.sumYearEnd.capitalMovements"
           xlink:label="de-gaap-ci_table.kke.sumEquityAccounts.sumYearEnd.capitalMovements"/>
      <loc xlink:type="locator"
           xlink:href="de-gaap-ci-2018-04-01-dimensions.xsd#de-gaap-ci_table.kke.sumEquityAccounts.sumYearEnd.capitalAdjustmentOther"
           xlink:label="de-gaap-ci_table.kke.sumEquityAccounts.sumYearEnd.capitalAdjustmentOther"/>
      <loc xlink:type="locator"
           xlink:href="de-gaap-ci-2018-04-01-dimensions.xsd#de-gaap-ci_table.kke.allKindsOfDebtCapitalAccounts.unlimitedPartners.DaFK"
           xlink:label="de-gaap-ci_table.kke.allKindsOfDebtCapitalAccounts.unlimitedPartners.DaFK"/>
      <loc xlink:type="locator"
           xlink:href="de-gaap-ci-2018-04-01-dimensions.xsd#de-gaap-ci_table.kke.allKindsOfEquityAccounts.unlimitedPartners.FK"
           xlink:label="de-gaap-ci_table.kke.allKindsOfEquityAccounts.unlimitedPartners.FK"/>
      <loc xlink:type="locator"
           xlink:href="de-gaap-ci-2018-04-01-dimensions.xsd#de-gaap-ci_table.kke.allKindsOfEquityAccounts.unlimitedPartners.VK"
           xlink:label="de-gaap-ci_table.kke.allKindsOfEquityAccounts.unlimitedPartners.VK"/>
      <loc xlink:type="locator"
           xlink:href="de-gaap-ci-2018-04-01-dimensions.xsd#de-gaap-ci_table.kke.allKindsOfEquityAccounts.unlimitedPartners.VVK"
           xlink:label="de-gaap-ci_table.kke.allKindsOfEquityAccounts.unlimitedPartners.VVK"/>
      <loc xlink:type="locator"
           xlink:href="de-gaap-ci-2018-04-01-dimensions.xsd#de-gaap-ci_table.kke.allKindsOfEquityAccounts.unlimitedPartners.DaEK"
           xlink:label="de-gaap-ci_table.kke.allKindsOfEquityAccounts.unlimitedPartners.DaEK"/>
      <loc xlink:type="locator"
           xlink:href="de-gaap-ci-2018-04-01-dimensions.xsd#de-gaap-ci_table.kke.allKindsOfEquityAccounts.unlimitedPartners.nVgV"
           xlink:label="de-gaap-ci_table.kke.allKindsOfEquityAccounts.unlimitedPartners.nVgV"/>
      <loc xlink:type="locator"
           xlink:href="de-gaap-ci-2018-04-01-dimensions.xsd#de-gaap-ci_table.kke.allKindsOfEquityAccounts.unlimitedPartners.nVgE"
           xlink:label="de-gaap-ci_table.kke.allKindsOfEquityAccounts.unlimitedPartners.nVgE"/>
      <loc xlink:type="locator"
           xlink:href="de-gaap-ci-2018-04-01-dimensions.xsd#de-gaap-ci_table.kke.allKindsOfEquityAccounts.unlimitedPartners.taxAdjustmentItem"
           xlink:label="de-gaap-ci_table.kke.allKindsOfEquityAccounts.unlimitedPartners.taxAdjustmentItem"/>
      <loc xlink:type="locator"
           xlink:href="de-gaap-ci-2018-04-01-dimensions.xsd#de-gaap-ci_table.kke.allKindsOfEquityAccounts.unlimitedPartners.netIncomeLoss"
           xlink:label="de-gaap-ci_table.kke.allKindsOfEquityAccounts.unlimitedPartners.netIncomeLoss"/>
      <loc xlink:type="locator"
           xlink:href="de-gaap-ci-2018-04-01-dimensions.xsd#de-gaap-ci_table.kke.allKindsOfEquityAccounts.unlimitedPartners.retainedProfitLoss"
           xlink:label="de-gaap-ci_table.kke.allKindsOfEquityAccounts.unlimitedPartners.retainedProfitLoss"/>
      <loc xlink:type="locator"
           xlink:href="de-gaap-ci-2018-04-01-dimensions.xsd#de-gaap-ci_table.kke.allKindsOfEquityAccounts.unlimitedPartners.profitLoss"
           xlink:label="de-gaap-ci_table.kke.allKindsOfEquityAccounts.unlimitedPartners.profitLoss"/>
      <loc xlink:type="locator"
           xlink:href="de-gaap-ci-2018-04-01-dimensions.xsd#de-gaap-ci_table.kke.allKindsOfEquityAccounts.unlimitedPartners.profitParticipationCapital"
           xlink:label="de-gaap-ci_table.kke.allKindsOfEquityAccounts.unlimitedPartners.profitParticipationCapital"/>
      <loc xlink:type="locator"
           xlink:href="de-gaap-ci-2018-04-01-dimensions.xsd#de-gaap-ci_table.kke.allKindsOfEquityAccounts.unlimitedPartners.revenueReserves"
           xlink:label="de-gaap-ci_table.kke.allKindsOfEquityAccounts.unlimitedPartners.revenueReserves"/>
      <loc xlink:type="locator"
           xlink:href="de-gaap-ci-2018-04-01-dimensions.xsd#de-gaap-ci_table.kke.allKindsOfEquityAccounts.unlimitedPartners.uncalledContributionsGenPartner"
           xlink:label="de-gaap-ci_table.kke.allKindsOfEquityAccounts.unlimitedPartners.uncalledContributionsGenPartner"/>
      <loc xlink:type="locator"
           xlink:href="de-gaap-ci-2018-04-01-dimensions.xsd#de-gaap-ci_table.kke.allKindsOfEquityAccounts.unlimitedPartners.participationReserves"
           xlink:label="de-gaap-ci_table.kke.allKindsOfEquityAccounts.unlimitedPartners.participationReserves"/>
      <loc xlink:type="locator"
           xlink:href="de-gaap-ci-2018-04-01-dimensions.xsd#de-gaap-ci_table.kke.allKindsOfEquityAccounts.limitedPartners.FK"
           xlink:label="de-gaap-ci_table.kke.allKindsOfEquityAccounts.limitedPartners.FK"/>
      <loc xlink:type="locator"
           xlink:href="de-gaap-ci-2018-04-01-dimensions.xsd#de-gaap-ci_table.kke.allKindsOfEquityAccounts.limitedPartners.KK"
           xlink:label="de-gaap-ci_table.kke.allKindsOfEquityAccounts.limitedPartners.KK"/>
      <loc xlink:type="locator"
           xlink:href="de-gaap-ci-2018-04-01-dimensions.xsd#de-gaap-ci_table.kke.allKindsOfEquityAccounts.limitedPartners.VK"
           xlink:label="de-gaap-ci_table.kke.allKindsOfEquityAccounts.limitedPartners.VK"/>
      <loc xlink:type="locator"
           xlink:href="de-gaap-ci-2018-04-01-dimensions.xsd#de-gaap-ci_table.kke.allKindsOfEquityAccounts.limitedPartners.VVK"
           xlink:label="de-gaap-ci_table.kke.allKindsOfEquityAccounts.limitedPartners.VVK"/>
      <loc xlink:type="locator"
           xlink:href="de-gaap-ci-2018-04-01-dimensions.xsd#de-gaap-ci_table.kke.allKindsOfEquityAccounts.limitedPartners.DaEK"
           xlink:label="de-gaap-ci_table.kke.allKindsOfEquityAccounts.limitedPartners.DaEK"/>
      <loc xlink:type="locator"
           xlink:href="de-gaap-ci-2018-04-01-dimensions.xsd#de-gaap-ci_table.kke.allKindsOfEquityAccounts.limitedPartners.taxAdjustmentItem"
           xlink:label="de-gaap-ci_table.kke.allKindsOfEquityAccounts.limitedPartners.taxAdjustmentItem"/>
      <loc xlink:type="locator"
           xlink:href="de-gaap-ci-2018-04-01-dimensions.xsd#de-gaap-ci_table.kke.allKindsOfEquityAccounts.limitedPartners.netIncomeLoss"
           xlink:label="de-gaap-ci_table.kke.allKindsOfEquityAccounts.limitedPartners.netIncomeLoss"/>
      <loc xlink:type="locator"
           xlink:href="de-gaap-ci-2018-04-01-dimensions.xsd#de-gaap-ci_table.kke.allKindsOfEquityAccounts.limitedPartners.retainedProfitLoss"
           xlink:label="de-gaap-ci_table.kke.allKindsOfEquityAccounts.limitedPartners.retainedProfitLoss"/>
      <loc xlink:type="locator"
           xlink:href="de-gaap-ci-2018-04-01-dimensions.xsd#de-gaap-ci_table.kke.allKindsOfEquityAccounts.limitedPartners.profitLoss"
           xlink:label="de-gaap-ci_table.kke.allKindsOfEquityAccounts.limitedPartners.profitLoss"/>
      <loc xlink:type="locator"
           xlink:href="de-gaap-ci-2018-04-01-dimensions.xsd#de-gaap-ci_table.kke.allKindsOfEquityAccounts.limitedPartners.profitParticipationCapital"
           xlink:label="de-gaap-ci_table.kke.allKindsOfEquityAccounts.limitedPartners.profitParticipationCapital"/>
      <loc xlink:type="locator"
           xlink:href="de-gaap-ci-2018-04-01-dimensions.xsd#de-gaap-ci_table.kke.allKindsOfEquityAccounts.limitedPartners.contributionSilentPartners"
           xlink:label="de-gaap-ci_table.kke.allKindsOfEquityAccounts.limitedPartners.contributionSilentPartners"/>
      <loc xlink:type="locator"
           xlink:href="de-gaap-ci-2018-04-01-dimensions.xsd#de-gaap-ci_table.kke.allKindsOfEquityAccounts.limitedPartners.revenueReserves"
           xlink:label="de-gaap-ci_table.kke.allKindsOfEquityAccounts.limitedPartners.revenueReserves"/>
      <loc xlink:type="locator"
           xlink:href="de-gaap-ci-2018-04-01-dimensions.xsd#de-gaap-ci_table.kke.allKindsOfEquityAccounts.limitedPartners.uncalledContributionsGenPartner"
           xlink:label="de-gaap-ci_table.kke.allKindsOfEquityAccounts.limitedPartners.uncalledContributionsGenPartner"/>
      <loc xlink:type="locator"
           xlink:href="de-gaap-ci-2018-04-01-dimensions.xsd#de-gaap-ci_table.kke.allKindsOfEquityAccounts.limitedPartners.participationReserves"
           xlink:label="de-gaap-ci_table.kke.allKindsOfEquityAccounts.limitedPartners.participationReserves"/>
      <loc xlink:type="locator"
           xlink:href="de-gaap-ci-2018-04-01-dimensions.xsd#de-gaap-ci_table.kke.allKindsOfEquityAccounts.limitedPartners.contributionSilentPartnersDeficitItem"
           xlink:label="de-gaap-ci_table.kke.allKindsOfEquityAccounts.limitedPartners.contributionSilentPartnersDeficitItem"/>
      <loc xlink:type="locator"
           xlink:href="de-gaap-ci-2018-04-01-dimensions.xsd#de-gaap-ci_table.kke.allKindsOfEquityAccounts.limitedPartners.nVgV"
           xlink:label="de-gaap-ci_table.kke.allKindsOfEquityAccounts.limitedPartners.nVgV"/>
      <loc xlink:type="locator"
           xlink:href="de-gaap-ci-2018-04-01-dimensions.xsd#de-gaap-ci_table.kke.allKindsOfEquityAccounts.limitedPartners.nVgE"
           xlink:label="de-gaap-ci_table.kke.allKindsOfEquityAccounts.limitedPartners.nVgE"/>
      <loc xlink:type="locator"
           xlink:href="de-gaap-ci-2018-04-01-dimensions.xsd#de-gaap-ci_table.kke.allKindsOfDebtCapitalAccounts.unlimitedPartners.FO"
           xlink:label="de-gaap-ci_table.kke.allKindsOfDebtCapitalAccounts.unlimitedPartners.FO"/>
      <loc xlink:type="locator"
           xlink:href="de-gaap-ci-2018-04-01-dimensions.xsd#de-gaap-ci_table.kke.allKindsOfDebtCapitalAccounts.unlimitedPartners.aEE"
           xlink:label="de-gaap-ci_table.kke.allKindsOfDebtCapitalAccounts.unlimitedPartners.aEE"/>
      <loc xlink:type="locator"
           xlink:href="de-gaap-ci-2018-04-01-dimensions.xsd#de-gaap-ci_table.kke.allKindsOfDebtCapitalAccounts.limitedPartners.DaFK"
           xlink:label="de-gaap-ci_table.kke.allKindsOfDebtCapitalAccounts.limitedPartners.DaFK"/>
      <loc xlink:type="locator"
           xlink:href="de-gaap-ci-2018-04-01-dimensions.xsd#de-gaap-ci_table.kke.allKindsOfDebtCapitalAccounts.limitedPartners.FO"
           xlink:label="de-gaap-ci_table.kke.allKindsOfDebtCapitalAccounts.limitedPartners.FO"/>
      <loc xlink:type="locator"
           xlink:href="de-gaap-ci-2018-04-01-dimensions.xsd#de-gaap-ci_table.kke.allKindsOfDebtCapitalAccounts.limitedPartners.aEE"
           xlink:label="de-gaap-ci_table.kke.allKindsOfDebtCapitalAccounts.limitedPartners.aEE"/>
      <loc xlink:type="locator"
           xlink:href="de-gaap-ci-2018-04-01-dimensions.xsd#de-gaap-ci_table.kke.allKindsOfEquityAccounts.unlimitedPartners.VkE"
           xlink:label="de-gaap-ci_table.kke.allKindsOfEquityAccounts.unlimitedPartners.VkE"/>
      <loc xlink:type="locator"
           xlink:href="de-gaap-ci-2018-04-01-dimensions.xsd#de-gaap-ci_table.kke.allKindsOfEquityAccounts.limitedPartners.VkE"
           xlink:label="de-gaap-ci_table.kke.allKindsOfEquityAccounts.limitedPartners.VkE"/>
      <!--
internal labels
--><labelArc xlink:from="de-gaap-ci_table.kke.allKindsOfDebtCapitalAccounts.limitedPartners.DaFK"
                xlink:to="label_de-gaap-ci_table.kke.allKindsOfDebtCapitalAccounts.limitedPartners.DaFK"
                xlink:arcrole="http://www.xbrl.org/2003/arcrole/concept-label"
                xlink:type="arc"/>
      <label xlink:label="label_de-gaap-ci_table.kke.allKindsOfDebtCapitalAccounts.limitedPartners.DaFK"
             id="label_de-gaap-ci_table.kke.allKindsOfDebtCapitalAccounts.limitedPartners.DaFK"
             xlink:role="http://www.xbrl.org/2003/role/definitionGuidance"
             xlink:type="resource"
             xml:lang="de">Diese Position bildet kein Eigenkapital ab, sondern lediglich andere das Gesellschaftsverhältnis betreffende Beziehungen.</label>
      <labelArc xlink:from="de-gaap-ci_table.kke.allKindsOfDebtCapitalAccounts.limitedPartners.FO"
                xlink:to="label_de-gaap-ci_table.kke.allKindsOfDebtCapitalAccounts.limitedPartners.FO"
                xlink:arcrole="http://www.xbrl.org/2003/arcrole/concept-label"
                xlink:type="arc"/>
      <label xlink:label="label_de-gaap-ci_table.kke.allKindsOfDebtCapitalAccounts.limitedPartners.FO"
             id="label_de-gaap-ci_table.kke.allKindsOfDebtCapitalAccounts.limitedPartners.FO"
             xlink:role="http://www.xbrl.org/2003/role/definitionGuidance"
             xlink:type="resource"
             xml:lang="de">Diese Position bildet kein Eigenkapital ab, sondern lediglich andere das Gesellschaftsverhältnis betreffende Beziehungen.</label>
      <labelArc xlink:from="de-gaap-ci_table.kke.allKindsOfDebtCapitalAccounts.unlimitedPartners.DaFK"
                xlink:to="label_de-gaap-ci_table.kke.allKindsOfDebtCapitalAccounts.unlimitedPartners.DaFK"
                xlink:arcrole="http://www.xbrl.org/2003/arcrole/concept-label"
                xlink:type="arc"/>
      <label xlink:label="label_de-gaap-ci_table.kke.allKindsOfDebtCapitalAccounts.unlimitedPartners.DaFK"
             id="label_de-gaap-ci_table.kke.allKindsOfDebtCapitalAccounts.unlimitedPartners.DaFK"
             xlink:role="http://www.xbrl.org/2003/role/definitionGuidance"
             xlink:type="resource"
             xml:lang="de">Diese Position bildet kein Eigenkapital ab, sondern lediglich andere das Gesellschaftsverhältnis betreffende Beziehungen.</label>
      <labelArc xlink:from="de-gaap-ci_table.kke.allKindsOfDebtCapitalAccounts.unlimitedPartners.FO"
                xlink:to="label_de-gaap-ci_table.kke.allKindsOfDebtCapitalAccounts.unlimitedPartners.FO"
                xlink:arcrole="http://www.xbrl.org/2003/arcrole/concept-label"
                xlink:type="arc"/>
      <label xlink:label="label_de-gaap-ci_table.kke.allKindsOfDebtCapitalAccounts.unlimitedPartners.FO"
             id="label_de-gaap-ci_table.kke.allKindsOfDebtCapitalAccounts.unlimitedPartners.FO"
             xlink:role="http://www.xbrl.org/2003/role/definitionGuidance"
             xlink:type="resource"
             xml:lang="de">Diese Position bildet kein Eigenkapital ab, sondern lediglich andere das Gesellschaftsverhältnis betreffende Beziehungen.</label>
      <labelArc xlink:from="de-gaap-ci_table.kke.allKindsOfDebtCapitalAccounts.unlimitedPartners.aEE"
                xlink:to="label_de-gaap-ci_table.kke.allKindsOfDebtCapitalAccounts.unlimitedPartners.aEE"
                xlink:arcrole="http://www.xbrl.org/2003/arcrole/concept-label"
                xlink:type="arc"/>
      <label xlink:label="label_de-gaap-ci_table.kke.allKindsOfDebtCapitalAccounts.unlimitedPartners.aEE"
             id="label_de-gaap-ci_table.kke.allKindsOfDebtCapitalAccounts.unlimitedPartners.aEE"
             xlink:role="http://www.xbrl.org/2003/role/definitionGuidance"
             xlink:type="resource"
             xml:lang="de">Hier sind die noch nicht eingezahlten aber eingeforderten ausstehenden Einlagen auszuweisen.</label>
      <labelArc xlink:from="de-gaap-ci_table.kke.allKindsOfEquityAccounts.limitedPartners.DaEK"
                xlink:to="label_de-gaap-ci_table.kke.allKindsOfEquityAccounts.limitedPartners.DaEK"
                xlink:arcrole="http://www.xbrl.org/2003/arcrole/concept-label"
                xlink:type="arc"/>
      <label xlink:label="label_de-gaap-ci_table.kke.allKindsOfEquityAccounts.limitedPartners.DaEK"
             id="label_de-gaap-ci_table.kke.allKindsOfEquityAccounts.limitedPartners.DaEK"
             xlink:role="http://www.xbrl.org/2003/role/definitionGuidance"
             xlink:type="resource"
             xml:lang="de">Die Summe aus den Positionen "Festkapital", "Variables Kapital", "Verlustvortragskonto", "Gesellschafterdarlehen als Eigenkapital [Kommanditist]", "verrechneter nicht durch Vermögenseinlagen gedeckter Verlustanteil (Kommanditist)" und "verrechnete nicht durch Vermögenseinlagen gedeckte Entnahmen (Kommanditist)" für alle Kommanditisten wird rechnerisch abgeglichen mit den Positionen aus der Bilanz "Kapitalanteile Kommanditisten" (aktiv und passiv). Bei dieser Position handelt es sich um ein „echtes“ Eigenkapitalkonto (Abgrenzung: nicht gemeint sind sog. „eigenkapitalersetzende Darlehen i.S.d. § 172a HGB a.F.“, die sowohl nach handels- als auch nach steuerrechtlichen Bilanzierungsgrundsätzen wie Fremdkapital zu behandeln sind.).Die in der Bilanz als steuerlich unzulässig bezeichnete Position "Gesellschafterdarlehen mit EK-Charakter" ist im Rahmen der Überleitungsrechnung auf die Kapitalanteile überzuleiten. Bei Übermittlung einer Steuerbilanz sind die Werte direkt den Kapitalanteilen zuzuordnen.</label>
      <labelArc xlink:from="de-gaap-ci_table.kke.allKindsOfEquityAccounts.limitedPartners.FK"
                xlink:to="label_de-gaap-ci_table.kke.allKindsOfEquityAccounts.limitedPartners.FK"
                xlink:arcrole="http://www.xbrl.org/2003/arcrole/concept-label"
                xlink:type="arc"/>
      <label xlink:label="label_de-gaap-ci_table.kke.allKindsOfEquityAccounts.limitedPartners.FK"
             id="label_de-gaap-ci_table.kke.allKindsOfEquityAccounts.limitedPartners.FK"
             xlink:role="http://www.xbrl.org/2003/role/definitionGuidance"
             xlink:type="resource"
             xml:lang="de">Die Summe aus den Positionen "Festkapital", "Variables Kapital", "Verlustvortragskonto", "Gesellschafterdarlehen als Eigenkapital [Kommanditist]", "verrechneter nicht durch Vermögenseinlagen gedeckter Verlustanteil (Kommanditist)" und "verrechnete nicht durch Vermögenseinlagen gedeckte Entnahmen (Kommanditist)" für alle Kommanditisten wird rechnerisch abgeglichen mit den Positionen aus der Bilanz "Kapitalanteile Kommanditisten" (aktiv und passiv). Werden – abweichend vom Regelstatut des HGB – mehrere Kapitalkonten geführt, so wird auf dem Festkapitalkonto in der Regel nur die bedungene Einlage verbucht.</label>
      <labelArc xlink:from="de-gaap-ci_table.kke.allKindsOfEquityAccounts.limitedPartners.KK"
                xlink:to="label_de-gaap-ci_table.kke.allKindsOfEquityAccounts.limitedPartners.KK"
                xlink:arcrole="http://www.xbrl.org/2003/arcrole/concept-label"
                xlink:type="arc"/>
      <label xlink:label="label_de-gaap-ci_table.kke.allKindsOfEquityAccounts.limitedPartners.KK"
             id="label_de-gaap-ci_table.kke.allKindsOfEquityAccounts.limitedPartners.KK"
             xlink:role="http://www.xbrl.org/2003/role/definitionGuidance"
             xlink:type="resource"
             xml:lang="de">Kommanditkapital ist die vertragliche vereinbarte Pflichteinlage.</label>
      <labelArc xlink:from="de-gaap-ci_table.kke.allKindsOfEquityAccounts.limitedPartners.VK"
                xlink:to="label_de-gaap-ci_table.kke.allKindsOfEquityAccounts.limitedPartners.VK"
                xlink:arcrole="http://www.xbrl.org/2003/arcrole/concept-label"
                xlink:type="arc"/>
      <label xlink:label="label_de-gaap-ci_table.kke.allKindsOfEquityAccounts.limitedPartners.VK"
             id="label_de-gaap-ci_table.kke.allKindsOfEquityAccounts.limitedPartners.VK"
             xlink:role="http://www.xbrl.org/2003/role/definitionGuidance"
             xlink:type="resource"
             xml:lang="de">Die Summe aus den Positionen "Festkapital", "Variables Kapital", "Verlustvortragskonto", "Gesellschafterdarlehen als Eigenkapital [Kommanditist]", "verrechneter nicht durch Vermögenseinlagen gedeckter Verlustanteil (Kommanditist)" und "verrechnete nicht durch Vermögenseinlagen gedeckte Entnahmen (Kommanditist)" für alle Kommanditisten wird rechnerisch abgeglichen mit den Positionen aus der Bilanz "Kapitalanteile Kommanditisten" (aktiv und passiv). Neben dem Festkapitalkonto wird häufig ein variables Kapitalkonto geführt. Dieses Konto dient in der Regel dazu, über das Festkapitalkonto hinausgehende Einlagen, Entnahmen oder Gewinn- und Verlustanteile auszuweisen.</label>
      <labelArc xlink:from="de-gaap-ci_table.kke.allKindsOfEquityAccounts.limitedPartners.VVK"
                xlink:to="label_de-gaap-ci_table.kke.allKindsOfEquityAccounts.limitedPartners.VVK"
                xlink:arcrole="http://www.xbrl.org/2003/arcrole/concept-label"
                xlink:type="arc"/>
      <label xlink:label="label_de-gaap-ci_table.kke.allKindsOfEquityAccounts.limitedPartners.VVK"
             id="label_de-gaap-ci_table.kke.allKindsOfEquityAccounts.limitedPartners.VVK"
             xlink:role="http://www.xbrl.org/2003/role/definitionGuidance"
             xlink:type="resource"
             xml:lang="de">Die Summe aus den Positionen "Festkapital", "Variables Kapital", "Verlustvortragskonto", "Gesellschafterdarlehen als Eigenkapital [Kommanditist]", "verrechneter nicht durch Vermögenseinlagen gedeckter Verlustanteil (Kommanditist)" und "verrechnete nicht durch Vermögenseinlagen gedeckte Entnahmen (Kommanditist)" für alle Kommanditisten wird rechnerisch abgeglichen mit den Positionen aus der Bilanz "Kapitalanteile Kommanditisten" (aktiv und passiv). In der gesellschaftsvertraglichen Praxis wird häufig ein Verlustverrechnungskonto eingerichtet, auf dem die Verlustanteile verbucht werden; damit soll erreicht werden, dass Verluste nicht primär mit stehen gelassenen Gewinnen, sondern - wie in § 169 Abs. 1 Satz 2 2. Halbsatz HGB vorgesehen - mit künftigen Gewinnen verrechnet werden.</label>
      <labelArc xlink:from="de-gaap-ci_table.kke.allKindsOfEquityAccounts.limitedPartners.contributionSilentPartners"
                xlink:to="label_de-gaap-ci_table.kke.allKindsOfEquityAccounts.limitedPartners.contributionSilentPartners"
                xlink:arcrole="http://www.xbrl.org/2003/arcrole/concept-label"
                xlink:type="arc"/>
      <label xlink:label="label_de-gaap-ci_table.kke.allKindsOfEquityAccounts.limitedPartners.contributionSilentPartners"
             id="label_de-gaap-ci_table.kke.allKindsOfEquityAccounts.limitedPartners.contributionSilentPartners"
             xlink:role="http://www.xbrl.org/2003/role/definitionGuidance"
             xlink:type="resource"
             xml:lang="de">Hier sind Einlagen atypisch stiller Gesellschafter gemeint.</label>
      <labelArc xlink:from="de-gaap-ci_table.kke.allKindsOfEquityAccounts.limitedPartners.contributionSilentPartnersDeficitItem"
                xlink:to="label_de-gaap-ci_table.kke.allKindsOfEquityAccounts.limitedPartners.contributionSilentPartnersDeficitItem"
                xlink:arcrole="http://www.xbrl.org/2003/arcrole/concept-label"
                xlink:type="arc"/>
      <label xlink:label="label_de-gaap-ci_table.kke.allKindsOfEquityAccounts.limitedPartners.contributionSilentPartnersDeficitItem"
             id="label_de-gaap-ci_table.kke.allKindsOfEquityAccounts.limitedPartners.contributionSilentPartnersDeficitItem"
             xlink:role="http://www.xbrl.org/2003/role/definitionGuidance"
             xlink:type="resource"
             xml:lang="de">Hier sind Einlagen atypisch stiller Gesellschafter gemeint.</label>
      <labelArc xlink:from="de-gaap-ci_table.kke.allKindsOfEquityAccounts.limitedPartners.endowmentCapital"
                xlink:to="label_de-gaap-ci_table.kke.allKindsOfEquityAccounts.limitedPartners.endowmentCapital"
                xlink:arcrole="http://www.xbrl.org/2003/arcrole/concept-label"
                xlink:type="arc"/>
      <label xlink:label="label_de-gaap-ci_table.kke.allKindsOfEquityAccounts.limitedPartners.endowmentCapital"
             id="label_de-gaap-ci_table.kke.allKindsOfEquityAccounts.limitedPartners.endowmentCapital"
             xlink:role="http://www.xbrl.org/2003/role/definitionGuidance"
             xlink:type="resource"
             xml:lang="de">Dotationskapital einer inländischen Betriebsstätte eines ausländischen Unternehmens.</label>
      <labelArc xlink:from="de-gaap-ci_table.kke.allKindsOfEquityAccounts.limitedPartners.nVgE"
                xlink:to="label_de-gaap-ci_table.kke.allKindsOfEquityAccounts.limitedPartners.nVgE"
                xlink:arcrole="http://www.xbrl.org/2003/arcrole/concept-label"
                xlink:type="arc"/>
      <label xlink:label="label_de-gaap-ci_table.kke.allKindsOfEquityAccounts.limitedPartners.nVgE"
             id="label_de-gaap-ci_table.kke.allKindsOfEquityAccounts.limitedPartners.nVgE"
             xlink:role="http://www.xbrl.org/2003/role/definitionGuidance"
             xlink:type="resource"
             xml:lang="de">Die Summe aus den Positionen "Festkapital", "Variables Kapital", "Verlustvortragskonto", "Gesellschafterdarlehen als Eigenkapital [Kommanditist]", "verrechneter nicht durch Vermögenseinlagen gedeckter Verlustanteil (Kommanditist)" und "verrechnete nicht durch Vermögenseinlagen gedeckte Entnahmen (Kommanditist)" für alle Kommanditisten wird rechnerisch abgeglichen mit den Positionen aus der Bilanz "Kapitalanteile Kommanditisten" (aktiv und passiv).</label>
      <labelArc xlink:from="de-gaap-ci_table.kke.allKindsOfEquityAccounts.limitedPartners.nVgV"
                xlink:to="label_de-gaap-ci_table.kke.allKindsOfEquityAccounts.limitedPartners.nVgV"
                xlink:arcrole="http://www.xbrl.org/2003/arcrole/concept-label"
                xlink:type="arc"/>
      <label xlink:label="label_de-gaap-ci_table.kke.allKindsOfEquityAccounts.limitedPartners.nVgV"
             id="label_de-gaap-ci_table.kke.allKindsOfEquityAccounts.limitedPartners.nVgV"
             xlink:role="http://www.xbrl.org/2003/role/definitionGuidance"
             xlink:type="resource"
             xml:lang="de">Die Summe aus den Positionen "Festkapital", "Variables Kapital", "Verlustvortragskonto", "Gesellschafterdarlehen als Eigenkapital [Kommanditist]", "verrechneter nicht durch Vermögenseinlagen gedeckter Verlustanteil (Kommanditist)" und "verrechnete nicht durch Vermögenseinlagen gedeckte Entnahmen (Kommanditist)" für alle Kommanditisten wird rechnerisch abgeglichen mit den Positionen aus der Bilanz "Kapitalanteile Kommanditisten" (aktiv und passiv).</label>
      <labelArc xlink:from="de-gaap-ci_table.kke.allKindsOfEquityAccounts.limitedPartners.netIncomeLoss"
                xlink:to="label_de-gaap-ci_table.kke.allKindsOfEquityAccounts.limitedPartners.netIncomeLoss"
                xlink:arcrole="http://www.xbrl.org/2003/arcrole/concept-label"
                xlink:type="arc"/>
      <label xlink:label="label_de-gaap-ci_table.kke.allKindsOfEquityAccounts.limitedPartners.netIncomeLoss"
             id="label_de-gaap-ci_table.kke.allKindsOfEquityAccounts.limitedPartners.netIncomeLoss"
             xlink:role="http://www.xbrl.org/2003/role/definitionGuidance"
             xlink:type="resource"
             xml:lang="de">Die Position ist ebenfalls auch bei Personengesellschaften zu verwenden, die nicht unter § 264c HGB fallen, jedoch gleichwohl - beispielsweise aufgrund gesellschaftsvertraglicher Regelungen - den Ausweis des Eigenkapitals entsprechend § 264c HGB praktizieren. Der Ausweis eines Jahresüberschusses ist nicht möglich, wenn der in der Bilanz ausgewiesene Kapitalanteil dem Kapitalanteil nach § 120 HGB entspricht. Besteht keine abweichende vertragliche Regelung im Gesellschaftsvertrag, wird das Eigenkapital einer OHG nur aus dem Posten Kapitalanteile bestehen. Das entspricht einer Bilanzierung nach vollständiger Ergebnisverwendung i.S.d. § 268 Abs. 1 HGB. Zum Ausweis eines Jahresüberschusses kommt es regelmäßig nur dann, wenn die Gesellschafter vereinbart haben, den Jahresüberschuss in voller Höhe zur Disposition der Gesellschafterversammlung zu stellen, die über die Ergebnisverwendung anlässlich der Feststellung des Jahresabschlusses beschließt.</label>
      <labelArc xlink:from="de-gaap-ci_table.kke.allKindsOfEquityAccounts.limitedPartners.participationReserves"
                xlink:to="label_de-gaap-ci_table.kke.allKindsOfEquityAccounts.limitedPartners.participationReserves"
                xlink:arcrole="http://www.xbrl.org/2003/arcrole/concept-label"
                xlink:type="arc"/>
      <label xlink:label="label_de-gaap-ci_table.kke.allKindsOfEquityAccounts.limitedPartners.participationReserves"
             id="label_de-gaap-ci_table.kke.allKindsOfEquityAccounts.limitedPartners.participationReserves"
             xlink:role="http://www.xbrl.org/2003/role/definitionGuidance"
             xlink:type="resource"
             xml:lang="de">Zu dieser Position sind die dem Gesellschafter "zuzurechnenden" Anteile an den Rücklagen (soweit nicht gesondert als Kapitalkontenart aufgeführt) zu übermitteln.</label>
      <labelArc xlink:from="de-gaap-ci_table.kke.allKindsOfEquityAccounts.limitedPartners.profitLoss"
                xlink:to="label_de-gaap-ci_table.kke.allKindsOfEquityAccounts.limitedPartners.profitLoss"
                xlink:arcrole="http://www.xbrl.org/2003/arcrole/concept-label"
                xlink:type="arc"/>
      <label xlink:label="label_de-gaap-ci_table.kke.allKindsOfEquityAccounts.limitedPartners.profitLoss"
             id="label_de-gaap-ci_table.kke.allKindsOfEquityAccounts.limitedPartners.profitLoss"
             xlink:role="http://www.xbrl.org/2003/role/definitionGuidance"
             xlink:type="resource"
             xml:lang="de">Die Position ist ebenfalls auch bei Personengesellschaften zu verwenden, die nicht unter § 264c HGB fallen, jedoch gleichwohl - beispielsweise aufgrund gesellschaftsvertraglicher Regelungen - den Ausweis des Eigenkapitals entsprechend § 264c HGB praktizieren. Ein Ausweis als Bilanzgewinn kommt bei Personengesellschaften dann in Betracht, wenn die Gesellschafter die Verwendung des Jahresüberschusses in die Disposition der Gesellschafterversammlung gestellt haben, die über die Ergebnisverwendung zu beschließen hat, und die Gesellschafterversammlung nur eine teilweise Verwendung des Jahresüberschusses beschließt. Von einer nur teilweisen Disposition der Gesellschafterversammlung über den Jahresüberschuss ist z.B. auszugehen, wenn bereits bei Aufstellung des Jahresabschlusses bestimmte Rücklagen gebildet werden dürfen oder wenn die Gesellschafter Vorabausschüttungen auf den Gewinn erhalten haben.</label>
      <labelArc xlink:from="de-gaap-ci_table.kke.allKindsOfEquityAccounts.limitedPartners.profitParticipationCapital"
                xlink:to="label_de-gaap-ci_table.kke.allKindsOfEquityAccounts.limitedPartners.profitParticipationCapital"
                xlink:arcrole="http://www.xbrl.org/2003/arcrole/concept-label"
                xlink:type="arc"/>
      <label xlink:label="label_de-gaap-ci_table.kke.allKindsOfEquityAccounts.limitedPartners.profitParticipationCapital"
             id="label_de-gaap-ci_table.kke.allKindsOfEquityAccounts.limitedPartners.profitParticipationCapital"
             xlink:role="http://www.xbrl.org/2003/role/definitionGuidance"
             xlink:type="resource"
             xml:lang="de">"Genussrechte sind Gläubigerrechte schuldrechtlicher Art. Sie gewähren keine Mitgliedschaftsrechte (insbesondere kein Stimmrecht), jedoch Vermögensrechte, die typischerweise Gesellschaftern zustehen, meistens eine Beteiligung am Gewinn und/oder am Liquidationserlös. "</label>
      <labelArc xlink:from="de-gaap-ci_table.kke.allKindsOfEquityAccounts.limitedPartners.retainedProfitLoss"
                xlink:to="label_de-gaap-ci_table.kke.allKindsOfEquityAccounts.limitedPartners.retainedProfitLoss"
                xlink:arcrole="http://www.xbrl.org/2003/arcrole/concept-label"
                xlink:type="arc"/>
      <label xlink:label="label_de-gaap-ci_table.kke.allKindsOfEquityAccounts.limitedPartners.retainedProfitLoss"
             id="label_de-gaap-ci_table.kke.allKindsOfEquityAccounts.limitedPartners.retainedProfitLoss"
             xlink:role="http://www.xbrl.org/2003/role/definitionGuidance"
             xlink:type="resource"
             xml:lang="de">Die Position ist ebenfalls auch bei Personengesellschaften zu verwenden, die nicht unter § 264c HGB fallen, jedoch gleichwohl - beispielsweise aufgrund gesellschaftsvertraglicher Regelungen - den Ausweis des Eigenkapitals entsprechend § 264c HGB praktizieren. Der Gewinnvortrag stellt die Restgröße aus der Gewinnverwendung des Bilanzgewinns des Vj. auf Grundlage des Beschlusses der Haupt- oder Gesellschafterversammlung dar, der nicht an die Gesellschafter ausgeschüttet oder in die Gewinnrücklagen eingestellt worden ist.</label>
      <labelArc xlink:from="de-gaap-ci_table.kke.allKindsOfEquityAccounts.limitedPartners.revenueReserves"
                xlink:to="label_de-gaap-ci_table.kke.allKindsOfEquityAccounts.limitedPartners.revenueReserves"
                xlink:arcrole="http://www.xbrl.org/2003/arcrole/concept-label"
                xlink:type="arc"/>
      <label xlink:label="label_de-gaap-ci_table.kke.allKindsOfEquityAccounts.limitedPartners.revenueReserves"
             id="label_de-gaap-ci_table.kke.allKindsOfEquityAccounts.limitedPartners.revenueReserves"
             xlink:role="http://www.xbrl.org/2003/role/definitionGuidance"
             xlink:type="resource"
             xml:lang="de">Nach § 272 Abs. 3 S. 1 HGB umfasst die Gewinnrücklage die Beträge, die im Geschäftsjahr oder in einem früheren Geschäftsjahr aus dem Ergebnis gebildet worden sind.</label>
      <labelArc xlink:from="de-gaap-ci_table.kke.allKindsOfEquityAccounts.limitedPartners.taxAdjustmentItem"
                xlink:to="label_de-gaap-ci_table.kke.allKindsOfEquityAccounts.limitedPartners.taxAdjustmentItem"
                xlink:arcrole="http://www.xbrl.org/2003/arcrole/concept-label"
                xlink:type="arc"/>
      <label xlink:label="label_de-gaap-ci_table.kke.allKindsOfEquityAccounts.limitedPartners.taxAdjustmentItem"
             id="label_de-gaap-ci_table.kke.allKindsOfEquityAccounts.limitedPartners.taxAdjustmentItem"
             xlink:role="http://www.xbrl.org/2003/role/definitionGuidance"
             xlink:type="resource"
             xml:lang="de">Steuerliches Mehr- oder Minderkapital</label>
      <labelArc xlink:from="de-gaap-ci_table.kke.allKindsOfEquityAccounts.limitedPartners.uncalledContributionsGenPartner"
                xlink:to="label_de-gaap-ci_table.kke.allKindsOfEquityAccounts.limitedPartners.uncalledContributionsGenPartner"
                xlink:arcrole="http://www.xbrl.org/2003/arcrole/concept-label"
                xlink:type="arc"/>
      <label xlink:label="label_de-gaap-ci_table.kke.allKindsOfEquityAccounts.limitedPartners.uncalledContributionsGenPartner"
             id="label_de-gaap-ci_table.kke.allKindsOfEquityAccounts.limitedPartners.uncalledContributionsGenPartner"
             xlink:role="http://www.xbrl.org/2003/role/definitionGuidance"
             xlink:type="resource"
             xml:lang="de">Sind die nicht eingeforderten ausstehenden Einlagen nicht offen von dem Kapitalanteil (Pflichteinlage) abgesetzt worden (§ 272 Abs. 1 S. 3 HGB a. F. vor BilMoG), sind diese hier auszuweisen. Anm. zum Bilanzausweis: Nach der vor BilMoG geltenden Rechtslage (§ 264a HGB, § 272 Abs. 1 HGB a.F.) dürfen ausstehende Einlagen auf den Kapitalanteil (Pflichteinlage) auf der Aktivseite der Bilanz vor dem Anlagevermögen in einem eigenen Posten ausgewiesen werden; gleichzeitig sind die davon eingeforderten Einlagen in diesem Posten zu vermerken (Bruttoausweis; vgl. § 272 Abs. 1 Satz 2 HGB a. F.). Seit Geltung des BilMoG sind die nicht eingeforderten ausstehenden Einlagen auf die Pflichteinlage zwingend von dem Kapitalanteil offen abzusetzen; der verbleibende Betrag ist als Posten "Eingefordertes Kapital" in der Hauptspalte der Passivseite auszuweisen; der eingeforderte, aber noch nicht eingezahlte Betrag ist unter den Forderungen gesondert auszuweisen und entsprechend zu bezeichnen.</label>
      <labelArc xlink:from="de-gaap-ci_table.kke.allKindsOfEquityAccounts.unlimitedPartners.DaEK"
                xlink:to="label_de-gaap-ci_table.kke.allKindsOfEquityAccounts.unlimitedPartners.DaEK"
                xlink:arcrole="http://www.xbrl.org/2003/arcrole/concept-label"
                xlink:type="arc"/>
      <label xlink:label="label_de-gaap-ci_table.kke.allKindsOfEquityAccounts.unlimitedPartners.DaEK"
             id="label_de-gaap-ci_table.kke.allKindsOfEquityAccounts.unlimitedPartners.DaEK"
             xlink:role="http://www.xbrl.org/2003/role/definitionGuidance"
             xlink:type="resource"
             xml:lang="de">Die Summe aus den Positionen "Festkapital", "Variables Kapital", "Verlustvortragskonto", "Gesellschafterdarlehen als Eigenkapital [persönlich haftender Gesellschafter]", "verrechneter nicht durch Vermögenseinlagen gedeckter Verlustanteil (persönlich haftender Gesellschafter)" und "verrechnete nicht durch Vermögenseinlagen gedeckte Entnahmen (persönlich haftender Gesellschafter)" für alle persönlich haftenden Gesellschafter wird rechnerisch abgeglichen mit den Positionen aus der Bilanz "Kapitalanteile der persönlich haftenden Gesellschafter" (aktiv und passiv). Bei dieser Position handelt es sich um ein „echtes“ Eigenkapitalkonto (Abgrenzung: nicht gemeint sind sog. „eigenkapitalersetzende Darlehen i.S.d. § 172a HGB a.F.“, die sowohl nach handels- als auch nach steuerrechtlichen Bilanzierungsgrundsätzen wie Fremdkapital zu behandeln sind.). Die in der Bilanz als steuerlich unzulässig bezeichnete Position "Gesellschafterdarlehen mit EK-Charakter" ist im Rahmen der Überleitungsrechnung auf die Kapitalanteile überzuleiten. Bei Übermittlung einer Steuerbilanz sind die Werte direkt den Kapitalanteilen zuzuordnen.</label>
      <labelArc xlink:from="de-gaap-ci_table.kke.allKindsOfEquityAccounts.unlimitedPartners.FK"
                xlink:to="label_de-gaap-ci_table.kke.allKindsOfEquityAccounts.unlimitedPartners.FK"
                xlink:arcrole="http://www.xbrl.org/2003/arcrole/concept-label"
                xlink:type="arc"/>
      <label xlink:label="label_de-gaap-ci_table.kke.allKindsOfEquityAccounts.unlimitedPartners.FK"
             id="label_de-gaap-ci_table.kke.allKindsOfEquityAccounts.unlimitedPartners.FK"
             xlink:role="http://www.xbrl.org/2003/role/definitionGuidance"
             xlink:type="resource"
             xml:lang="de">Die Summe aus den Positionen "Festkapital", "Variables Kapital", "Verlustvortragskonto", "Gesellschafterdarlehen als Eigenkapital [persönlich haftender Gesellschafter]", "verrechneter nicht durch Vermögenseinlagen gedeckter Verlustanteil (persönlich haftender Gesellschafter)" und "verrechnete nicht durch Vermögenseinlagen gedeckte Entnahmen (persönlich haftender Gesellschafter)" für alle persönlich haftenden Gesellschafter wird rechnerisch abgeglichen mit den Positionen aus der Bilanz "Kapitalanteile der persönlich haftenden Gesellschafter" (aktiv und passiv). Werden – abweichend vom Regelstatut des HGB – mehrere Kapitalkonten geführt, so wird auf dem Festkapitalkonto in der Regel nur die bedungene Einlage verbucht.</label>
      <labelArc xlink:from="de-gaap-ci_table.kke.allKindsOfEquityAccounts.unlimitedPartners.VK"
                xlink:to="label_de-gaap-ci_table.kke.allKindsOfEquityAccounts.unlimitedPartners.VK"
                xlink:arcrole="http://www.xbrl.org/2003/arcrole/concept-label"
                xlink:type="arc"/>
      <label xlink:label="label_de-gaap-ci_table.kke.allKindsOfEquityAccounts.unlimitedPartners.VK"
             id="label_de-gaap-ci_table.kke.allKindsOfEquityAccounts.unlimitedPartners.VK"
             xlink:role="http://www.xbrl.org/2003/role/definitionGuidance"
             xlink:type="resource"
             xml:lang="de">Die Summe aus den Positionen "Festkapital", "Variables Kapital", "Verlustvortragskonto", "Gesellschafterdarlehen als Eigenkapital [persönlich haftender Gesellschafter]", "verrechneter nicht durch Vermögenseinlagen gedeckter Verlustanteil (persönlich haftender Gesellschafter)" und "verrechnete nicht durch Vermögenseinlagen gedeckte Entnahmen (persönlich haftender Gesellschafter)" für alle persönlich haftenden Gesellschafter wird rechnerisch abgeglichen mit den Positionen aus der Bilanz "Kapitalanteile der persönlich haftenden Gesellschafter" (aktiv und passiv). Neben dem Festkapitalkonto wird häufig ein variables Kapitalkonto geführt. Dieses Konto dient in der Regel dazu, über das Festkapitalkonto hinausgehende Einlagen, Entnahmen oder Gewinn- und Verlustanteile auszuweisen.</label>
      <labelArc xlink:from="de-gaap-ci_table.kke.allKindsOfEquityAccounts.unlimitedPartners.VVK"
                xlink:to="label_de-gaap-ci_table.kke.allKindsOfEquityAccounts.unlimitedPartners.VVK"
                xlink:arcrole="http://www.xbrl.org/2003/arcrole/concept-label"
                xlink:type="arc"/>
      <label xlink:label="label_de-gaap-ci_table.kke.allKindsOfEquityAccounts.unlimitedPartners.VVK"
             id="label_de-gaap-ci_table.kke.allKindsOfEquityAccounts.unlimitedPartners.VVK"
             xlink:role="http://www.xbrl.org/2003/role/definitionGuidance"
             xlink:type="resource"
             xml:lang="de">Die Summe aus den Positionen "Festkapital", "Variables Kapital", "Verlustvortragskonto", "Gesellschafterdarlehen als Eigenkapital [persönlich haftender Gesellschafter]", "verrechneter nicht durch Vermögenseinlagen gedeckter Verlustanteil (persönlich haftender Gesellschafter)" und "verrechnete nicht durch Vermögenseinlagen gedeckte Entnahmen (persönlich haftender Gesellschafter)" für alle persönlich haftenden Gesellschafter wird rechnerisch abgeglichen mit den Positionen aus der Bilanz "Kapitalanteile der persönlich haftenden Gesellschafter" (aktiv und passiv). In der gesellschaftsvertraglichen Praxis wird häufig ein Verlustverrechnungskonto eingerichtet, auf dem die Verlustanteile verbucht werden; damit soll erreicht werden, dass Verluste nicht primär mit stehen gelassenen Gewinnen, sondern - wie in § 169 Abs. 1 Satz 2 2. Halbsatz HGB vorgesehen - mit künftigen Gewinnen verrechnet werden.</label>
      <labelArc xlink:from="de-gaap-ci_table.kke.allKindsOfEquityAccounts.unlimitedPartners.endowmentCapital"
                xlink:to="label_de-gaap-ci_table.kke.allKindsOfEquityAccounts.unlimitedPartners.endowmentCapital"
                xlink:arcrole="http://www.xbrl.org/2003/arcrole/concept-label"
                xlink:type="arc"/>
      <label xlink:label="label_de-gaap-ci_table.kke.allKindsOfEquityAccounts.unlimitedPartners.endowmentCapital"
             id="label_de-gaap-ci_table.kke.allKindsOfEquityAccounts.unlimitedPartners.endowmentCapital"
             xlink:role="http://www.xbrl.org/2003/role/definitionGuidance"
             xlink:type="resource"
             xml:lang="de">Dotationskapital einer inländischen Betriebsstätte eines ausländischen Unternehmens.</label>
      <labelArc xlink:from="de-gaap-ci_table.kke.allKindsOfEquityAccounts.unlimitedPartners.nVgE"
                xlink:to="label_de-gaap-ci_table.kke.allKindsOfEquityAccounts.unlimitedPartners.nVgE"
                xlink:arcrole="http://www.xbrl.org/2003/arcrole/concept-label"
                xlink:type="arc"/>
      <label xlink:label="label_de-gaap-ci_table.kke.allKindsOfEquityAccounts.unlimitedPartners.nVgE"
             id="label_de-gaap-ci_table.kke.allKindsOfEquityAccounts.unlimitedPartners.nVgE"
             xlink:role="http://www.xbrl.org/2003/role/definitionGuidance"
             xlink:type="resource"
             xml:lang="de">Die Summe aus den Positionen "Festkapital", "Variables Kapital", "Verlustvortragskonto", "Gesellschafterdarlehen als Eigenkapital [persönlich haftender Gesellschafter]", "verrechneter nicht durch Vermögenseinlagen gedeckter Verlustanteil (persönlich haftender Gesellschafter)" und "verrechnete nicht durch Vermögenseinlagen gedeckte Entnahmen (persönlich haftender Gesellschafter)" für alle persönlich haftenden Gesellschafter wird rechnerisch abgeglichen mit den Positionen aus der Bilanz "Kapitalanteile der persönlich haftenden Gesellschafter" (aktiv und passiv).</label>
      <labelArc xlink:from="de-gaap-ci_table.kke.allKindsOfEquityAccounts.unlimitedPartners.nVgV"
                xlink:to="label_de-gaap-ci_table.kke.allKindsOfEquityAccounts.unlimitedPartners.nVgV"
                xlink:arcrole="http://www.xbrl.org/2003/arcrole/concept-label"
                xlink:type="arc"/>
      <label xlink:label="label_de-gaap-ci_table.kke.allKindsOfEquityAccounts.unlimitedPartners.nVgV"
             id="label_de-gaap-ci_table.kke.allKindsOfEquityAccounts.unlimitedPartners.nVgV"
             xlink:role="http://www.xbrl.org/2003/role/definitionGuidance"
             xlink:type="resource"
             xml:lang="de">Die Summe aus den Positionen "Festkapital", "Variables Kapital", "Verlustvortragskonto", "Gesellschafterdarlehen als Eigenkapital [persönlich haftender Gesellschafter]", "verrechneter nicht durch Vermögenseinlagen gedeckter Verlustanteil (persönlich haftender Gesellschafter)" und "verrechnete nicht durch Vermögenseinlagen gedeckte Entnahmen (persönlich haftender Gesellschafter)" für alle persönlich haftenden Gesellschafter wird rechnerisch abgeglichen mit den Positionen aus der Bilanz "Kapitalanteile der persönlich haftenden Gesellschafter" (aktiv und passiv).</label>
      <labelArc xlink:from="de-gaap-ci_table.kke.allKindsOfEquityAccounts.unlimitedPartners.netIncomeLoss"
                xlink:to="label_de-gaap-ci_table.kke.allKindsOfEquityAccounts.unlimitedPartners.netIncomeLoss"
                xlink:arcrole="http://www.xbrl.org/2003/arcrole/concept-label"
                xlink:type="arc"/>
      <label xlink:label="label_de-gaap-ci_table.kke.allKindsOfEquityAccounts.unlimitedPartners.netIncomeLoss"
             id="label_de-gaap-ci_table.kke.allKindsOfEquityAccounts.unlimitedPartners.netIncomeLoss"
             xlink:role="http://www.xbrl.org/2003/role/definitionGuidance"
             xlink:type="resource"
             xml:lang="de">Die Position ist ebenfalls auch bei Personengesellschaften zu verwenden, die nicht unter § 264c HGB fallen, jedoch gleichwohl - beispielsweise aufgrund gesellschaftsvertraglicher Regelungen - den Ausweis des Eigenkapitals entsprechend § 264c HGB praktizieren. Der Ausweis eines Jahresüberschusses ist nicht möglich, wenn der in der Bilanz ausgewiesene Kapitalanteil dem Kapitalanteil nach § 120 HGB entspricht.Besteht keine abweichende vertragliche Regelung im Gesellschaftsvertrag, wird das Eigenkapital einer OHG nur aus dem Posten Kapitalanteile bestehen. Das entspricht einer Bilanzierung nach vollständiger Ergebnisverwendung i.S.d. § 268 Abs. 1 HGB. Zum Ausweis eines Jahresüberschusses kommt es regelmäßig nur dann, wenn die Gesellschafter vereinbart haben, den Jahresüberschuss in voller Höhe zur Disposition der Gesellschafterversammlung zu stellen, die über die Ergebnisverwendung anlässlich der Feststellung des Jahresabschlusses beschließt.</label>
      <labelArc xlink:from="de-gaap-ci_table.kke.allKindsOfEquityAccounts.unlimitedPartners.participationReserves"
                xlink:to="label_de-gaap-ci_table.kke.allKindsOfEquityAccounts.unlimitedPartners.participationReserves"
                xlink:arcrole="http://www.xbrl.org/2003/arcrole/concept-label"
                xlink:type="arc"/>
      <label xlink:label="label_de-gaap-ci_table.kke.allKindsOfEquityAccounts.unlimitedPartners.participationReserves"
             id="label_de-gaap-ci_table.kke.allKindsOfEquityAccounts.unlimitedPartners.participationReserves"
             xlink:role="http://www.xbrl.org/2003/role/definitionGuidance"
             xlink:type="resource"
             xml:lang="de">Zu dieser Position sind die dem Gesellschafter "zuzurechnenden" Anteile an den Rücklagen (soweit nicht gesondert als Kapitalkontenart aufgeführt) zu übermitteln.</label>
      <labelArc xlink:from="de-gaap-ci_table.kke.allKindsOfEquityAccounts.unlimitedPartners.profitLoss"
                xlink:to="label_de-gaap-ci_table.kke.allKindsOfEquityAccounts.unlimitedPartners.profitLoss"
                xlink:arcrole="http://www.xbrl.org/2003/arcrole/concept-label"
                xlink:type="arc"/>
      <label xlink:label="label_de-gaap-ci_table.kke.allKindsOfEquityAccounts.unlimitedPartners.profitLoss"
             id="label_de-gaap-ci_table.kke.allKindsOfEquityAccounts.unlimitedPartners.profitLoss"
             xlink:role="http://www.xbrl.org/2003/role/definitionGuidance"
             xlink:type="resource"
             xml:lang="de">Die Position ist ebenfalls auch bei Personengesellschaften zu verwenden, die nicht unter § 264c HGB fallen, jedoch gleichwohl - beispielsweise aufgrund gesellschaftsvertraglicher Regelungen - den Ausweis des Eigenkapitals entsprechend § 264c HGB praktizieren. Ein Ausweis als Bilanzgewinn kommt bei Personengesellschaften dann in Betracht, wenn die Gesellschafter die Verwendung des Jahresüberschusses in die Disposition der Gesellschafterversammlung gestellt haben, die über die Ergebnisverwendung zu beschließen hat, und die Gesellschafterversammlung nur eine teilweise Verwendung des Jahresüberschusses beschließt. Von einer nur teilweisen Disposition der Gesellschafterversammlung über den Jahresüberschuss ist z.B. auszugehen, wenn bereits bei Aufstellung des Jahresabschlusses bestimmte Rücklagen gebildet werden dürfen oder wenn die Gesellschafter Vorabausschüttungen auf den Gewinn erhalten haben.</label>
      <labelArc xlink:from="de-gaap-ci_table.kke.allKindsOfEquityAccounts.unlimitedPartners.profitParticipationCapital"
                xlink:to="label_de-gaap-ci_table.kke.allKindsOfEquityAccounts.unlimitedPartners.profitParticipationCapital"
                xlink:arcrole="http://www.xbrl.org/2003/arcrole/concept-label"
                xlink:type="arc"/>
      <label xlink:label="label_de-gaap-ci_table.kke.allKindsOfEquityAccounts.unlimitedPartners.profitParticipationCapital"
             id="label_de-gaap-ci_table.kke.allKindsOfEquityAccounts.unlimitedPartners.profitParticipationCapital"
             xlink:role="http://www.xbrl.org/2003/role/definitionGuidance"
             xlink:type="resource"
             xml:lang="de">"Genussrechte sind Gläubigerrechte schuldrechtlicher Art. Sie gewähren keine Mitgliedschaftsrechte (insbesondere kein Stimmrecht), jedoch Vermögensrechte, die typischerweise Gesellschaftern zustehen, meistens eine Beteiligung am Gewinn und/oder am Liquidationserlös. "</label>
      <labelArc xlink:from="de-gaap-ci_table.kke.allKindsOfEquityAccounts.unlimitedPartners.retainedProfitLoss"
                xlink:to="label_de-gaap-ci_table.kke.allKindsOfEquityAccounts.unlimitedPartners.retainedProfitLoss"
                xlink:arcrole="http://www.xbrl.org/2003/arcrole/concept-label"
                xlink:type="arc"/>
      <label xlink:label="label_de-gaap-ci_table.kke.allKindsOfEquityAccounts.unlimitedPartners.retainedProfitLoss"
             id="label_de-gaap-ci_table.kke.allKindsOfEquityAccounts.unlimitedPartners.retainedProfitLoss"
             xlink:role="http://www.xbrl.org/2003/role/definitionGuidance"
             xlink:type="resource"
             xml:lang="de">Die Position ist ebenfalls auch bei Personengesellschaften zu verwenden, die nicht unter § 264c HGB fallen, jedoch gleichwohl - beispielsweise aufgrund gesellschaftsvertraglicher Regelungen - den Ausweis des Eigenkapitals entsprechend § 264c HGB praktizieren. Der Gewinnvortrag stellt die Restgröße aus der Gewinnverwendung des Bilanzgewinns des Vj. auf Grundlage des Beschlusses der Haupt- oder Gesellschafterversammlung dar, der nicht an die Gesellschafter ausgeschüttet oder in die Gewinnrücklagen eingestellt worden ist.</label>
      <labelArc xlink:from="de-gaap-ci_table.kke.allKindsOfEquityAccounts.unlimitedPartners.revenueReserves"
                xlink:to="label_de-gaap-ci_table.kke.allKindsOfEquityAccounts.unlimitedPartners.revenueReserves"
                xlink:arcrole="http://www.xbrl.org/2003/arcrole/concept-label"
                xlink:type="arc"/>
      <label xlink:label="label_de-gaap-ci_table.kke.allKindsOfEquityAccounts.unlimitedPartners.revenueReserves"
             id="label_de-gaap-ci_table.kke.allKindsOfEquityAccounts.unlimitedPartners.revenueReserves"
             xlink:role="http://www.xbrl.org/2003/role/definitionGuidance"
             xlink:type="resource"
             xml:lang="de">Nach § 272 Abs. 3 S. 1 HGB umfasst die Gewinnrücklage die Beträge, die im Geschäftsjahr oder in einem früheren Geschäftsjahr aus dem Ergebnis gebildet worden sind.</label>
      <labelArc xlink:from="de-gaap-ci_table.kke.allKindsOfEquityAccounts.unlimitedPartners.taxAdjustmentItem"
                xlink:to="label_de-gaap-ci_table.kke.allKindsOfEquityAccounts.unlimitedPartners.taxAdjustmentItem"
                xlink:arcrole="http://www.xbrl.org/2003/arcrole/concept-label"
                xlink:type="arc"/>
      <label xlink:label="label_de-gaap-ci_table.kke.allKindsOfEquityAccounts.unlimitedPartners.taxAdjustmentItem"
             id="label_de-gaap-ci_table.kke.allKindsOfEquityAccounts.unlimitedPartners.taxAdjustmentItem"
             xlink:role="http://www.xbrl.org/2003/role/definitionGuidance"
             xlink:type="resource"
             xml:lang="de">Steuerliches Mehr- oder Minderkapital</label>
      <labelArc xlink:from="de-gaap-ci_table.kke.allKindsOfEquityAccounts.unlimitedPartners.uncalledContributionsGenPartner"
                xlink:to="label_de-gaap-ci_table.kke.allKindsOfEquityAccounts.unlimitedPartners.uncalledContributionsGenPartner"
                xlink:arcrole="http://www.xbrl.org/2003/arcrole/concept-label"
                xlink:type="arc"/>
      <label xlink:label="label_de-gaap-ci_table.kke.allKindsOfEquityAccounts.unlimitedPartners.uncalledContributionsGenPartner"
             id="label_de-gaap-ci_table.kke.allKindsOfEquityAccounts.unlimitedPartners.uncalledContributionsGenPartner"
             xlink:role="http://www.xbrl.org/2003/role/definitionGuidance"
             xlink:type="resource"
             xml:lang="de">Sind die nicht eingeforderten ausstehenden Einlagen nicht offen von dem Kapitalanteil (Pflichteinlage) abgesetzt worden (§ 272 Abs. 1 S. 3 HGB a. F. vor BilMoG), sind diese hier auszuweisen. Anm. zum Bilanzausweis: Nach der vor BilMoG geltenden Rechtslage (§ 264a HGB, § 272 Abs. 1 HGB a.F.) dürfen ausstehende Einlagen auf den Kapitalanteil (Pflichteinlage) auf der Aktivseite der Bilanz vor dem Anlagevermögen in einem eigenen Posten ausgewiesen werden; gleichzeitig sind die davon eingeforderten Einlagen in diesem Posten zu vermerken (Bruttoausweis; vgl. § 272 Abs. 1 Satz 2 HGB a. F.). Seit Geltung des BilMoG sind die nicht eingeforderten ausstehenden Einlagen auf die Pflichteinlage zwingend von dem Kapitalanteil offen abzusetzen; der verbleibende Betrag ist als Posten "Eingefordertes Kapital" in der Hauptspalte der Passivseite auszuweisen; der eingeforderte, aber noch nicht eingezahlte Betrag ist unter den Forderungen gesondert auszuweisen und entsprechend zu bezeichnen.</label>
      <labelArc xlink:from="de-gaap-ci_table.kke.sumEquityAccounts.sumYearEnd"
                xlink:to="label_de-gaap-ci_table.kke.sumEquityAccounts.sumYearEnd"
                xlink:arcrole="http://www.xbrl.org/2003/arcrole/concept-label"
                xlink:type="arc"/>
      <label xlink:label="label_de-gaap-ci_table.kke.sumEquityAccounts.sumYearEnd"
             id="label_de-gaap-ci_table.kke.sumEquityAccounts.sumYearEnd"
             xlink:role="http://www.xbrl.org/2003/role/definitionGuidance"
             xlink:type="resource"
             xml:lang="de">Das Summenmussfeld "Endbestand Kapitalkonto" hat den jeweiligen Endbestand des einzelnen Kapitalkontos auszuweisen.</label>
      <labelArc xlink:from="de-gaap-ci_table.kke.sumEquityAccounts.sumYearEnd.begin"
                xlink:to="label_de-gaap-ci_table.kke.sumEquityAccounts.sumYearEnd.begin"
                xlink:arcrole="http://www.xbrl.org/2003/arcrole/concept-label"
                xlink:type="arc"/>
      <label xlink:label="label_de-gaap-ci_table.kke.sumEquityAccounts.sumYearEnd.begin"
             id="label_de-gaap-ci_table.kke.sumEquityAccounts.sumYearEnd.begin"
             xlink:role="http://www.xbrl.org/2003/role/definitionGuidance"
             xlink:type="resource"
             xml:lang="de">Zu dieser Position ist der Anfangsbestand des jeweiligen Kapitalkontos zu übermitteln.</label>
      <labelArc xlink:from="de-gaap-ci_table.kke.sumEquityAccounts.sumYearEnd.capAdjust6bRes"
                xlink:to="label_de-gaap-ci_table.kke.sumEquityAccounts.sumYearEnd.capAdjust6bRes"
                xlink:arcrole="http://www.xbrl.org/2003/arcrole/concept-label"
                xlink:type="arc"/>
      <label xlink:label="label_de-gaap-ci_table.kke.sumEquityAccounts.sumYearEnd.capAdjust6bRes"
             id="label_de-gaap-ci_table.kke.sumEquityAccounts.sumYearEnd.capAdjust6bRes"
             xlink:role="http://www.xbrl.org/2003/role/definitionGuidance"
             xlink:type="resource"
             xml:lang="de">Kapitalerhöhung durch Übertragung einer § 6b EStG-Rücklage auf Wirtschaftsgüter eines anderen Betriebs oder einer Personengesellschaft oder Kapitalminderung durch Übertragung einer § 6b EStG-Rücklage auf Wirtschaftsgüter des Betriebs</label>
      <labelArc xlink:from="de-gaap-ci_table.kke.sumEquityAccounts.sumYearEnd.capitalAdjustmentOther"
                xlink:to="label_de-gaap-ci_table.kke.sumEquityAccounts.sumYearEnd.capitalAdjustmentOther"
                xlink:arcrole="http://www.xbrl.org/2003/arcrole/concept-label"
                xlink:type="arc"/>
      <label xlink:label="label_de-gaap-ci_table.kke.sumEquityAccounts.sumYearEnd.capitalAdjustmentOther"
             id="label_de-gaap-ci_table.kke.sumEquityAccounts.sumYearEnd.capitalAdjustmentOther"
             xlink:role="http://www.xbrl.org/2003/role/definitionGuidance"
             xlink:type="resource"
             xml:lang="de">Summe der Kapitalanpassungen z.B. aufgrund einer Außenprüfung</label>
      <labelArc xlink:from="de-gaap-ci_table.kke.sumEquityAccounts.sumYearEnd.capitalMovements"
                xlink:to="label_de-gaap-ci_table.kke.sumEquityAccounts.sumYearEnd.capitalMovements"
                xlink:arcrole="http://www.xbrl.org/2003/arcrole/concept-label"
                xlink:type="arc"/>
      <label xlink:label="label_de-gaap-ci_table.kke.sumEquityAccounts.sumYearEnd.capitalMovements"
             id="label_de-gaap-ci_table.kke.sumEquityAccounts.sumYearEnd.capitalMovements"
             xlink:role="http://www.xbrl.org/2003/role/definitionGuidance"
             xlink:type="resource"
             xml:lang="de">Summe aller Kapitalumgliederungen, z.B. bei Ausscheiden oder Wechsel der Gesellschafterstellung</label>
      <labelArc xlink:from="de-gaap-ci_table.kke.sumEquityAccounts.sumYearEnd.deposits"
                xlink:to="label_de-gaap-ci_table.kke.sumEquityAccounts.sumYearEnd.deposits"
                xlink:arcrole="http://www.xbrl.org/2003/arcrole/concept-label"
                xlink:type="arc"/>
      <label xlink:label="label_de-gaap-ci_table.kke.sumEquityAccounts.sumYearEnd.deposits"
             id="label_de-gaap-ci_table.kke.sumEquityAccounts.sumYearEnd.deposits"
             xlink:role="http://www.xbrl.org/2003/role/definitionGuidance"
             xlink:type="resource"
             xml:lang="de">Zu dieser Position sind die (Bar- und Sach-)Einlagen des Gesellschafters für das jeweilige Kapitalkonto zu übermitteln.</label>
      <labelArc xlink:from="de-gaap-ci_table.kke.sumEquityAccounts.sumYearEnd.deposits.incRealEst"
                xlink:to="label_de-gaap-ci_table.kke.sumEquityAccounts.sumYearEnd.deposits.incRealEst"
                xlink:arcrole="http://www.xbrl.org/2003/arcrole/concept-label"
                xlink:type="arc"/>
      <label xlink:label="label_de-gaap-ci_table.kke.sumEquityAccounts.sumYearEnd.deposits.incRealEst"
             id="label_de-gaap-ci_table.kke.sumEquityAccounts.sumYearEnd.deposits.incRealEst"
             xlink:role="http://www.xbrl.org/2003/role/definitionGuidance"
             xlink:type="resource"
             xml:lang="de">Grundstückserträge (z.B. Mieteinnahmen) aus der Vermietung bzw. Verpachtung von Privatvermögen, die auf einem betrieblichen Konto eingehen</label>
      <labelArc xlink:from="de-gaap-ci_table.kke.sumEquityAccounts.sumYearEnd.deposits.privateTax"
                xlink:to="label_de-gaap-ci_table.kke.sumEquityAccounts.sumYearEnd.deposits.privateTax"
                xlink:arcrole="http://www.xbrl.org/2003/arcrole/concept-label"
                xlink:type="arc"/>
      <label xlink:label="label_de-gaap-ci_table.kke.sumEquityAccounts.sumYearEnd.deposits.privateTax"
             id="label_de-gaap-ci_table.kke.sumEquityAccounts.sumYearEnd.deposits.privateTax"
             xlink:role="http://www.xbrl.org/2003/role/definitionGuidance"
             xlink:type="resource"
             xml:lang="de">Von einer Finanzbehörde erstattete private Steuern (z.B. Einkommensteuern), die auf einem betrieblichen Konto eingehen</label>
      <labelArc xlink:from="de-gaap-ci_table.kke.sumEquityAccounts.sumYearEnd.deposits.tanBookvalue"
                xlink:to="label_de-gaap-ci_table.kke.sumEquityAccounts.sumYearEnd.deposits.tanBookvalue"
                xlink:arcrole="http://www.xbrl.org/2003/arcrole/concept-label"
                xlink:type="arc"/>
      <label xlink:label="label_de-gaap-ci_table.kke.sumEquityAccounts.sumYearEnd.deposits.tanBookvalue"
             id="label_de-gaap-ci_table.kke.sumEquityAccounts.sumYearEnd.deposits.tanBookvalue"
             xlink:role="http://www.xbrl.org/2003/role/definitionGuidance"
             xlink:type="resource"
             xml:lang="de">Wirtschaftsgüter, die zum Buchwert in das Betriebsvermögen des Betriebes überführt oder übertragen werden.</label>
      <labelArc xlink:from="de-gaap-ci_table.kke.sumEquityAccounts.sumYearEnd.deposits.tanOther"
                xlink:to="label_de-gaap-ci_table.kke.sumEquityAccounts.sumYearEnd.deposits.tanOther"
                xlink:arcrole="http://www.xbrl.org/2003/arcrole/concept-label"
                xlink:type="arc"/>
      <label xlink:label="label_de-gaap-ci_table.kke.sumEquityAccounts.sumYearEnd.deposits.tanOther"
             id="label_de-gaap-ci_table.kke.sumEquityAccounts.sumYearEnd.deposits.tanOther"
             xlink:role="http://www.xbrl.org/2003/role/definitionGuidance"
             xlink:type="resource"
             xml:lang="de">Wirtschaftsgüter, die zum Teilwert (§ 6 Abs. 1 Nr. 5 S. 1 EStG), zu den Anschaffungskosten (§ 6 Abs. 1 Nr. 5 S. 1 a) – c) EStG), zu den verminderten Anschaffungskosten (§ 6 Abs. 1 Nr. 5 S. 2 EStG) oder mit dem gemeinen Wert (§ 6 Abs. 1 Nr. 5a EStG) eingelegt werden</label>
      <labelArc xlink:from="de-gaap-ci_table.kke.sumEquityAccounts.sumYearEnd.incomeShare"
                xlink:to="label_de-gaap-ci_table.kke.sumEquityAccounts.sumYearEnd.incomeShare"
                xlink:arcrole="http://www.xbrl.org/2003/arcrole/concept-label"
                xlink:type="arc"/>
      <label xlink:label="label_de-gaap-ci_table.kke.sumEquityAccounts.sumYearEnd.incomeShare"
             id="label_de-gaap-ci_table.kke.sumEquityAccounts.sumYearEnd.incomeShare"
             xlink:role="http://www.xbrl.org/2003/role/definitionGuidance"
             xlink:type="resource"
             xml:lang="de">Jahresüberschuss/-fehlbetrag aus der Gewinn- und Verlustrechnung ohne außerbilanzielle Gewinnkorrekturen. Diese können mit Hilfe der Module „Steuerliche Gewinnermittlung“ und „Steuerliche Gewinnermittlung bei Personengesellschaften“ übermittelt werden.</label>
      <labelArc xlink:from="de-gaap-ci_table.kke.sumEquityAccounts.sumYearEnd.withdrawals"
                xlink:to="label_de-gaap-ci_table.kke.sumEquityAccounts.sumYearEnd.withdrawals"
                xlink:arcrole="http://www.xbrl.org/2003/arcrole/concept-label"
                xlink:type="arc"/>
      <label xlink:label="label_de-gaap-ci_table.kke.sumEquityAccounts.sumYearEnd.withdrawals"
             id="label_de-gaap-ci_table.kke.sumEquityAccounts.sumYearEnd.withdrawals"
             xlink:role="http://www.xbrl.org/2003/role/definitionGuidance"
             xlink:type="resource"
             xml:lang="de">Zu dieser Position sind die (Bar- und Sach-)Entnahmen des Gesellschafters für das jeweilige Kapitalkonto zu übermitteln.</label>
      <labelArc xlink:from="de-gaap-ci_table.kke.sumEquityAccounts.sumYearEnd.withdrawals.costRealEst"
                xlink:to="label_de-gaap-ci_table.kke.sumEquityAccounts.sumYearEnd.withdrawals.costRealEst"
                xlink:arcrole="http://www.xbrl.org/2003/arcrole/concept-label"
                xlink:type="arc"/>
      <label xlink:label="label_de-gaap-ci_table.kke.sumEquityAccounts.sumYearEnd.withdrawals.costRealEst"
             id="label_de-gaap-ci_table.kke.sumEquityAccounts.sumYearEnd.withdrawals.costRealEst"
             xlink:role="http://www.xbrl.org/2003/role/definitionGuidance"
             xlink:type="resource"
             xml:lang="de">Grundstücksaufwendungen (z.B. Schuldzinsen, Erhaltungsaufwendungen) für vermietetes Privatvermögen, die aus betrieblichen Mitteln erbracht werden</label>
      <labelArc xlink:from="de-gaap-ci_table.kke.sumEquityAccounts.sumYearEnd.withdrawals.nonCash"
                xlink:to="label_de-gaap-ci_table.kke.sumEquityAccounts.sumYearEnd.withdrawals.nonCash"
                xlink:arcrole="http://www.xbrl.org/2003/arcrole/concept-label"
                xlink:type="arc"/>
      <label xlink:label="label_de-gaap-ci_table.kke.sumEquityAccounts.sumYearEnd.withdrawals.nonCash"
             id="label_de-gaap-ci_table.kke.sumEquityAccounts.sumYearEnd.withdrawals.nonCash"
             xlink:role="http://www.xbrl.org/2003/role/definitionGuidance"
             xlink:type="resource"
             xml:lang="de">Unentgeltliche Wertabgaben aus der privaten Nutzung von Wirtschaftsgütern des Betriebsvermögens (z.B. PKW-Nutzung, private Telefonnutzung) durch den Unternehmer. Die Entnahme von Wirtschaftsgütern ist in der Position „davon übrige Sachentnahmen“ zu erfassen.</label>
      <labelArc xlink:from="de-gaap-ci_table.kke.sumEquityAccounts.sumYearEnd.withdrawals.privateTax"
                xlink:to="label_de-gaap-ci_table.kke.sumEquityAccounts.sumYearEnd.withdrawals.privateTax"
                xlink:arcrole="http://www.xbrl.org/2003/arcrole/concept-label"
                xlink:type="arc"/>
      <label xlink:label="label_de-gaap-ci_table.kke.sumEquityAccounts.sumYearEnd.withdrawals.privateTax"
             id="label_de-gaap-ci_table.kke.sumEquityAccounts.sumYearEnd.withdrawals.privateTax"
             xlink:role="http://www.xbrl.org/2003/role/definitionGuidance"
             xlink:type="resource"
             xml:lang="de">Private Steuern (z.B. Einkommensteuern), die mit betrieblichen Mitteln gezahlt werden</label>
      <labelArc xlink:from="de-gaap-ci_table.kke.sumEquityAccounts.sumYearEnd.withdrawals.specialExtordExpenses"
                xlink:to="label_de-gaap-ci_table.kke.sumEquityAccounts.sumYearEnd.withdrawals.specialExtordExpenses"
                xlink:arcrole="http://www.xbrl.org/2003/arcrole/concept-label"
                xlink:type="arc"/>
      <label xlink:label="label_de-gaap-ci_table.kke.sumEquityAccounts.sumYearEnd.withdrawals.specialExtordExpenses"
             id="label_de-gaap-ci_table.kke.sumEquityAccounts.sumYearEnd.withdrawals.specialExtordExpenses"
             xlink:role="http://www.xbrl.org/2003/role/definitionGuidance"
             xlink:type="resource"
             xml:lang="de">Sonderausgaben (z.B. private Versicherungsbeiträge und Spenden) und außergewöhnliche Belastungen, die mit betrieblichen Mitteln gezahlt werden</label>
      <labelArc xlink:from="de-gaap-ci_table.kke.sumEquityAccounts.sumYearEnd.withdrawals.tanBookvalue"
                xlink:to="label_de-gaap-ci_table.kke.sumEquityAccounts.sumYearEnd.withdrawals.tanBookvalue"
                xlink:arcrole="http://www.xbrl.org/2003/arcrole/concept-label"
                xlink:type="arc"/>
      <label xlink:label="label_de-gaap-ci_table.kke.sumEquityAccounts.sumYearEnd.withdrawals.tanBookvalue"
             id="label_de-gaap-ci_table.kke.sumEquityAccounts.sumYearEnd.withdrawals.tanBookvalue"
             xlink:role="http://www.xbrl.org/2003/role/definitionGuidance"
             xlink:type="resource"
             xml:lang="de">Wirtschaftsgüter, die zum Buchwert in das Betriebsvermögen eines anderen Betriebes überführt oder übertragen werden.</label>
      <labelArc xlink:from="de-gaap-ci_table.kke.sumEquityAccounts.sumYearEnd.withdrawals.tanOther"
                xlink:to="label_de-gaap-ci_table.kke.sumEquityAccounts.sumYearEnd.withdrawals.tanOther"
                xlink:arcrole="http://www.xbrl.org/2003/arcrole/concept-label"
                xlink:type="arc"/>
      <label xlink:label="label_de-gaap-ci_table.kke.sumEquityAccounts.sumYearEnd.withdrawals.tanOther"
             id="label_de-gaap-ci_table.kke.sumEquityAccounts.sumYearEnd.withdrawals.tanOther"
             xlink:role="http://www.xbrl.org/2003/role/definitionGuidance"
             xlink:type="resource"
             xml:lang="de">Wirtschaftsgüter, die zum Teilwert (§ 6 Abs. 1 Nr. 4 S. 1 EStG) oder zum gemeinen Wert (§ 6 Abs. 1 Nr. 4 S. 1 2. HS EStG) entnommen werden</label>
      <labelArc xlink:from="de-gaap-ci_table.kke.allKindsOfDebtCapitalAccounts.limitedPartners.aEE"
                xlink:to="label_de-gaap-ci_table.kke.allKindsOfDebtCapitalAccounts.limitedPartners.aEE"
                xlink:arcrole="http://www.xbrl.org/2003/arcrole/concept-label"
                xlink:type="arc"/>
      <label xlink:label="label_de-gaap-ci_table.kke.allKindsOfDebtCapitalAccounts.limitedPartners.aEE"
             id="label_de-gaap-ci_table.kke.allKindsOfDebtCapitalAccounts.limitedPartners.aEE"
             xlink:role="http://www.xbrl.org/2003/role/definitionGuidance"
             xlink:type="resource"
             xml:lang="de">Hier sind die noch nicht eingezahlten aber eingeforderten ausstehenden Einlagen auszuweisen.</label>
      <labelArc xlink:from="de-gaap-ci_table.kke.allKindsOfEquityAccounts.limitedPartners.VkE"
                xlink:to="label_de-gaap-ci_table.kke.allKindsOfEquityAccounts.limitedPartners.VkE"
                xlink:arcrole="http://www.xbrl.org/2003/arcrole/concept-label"
                xlink:type="arc"/>
      <label xlink:label="label_de-gaap-ci_table.kke.allKindsOfEquityAccounts.limitedPartners.VkE"
             id="label_de-gaap-ci_table.kke.allKindsOfEquityAccounts.limitedPartners.VkE"
             xlink:role="http://www.xbrl.org/2003/role/definitionGuidance"
             xlink:type="resource"
             xml:lang="de">Soweit der Verlust den Kapitalanteil übersteigt, ist er auf der Aktivseite unter der Bezeichnung „Einzahlungsverpflichtungen Kommanditisten” unter den Forderungen gesondert auszuweisen, soweit eine Zahlungsverpflichtung besteht. Dasselbe gilt, wenn ein Kommanditist Gewinnanteile entnimmt, während sein Kapitalanteil durch Verlust unter den Betrag der geleisteten Einlage herabgemindert ist, oder soweit durch die Entnahme der Kapitalanteil unter den bezeichneten Betrag herabgemindert wird (ADS ErgBd. zur 6. Auflage, § 264c Anm. 21). Insoweit ist eine dem Fremdkapital zuzuordnende Forderung der Gesellschaft gegenüber dem Gesellschafter zu aktivieren. Das "Verrechnungskonto Einzahlungsverpflichtungen" kann hierzu als Gegenkonto verwendet werden.</label>
      <labelArc xlink:from="de-gaap-ci_table.kke.allKindsOfEquityAccounts.unlimitedPartners.VkE"
                xlink:to="label_de-gaap-ci_table.kke.allKindsOfEquityAccounts.unlimitedPartners.VkE"
                xlink:arcrole="http://www.xbrl.org/2003/arcrole/concept-label"
                xlink:type="arc"/>
      <label xlink:label="label_de-gaap-ci_table.kke.allKindsOfEquityAccounts.unlimitedPartners.VkE"
             id="label_de-gaap-ci_table.kke.allKindsOfEquityAccounts.unlimitedPartners.VkE"
             xlink:role="http://www.xbrl.org/2003/role/definitionGuidance"
             xlink:type="resource"
             xml:lang="de">Soweit der Verlust den Kapitalanteil übersteigt, ist er auf der Aktivseite unter der Bezeichnung „Einzahlungsverpflichtungen Kommanditisten” unter den Forderungen gesondert auszuweisen, soweit eine Zahlungsverpflichtung besteht. Dasselbe gilt, wenn ein Kommanditist Gewinnanteile entnimmt, während sein Kapitalanteil durch Verlust unter den Betrag der geleisteten Einlage herabgemindert ist, oder soweit durch die Entnahme der Kapitalanteil unter den bezeichneten Betrag herabgemindert wird (ADS ErgBd. zur 6. Auflage, § 264c Anm. 21).</label>
      <!--
external labels
--></labelLink>
</linkbase>