<?xml version="1.0" encoding="utf-8"?>
<!--(c) XBRL Deutschland e.V. - see http://www.xbrl.de-->


<linkbase xmlns="http://www.xbrl.org/2003/linkbase"
          xmlns:xsi="http://www.w3.org/2001/XMLSchema-instance"
          xsi:schemaLocation="http://www.xbrl.org/2003/linkbase http://www.xbrl.org/2003/xbrl-linkbase-2003-12-31.xsd">
   <roleRef xmlns:xlink="http://www.w3.org/1999/xlink"
            roleURI="http://www.xbrl.de/taxonomies/de-gaap-ci/role/determinationOfTaxableIncome"
            xlink:href="de-gaap-ci-2018-04-01.xsd#role_determinationOfTaxableIncome"
            xlink:type="simple"/>
   <presentationLink xmlns:xlink="http://www.w3.org/1999/xlink"
                     xlink:role="http://www.xbrl.de/taxonomies/de-gaap-ci/role/determinationOfTaxableIncome"
                     xlink:type="extended">
      <loc xlink:type="locator" xlink:href="de-gaap-ci-2018-04-01.xsd#de-gaap-ci_fpl"
           xlink:label="de-gaap-ci_fpl"/>
      <loc xlink:type="locator"
           xlink:href="de-gaap-ci-2018-04-01.xsd#de-gaap-ci_fpl.netIncome"
           xlink:label="de-gaap-ci_fpl.netIncome"/>
      <loc xlink:type="locator"
           xlink:href="de-gaap-ci-2018-04-01.xsd#de-gaap-ci_fpl.deductions"
           xlink:label="de-gaap-ci_fpl.deductions"/>
      <loc xlink:type="locator"
           xlink:href="de-gaap-ci-2018-04-01.xsd#de-gaap-ci_fpl.deductions.nonTaxableProfitsIncomeTax"
           xlink:label="de-gaap-ci_fpl.deductions.nonTaxableProfitsIncomeTax"/>
      <loc xlink:type="locator"
           xlink:href="de-gaap-ci-2018-04-01.xsd#de-gaap-ci_fpl.deductions.nonTaxableProfitsIncomeTax.investmentGrants"
           xlink:label="de-gaap-ci_fpl.deductions.nonTaxableProfitsIncomeTax.investmentGrants"/>
      <loc xlink:type="locator"
           xlink:href="de-gaap-ci-2018-04-01.xsd#de-gaap-ci_fpl.deductions.taxFreeProfitsDBA"
           xlink:label="de-gaap-ci_fpl.deductions.taxFreeProfitsDBA"/>
      <loc xlink:type="locator"
           xlink:href="de-gaap-ci-2018-04-01.xsd#de-gaap-ci_fpl.deductions.taxFreeProfitsEStG3_40"
           xlink:label="de-gaap-ci_fpl.deductions.taxFreeProfitsEStG3_40"/>
      <loc xlink:type="locator"
           xlink:href="de-gaap-ci-2018-04-01.xsd#de-gaap-ci_fpl.deductions.taxFreeProfitsKStG8b"
           xlink:label="de-gaap-ci_fpl.deductions.taxFreeProfitsKStG8b"/>
      <loc xlink:type="locator"
           xlink:href="de-gaap-ci-2018-04-01.xsd#de-gaap-ci_fpl.deductions.taxFreeProfitsKStG8b.sub1_2"
           xlink:label="de-gaap-ci_fpl.deductions.taxFreeProfitsKStG8b.sub1_2"/>
      <loc xlink:type="locator"
           xlink:href="de-gaap-ci-2018-04-01.xsd#de-gaap-ci_fpl.deductions.taxFreeProfitsKStG8b.add5ptSub3_5"
           xlink:label="de-gaap-ci_fpl.deductions.taxFreeProfitsKStG8b.add5ptSub3_5"/>
      <loc xlink:type="locator"
           xlink:href="de-gaap-ci-2018-04-01.xsd#de-gaap-ci_fpl.deductions.taxFreeProfitsKStG8b.addNonDeductKStG8b_10"
           xlink:label="de-gaap-ci_fpl.deductions.taxFreeProfitsKStG8b.addNonDeductKStG8b_10"/>
      <loc xlink:type="locator"
           xlink:href="de-gaap-ci-2018-04-01.xsd#de-gaap-ci_fpl.deductions.taxFreeProfitsKStG8b.TakeoverUmwStG4_7sent2"
           xlink:label="de-gaap-ci_fpl.deductions.taxFreeProfitsKStG8b.TakeoverUmwStG4_7sent2"/>
      <loc xlink:type="locator"
           xlink:href="de-gaap-ci-2018-04-01.xsd#de-gaap-ci_fpl.deductions.taxFrerProfitsOther"
           xlink:label="de-gaap-ci_fpl.deductions.taxFrerProfitsOther"/>
      <loc xlink:type="locator"
           xlink:href="de-gaap-ci-2018-04-01.xsd#de-gaap-ci_fpl.deductions.InvestmentDeductionEStG7g"
           xlink:label="de-gaap-ci_fpl.deductions.InvestmentDeductionEStG7g"/>
      <loc xlink:type="locator"
           xlink:href="de-gaap-ci-2018-04-01.xsd#de-gaap-ci_fpl.deductions.InvestmentDeductionEStG7g.currYear"
           xlink:label="de-gaap-ci_fpl.deductions.InvestmentDeductionEStG7g.currYear"/>
      <loc xlink:type="locator"
           xlink:href="de-gaap-ci-2018-04-01.xsd#de-gaap-ci_fpl.deductions.InvestmentDeductionEStG7g._3_1follYear"
           xlink:label="de-gaap-ci_fpl.deductions.InvestmentDeductionEStG7g._3_1follYear"/>
      <loc xlink:type="locator"
           xlink:href="de-gaap-ci-2018-04-01.xsd#de-gaap-ci_fpl.deductions.InvestmentDeductionEStG7g._3_2follYear"
           xlink:label="de-gaap-ci_fpl.deductions.InvestmentDeductionEStG7g._3_2follYear"/>
      <loc xlink:type="locator"
           xlink:href="de-gaap-ci-2018-04-01.xsd#de-gaap-ci_fpl.deductions.InvestmentDeductionEStG7g._3_3follYear"
           xlink:label="de-gaap-ci_fpl.deductions.InvestmentDeductionEStG7g._3_3follYear"/>
      <loc xlink:type="locator"
           xlink:href="de-gaap-ci-2018-04-01.xsd#de-gaap-ci_fpl.deductions.InvestmentDeductionEStG7g._4_4follYear"
           xlink:label="de-gaap-ci_fpl.deductions.InvestmentDeductionEStG7g._4_4follYear"/>
      <loc xlink:type="locator"
           xlink:href="de-gaap-ci-2018-04-01.xsd#de-gaap-ci_fpl.deductions.Other"
           xlink:label="de-gaap-ci_fpl.deductions.Other"/>
      <loc xlink:type="locator"
           xlink:href="de-gaap-ci-2018-04-01.xsd#de-gaap-ci_fpl.deductions.EarningsStrippingRuleEStG4h"
           xlink:label="de-gaap-ci_fpl.deductions.EarningsStrippingRuleEStG4h"/>
      <loc xlink:type="locator"
           xlink:href="de-gaap-ci-2018-04-01.xsd#de-gaap-ci_fpl.deductions.InvestmentDeductionEStG7g.comment"
           xlink:label="de-gaap-ci_fpl.deductions.InvestmentDeductionEStG7g.comment"/>
      <loc xlink:type="locator"
           xlink:href="de-gaap-ci-2018-04-01.xsd#de-gaap-ci_fpl.deductions.taxFreeProfitsTakeoverUmwStG4_7sent2"
           xlink:label="de-gaap-ci_fpl.deductions.taxFreeProfitsTakeoverUmwStG4_7sent2"/>
      <loc xlink:type="locator"
           xlink:href="de-gaap-ci-2018-04-01.xsd#de-gaap-ci_fpl.deductions.taxFreeRecapitalisationGainsEStG3a"
           xlink:label="de-gaap-ci_fpl.deductions.taxFreeRecapitalisationGainsEStG3a"/>
      <loc xlink:type="locator"
           xlink:href="de-gaap-ci-2018-04-01.xsd#de-gaap-ci_fpl.deductions.deductionsEStG4f"
           xlink:label="de-gaap-ci_fpl.deductions.deductionsEStG4f"/>
      <loc xlink:type="locator"
           xlink:href="de-gaap-ci-2018-04-01.xsd#de-gaap-ci_fpl.additions"
           xlink:label="de-gaap-ci_fpl.additions"/>
      <loc xlink:type="locator"
           xlink:href="de-gaap-ci-2018-04-01.xsd#de-gaap-ci_fpl.additions.nonDeductableDeductionsESTG3c"
           xlink:label="de-gaap-ci_fpl.additions.nonDeductableDeductionsESTG3c"/>
      <loc xlink:type="locator"
           xlink:href="de-gaap-ci-2018-04-01.xsd#de-gaap-ci_fpl.additions.nonDeductableDeductionsESTG3c.sub2"
           xlink:label="de-gaap-ci_fpl.additions.nonDeductableDeductionsESTG3c.sub2"/>
      <loc xlink:type="locator"
           xlink:href="de-gaap-ci-2018-04-01.xsd#de-gaap-ci_fpl.additions.nonDeductableDeductionsESTG3c.operatingCostsRelatingToDoubleTaxationTaxExemptCosts"
           xlink:label="de-gaap-ci_fpl.additions.nonDeductableDeductionsESTG3c.operatingCostsRelatingToDoubleTaxationTaxExemptCosts"/>
      <loc xlink:type="locator"
           xlink:href="de-gaap-ci-2018-04-01.xsd#de-gaap-ci_fpl.additions.nonDeductableDeductionsESTG3c.other"
           xlink:label="de-gaap-ci_fpl.additions.nonDeductableDeductionsESTG3c.other"/>
      <loc xlink:type="locator"
           xlink:href="de-gaap-ci-2018-04-01.xsd#de-gaap-ci_fpl.additions.nonDeductableDeductionsESTG3c.misc"
           xlink:label="de-gaap-ci_fpl.additions.nonDeductableDeductionsESTG3c.misc"/>
      <loc xlink:type="locator"
           xlink:href="de-gaap-ci-2018-04-01.xsd#de-gaap-ci_fpl.additions.nonDeductableDeductionsESTG3c.sub3"
           xlink:label="de-gaap-ci_fpl.additions.nonDeductableDeductionsESTG3c.sub3"/>
      <loc xlink:type="locator"
           xlink:href="de-gaap-ci-2018-04-01.xsd#de-gaap-ci_fpl.additions.nonDeductableDeductionsESTG3c.sub4etc"
           xlink:label="de-gaap-ci_fpl.additions.nonDeductableDeductionsESTG3c.sub4etc"/>
      <loc xlink:type="locator"
           xlink:href="de-gaap-ci-2018-04-01.xsd#de-gaap-ci_fpl.additions.KStG8b"
           xlink:label="de-gaap-ci_fpl.additions.KStG8b"/>
      <loc xlink:type="locator"
           xlink:href="de-gaap-ci-2018-04-01.xsd#de-gaap-ci_fpl.additions.EStG4_4a"
           xlink:label="de-gaap-ci_fpl.additions.EStG4_4a"/>
      <loc xlink:type="locator"
           xlink:href="de-gaap-ci-2018-04-01.xsd#de-gaap-ci_fpl.additions.nonDeductableExpEStG4_5EStG4_7"
           xlink:label="de-gaap-ci_fpl.additions.nonDeductableExpEStG4_5EStG4_7"/>
      <loc xlink:type="locator"
           xlink:href="de-gaap-ci-2018-04-01.xsd#de-gaap-ci_fpl.additions.tradeTaxEStG4_5b"
           xlink:label="de-gaap-ci_fpl.additions.tradeTaxEStG4_5b"/>
      <loc xlink:type="locator"
           xlink:href="de-gaap-ci-2018-04-01.xsd#de-gaap-ci_fpl.additions.EarningsStrippingRuleEStG4h"
           xlink:label="de-gaap-ci_fpl.additions.EarningsStrippingRuleEStG4h"/>
      <loc xlink:type="locator"
           xlink:href="de-gaap-ci-2018-04-01.xsd#de-gaap-ci_fpl.additions.profitMarkupEStG6b_7"
           xlink:label="de-gaap-ci_fpl.additions.profitMarkupEStG6b_7"/>
      <loc xlink:type="locator"
           xlink:href="de-gaap-ci-2018-04-01.xsd#de-gaap-ci_fpl.additions.profitMarkupEStG6b_10"
           xlink:label="de-gaap-ci_fpl.additions.profitMarkupEStG6b_10"/>
      <loc xlink:type="locator"
           xlink:href="de-gaap-ci-2018-04-01.xsd#de-gaap-ci_fpl.additions.releaseInvestmentDeductionEStG7g_2"
           xlink:label="de-gaap-ci_fpl.additions.releaseInvestmentDeductionEStG7g_2"/>
      <loc xlink:type="locator"
           xlink:href="de-gaap-ci-2018-04-01.xsd#de-gaap-ci_fpl.additions.releaseInvestmentDeductionEStG7g_2.reversalPrevYear"
           xlink:label="de-gaap-ci_fpl.additions.releaseInvestmentDeductionEStG7g_2.reversalPrevYear"/>
      <loc xlink:type="locator"
           xlink:href="de-gaap-ci-2018-04-01.xsd#de-gaap-ci_fpl.additions.releaseInvestmentDeductionEStG7g_2.reversal2PrevYear"
           xlink:label="de-gaap-ci_fpl.additions.releaseInvestmentDeductionEStG7g_2.reversal2PrevYear"/>
      <loc xlink:type="locator"
           xlink:href="de-gaap-ci-2018-04-01.xsd#de-gaap-ci_fpl.additions.releaseInvestmentDeductionEStG7g_2.reversal3PrevYear"
           xlink:label="de-gaap-ci_fpl.additions.releaseInvestmentDeductionEStG7g_2.reversal3PrevYear"/>
      <loc xlink:type="locator"
           xlink:href="de-gaap-ci-2018-04-01.xsd#de-gaap-ci_fpl.additions.OtherEgAO160"
           xlink:label="de-gaap-ci_fpl.additions.OtherEgAO160"/>
      <loc xlink:type="locator"
           xlink:href="de-gaap-ci-2018-04-01.xsd#de-gaap-ci_fpl.additions.AStG1"
           xlink:label="de-gaap-ci_fpl.additions.AStG1"/>
      <loc xlink:type="locator"
           xlink:href="de-gaap-ci-2018-04-01.xsd#de-gaap-ci_fpl.additions.otherPersonalTax"
           xlink:label="de-gaap-ci_fpl.additions.otherPersonalTax"/>
      <loc xlink:type="locator"
           xlink:href="de-gaap-ci-2018-04-01.xsd#de-gaap-ci_fpl.additions.UmwStG4_6"
           xlink:label="de-gaap-ci_fpl.additions.UmwStG4_6"/>
      <loc xlink:type="locator"
           xlink:href="de-gaap-ci-2018-04-01.xsd#de-gaap-ci_fpl.additions.UmwStG7"
           xlink:label="de-gaap-ci_fpl.additions.UmwStG7"/>
      <loc xlink:type="locator"
           xlink:href="de-gaap-ci-2018-04-01.xsd#de-gaap-ci_fpl.additions.additionsEStG4f"
           xlink:label="de-gaap-ci_fpl.additions.additionsEStG4f"/>
      <loc xlink:type="locator"
           xlink:href="de-gaap-ci-2018-04-01.xsd#de-gaap-ci_fpl.additions.restrictedSpecialBusinessExpenses"
           xlink:label="de-gaap-ci_fpl.additions.restrictedSpecialBusinessExpenses"/>
      <loc xlink:type="locator"
           xlink:href="de-gaap-ci-2018-04-01.xsd#de-gaap-ci_fpl.additions.costOfRightsEStG4j"
           xlink:label="de-gaap-ci_fpl.additions.costOfRightsEStG4j"/>
      <loc xlink:type="locator"
           xlink:href="de-gaap-ci-2018-04-01.xsd#de-gaap-ci_fpl.fiscalCorrectonsPartPartnerships"
           xlink:label="de-gaap-ci_fpl.fiscalCorrectonsPartPartnerships"/>
      <loc xlink:type="locator"
           xlink:href="de-gaap-ci-2018-04-01.xsd#de-gaap-ci_fpl.fiscalCorrectionsPartPartnerships.EStG3_40EStG3c_2KStG8b"
           xlink:label="de-gaap-ci_fpl.fiscalCorrectionsPartPartnerships.EStG3_40EStG3c_2KStG8b"/>
      <loc xlink:type="locator"
           xlink:href="de-gaap-ci-2018-04-01.xsd#de-gaap-ci_fpl.fiscalCorrectionsPartPartnerships.other"
           xlink:label="de-gaap-ci_fpl.fiscalCorrectionsPartPartnerships.other"/>
      <loc xlink:type="locator"
           xlink:href="de-gaap-ci-2018-04-01.xsd#de-gaap-ci_fpl.additionDeductsTpl"
           xlink:label="de-gaap-ci_fpl.additionDeductsTpl"/>
      <loc xlink:type="locator"
           xlink:href="de-gaap-ci-2018-04-01.xsd#de-gaap-ci_fpl.additionDeductsTpl.fullValueYearChange"
           xlink:label="de-gaap-ci_fpl.additionDeductsTpl.fullValueYearChange"/>
      <loc xlink:type="locator"
           xlink:href="de-gaap-ci-2018-04-01.xsd#de-gaap-ci_fpl.additionDeductsTpl.div2Years"
           xlink:label="de-gaap-ci_fpl.additionDeductsTpl.div2Years"/>
      <loc xlink:type="locator"
           xlink:href="de-gaap-ci-2018-04-01.xsd#de-gaap-ci_fpl.additionDeductsTpl.div3Years"
           xlink:label="de-gaap-ci_fpl.additionDeductsTpl.div3Years"/>
      <loc xlink:type="locator"
           xlink:href="de-gaap-ci-2018-04-01.xsd#de-gaap-ci_fpl.fiscalCorrectonsTaxGroup"
           xlink:label="de-gaap-ci_fpl.fiscalCorrectonsTaxGroup"/>
      <loc xlink:type="locator"
           xlink:href="de-gaap-ci-2018-04-01.xsd#de-gaap-ci_fpl.fiscalCorrectonsTaxGroup.ProfitRecordedWithParent"
           xlink:label="de-gaap-ci_fpl.fiscalCorrectonsTaxGroup.ProfitRecordedWithParent"/>
      <loc xlink:type="locator"
           xlink:href="de-gaap-ci-2018-04-01.xsd#de-gaap-ci_fpl.fiscalCorrectonsTaxGroup.LossCompensationByParent"
           xlink:label="de-gaap-ci_fpl.fiscalCorrectonsTaxGroup.LossCompensationByParent"/>
      <loc xlink:type="locator"
           xlink:href="de-gaap-ci-2018-04-01.xsd#de-gaap-ci_fpl.fiscalCorrectonsTaxGroup.ExpenseFromChangeOfAdjustmentItem"
           xlink:label="de-gaap-ci_fpl.fiscalCorrectonsTaxGroup.ExpenseFromChangeOfAdjustmentItem"/>
      <loc xlink:type="locator"
           xlink:href="de-gaap-ci-2018-04-01.xsd#de-gaap-ci_fpl.fiscalCorrectonsTaxGroup.IncomeFromChangeOfAdjustmentItem"
           xlink:label="de-gaap-ci_fpl.fiscalCorrectonsTaxGroup.IncomeFromChangeOfAdjustmentItem"/>
      <loc xlink:type="locator"
           xlink:href="de-gaap-ci-2018-04-01.xsd#de-gaap-ci_fpl.fiscalCorrectonsTaxGroup.earningProfSharingPreconsoliRemittShortfall"
           xlink:label="de-gaap-ci_fpl.fiscalCorrectonsTaxGroup.earningProfSharingPreconsoliRemittShortfall"/>
      <loc xlink:type="locator"
           xlink:href="de-gaap-ci-2018-04-01.xsd#de-gaap-ci_fpl.fiscalCorrectonsTaxGroup.earningProfSharingPreconsoliRemittSurplus"
           xlink:label="de-gaap-ci_fpl.fiscalCorrectonsTaxGroup.earningProfSharingPreconsoliRemittSurplus"/>
      <loc xlink:type="locator"
           xlink:href="de-gaap-ci-2018-04-01.xsd#de-gaap-ci_fpl.fiscalCorrectionsEStG4f"
           xlink:label="de-gaap-ci_fpl.fiscalCorrectionsEStG4f"/>
      <presentationArc xlink:from="de-gaap-ci_fpl" xlink:to="de-gaap-ci_fpl.netIncome" order="1"
                       xlink:arcrole="http://www.xbrl.org/2003/arcrole/parent-child"
                       xlink:type="arc"/>
      <presentationArc xlink:from="de-gaap-ci_fpl" xlink:to="de-gaap-ci_fpl.deductions" order="2"
                       xlink:arcrole="http://www.xbrl.org/2003/arcrole/parent-child"
                       xlink:type="arc"/>
      <presentationArc xlink:from="de-gaap-ci_fpl.deductions"
                       xlink:to="de-gaap-ci_fpl.deductions.nonTaxableProfitsIncomeTax"
                       order="1"
                       xlink:arcrole="http://www.xbrl.org/2003/arcrole/parent-child"
                       xlink:type="arc"/>
      <presentationArc xlink:from="de-gaap-ci_fpl.deductions.nonTaxableProfitsIncomeTax"
                       xlink:to="de-gaap-ci_fpl.deductions.nonTaxableProfitsIncomeTax.investmentGrants"
                       order="1"
                       xlink:arcrole="http://www.xbrl.org/2003/arcrole/parent-child"
                       xlink:type="arc"/>
      <presentationArc xlink:from="de-gaap-ci_fpl.deductions"
                       xlink:to="de-gaap-ci_fpl.deductions.taxFreeProfitsDBA"
                       order="2"
                       xlink:arcrole="http://www.xbrl.org/2003/arcrole/parent-child"
                       xlink:type="arc"/>
      <presentationArc xlink:from="de-gaap-ci_fpl.deductions"
                       xlink:to="de-gaap-ci_fpl.deductions.taxFreeProfitsEStG3_40"
                       order="3"
                       xlink:arcrole="http://www.xbrl.org/2003/arcrole/parent-child"
                       xlink:type="arc"/>
      <presentationArc xlink:from="de-gaap-ci_fpl.deductions"
                       xlink:to="de-gaap-ci_fpl.deductions.taxFreeProfitsKStG8b"
                       order="4"
                       xlink:arcrole="http://www.xbrl.org/2003/arcrole/parent-child"
                       xlink:type="arc"/>
      <presentationArc xlink:from="de-gaap-ci_fpl.deductions.taxFreeProfitsKStG8b"
                       xlink:to="de-gaap-ci_fpl.deductions.taxFreeProfitsKStG8b.sub1_2"
                       order="1"
                       xlink:arcrole="http://www.xbrl.org/2003/arcrole/parent-child"
                       xlink:type="arc"/>
      <presentationArc xlink:from="de-gaap-ci_fpl.deductions.taxFreeProfitsKStG8b"
                       xlink:to="de-gaap-ci_fpl.deductions.taxFreeProfitsKStG8b.add5ptSub3_5"
                       order="3"
                       xlink:arcrole="http://www.xbrl.org/2003/arcrole/parent-child"
                       xlink:type="arc"/>
      <presentationArc xlink:from="de-gaap-ci_fpl.deductions.taxFreeProfitsKStG8b"
                       xlink:to="de-gaap-ci_fpl.deductions.taxFreeProfitsKStG8b.addNonDeductKStG8b_10"
                       order="4"
                       xlink:arcrole="http://www.xbrl.org/2003/arcrole/parent-child"
                       xlink:type="arc"/>
      <presentationArc xlink:from="de-gaap-ci_fpl.deductions.taxFreeProfitsKStG8b"
                       xlink:to="de-gaap-ci_fpl.deductions.taxFreeProfitsKStG8b.TakeoverUmwStG4_7sent2"
                       order="2"
                       xlink:arcrole="http://www.xbrl.org/2003/arcrole/parent-child"
                       xlink:type="arc"/>
      <presentationArc xlink:from="de-gaap-ci_fpl.deductions"
                       xlink:to="de-gaap-ci_fpl.deductions.taxFrerProfitsOther"
                       order="5"
                       xlink:arcrole="http://www.xbrl.org/2003/arcrole/parent-child"
                       xlink:type="arc"/>
      <presentationArc xlink:from="de-gaap-ci_fpl.deductions"
                       xlink:to="de-gaap-ci_fpl.deductions.InvestmentDeductionEStG7g"
                       order="7"
                       xlink:arcrole="http://www.xbrl.org/2003/arcrole/parent-child"
                       xlink:type="arc"/>
      <presentationArc xlink:from="de-gaap-ci_fpl.deductions.InvestmentDeductionEStG7g"
                       xlink:to="de-gaap-ci_fpl.deductions.InvestmentDeductionEStG7g.currYear"
                       order="1"
                       xlink:arcrole="http://www.xbrl.org/2003/arcrole/parent-child"
                       xlink:type="arc"/>
      <presentationArc xlink:from="de-gaap-ci_fpl.deductions.InvestmentDeductionEStG7g"
                       xlink:to="de-gaap-ci_fpl.deductions.InvestmentDeductionEStG7g._3_1follYear"
                       order="2"
                       xlink:arcrole="http://www.xbrl.org/2003/arcrole/parent-child"
                       xlink:type="arc"/>
      <presentationArc xlink:from="de-gaap-ci_fpl.deductions.InvestmentDeductionEStG7g"
                       xlink:to="de-gaap-ci_fpl.deductions.InvestmentDeductionEStG7g._3_2follYear"
                       order="3"
                       xlink:arcrole="http://www.xbrl.org/2003/arcrole/parent-child"
                       xlink:type="arc"/>
      <presentationArc xlink:from="de-gaap-ci_fpl.deductions.InvestmentDeductionEStG7g"
                       xlink:to="de-gaap-ci_fpl.deductions.InvestmentDeductionEStG7g._3_3follYear"
                       order="5"
                       xlink:arcrole="http://www.xbrl.org/2003/arcrole/parent-child"
                       xlink:type="arc"/>
      <presentationArc xlink:from="de-gaap-ci_fpl.deductions.InvestmentDeductionEStG7g"
                       xlink:to="de-gaap-ci_fpl.deductions.InvestmentDeductionEStG7g._4_4follYear"
                       order="7"
                       xlink:arcrole="http://www.xbrl.org/2003/arcrole/parent-child"
                       xlink:type="arc"/>
      <presentationArc xlink:from="de-gaap-ci_fpl.deductions"
                       xlink:to="de-gaap-ci_fpl.deductions.Other"
                       order="8"
                       xlink:arcrole="http://www.xbrl.org/2003/arcrole/parent-child"
                       xlink:type="arc"/>
      <presentationArc xlink:from="de-gaap-ci_fpl.deductions"
                       xlink:to="de-gaap-ci_fpl.deductions.EarningsStrippingRuleEStG4h"
                       order="9"
                       xlink:arcrole="http://www.xbrl.org/2003/arcrole/parent-child"
                       xlink:type="arc"/>
      <presentationArc xlink:from="de-gaap-ci_fpl.deductions"
                       xlink:to="de-gaap-ci_fpl.deductions.InvestmentDeductionEStG7g.comment"
                       order="7.5"
                       xlink:arcrole="http://www.xbrl.org/2003/arcrole/parent-child"
                       xlink:type="arc"/>
      <presentationArc xlink:from="de-gaap-ci_fpl.deductions"
                       xlink:to="de-gaap-ci_fpl.deductions.taxFreeProfitsTakeoverUmwStG4_7sent2"
                       order="3.5"
                       xlink:arcrole="http://www.xbrl.org/2003/arcrole/parent-child"
                       xlink:type="arc"/>
      <presentationArc xlink:from="de-gaap-ci_fpl.deductions"
                       xlink:to="de-gaap-ci_fpl.deductions.taxFreeRecapitalisationGainsEStG3a"
                       order="3.2"
                       xlink:arcrole="http://www.xbrl.org/2003/arcrole/parent-child"
                       xlink:type="arc"/>
      <presentationArc xlink:from="de-gaap-ci_fpl.deductions"
                       xlink:to="de-gaap-ci_fpl.deductions.deductionsEStG4f"
                       order="3.7"
                       xlink:arcrole="http://www.xbrl.org/2003/arcrole/parent-child"
                       xlink:type="arc"/>
      <presentationArc xlink:from="de-gaap-ci_fpl" xlink:to="de-gaap-ci_fpl.additions" order="3"
                       xlink:arcrole="http://www.xbrl.org/2003/arcrole/parent-child"
                       xlink:type="arc"/>
      <presentationArc xlink:from="de-gaap-ci_fpl.additions"
                       xlink:to="de-gaap-ci_fpl.additions.nonDeductableDeductionsESTG3c"
                       order="1"
                       xlink:arcrole="http://www.xbrl.org/2003/arcrole/parent-child"
                       xlink:type="arc"/>
      <presentationArc xlink:from="de-gaap-ci_fpl.additions.nonDeductableDeductionsESTG3c"
                       xlink:to="de-gaap-ci_fpl.additions.nonDeductableDeductionsESTG3c.sub2"
                       order="1"
                       xlink:arcrole="http://www.xbrl.org/2003/arcrole/parent-child"
                       xlink:type="arc"/>
      <presentationArc xlink:from="de-gaap-ci_fpl.additions.nonDeductableDeductionsESTG3c"
                       xlink:to="de-gaap-ci_fpl.additions.nonDeductableDeductionsESTG3c.operatingCostsRelatingToDoubleTaxationTaxExemptCosts"
                       order="0.5"
                       xlink:arcrole="http://www.xbrl.org/2003/arcrole/parent-child"
                       xlink:type="arc"/>
      <presentationArc xlink:from="de-gaap-ci_fpl.additions.nonDeductableDeductionsESTG3c"
                       xlink:to="de-gaap-ci_fpl.additions.nonDeductableDeductionsESTG3c.other"
                       order="3"
                       xlink:arcrole="http://www.xbrl.org/2003/arcrole/parent-child"
                       xlink:type="arc"/>
      <presentationArc xlink:from="de-gaap-ci_fpl.additions.nonDeductableDeductionsESTG3c"
                       xlink:to="de-gaap-ci_fpl.additions.nonDeductableDeductionsESTG3c.misc"
                       order="0.7"
                       xlink:arcrole="http://www.xbrl.org/2003/arcrole/parent-child"
                       xlink:type="arc"/>
      <presentationArc xlink:from="de-gaap-ci_fpl.additions.nonDeductableDeductionsESTG3c"
                       xlink:to="de-gaap-ci_fpl.additions.nonDeductableDeductionsESTG3c.sub3"
                       order="2"
                       xlink:arcrole="http://www.xbrl.org/2003/arcrole/parent-child"
                       xlink:type="arc"/>
      <presentationArc xlink:from="de-gaap-ci_fpl.additions.nonDeductableDeductionsESTG3c"
                       xlink:to="de-gaap-ci_fpl.additions.nonDeductableDeductionsESTG3c.sub4etc"
                       order="2.5"
                       xlink:arcrole="http://www.xbrl.org/2003/arcrole/parent-child"
                       xlink:type="arc"/>
      <presentationArc xlink:from="de-gaap-ci_fpl.additions"
                       xlink:to="de-gaap-ci_fpl.additions.KStG8b"
                       order="2"
                       xlink:arcrole="http://www.xbrl.org/2003/arcrole/parent-child"
                       xlink:type="arc"/>
      <presentationArc xlink:from="de-gaap-ci_fpl.additions"
                       xlink:to="de-gaap-ci_fpl.additions.EStG4_4a"
                       order="3"
                       xlink:arcrole="http://www.xbrl.org/2003/arcrole/parent-child"
                       xlink:type="arc"/>
      <presentationArc xlink:from="de-gaap-ci_fpl.additions"
                       xlink:to="de-gaap-ci_fpl.additions.nonDeductableExpEStG4_5EStG4_7"
                       order="4"
                       xlink:arcrole="http://www.xbrl.org/2003/arcrole/parent-child"
                       xlink:type="arc"/>
      <presentationArc xlink:from="de-gaap-ci_fpl.additions"
                       xlink:to="de-gaap-ci_fpl.additions.tradeTaxEStG4_5b"
                       order="5"
                       xlink:arcrole="http://www.xbrl.org/2003/arcrole/parent-child"
                       xlink:type="arc"/>
      <presentationArc xlink:from="de-gaap-ci_fpl.additions"
                       xlink:to="de-gaap-ci_fpl.additions.EarningsStrippingRuleEStG4h"
                       order="7"
                       xlink:arcrole="http://www.xbrl.org/2003/arcrole/parent-child"
                       xlink:type="arc"/>
      <presentationArc xlink:from="de-gaap-ci_fpl.additions"
                       xlink:to="de-gaap-ci_fpl.additions.profitMarkupEStG6b_7"
                       order="8"
                       xlink:arcrole="http://www.xbrl.org/2003/arcrole/parent-child"
                       xlink:type="arc"/>
      <presentationArc xlink:from="de-gaap-ci_fpl.additions"
                       xlink:to="de-gaap-ci_fpl.additions.profitMarkupEStG6b_10"
                       order="9"
                       xlink:arcrole="http://www.xbrl.org/2003/arcrole/parent-child"
                       xlink:type="arc"/>
      <presentationArc xlink:from="de-gaap-ci_fpl.additions"
                       xlink:to="de-gaap-ci_fpl.additions.releaseInvestmentDeductionEStG7g_2"
                       order="10"
                       xlink:arcrole="http://www.xbrl.org/2003/arcrole/parent-child"
                       xlink:type="arc"/>
      <presentationArc xlink:from="de-gaap-ci_fpl.additions.releaseInvestmentDeductionEStG7g_2"
                       xlink:to="de-gaap-ci_fpl.additions.releaseInvestmentDeductionEStG7g_2.reversalPrevYear"
                       order="1"
                       xlink:arcrole="http://www.xbrl.org/2003/arcrole/parent-child"
                       xlink:type="arc"/>
      <presentationArc xlink:from="de-gaap-ci_fpl.additions.releaseInvestmentDeductionEStG7g_2"
                       xlink:to="de-gaap-ci_fpl.additions.releaseInvestmentDeductionEStG7g_2.reversal2PrevYear"
                       order="2"
                       xlink:arcrole="http://www.xbrl.org/2003/arcrole/parent-child"
                       xlink:type="arc"/>
      <presentationArc xlink:from="de-gaap-ci_fpl.additions.releaseInvestmentDeductionEStG7g_2"
                       xlink:to="de-gaap-ci_fpl.additions.releaseInvestmentDeductionEStG7g_2.reversal3PrevYear"
                       order="3"
                       xlink:arcrole="http://www.xbrl.org/2003/arcrole/parent-child"
                       xlink:type="arc"/>
      <presentationArc xlink:from="de-gaap-ci_fpl.additions"
                       xlink:to="de-gaap-ci_fpl.additions.OtherEgAO160"
                       order="11"
                       xlink:arcrole="http://www.xbrl.org/2003/arcrole/parent-child"
                       xlink:type="arc"/>
      <presentationArc xlink:from="de-gaap-ci_fpl.additions" xlink:to="de-gaap-ci_fpl.additions.AStG1"
                       order="10.5"
                       xlink:arcrole="http://www.xbrl.org/2003/arcrole/parent-child"
                       xlink:type="arc"/>
      <presentationArc xlink:from="de-gaap-ci_fpl.additions"
                       xlink:to="de-gaap-ci_fpl.additions.otherPersonalTax"
                       order="6"
                       xlink:arcrole="http://www.xbrl.org/2003/arcrole/parent-child"
                       xlink:type="arc"/>
      <presentationArc xlink:from="de-gaap-ci_fpl.additions"
                       xlink:to="de-gaap-ci_fpl.additions.UmwStG4_6"
                       order="10.51"
                       xlink:arcrole="http://www.xbrl.org/2003/arcrole/parent-child"
                       xlink:type="arc"/>
      <presentationArc xlink:from="de-gaap-ci_fpl.additions"
                       xlink:to="de-gaap-ci_fpl.additions.UmwStG7"
                       order="10.52"
                       xlink:arcrole="http://www.xbrl.org/2003/arcrole/parent-child"
                       xlink:type="arc"/>
      <presentationArc xlink:from="de-gaap-ci_fpl.additions"
                       xlink:to="de-gaap-ci_fpl.additions.additionsEStG4f"
                       order="6.5"
                       xlink:arcrole="http://www.xbrl.org/2003/arcrole/parent-child"
                       xlink:type="arc"/>
      <presentationArc xlink:from="de-gaap-ci_fpl.additions"
                       xlink:to="de-gaap-ci_fpl.additions.restrictedSpecialBusinessExpenses"
                       order="7.5"
                       xlink:arcrole="http://www.xbrl.org/2003/arcrole/parent-child"
                       xlink:type="arc"/>
      <presentationArc xlink:from="de-gaap-ci_fpl.additions"
                       xlink:to="de-gaap-ci_fpl.additions.costOfRightsEStG4j"
                       order="7.51"
                       xlink:arcrole="http://www.xbrl.org/2003/arcrole/parent-child"
                       xlink:type="arc"/>
      <presentationArc xlink:from="de-gaap-ci_fpl"
                       xlink:to="de-gaap-ci_fpl.fiscalCorrectonsPartPartnerships"
                       order="4"
                       xlink:arcrole="http://www.xbrl.org/2003/arcrole/parent-child"
                       xlink:type="arc"/>
      <presentationArc xlink:from="de-gaap-ci_fpl.fiscalCorrectonsPartPartnerships"
                       xlink:to="de-gaap-ci_fpl.fiscalCorrectionsPartPartnerships.EStG3_40EStG3c_2KStG8b"
                       order="1"
                       xlink:arcrole="http://www.xbrl.org/2003/arcrole/parent-child"
                       xlink:type="arc"/>
      <presentationArc xlink:from="de-gaap-ci_fpl.fiscalCorrectonsPartPartnerships"
                       xlink:to="de-gaap-ci_fpl.fiscalCorrectionsPartPartnerships.other"
                       order="2"
                       xlink:arcrole="http://www.xbrl.org/2003/arcrole/parent-child"
                       xlink:type="arc"/>
      <presentationArc xlink:from="de-gaap-ci_fpl" xlink:to="de-gaap-ci_fpl.additionDeductsTpl"
                       order="5"
                       xlink:arcrole="http://www.xbrl.org/2003/arcrole/parent-child"
                       xlink:type="arc"/>
      <presentationArc xlink:from="de-gaap-ci_fpl.additionDeductsTpl"
                       xlink:to="de-gaap-ci_fpl.additionDeductsTpl.fullValueYearChange"
                       order="1"
                       xlink:arcrole="http://www.xbrl.org/2003/arcrole/parent-child"
                       xlink:type="arc"/>
      <presentationArc xlink:from="de-gaap-ci_fpl.additionDeductsTpl"
                       xlink:to="de-gaap-ci_fpl.additionDeductsTpl.div2Years"
                       order="2"
                       xlink:arcrole="http://www.xbrl.org/2003/arcrole/parent-child"
                       xlink:type="arc"/>
      <presentationArc xlink:from="de-gaap-ci_fpl.additionDeductsTpl"
                       xlink:to="de-gaap-ci_fpl.additionDeductsTpl.div3Years"
                       order="3"
                       xlink:arcrole="http://www.xbrl.org/2003/arcrole/parent-child"
                       xlink:type="arc"/>
      <presentationArc xlink:from="de-gaap-ci_fpl" xlink:to="de-gaap-ci_fpl.fiscalCorrectonsTaxGroup"
                       order="4.5"
                       xlink:arcrole="http://www.xbrl.org/2003/arcrole/parent-child"
                       xlink:type="arc"/>
      <presentationArc xlink:from="de-gaap-ci_fpl.fiscalCorrectonsTaxGroup"
                       xlink:to="de-gaap-ci_fpl.fiscalCorrectonsTaxGroup.ProfitRecordedWithParent"
                       order="1"
                       xlink:arcrole="http://www.xbrl.org/2003/arcrole/parent-child"
                       xlink:type="arc"/>
      <presentationArc xlink:from="de-gaap-ci_fpl.fiscalCorrectonsTaxGroup"
                       xlink:to="de-gaap-ci_fpl.fiscalCorrectonsTaxGroup.LossCompensationByParent"
                       order="2"
                       xlink:arcrole="http://www.xbrl.org/2003/arcrole/parent-child"
                       xlink:type="arc"/>
      <presentationArc xlink:from="de-gaap-ci_fpl.fiscalCorrectonsTaxGroup"
                       xlink:to="de-gaap-ci_fpl.fiscalCorrectonsTaxGroup.ExpenseFromChangeOfAdjustmentItem"
                       order="3"
                       xlink:arcrole="http://www.xbrl.org/2003/arcrole/parent-child"
                       xlink:type="arc"/>
      <presentationArc xlink:from="de-gaap-ci_fpl.fiscalCorrectonsTaxGroup"
                       xlink:to="de-gaap-ci_fpl.fiscalCorrectonsTaxGroup.IncomeFromChangeOfAdjustmentItem"
                       order="4"
                       xlink:arcrole="http://www.xbrl.org/2003/arcrole/parent-child"
                       xlink:type="arc"/>
      <presentationArc xlink:from="de-gaap-ci_fpl.fiscalCorrectonsTaxGroup"
                       xlink:to="de-gaap-ci_fpl.fiscalCorrectonsTaxGroup.earningProfSharingPreconsoliRemittShortfall"
                       order="5"
                       xlink:arcrole="http://www.xbrl.org/2003/arcrole/parent-child"
                       xlink:type="arc"/>
      <presentationArc xlink:from="de-gaap-ci_fpl.fiscalCorrectonsTaxGroup"
                       xlink:to="de-gaap-ci_fpl.fiscalCorrectonsTaxGroup.earningProfSharingPreconsoliRemittSurplus"
                       order="6"
                       xlink:arcrole="http://www.xbrl.org/2003/arcrole/parent-child"
                       xlink:type="arc"/>
      <presentationArc xlink:from="de-gaap-ci_fpl" xlink:to="de-gaap-ci_fpl.fiscalCorrectionsEStG4f"
                       order="3.5"
                       xlink:arcrole="http://www.xbrl.org/2003/arcrole/parent-child"
                       xlink:type="arc"/>
   </presentationLink>
</linkbase>