<?xml version="1.0" encoding="utf-8"?>
<!--(c) XBRL Deutschland e.V. - see http://www.xbrl.de-->


<linkbase xmlns="http://www.xbrl.org/2003/linkbase"
          xmlns:xsi="http://www.w3.org/2001/XMLSchema-instance"
          xsi:schemaLocation="http://www.xbrl.org/2003/linkbase http://www.xbrl.org/2003/xbrl-linkbase-2003-12-31.xsd">
   <roleRef xmlns:xbrldt="http://xbrl.org/2005/xbrldt"
            xmlns:xbrli="http://www.xbrl.org/2003/instance"
            xmlns:xlink="http://www.w3.org/1999/xlink"
            roleURI="http://www.xbrl.de/taxonomies/de-gaap-ci/role/notes"
            xlink:href="de-gaap-ci-2018-04-01.xsd#role_notes"
            xlink:type="simple"/>
   <presentationLink xmlns:xlink="http://www.w3.org/1999/xlink"
                     xlink:role="http://www.xbrl.de/taxonomies/de-gaap-ci/role/notes"
                     xlink:type="extended">
      <loc xlink:type="locator" xlink:href="de-gaap-ci-2018-04-01.xsd#de-gaap-ci_nt.ass"
           xlink:label="de-gaap-ci_nt.ass"/>
      <loc xlink:type="locator"
           xlink:href="de-gaap-ci-2018-04-01-dimensions.xsd#de-gaap-ci_table.nt.ass.net"
           xlink:label="de-gaap-ci_table.nt.ass.net"/>
      <loc xlink:type="locator"
           xlink:href="de-gaap-ci-2018-04-01-dimensions.xsd#de-gaap-ci_cube_.nt.ass.net"
           xlink:label="de-gaap-ci_cube_.nt.ass.net"/>
      <loc xlink:type="locator"
           xlink:href="de-gaap-ci-2018-04-01-dimensions.xsd#de-gaap-ci_dim_taxTrans"
           xlink:label="de-gaap-ci_dim_taxTrans"/>
      <loc xlink:type="locator"
           xlink:href="de-gaap-ci-2018-04-01-dimensions.xsd#de-gaap-ci_dim_changes.nt.ass.net"
           xlink:label="de-gaap-ci_dim_changes.nt.ass.net"/>
      <loc xlink:type="locator"
           xlink:href="de-gaap-ci-2018-04-01.xsd#de-gaap-ci_bs.ass.fixAss"
           xlink:label="de-gaap-ci_bs.ass.fixAss"/>
      <loc xlink:type="locator"
           xlink:href="de-gaap-ci-2018-04-01-dimensions.xsd#de-gaap-ci_piTitle.nt.ass.net"
           xlink:label="de-gaap-ci_piTitle.nt.ass.net"/>
      <loc xlink:type="locator"
           xlink:href="de-gaap-ci-2018-04-01-dimensions.xsd#de-gaap-ci_net_all"
           xlink:label="de-gaap-ci_net_all"/>
      <loc xlink:type="locator"
           xlink:href="de-gaap-ci-2018-04-01-dimensions.xsd#de-gaap-ci_net_beginning"
           xlink:label="de-gaap-ci_net_beginning"/>
      <loc xlink:type="locator"
           xlink:href="de-gaap-ci-2018-04-01-dimensions.xsd#de-gaap-ci_net_diff"
           xlink:label="de-gaap-ci_net_diff"/>
      <loc xlink:type="locator"
           xlink:href="de-gaap-ci-2018-04-01-dimensions.xsd#de-gaap-ci_net_diff.currDiff"
           xlink:label="de-gaap-ci_net_diff.currDiff"/>
      <loc xlink:type="locator"
           xlink:href="de-gaap-ci-2018-04-01-dimensions.xsd#de-gaap-ci_net_diff.otherDiff"
           xlink:label="de-gaap-ci_net_diff.otherDiff"/>
      <loc xlink:type="locator"
           xlink:href="de-gaap-ci-2018-04-01-dimensions.xsd#de-gaap-ci_net_diff.otherDiff.comment"
           xlink:label="de-gaap-ci_net_diff.otherDiff.comment"/>
      <loc xlink:type="locator"
           xlink:href="de-gaap-ci-2018-04-01-dimensions.xsd#de-gaap-ci_net_addition"
           xlink:label="de-gaap-ci_net_addition"/>
      <loc xlink:type="locator"
           xlink:href="de-gaap-ci-2018-04-01-dimensions.xsd#de-gaap-ci_net_addition.interest"
           xlink:label="de-gaap-ci_net_addition.interest"/>
      <loc xlink:type="locator"
           xlink:href="de-gaap-ci-2018-04-01-dimensions.xsd#de-gaap-ci_net_release"
           xlink:label="de-gaap-ci_net_release"/>
      <loc xlink:type="locator"
           xlink:href="de-gaap-ci-2018-04-01-dimensions.xsd#de-gaap-ci_depreciation"
           xlink:label="de-gaap-ci_depreciation"/>
      <loc xlink:type="locator"
           xlink:href="de-gaap-ci-2018-04-01-dimensions.xsd#de-gaap-ci_net_movements"
           xlink:label="de-gaap-ci_net_movements"/>
      <loc xlink:type="locator"
           xlink:href="de-gaap-ci-2018-04-01-dimensions.xsd#de-gaap-ci_net_currChanges"
           xlink:label="de-gaap-ci_net_currChanges"/>
      <loc xlink:type="locator"
           xlink:href="de-gaap-ci-2018-04-01-dimensions.xsd#de-gaap-ci_net_revaluation"
           xlink:label="de-gaap-ci_net_revaluation"/>
      <loc xlink:type="locator"
           xlink:href="de-gaap-ci-2018-04-01-dimensions.xsd#de-gaap-ci_net_revaluation.comment"
           xlink:label="de-gaap-ci_net_revaluation.comment"/>
      <presentationArc xlink:from="de-gaap-ci_nt.ass" xlink:to="de-gaap-ci_table.nt.ass.net" order="2"
                       xlink:arcrole="http://www.xbrl.org/2003/arcrole/parent-child"
                       xlink:type="arc"/>
      <presentationArc xmlns:xbrldt="http://xbrl.org/2005/xbrldt"
                       xlink:from="de-gaap-ci_table.nt.ass.net"
                       xlink:to="de-gaap-ci_cube_.nt.ass.net"
                       order="1"
                       xbrldt:contextElement="scenario"
                       xlink:arcrole="http://www.xbrl.org/2003/arcrole/parent-child"
                       xlink:type="arc"/>
      <presentationArc xlink:from="de-gaap-ci_cube_.nt.ass.net" xlink:to="de-gaap-ci_dim_taxTrans"
                       order="1"
                       xlink:arcrole="http://www.xbrl.org/2003/arcrole/parent-child"
                       xlink:type="arc"/>
      <presentationArc xlink:from="de-gaap-ci_cube_.nt.ass.net"
                       xlink:to="de-gaap-ci_dim_changes.nt.ass.net"
                       order="2"
                       xlink:arcrole="http://www.xbrl.org/2003/arcrole/parent-child"
                       xlink:type="arc"/>
      <presentationArc xlink:from="de-gaap-ci_dim_changes.nt.ass.net"
                       xlink:to="de-gaap-ci_bs.ass.fixAss"
                       order="2"
                       xlink:arcrole="http://www.xbrl.org/2003/arcrole/parent-child"
                       xlink:type="arc"/>
      <presentationArc xlink:from="de-gaap-ci_table.nt.ass.net"
                       xlink:to="de-gaap-ci_piTitle.nt.ass.net"
                       order="3"
                       xlink:arcrole="http://www.xbrl.org/2003/arcrole/parent-child"
                       xlink:type="arc"/>
      <presentationArc xlink:from="de-gaap-ci_piTitle.nt.ass.net" xlink:to="de-gaap-ci_net_all"
                       order="1"
                       xlink:arcrole="http://www.xbrl.org/2003/arcrole/parent-child"
                       xlink:type="arc"/>
      <presentationArc xlink:from="de-gaap-ci_net_all" xlink:to="de-gaap-ci_net_beginning" order="1"
                       xlink:arcrole="http://www.xbrl.org/2003/arcrole/parent-child"
                       xlink:type="arc"/>
      <presentationArc xlink:from="de-gaap-ci_net_all" xlink:to="de-gaap-ci_net_diff" order="2"
                       xlink:arcrole="http://www.xbrl.org/2003/arcrole/parent-child"
                       xlink:type="arc"/>
      <presentationArc xlink:from="de-gaap-ci_net_diff" xlink:to="de-gaap-ci_net_diff.currDiff"
                       order="1"
                       xlink:arcrole="http://www.xbrl.org/2003/arcrole/parent-child"
                       xlink:type="arc"/>
      <presentationArc xlink:from="de-gaap-ci_net_diff" xlink:to="de-gaap-ci_net_diff.otherDiff"
                       order="2"
                       xlink:arcrole="http://www.xbrl.org/2003/arcrole/parent-child"
                       xlink:type="arc"/>
      <presentationArc xlink:from="de-gaap-ci_net_diff.otherDiff"
                       xlink:to="de-gaap-ci_net_diff.otherDiff.comment"
                       order="1"
                       xlink:arcrole="http://www.xbrl.org/2003/arcrole/parent-child"
                       xlink:type="arc"/>
      <presentationArc xlink:from="de-gaap-ci_net_all" xlink:to="de-gaap-ci_net_addition" order="3"
                       xlink:arcrole="http://www.xbrl.org/2003/arcrole/parent-child"
                       xlink:type="arc"/>
      <presentationArc xlink:from="de-gaap-ci_net_addition"
                       xlink:to="de-gaap-ci_net_addition.interest"
                       order="1"
                       xlink:arcrole="http://www.xbrl.org/2003/arcrole/parent-child"
                       xlink:type="arc"/>
      <presentationArc xlink:from="de-gaap-ci_net_all" xlink:to="de-gaap-ci_net_release" order="4"
                       xlink:arcrole="http://www.xbrl.org/2003/arcrole/parent-child"
                       xlink:type="arc"/>
      <presentationArc xlink:from="de-gaap-ci_net_all" xlink:to="de-gaap-ci_depreciation" order="5"
                       xlink:arcrole="http://www.xbrl.org/2003/arcrole/parent-child"
                       xlink:type="arc"/>
      <presentationArc xlink:from="de-gaap-ci_net_all" xlink:to="de-gaap-ci_net_movements" order="6"
                       xlink:arcrole="http://www.xbrl.org/2003/arcrole/parent-child"
                       xlink:type="arc"/>
      <presentationArc xlink:from="de-gaap-ci_net_all" xlink:to="de-gaap-ci_net_currChanges" order="8"
                       xlink:arcrole="http://www.xbrl.org/2003/arcrole/parent-child"
                       xlink:type="arc"/>
      <presentationArc xlink:from="de-gaap-ci_net_all" xlink:to="de-gaap-ci_net_revaluation" order="9"
                       xlink:arcrole="http://www.xbrl.org/2003/arcrole/parent-child"
                       xlink:type="arc"/>
      <presentationArc xlink:from="de-gaap-ci_net_revaluation"
                       xlink:to="de-gaap-ci_net_revaluation.comment"
                       order="1"
                       xlink:arcrole="http://www.xbrl.org/2003/arcrole/parent-child"
                       xlink:type="arc"/>
   </presentationLink>
</linkbase>