<?xml version="1.0" encoding="utf-8"?>
<!--(c) XBRL Deutschland e.V. - see http://www.xbrl.de-->


<linkbase xmlns="http://www.xbrl.org/2003/linkbase"
          xmlns:xsi="http://www.w3.org/2001/XMLSchema-instance"
          xsi:schemaLocation="http://www.xbrl.org/2003/linkbase http://www.xbrl.org/2003/xbrl-linkbase-2003-12-31.xsd">
   <roleRef xmlns:xbrldt="http://xbrl.org/2005/xbrldt"
            xmlns:xbrli="http://www.xbrl.org/2003/instance"
            xmlns:xlink="http://www.w3.org/1999/xlink"
            roleURI="http://www.xbrl.de/taxonomies/de-gaap-ci/role/changesEquityStatement"
            xlink:href="de-gaap-ci-2018-04-01.xsd#role_changesEquityStatement"
            xlink:type="simple"/>
   <calculationLink xmlns:xlink="http://www.w3.org/1999/xlink"
                    xlink:role="http://www.xbrl.de/taxonomies/de-gaap-ci/role/changesEquityStatement"
                    xlink:type="extended">
      <loc xlink:type="locator"
           xlink:href="de-gaap-ci-2018-04-01-dimensions.xsd#de-gaap-ci_eqCh.group_all"
           xlink:label="de-gaap-ci_eqCh.group_all"/>
      <loc xlink:type="locator"
           xlink:href="de-gaap-ci-2018-04-01-dimensions.xsd#de-gaap-ci_eqCh.group.taxWithdrawals"
           xlink:label="de-gaap-ci_eqCh.group.taxWithdrawals"/>
      <loc xlink:type="locator"
           xlink:href="de-gaap-ci-2018-04-01-dimensions.xsd#de-gaap-ci_eqCh.group.dividends"
           xlink:label="de-gaap-ci_eqCh.group.dividends"/>
      <loc xlink:type="locator"
           xlink:href="de-gaap-ci-2018-04-01-dimensions.xsd#de-gaap-ci_eqCh.group.groupResult"
           xlink:label="de-gaap-ci_eqCh.group.groupResult"/>
      <loc xlink:type="locator"
           xlink:href="de-gaap-ci-2018-04-01-dimensions.xsd#de-gaap-ci_eqCh.group.otherResult"
           xlink:label="de-gaap-ci_eqCh.group.otherResult"/>
      <loc xlink:type="locator"
           xlink:href="de-gaap-ci-2018-04-01-dimensions.xsd#de-gaap-ci_eqCh.group.netIncome"
           xlink:label="de-gaap-ci_eqCh.group.netIncome"/>
      <loc xlink:type="locator"
           xlink:href="de-gaap-ci-2018-04-01-dimensions.xsd#de-gaap-ci_eqCh.group.otherChanges"
           xlink:label="de-gaap-ci_eqCh.group.otherChanges"/>
      <loc xlink:type="locator"
           xlink:href="de-gaap-ci-2018-04-01-dimensions.xsd#de-gaap-ci_eqCh.group.otherChanges.other"
           xlink:label="de-gaap-ci_eqCh.group.otherChanges.other"/>
      <loc xlink:type="locator"
           xlink:href="de-gaap-ci-2018-04-01-dimensions.xsd#de-gaap-ci_eqCh.group.otherChanges.revaluation"
           xlink:label="de-gaap-ci_eqCh.group.otherChanges.revaluation"/>
      <loc xlink:type="locator"
           xlink:href="de-gaap-ci-2018-04-01-dimensions.xsd#de-gaap-ci_eqCh.group.otherChanges.currTransl"
           xlink:label="de-gaap-ci_eqCh.group.otherChanges.currTransl"/>
      <loc xlink:type="locator"
           xlink:href="de-gaap-ci-2018-04-01-dimensions.xsd#de-gaap-ci_eqCh.group.movements"
           xlink:label="de-gaap-ci_eqCh.group.movements"/>
      <loc xlink:type="locator"
           xlink:href="de-gaap-ci-2018-04-01-dimensions.xsd#de-gaap-ci_eqCh.group.ownSharesPurchase"
           xlink:label="de-gaap-ci_eqCh.group.ownSharesPurchase"/>
      <loc xlink:type="locator"
           xlink:href="de-gaap-ci-2018-04-01-dimensions.xsd#de-gaap-ci_eqCh.group.paidInCapital"
           xlink:label="de-gaap-ci_eqCh.group.paidInCapital"/>
      <loc xlink:type="locator"
           xlink:href="de-gaap-ci-2018-04-01-dimensions.xsd#de-gaap-ci_eqCh.group_beginning"
           xlink:label="de-gaap-ci_eqCh.group_beginning"/>
      <loc xlink:type="locator"
           xlink:href="de-gaap-ci-2018-04-01-dimensions.xsd#de-gaap-ci_dim_all"
           xlink:label="de-gaap-ci_dim_all"/>
      <loc xlink:type="locator"
           xlink:href="de-gaap-ci-2018-04-01-dimensions.xsd#de-gaap-ci_dim_parent"
           xlink:label="de-gaap-ci_dim_parent"/>
      <loc xlink:type="locator"
           xlink:href="de-gaap-ci-2018-04-01-dimensions.xsd#de-gaap-ci_dim_parent.accGroupStatement.shares"
           xlink:label="de-gaap-ci_dim_parent.accGroupStatement.shares"/>
      <loc xlink:type="locator"
           xlink:href="de-gaap-ci-2018-04-01-dimensions.xsd#de-gaap-ci_dim_parent.accGroupStatement.sharesRegular"
           xlink:label="de-gaap-ci_dim_parent.accGroupStatement.sharesRegular"/>
      <loc xlink:type="locator"
           xlink:href="de-gaap-ci-2018-04-01-dimensions.xsd#de-gaap-ci_dim_parent.accGroupStatement.sharesPremium"
           xlink:label="de-gaap-ci_dim_parent.accGroupStatement.sharesPremium"/>
      <loc xlink:type="locator"
           xlink:href="de-gaap-ci-2018-04-01-dimensions.xsd#de-gaap-ci_dim_parent.accGroupStatement.uncalled"
           xlink:label="de-gaap-ci_dim_parent.accGroupStatement.uncalled"/>
      <loc xlink:type="locator"
           xlink:href="de-gaap-ci-2018-04-01-dimensions.xsd#de-gaap-ci_dim_parent.accGroupStatement.capitalReserve"
           xlink:label="de-gaap-ci_dim_parent.accGroupStatement.capitalReserve"/>
      <loc xlink:type="locator"
           xlink:href="de-gaap-ci-2018-04-01-dimensions.xsd#de-gaap-ci_dim_parent.accGroupStatement.revenueRes"
           xlink:label="de-gaap-ci_dim_parent.accGroupStatement.revenueRes"/>
      <loc xlink:type="locator"
           xlink:href="de-gaap-ci-2018-04-01-dimensions.xsd#de-gaap-ci_dim_parent.accGroupStatement.ownShares"
           xlink:label="de-gaap-ci_dim_parent.accGroupStatement.ownShares"/>
      <loc xlink:type="locator"
           xlink:href="de-gaap-ci-2018-04-01-dimensions.xsd#de-gaap-ci_dim_parent.accGroupStatement.otherGroupResult"
           xlink:label="de-gaap-ci_dim_parent.accGroupStatement.otherGroupResult"/>
      <loc xlink:type="locator"
           xlink:href="de-gaap-ci-2018-04-01-dimensions.xsd#de-gaap-ci_dim_parent.accGroupStatement.otherGroupResult.currTransl"
           xlink:label="de-gaap-ci_dim_parent.accGroupStatement.otherGroupResult.currTransl"/>
      <loc xlink:type="locator"
           xlink:href="de-gaap-ci-2018-04-01-dimensions.xsd#de-gaap-ci_dim_parent.accGroupStatement.otherGroupResult.other"
           xlink:label="de-gaap-ci_dim_parent.accGroupStatement.otherGroupResult.other"/>
      <calculationArc xlink:from="de-gaap-ci_eqCh.group_all"
                      xlink:to="de-gaap-ci_eqCh.group.taxWithdrawals"
                      order="5"
                      weight="-1"
                      xlink:arcrole="http://www.xbrl.org/2003/arcrole/summation-item"
                      xlink:type="arc"/>
      <calculationArc xlink:from="de-gaap-ci_eqCh.group_all"
                      xlink:to="de-gaap-ci_eqCh.group.dividends"
                      order="4"
                      weight="-1"
                      xlink:arcrole="http://www.xbrl.org/2003/arcrole/summation-item"
                      xlink:type="arc"/>
      <calculationArc xlink:from="de-gaap-ci_eqCh.group_all"
                      xlink:to="de-gaap-ci_eqCh.group.groupResult"
                      order="9"
                      weight="1"
                      xlink:arcrole="http://www.xbrl.org/2003/arcrole/summation-item"
                      xlink:type="arc"/>
      <calculationArc xlink:from="de-gaap-ci_eqCh.group.groupResult"
                      xlink:to="de-gaap-ci_eqCh.group.otherResult"
                      order="2"
                      weight="1"
                      xlink:arcrole="http://www.xbrl.org/2003/arcrole/summation-item"
                      xlink:type="arc"/>
      <calculationArc xlink:from="de-gaap-ci_eqCh.group.groupResult"
                      xlink:to="de-gaap-ci_eqCh.group.netIncome"
                      order="1"
                      weight="1"
                      xlink:arcrole="http://www.xbrl.org/2003/arcrole/summation-item"
                      xlink:type="arc"/>
      <calculationArc xlink:from="de-gaap-ci_eqCh.group_all"
                      xlink:to="de-gaap-ci_eqCh.group.otherChanges"
                      order="8"
                      weight="1"
                      xlink:arcrole="http://www.xbrl.org/2003/arcrole/summation-item"
                      xlink:type="arc"/>
      <calculationArc xlink:from="de-gaap-ci_eqCh.group.otherChanges"
                      xlink:to="de-gaap-ci_eqCh.group.otherChanges.other"
                      order="3"
                      weight="1"
                      xlink:arcrole="http://www.xbrl.org/2003/arcrole/summation-item"
                      xlink:type="arc"/>
      <calculationArc xlink:from="de-gaap-ci_eqCh.group.otherChanges"
                      xlink:to="de-gaap-ci_eqCh.group.otherChanges.revaluation"
                      order="2"
                      weight="1"
                      xlink:arcrole="http://www.xbrl.org/2003/arcrole/summation-item"
                      xlink:type="arc"/>
      <calculationArc xlink:from="de-gaap-ci_eqCh.group.otherChanges"
                      xlink:to="de-gaap-ci_eqCh.group.otherChanges.currTransl"
                      order="1"
                      weight="1"
                      xlink:arcrole="http://www.xbrl.org/2003/arcrole/summation-item"
                      xlink:type="arc"/>
      <calculationArc xlink:from="de-gaap-ci_eqCh.group_all"
                      xlink:to="de-gaap-ci_eqCh.group.movements"
                      order="6"
                      weight="1"
                      xlink:arcrole="http://www.xbrl.org/2003/arcrole/summation-item"
                      xlink:type="arc"/>
      <calculationArc xlink:from="de-gaap-ci_eqCh.group_all"
                      xlink:to="de-gaap-ci_eqCh.group.ownSharesPurchase"
                      order="3"
                      weight="1"
                      xlink:arcrole="http://www.xbrl.org/2003/arcrole/summation-item"
                      xlink:type="arc"/>
      <calculationArc xlink:from="de-gaap-ci_eqCh.group_all"
                      xlink:to="de-gaap-ci_eqCh.group.paidInCapital"
                      order="2"
                      weight="1"
                      xlink:arcrole="http://www.xbrl.org/2003/arcrole/summation-item"
                      xlink:type="arc"/>
      <calculationArc xlink:from="de-gaap-ci_eqCh.group_all"
                      xlink:to="de-gaap-ci_eqCh.group_beginning"
                      order="1"
                      weight="1"
                      xlink:arcrole="http://www.xbrl.org/2003/arcrole/summation-item"
                      xlink:type="arc"/>
      <calculationArc xlink:from="de-gaap-ci_dim_all" xlink:to="de-gaap-ci_dim_parent" order="1"
                      weight="1"
                      xlink:arcrole="http://www.xbrl.org/2003/arcrole/summation-item"
                      xlink:type="arc"/>
      <calculationArc xlink:from="de-gaap-ci_dim_parent"
                      xlink:to="de-gaap-ci_dim_parent.accGroupStatement.shares"
                      order="1"
                      weight="1"
                      xlink:arcrole="http://www.xbrl.org/2003/arcrole/summation-item"
                      xlink:type="arc"/>
      <calculationArc xlink:from="de-gaap-ci_dim_parent.accGroupStatement.shares"
                      xlink:to="de-gaap-ci_dim_parent.accGroupStatement.sharesRegular"
                      order="1"
                      weight="1"
                      xlink:arcrole="http://www.xbrl.org/2003/arcrole/summation-item"
                      xlink:type="arc"/>
      <calculationArc xlink:from="de-gaap-ci_dim_parent.accGroupStatement.shares"
                      xlink:to="de-gaap-ci_dim_parent.accGroupStatement.sharesPremium"
                      order="2"
                      weight="1"
                      xlink:arcrole="http://www.xbrl.org/2003/arcrole/summation-item"
                      xlink:type="arc"/>
      <calculationArc xlink:from="de-gaap-ci_dim_parent"
                      xlink:to="de-gaap-ci_dim_parent.accGroupStatement.uncalled"
                      order="2"
                      weight="1"
                      xlink:arcrole="http://www.xbrl.org/2003/arcrole/summation-item"
                      xlink:type="arc"/>
      <calculationArc xlink:from="de-gaap-ci_dim_parent"
                      xlink:to="de-gaap-ci_dim_parent.accGroupStatement.capitalReserve"
                      order="3"
                      weight="1"
                      xlink:arcrole="http://www.xbrl.org/2003/arcrole/summation-item"
                      xlink:type="arc"/>
      <calculationArc xlink:from="de-gaap-ci_dim_parent"
                      xlink:to="de-gaap-ci_dim_parent.accGroupStatement.revenueRes"
                      order="4"
                      weight="1"
                      xlink:arcrole="http://www.xbrl.org/2003/arcrole/summation-item"
                      xlink:type="arc"/>
      <calculationArc xlink:from="de-gaap-ci_dim_parent"
                      xlink:to="de-gaap-ci_dim_parent.accGroupStatement.ownShares"
                      order="5"
                      weight="1"
                      xlink:arcrole="http://www.xbrl.org/2003/arcrole/summation-item"
                      xlink:type="arc"/>
      <calculationArc xlink:from="de-gaap-ci_dim_parent"
                      xlink:to="de-gaap-ci_dim_parent.accGroupStatement.otherGroupResult"
                      order="6"
                      weight="1"
                      xlink:arcrole="http://www.xbrl.org/2003/arcrole/summation-item"
                      xlink:type="arc"/>
      <calculationArc xlink:from="de-gaap-ci_dim_parent.accGroupStatement.otherGroupResult"
                      xlink:to="de-gaap-ci_dim_parent.accGroupStatement.otherGroupResult.currTransl"
                      order="1"
                      weight="1"
                      xlink:arcrole="http://www.xbrl.org/2003/arcrole/summation-item"
                      xlink:type="arc"/>
      <calculationArc xlink:from="de-gaap-ci_dim_parent.accGroupStatement.otherGroupResult"
                      xlink:to="de-gaap-ci_dim_parent.accGroupStatement.otherGroupResult.other"
                      order="2"
                      weight="1"
                      xlink:arcrole="http://www.xbrl.org/2003/arcrole/summation-item"
                      xlink:type="arc"/>
   </calculationLink>
</linkbase>