<?xml version="1.0" encoding="utf-8"?>
<!--(c) XBRL Deutschland e.V. - see http://www.xbrl.de-->


<linkbase xmlns="http://www.xbrl.org/2003/linkbase"
          xmlns:xsi="http://www.w3.org/2001/XMLSchema-instance"
          xsi:schemaLocation="http://www.xbrl.org/2003/linkbase http://www.xbrl.org/2003/xbrl-linkbase-2003-12-31.xsd">
   <roleRef xmlns:xlink="http://www.w3.org/1999/xlink"
            roleURI="http://www.xbrl.de/taxonomies/de-gaap-ci/role/addInfoCreditScoring"
            xlink:href="de-gaap-ci-2018-04-01.xsd#role_addInfoCreditScoring"
            xlink:type="simple"/>
   <presentationLink xmlns:xlink="http://www.w3.org/1999/xlink"
                     xlink:role="http://www.xbrl.de/taxonomies/de-gaap-ci/role/addInfoCreditScoring"
                     xlink:type="extended">
      <loc xlink:type="locator"
           xlink:href="de-gaap-ci-2018-04-01.xsd#de-gaap-ci_AddInfoCreditScoring"
           xlink:label="de-gaap-ci_AddInfoCreditScoring"/>
      <loc xlink:type="locator"
           xlink:href="de-gaap-ci-2018-04-01.xsd#de-gaap-ci_AddInfoCreditScoring.bs.ass.fixAss.tan"
           xlink:label="de-gaap-ci_AddInfoCreditScoring.bs.ass.fixAss.tan"/>
      <loc xlink:type="locator"
           xlink:href="de-gaap-ci-2018-04-01.xsd#de-gaap-ci_AddInfoCreditScoring.bs.ass.fixAss.tan.finLeasing"
           xlink:label="de-gaap-ci_AddInfoCreditScoring.bs.ass.fixAss.tan.finLeasing"/>
      <loc xlink:type="locator"
           xlink:href="de-gaap-ci-2018-04-01.xsd#de-gaap-ci_AddInfoCreditScoring.bs.ass.fixAss.fin.particip.assoc"
           xlink:label="de-gaap-ci_AddInfoCreditScoring.bs.ass.fixAss.fin.particip.assoc"/>
      <loc xlink:type="locator"
           xlink:href="de-gaap-ci-2018-04-01.xsd#de-gaap-ci_AddInfoCreditScoring.bs.ass.currAss.cashEquiv.bank"
           xlink:label="de-gaap-ci_AddInfoCreditScoring.bs.ass.currAss.cashEquiv.bank"/>
      <loc xlink:type="locator"
           xlink:href="de-gaap-ci-2018-04-01.xsd#de-gaap-ci_AddInfoCreditScoring.bs.ass.currAss.cashEquiv.bank.above1year"
           xlink:label="de-gaap-ci_AddInfoCreditScoring.bs.ass.currAss.cashEquiv.bank.above1year"/>
      <loc xlink:type="locator"
           xlink:href="de-gaap-ci-2018-04-01.xsd#de-gaap-ci_AddInfoCreditScoring.bs.ass.currAss.cashEquiv.bank.blocked"
           xlink:label="de-gaap-ci_AddInfoCreditScoring.bs.ass.currAss.cashEquiv.bank.blocked"/>
      <loc xlink:type="locator"
           xlink:href="de-gaap-ci-2018-04-01.xsd#de-gaap-ci_AddInfoCreditScoring.bs.eqLiab.liab.bank"
           xlink:label="de-gaap-ci_AddInfoCreditScoring.bs.eqLiab.liab.bank"/>
      <loc xlink:type="locator"
           xlink:href="de-gaap-ci-2018-04-01.xsd#de-gaap-ci_AddInfoCreditScoring.bs.eqLiab.liab.bank.upTo1yearRepaidLongMidTerm"
           xlink:label="de-gaap-ci_AddInfoCreditScoring.bs.eqLiab.liab.bank.upTo1yearRepaidLongMidTerm"/>
      <loc xlink:type="locator"
           xlink:href="de-gaap-ci-2018-04-01.xsd#de-gaap-ci_AddInfoCreditScoring.bs.eqLiab.liab.bank.lastrange"
           xlink:label="de-gaap-ci_AddInfoCreditScoring.bs.eqLiab.liab.bank.lastrange"/>
      <loc xlink:type="locator"
           xlink:href="de-gaap-ci-2018-04-01.xsd#de-gaap-ci_AddInfoCreditScoring.bs.eqLiab.liab.assocComp"
           xlink:label="de-gaap-ci_AddInfoCreditScoring.bs.eqLiab.liab.assocComp"/>
      <loc xlink:type="locator"
           xlink:href="de-gaap-ci-2018-04-01.xsd#de-gaap-ci_AddInfoCreditScoring.bs.eqLiab.liab.assocComp.upTo1yearInterestable"
           xlink:label="de-gaap-ci_AddInfoCreditScoring.bs.eqLiab.liab.assocComp.upTo1yearInterestable"/>
      <loc xlink:type="locator"
           xlink:href="de-gaap-ci-2018-04-01.xsd#de-gaap-ci_AddInfoCreditScoring.bs.eqLiab.liab.assocComp.above1yearInterestable"
           xlink:label="de-gaap-ci_AddInfoCreditScoring.bs.eqLiab.liab.assocComp.above1yearInterestable"/>
      <loc xlink:type="locator"
           xlink:href="de-gaap-ci-2018-04-01.xsd#de-gaap-ci_AddInfoCreditScoring.bs.eqLiab.liab.particip"
           xlink:label="de-gaap-ci_AddInfoCreditScoring.bs.eqLiab.liab.particip"/>
      <loc xlink:type="locator"
           xlink:href="de-gaap-ci-2018-04-01.xsd#de-gaap-ci_AddInfoCreditScoring.bs.eqLiab.liab.particip.upTo1yearInterestable"
           xlink:label="de-gaap-ci_AddInfoCreditScoring.bs.eqLiab.liab.particip.upTo1yearInterestable"/>
      <loc xlink:type="locator"
           xlink:href="de-gaap-ci-2018-04-01.xsd#de-gaap-ci_AddInfoCreditScoring.bs.eqLiab.liab.particip.above1yearInterestable"
           xlink:label="de-gaap-ci_AddInfoCreditScoring.bs.eqLiab.liab.particip.above1yearInterestable"/>
      <loc xlink:type="locator"
           xlink:href="de-gaap-ci-2018-04-01.xsd#de-gaap-ci_AddInfoCreditScoring.bs.eqLiab.liab.other"
           xlink:label="de-gaap-ci_AddInfoCreditScoring.bs.eqLiab.liab.other"/>
      <loc xlink:type="locator"
           xlink:href="de-gaap-ci-2018-04-01.xsd#de-gaap-ci_AddInfoCreditScoring.bs.eqLiab.liab.other.upTo1yearInterestable"
           xlink:label="de-gaap-ci_AddInfoCreditScoring.bs.eqLiab.liab.other.upTo1yearInterestable"/>
      <loc xlink:type="locator"
           xlink:href="de-gaap-ci-2018-04-01.xsd#de-gaap-ci_AddInfoCreditScoring.bs.eqLiab.liab.other.above1yearInterestable"
           xlink:label="de-gaap-ci_AddInfoCreditScoring.bs.eqLiab.liab.other.above1yearInterestable"/>
      <loc xlink:type="locator"
           xlink:href="de-gaap-ci-2018-04-01.xsd#de-gaap-ci_AddInfoCreditScoring.bs.eqLiab.liab.other.above5yearInterestable"
           xlink:label="de-gaap-ci_AddInfoCreditScoring.bs.eqLiab.liab.other.above5yearInterestable"/>
      <loc xlink:type="locator"
           xlink:href="de-gaap-ci-2018-04-01.xsd#de-gaap-ci_AddInfoCreditScoring.is.netIncome.regular.operatingTC.grossTradingProfit.totalOutput.netSales"
           xlink:label="de-gaap-ci_AddInfoCreditScoring.is.netIncome.regular.operatingTC.grossTradingProfit.totalOutput.netSales"/>
      <loc xlink:type="locator"
           xlink:href="de-gaap-ci-2018-04-01.xsd#de-gaap-ci_AddInfoCreditScoring.is.netIncome.regular.operatingTC.grossTradingProfit.totalOutput.netSales.grossSales.branche_kfz_SelldemoModelLeaseCars"
           xlink:label="de-gaap-ci_AddInfoCreditScoring.is.netIncome.regular.operatingTC.grossTradingProfit.totalOutput.netSales.grossSales.branche_kfz_SelldemoModelLeaseCars"/>
      <loc xlink:type="locator"
           xlink:href="de-gaap-ci-2018-04-01.xsd#de-gaap-ci_AddInfoCreditScoring.is.netIncome.regular.operatingTC.grossTradingProfit.totalOutput.netSales.grossSales.branche_kfz_LeaseCars"
           xlink:label="de-gaap-ci_AddInfoCreditScoring.is.netIncome.regular.operatingTC.grossTradingProfit.totalOutput.netSales.grossSales.branche_kfz_LeaseCars"/>
      <loc xlink:type="locator"
           xlink:href="de-gaap-ci-2018-04-01.xsd#de-gaap-ci_AddInfoCreditScoring.is.netIncome.regular.operatingTC.grossTradingProfit.totalOutput.netSales.grossSales.foreignNonCurrEUR"
           xlink:label="de-gaap-ci_AddInfoCreditScoring.is.netIncome.regular.operatingTC.grossTradingProfit.totalOutput.netSales.grossSales.foreignNonCurrEUR"/>
      <loc xlink:type="locator"
           xlink:href="de-gaap-ci-2018-04-01.xsd#de-gaap-ci_AddInfoCreditScoring.is.netIncome.regular.operatingTC.otherCost"
           xlink:label="de-gaap-ci_AddInfoCreditScoring.is.netIncome.regular.operatingTC.otherCost"/>
      <loc xlink:type="locator"
           xlink:href="de-gaap-ci-2018-04-01.xsd#de-gaap-ci_AddInfoCreditScoring.is.netIncome.regular.operatingTC.otherCost.insuranceLessCars"
           xlink:label="de-gaap-ci_AddInfoCreditScoring.is.netIncome.regular.operatingTC.otherCost.insuranceLessCars"/>
      <loc xlink:type="locator"
           xlink:href="de-gaap-ci-2018-04-01.xsd#de-gaap-ci_AddInfoCreditScoring.is.netIncome.regular.fin.netInterest.expenses"
           xlink:label="de-gaap-ci_AddInfoCreditScoring.is.netIncome.regular.fin.netInterest.expenses"/>
      <loc xlink:type="locator"
           xlink:href="de-gaap-ci-2018-04-01.xsd#de-gaap-ci_AddInfoCreditScoring.is.netIncome.regular.fin.netInterest.expenses.lastRangeLiab"
           xlink:label="de-gaap-ci_AddInfoCreditScoring.is.netIncome.regular.fin.netInterest.expenses.lastRangeLiab"/>
      <loc xlink:type="locator"
           xlink:href="de-gaap-ci-2018-04-01.xsd#de-gaap-ci_AddInfoCreditScoring.is.netIncome.regular.fin.netInterest.other"
           xlink:label="de-gaap-ci_AddInfoCreditScoring.is.netIncome.regular.fin.netInterest.other"/>
      <loc xlink:type="locator"
           xlink:href="de-gaap-ci-2018-04-01.xsd#de-gaap-ci_AddInfoCreditScoring.is.netIncome.regular.fin.netInterest.other.estimProfitDist"
           xlink:label="de-gaap-ci_AddInfoCreditScoring.is.netIncome.regular.fin.netInterest.other.estimProfitDist"/>
      <loc xlink:type="locator"
           xlink:href="de-gaap-ci-2018-04-01.xsd#de-gaap-ci_AddInfoCreditScoring.is.netIncome.regular.fin.netInterest.other.rAndDCapitalised"
           xlink:label="de-gaap-ci_AddInfoCreditScoring.is.netIncome.regular.fin.netInterest.other.rAndDCapitalised"/>
      <loc xlink:type="locator"
           xlink:href="de-gaap-ci-2018-04-01.xsd#de-gaap-ci_AddInfoCreditScoring.is.netIncome.regular.fin.netInterest.other.ownSharesAgio"
           xlink:label="de-gaap-ci_AddInfoCreditScoring.is.netIncome.regular.fin.netInterest.other.ownSharesAgio"/>
      <loc xlink:type="locator"
           xlink:href="de-gaap-ci-2018-04-01.xsd#de-gaap-ci_AddInfoCreditScoring.is.netIncome.regular.fin.netInterest.other.ownSharesSubscribedCap"
           xlink:label="de-gaap-ci_AddInfoCreditScoring.is.netIncome.regular.fin.netInterest.other.ownSharesSubscribedCap"/>
      <presentationArc xlink:from="de-gaap-ci_AddInfoCreditScoring"
                       xlink:to="de-gaap-ci_AddInfoCreditScoring.bs.ass.fixAss.tan"
                       order="1"
                       xlink:arcrole="http://www.xbrl.org/2003/arcrole/parent-child"
                       xlink:type="arc"/>
      <presentationArc xlink:from="de-gaap-ci_AddInfoCreditScoring.bs.ass.fixAss.tan"
                       xlink:to="de-gaap-ci_AddInfoCreditScoring.bs.ass.fixAss.tan.finLeasing"
                       order="1"
                       xlink:arcrole="http://www.xbrl.org/2003/arcrole/parent-child"
                       xlink:type="arc"/>
      <presentationArc xlink:from="de-gaap-ci_AddInfoCreditScoring"
                       xlink:to="de-gaap-ci_AddInfoCreditScoring.bs.ass.fixAss.fin.particip.assoc"
                       order="2"
                       xlink:arcrole="http://www.xbrl.org/2003/arcrole/parent-child"
                       xlink:type="arc"/>
      <presentationArc xlink:from="de-gaap-ci_AddInfoCreditScoring"
                       xlink:to="de-gaap-ci_AddInfoCreditScoring.bs.ass.currAss.cashEquiv.bank"
                       order="3"
                       xlink:arcrole="http://www.xbrl.org/2003/arcrole/parent-child"
                       xlink:type="arc"/>
      <presentationArc xlink:from="de-gaap-ci_AddInfoCreditScoring.bs.ass.currAss.cashEquiv.bank"
                       xlink:to="de-gaap-ci_AddInfoCreditScoring.bs.ass.currAss.cashEquiv.bank.above1year"
                       order="1"
                       xlink:arcrole="http://www.xbrl.org/2003/arcrole/parent-child"
                       xlink:type="arc"/>
      <presentationArc xlink:from="de-gaap-ci_AddInfoCreditScoring.bs.ass.currAss.cashEquiv.bank"
                       xlink:to="de-gaap-ci_AddInfoCreditScoring.bs.ass.currAss.cashEquiv.bank.blocked"
                       order="2"
                       xlink:arcrole="http://www.xbrl.org/2003/arcrole/parent-child"
                       xlink:type="arc"/>
      <presentationArc xlink:from="de-gaap-ci_AddInfoCreditScoring"
                       xlink:to="de-gaap-ci_AddInfoCreditScoring.bs.eqLiab.liab.bank"
                       order="4"
                       xlink:arcrole="http://www.xbrl.org/2003/arcrole/parent-child"
                       xlink:type="arc"/>
      <presentationArc xlink:from="de-gaap-ci_AddInfoCreditScoring.bs.eqLiab.liab.bank"
                       xlink:to="de-gaap-ci_AddInfoCreditScoring.bs.eqLiab.liab.bank.upTo1yearRepaidLongMidTerm"
                       order="1"
                       xlink:arcrole="http://www.xbrl.org/2003/arcrole/parent-child"
                       xlink:type="arc"/>
      <presentationArc xlink:from="de-gaap-ci_AddInfoCreditScoring.bs.eqLiab.liab.bank"
                       xlink:to="de-gaap-ci_AddInfoCreditScoring.bs.eqLiab.liab.bank.lastrange"
                       order="2"
                       xlink:arcrole="http://www.xbrl.org/2003/arcrole/parent-child"
                       xlink:type="arc"/>
      <presentationArc xlink:from="de-gaap-ci_AddInfoCreditScoring"
                       xlink:to="de-gaap-ci_AddInfoCreditScoring.bs.eqLiab.liab.assocComp"
                       order="5"
                       xlink:arcrole="http://www.xbrl.org/2003/arcrole/parent-child"
                       xlink:type="arc"/>
      <presentationArc xlink:from="de-gaap-ci_AddInfoCreditScoring.bs.eqLiab.liab.assocComp"
                       xlink:to="de-gaap-ci_AddInfoCreditScoring.bs.eqLiab.liab.assocComp.upTo1yearInterestable"
                       order="1"
                       xlink:arcrole="http://www.xbrl.org/2003/arcrole/parent-child"
                       xlink:type="arc"/>
      <presentationArc xlink:from="de-gaap-ci_AddInfoCreditScoring.bs.eqLiab.liab.assocComp"
                       xlink:to="de-gaap-ci_AddInfoCreditScoring.bs.eqLiab.liab.assocComp.above1yearInterestable"
                       order="2"
                       xlink:arcrole="http://www.xbrl.org/2003/arcrole/parent-child"
                       xlink:type="arc"/>
      <presentationArc xlink:from="de-gaap-ci_AddInfoCreditScoring"
                       xlink:to="de-gaap-ci_AddInfoCreditScoring.bs.eqLiab.liab.particip"
                       order="6"
                       xlink:arcrole="http://www.xbrl.org/2003/arcrole/parent-child"
                       xlink:type="arc"/>
      <presentationArc xlink:from="de-gaap-ci_AddInfoCreditScoring.bs.eqLiab.liab.particip"
                       xlink:to="de-gaap-ci_AddInfoCreditScoring.bs.eqLiab.liab.particip.upTo1yearInterestable"
                       order="1"
                       xlink:arcrole="http://www.xbrl.org/2003/arcrole/parent-child"
                       xlink:type="arc"/>
      <presentationArc xlink:from="de-gaap-ci_AddInfoCreditScoring.bs.eqLiab.liab.particip"
                       xlink:to="de-gaap-ci_AddInfoCreditScoring.bs.eqLiab.liab.particip.above1yearInterestable"
                       order="2"
                       xlink:arcrole="http://www.xbrl.org/2003/arcrole/parent-child"
                       xlink:type="arc"/>
      <presentationArc xlink:from="de-gaap-ci_AddInfoCreditScoring"
                       xlink:to="de-gaap-ci_AddInfoCreditScoring.bs.eqLiab.liab.other"
                       order="7"
                       xlink:arcrole="http://www.xbrl.org/2003/arcrole/parent-child"
                       xlink:type="arc"/>
      <presentationArc xlink:from="de-gaap-ci_AddInfoCreditScoring.bs.eqLiab.liab.other"
                       xlink:to="de-gaap-ci_AddInfoCreditScoring.bs.eqLiab.liab.other.upTo1yearInterestable"
                       order="1"
                       xlink:arcrole="http://www.xbrl.org/2003/arcrole/parent-child"
                       xlink:type="arc"/>
      <presentationArc xlink:from="de-gaap-ci_AddInfoCreditScoring.bs.eqLiab.liab.other"
                       xlink:to="de-gaap-ci_AddInfoCreditScoring.bs.eqLiab.liab.other.above1yearInterestable"
                       order="2"
                       xlink:arcrole="http://www.xbrl.org/2003/arcrole/parent-child"
                       xlink:type="arc"/>
      <presentationArc xlink:from="de-gaap-ci_AddInfoCreditScoring.bs.eqLiab.liab.other"
                       xlink:to="de-gaap-ci_AddInfoCreditScoring.bs.eqLiab.liab.other.above5yearInterestable"
                       order="3"
                       xlink:arcrole="http://www.xbrl.org/2003/arcrole/parent-child"
                       xlink:type="arc"/>
      <presentationArc xlink:from="de-gaap-ci_AddInfoCreditScoring"
                       xlink:to="de-gaap-ci_AddInfoCreditScoring.is.netIncome.regular.operatingTC.grossTradingProfit.totalOutput.netSales"
                       order="8"
                       xlink:arcrole="http://www.xbrl.org/2003/arcrole/parent-child"
                       xlink:type="arc"/>
      <presentationArc xlink:from="de-gaap-ci_AddInfoCreditScoring.is.netIncome.regular.operatingTC.grossTradingProfit.totalOutput.netSales"
                       xlink:to="de-gaap-ci_AddInfoCreditScoring.is.netIncome.regular.operatingTC.grossTradingProfit.totalOutput.netSales.grossSales.branche_kfz_SelldemoModelLeaseCars"
                       order="1"
                       xlink:arcrole="http://www.xbrl.org/2003/arcrole/parent-child"
                       xlink:type="arc"/>
      <presentationArc xlink:from="de-gaap-ci_AddInfoCreditScoring.is.netIncome.regular.operatingTC.grossTradingProfit.totalOutput.netSales"
                       xlink:to="de-gaap-ci_AddInfoCreditScoring.is.netIncome.regular.operatingTC.grossTradingProfit.totalOutput.netSales.grossSales.branche_kfz_LeaseCars"
                       order="2"
                       xlink:arcrole="http://www.xbrl.org/2003/arcrole/parent-child"
                       xlink:type="arc"/>
      <presentationArc xlink:from="de-gaap-ci_AddInfoCreditScoring.is.netIncome.regular.operatingTC.grossTradingProfit.totalOutput.netSales"
                       xlink:to="de-gaap-ci_AddInfoCreditScoring.is.netIncome.regular.operatingTC.grossTradingProfit.totalOutput.netSales.grossSales.foreignNonCurrEUR"
                       order="3"
                       xlink:arcrole="http://www.xbrl.org/2003/arcrole/parent-child"
                       xlink:type="arc"/>
      <presentationArc xlink:from="de-gaap-ci_AddInfoCreditScoring"
                       xlink:to="de-gaap-ci_AddInfoCreditScoring.is.netIncome.regular.operatingTC.otherCost"
                       order="9"
                       xlink:arcrole="http://www.xbrl.org/2003/arcrole/parent-child"
                       xlink:type="arc"/>
      <presentationArc xlink:from="de-gaap-ci_AddInfoCreditScoring.is.netIncome.regular.operatingTC.otherCost"
                       xlink:to="de-gaap-ci_AddInfoCreditScoring.is.netIncome.regular.operatingTC.otherCost.insuranceLessCars"
                       order="1"
                       xlink:arcrole="http://www.xbrl.org/2003/arcrole/parent-child"
                       xlink:type="arc"/>
      <presentationArc xlink:from="de-gaap-ci_AddInfoCreditScoring"
                       xlink:to="de-gaap-ci_AddInfoCreditScoring.is.netIncome.regular.fin.netInterest.expenses"
                       order="10"
                       xlink:arcrole="http://www.xbrl.org/2003/arcrole/parent-child"
                       xlink:type="arc"/>
      <presentationArc xlink:from="de-gaap-ci_AddInfoCreditScoring.is.netIncome.regular.fin.netInterest.expenses"
                       xlink:to="de-gaap-ci_AddInfoCreditScoring.is.netIncome.regular.fin.netInterest.expenses.lastRangeLiab"
                       order="1"
                       xlink:arcrole="http://www.xbrl.org/2003/arcrole/parent-child"
                       xlink:type="arc"/>
      <presentationArc xlink:from="de-gaap-ci_AddInfoCreditScoring"
                       xlink:to="de-gaap-ci_AddInfoCreditScoring.is.netIncome.regular.fin.netInterest.other"
                       order="11"
                       xlink:arcrole="http://www.xbrl.org/2003/arcrole/parent-child"
                       xlink:type="arc"/>
      <presentationArc xlink:from="de-gaap-ci_AddInfoCreditScoring.is.netIncome.regular.fin.netInterest.other"
                       xlink:to="de-gaap-ci_AddInfoCreditScoring.is.netIncome.regular.fin.netInterest.other.estimProfitDist"
                       order="1"
                       xlink:arcrole="http://www.xbrl.org/2003/arcrole/parent-child"
                       xlink:type="arc"/>
      <presentationArc xlink:from="de-gaap-ci_AddInfoCreditScoring.is.netIncome.regular.fin.netInterest.other"
                       xlink:to="de-gaap-ci_AddInfoCreditScoring.is.netIncome.regular.fin.netInterest.other.rAndDCapitalised"
                       order="2"
                       xlink:arcrole="http://www.xbrl.org/2003/arcrole/parent-child"
                       xlink:type="arc"/>
      <presentationArc xlink:from="de-gaap-ci_AddInfoCreditScoring.is.netIncome.regular.fin.netInterest.other"
                       xlink:to="de-gaap-ci_AddInfoCreditScoring.is.netIncome.regular.fin.netInterest.other.ownSharesAgio"
                       order="3"
                       xlink:arcrole="http://www.xbrl.org/2003/arcrole/parent-child"
                       xlink:type="arc"/>
      <presentationArc xlink:from="de-gaap-ci_AddInfoCreditScoring.is.netIncome.regular.fin.netInterest.other"
                       xlink:to="de-gaap-ci_AddInfoCreditScoring.is.netIncome.regular.fin.netInterest.other.ownSharesSubscribedCap"
                       order="4"
                       xlink:arcrole="http://www.xbrl.org/2003/arcrole/parent-child"
                       xlink:type="arc"/>
   </presentationLink>
</linkbase>