<?xml version="1.0" encoding="utf-8"?>
<!--(c) XBRL Deutschland e.V. - see http://www.xbrl.de-->


<linkbase xmlns="http://www.xbrl.org/2003/linkbase"
          xmlns:xsi="http://www.w3.org/2001/XMLSchema-instance"
          xsi:schemaLocation="http://www.xbrl.org/2003/linkbase http://www.xbrl.org/2003/xbrl-linkbase-2003-12-31.xsd">
   <labelLink xmlns:xlink="http://www.w3.org/1999/xlink"
              xlink:role="http://www.xbrl.org/2003/role/link"
              xlink:type="extended">
      <loc xlink:type="locator"
           xlink:href="de-gaap-ci-2018-04-01-dimensions.xsd#de-gaap-ci_dim_allDRS22K"
           xlink:label="de-gaap-ci_dim_allDRS22K"/>
      <loc xlink:type="locator"
           xlink:href="de-gaap-ci-2018-04-01-dimensions.xsd#de-gaap-ci_dim_parentDRS22K.accGroupStatement.netIncome"
           xlink:label="de-gaap-ci_dim_parentDRS22K.accGroupStatement.netIncome"/>
      <loc xlink:type="locator"
           xlink:href="de-gaap-ci-2018-04-01-dimensions.xsd#de-gaap-ci_table.eqChDRS22K"
           xlink:label="de-gaap-ci_table.eqChDRS22K"/>
      <loc xlink:type="locator"
           xlink:href="de-gaap-ci-2018-04-01-dimensions.xsd#de-gaap-ci_tab_eqChDRS22K"
           xlink:label="de-gaap-ci_tab_eqChDRS22K"/>
      <loc xlink:type="locator"
           xlink:href="de-gaap-ci-2018-04-01-dimensions.xsd#de-gaap-ci_dim_eqChDRS22K"
           xlink:label="de-gaap-ci_dim_eqChDRS22K"/>
      <loc xlink:type="locator"
           xlink:href="de-gaap-ci-2018-04-01-dimensions.xsd#de-gaap-ci_dim_eqChDRS22P"
           xlink:label="de-gaap-ci_dim_eqChDRS22P"/>
      <loc xlink:type="locator" xlink:href="de-gaap-ci-2018-04-01.xsd#de-gaap-ci_bs"
           xlink:label="de-gaap-ci_bs"/>
      <loc xlink:type="locator" xlink:href="de-gaap-ci-2018-04-01.xsd#de-gaap-ci_is"
           xlink:label="de-gaap-ci_is"/>
      <loc xlink:type="locator"
           xlink:href="de-gaap-ci-2018-04-01.xsd#de-gaap-ci_is.netIncome"
           xlink:label="de-gaap-ci_is.netIncome"/>
      <loc xlink:type="locator" xlink:href="de-gaap-ci-2018-04-01.xsd#de-gaap-ci_cfs"
           xlink:label="de-gaap-ci_cfs"/>
      <loc xlink:type="locator" xlink:href="de-gaap-ci-2018-04-01.xsd#de-gaap-ci_nt"
           xlink:label="de-gaap-ci_nt"/>
      <loc xlink:type="locator" xlink:href="de-gaap-ci-2018-04-01.xsd#de-gaap-ci_nt.ass"
           xlink:label="de-gaap-ci_nt.ass"/>
      <loc xlink:type="locator" xlink:href="de-gaap-ci-2018-04-01.xsd#de-gaap-ci_cfsDRS21"
           xlink:label="de-gaap-ci_cfsDRS21"/>
      <!--
internal labels
--><labelArc xlink:from="de-gaap-ci_cfsDRS21" xlink:to="label_de-gaap-ci_cfsDRS21"
                xlink:arcrole="http://www.xbrl.org/2003/arcrole/concept-label"
                xlink:type="arc"/>
      <label xlink:label="label_de-gaap-ci_cfsDRS21" id="label_de-gaap-ci_cfsDRS21"
             xlink:role="http://www.xbrl.org/2003/role/label"
             xlink:type="resource"
             xml:lang="en">Cash flow statement of group GAS 21</label>
      <labelArc xlink:from="de-gaap-ci_bs" xlink:to="label_de-gaap-ci_bs"
                xlink:arcrole="http://www.xbrl.org/2003/arcrole/concept-label"
                xlink:type="arc"/>
      <label xlink:label="label_de-gaap-ci_bs" id="label_de-gaap-ci_bs"
             xlink:role="http://www.xbrl.org/2003/role/label"
             xlink:type="resource"
             xml:lang="en">Balance sheet of group</label>
      <labelArc xlink:from="de-gaap-ci_cfs" xlink:to="label_de-gaap-ci_cfs"
                xlink:arcrole="http://www.xbrl.org/2003/arcrole/concept-label"
                xlink:type="arc"/>
      <label xlink:label="label_de-gaap-ci_cfs" id="label_de-gaap-ci_cfs"
             xlink:role="http://www.xbrl.org/2003/role/label"
             xlink:type="resource"
             xml:lang="en">Cash flow statement of group GAS 2</label>
      <labelArc xlink:from="de-gaap-ci_is" xlink:to="label_de-gaap-ci_is"
                xlink:arcrole="http://www.xbrl.org/2003/arcrole/concept-label"
                xlink:type="arc"/>
      <label xlink:label="label_de-gaap-ci_is" id="label_de-gaap-ci_is"
             xlink:role="http://www.xbrl.org/2003/role/label"
             xlink:type="resource"
             xml:lang="en">Income statement of group</label>
      <labelArc xlink:from="de-gaap-ci_is.netIncome" xlink:to="label_de-gaap-ci_is.netIncome_1"
                xlink:arcrole="http://www.xbrl.org/2003/arcrole/concept-label"
                xlink:type="arc"/>
      <label xlink:label="label_de-gaap-ci_is.netIncome_1"
             id="label_de-gaap-ci_is.netIncome_1"
             xlink:role="http://www.xbrl.org/2003/role/label"
             xlink:type="resource"
             xml:lang="en">Net income/net loss for the financial year of group</label>
      <labelArc xlink:from="de-gaap-ci_is.netIncome" xlink:to="label_de-gaap-ci_is.netIncome_2"
                xlink:arcrole="http://www.xbrl.org/2003/arcrole/concept-label"
                xlink:type="arc"/>
      <label xlink:label="label_de-gaap-ci_is.netIncome_2"
             id="label_de-gaap-ci_is.netIncome_2"
             xlink:role="http://www.xbrl.org/2003/role/positiveLabel"
             xlink:type="resource"
             xml:lang="en">Net income for the financial year of group</label>
      <labelArc xlink:from="de-gaap-ci_is.netIncome" xlink:to="label_de-gaap-ci_is.netIncome_3"
                xlink:arcrole="http://www.xbrl.org/2003/arcrole/concept-label"
                xlink:type="arc"/>
      <label xlink:label="label_de-gaap-ci_is.netIncome_3"
             id="label_de-gaap-ci_is.netIncome_3"
             xlink:role="http://www.xbrl.org/2003/role/negativeLabel"
             xlink:type="resource"
             xml:lang="en">Net loss for the year of group</label>
      <labelArc xlink:from="de-gaap-ci_nt" xlink:to="label_de-gaap-ci_nt"
                xlink:arcrole="http://www.xbrl.org/2003/arcrole/concept-label"
                xlink:type="arc"/>
      <label xlink:label="label_de-gaap-ci_nt" id="label_de-gaap-ci_nt"
             xlink:role="http://www.xbrl.org/2003/role/label"
             xlink:type="resource"
             xml:lang="en">Notes of group</label>
      <labelArc xlink:from="de-gaap-ci_nt.ass" xlink:to="label_de-gaap-ci_nt.ass"
                xlink:arcrole="http://www.xbrl.org/2003/arcrole/concept-label"
                xlink:type="arc"/>
      <label xlink:label="label_de-gaap-ci_nt.ass" id="label_de-gaap-ci_nt.ass"
             xlink:role="http://www.xbrl.org/2003/role/label"
             xlink:type="resource"
             xml:lang="en">Statement of changes in fixed assets of group</label>
      <labelArc xlink:from="de-gaap-ci_dim_allDRS22K"
                xlink:to="label_de-gaap-ci_dim_allDRS22K_1"
                xlink:arcrole="http://www.xbrl.org/2003/arcrole/concept-label"
                xlink:type="arc"/>
      <label xlink:label="label_de-gaap-ci_dim_allDRS22K_1"
             id="label_de-gaap-ci_dim_allDRS22K_1"
             xlink:role="http://www.xbrl.org/2003/role/label"
             xlink:type="resource"
             xml:lang="en">Corporation, Group equity</label>
      <labelArc xlink:from="de-gaap-ci_dim_allDRS22K"
                xlink:to="label_de-gaap-ci_dim_allDRS22K_2"
                xlink:arcrole="http://www.xbrl.org/2003/arcrole/concept-label"
                xlink:type="arc"/>
      <label xlink:label="label_de-gaap-ci_dim_allDRS22K_2"
             id="label_de-gaap-ci_dim_allDRS22K_2"
             xlink:role="http://www.xbrl.org/2003/role/terseLabel"
             xlink:type="resource"
             xml:lang="en">Group equity</label>
      <labelArc xlink:from="de-gaap-ci_dim_eqChDRS22K"
                xlink:to="label_de-gaap-ci_dim_eqChDRS22K_1"
                xlink:arcrole="http://www.xbrl.org/2003/arcrole/concept-label"
                xlink:type="arc"/>
      <label xlink:label="label_de-gaap-ci_dim_eqChDRS22K_1"
             id="label_de-gaap-ci_dim_eqChDRS22K_1"
             xlink:role="http://www.xbrl.org/2003/role/label"
             xlink:type="resource"
             xml:lang="en">Classes of group equity, GAS 22 (corporation) [dimension]</label>
      <labelArc xlink:from="de-gaap-ci_dim_eqChDRS22K"
                xlink:to="label_de-gaap-ci_dim_eqChDRS22K_2"
                xlink:arcrole="http://www.xbrl.org/2003/arcrole/concept-label"
                xlink:type="arc"/>
      <label xlink:label="label_de-gaap-ci_dim_eqChDRS22K_2"
             id="label_de-gaap-ci_dim_eqChDRS22K_2"
             xlink:role="http://www.xbrl.org/2003/role/terseLabel"
             xlink:type="resource"
             xml:lang="en">Classes of group equity</label>
      <labelArc xlink:from="de-gaap-ci_dim_eqChDRS22P"
                xlink:to="label_de-gaap-ci_dim_eqChDRS22P_1"
                xlink:arcrole="http://www.xbrl.org/2003/arcrole/concept-label"
                xlink:type="arc"/>
      <label xlink:label="label_de-gaap-ci_dim_eqChDRS22P_1"
             id="label_de-gaap-ci_dim_eqChDRS22P_1"
             xlink:role="http://www.xbrl.org/2003/role/label"
             xlink:type="resource"
             xml:lang="en">Classes of group equity, GAS 22 (commercial partnership) [dimension]</label>
      <labelArc xlink:from="de-gaap-ci_dim_eqChDRS22P"
                xlink:to="label_de-gaap-ci_dim_eqChDRS22P_2"
                xlink:arcrole="http://www.xbrl.org/2003/arcrole/concept-label"
                xlink:type="arc"/>
      <label xlink:label="label_de-gaap-ci_dim_eqChDRS22P_2"
             id="label_de-gaap-ci_dim_eqChDRS22P_2"
             xlink:role="http://www.xbrl.org/2003/role/terseLabel"
             xlink:type="resource"
             xml:lang="en">Classes of group equity</label>
      <labelArc xlink:from="de-gaap-ci_dim_parentDRS22K.accGroupStatement.netIncome"
                xlink:to="label_de-gaap-ci_dim_parentDRS22K.accGroupStatement.netIncome_1"
                xlink:arcrole="http://www.xbrl.org/2003/arcrole/concept-label"
                xlink:type="arc"/>
      <label xlink:label="label_de-gaap-ci_dim_parentDRS22K.accGroupStatement.netIncome_1"
             id="label_de-gaap-ci_dim_parentDRS22K.accGroupStatement.netIncome_1"
             xlink:role="http://www.xbrl.org/2003/role/label"
             xlink:type="resource"
             xml:lang="en">Corporation, consolidated net income/net loss for the financial year attributable to parent entity</label>
      <labelArc xlink:from="de-gaap-ci_dim_parentDRS22K.accGroupStatement.netIncome"
                xlink:to="label_de-gaap-ci_dim_parentDRS22K.accGroupStatement.netIncome_2"
                xlink:arcrole="http://www.xbrl.org/2003/arcrole/concept-label"
                xlink:type="arc"/>
      <label xlink:label="label_de-gaap-ci_dim_parentDRS22K.accGroupStatement.netIncome_2"
             id="label_de-gaap-ci_dim_parentDRS22K.accGroupStatement.netIncome_2"
             xlink:role="http://www.xbrl.org/2003/role/terseLabel"
             xlink:type="resource"
             xml:lang="en">Consolidated net income/net loss for the financial year attributable to parent entity</label>
      <labelArc xlink:from="de-gaap-ci_tab_eqChDRS22K"
                xlink:to="label_de-gaap-ci_tab_eqChDRS22K"
                xlink:arcrole="http://www.xbrl.org/2003/arcrole/concept-label"
                xlink:type="arc"/>
      <label xlink:label="label_de-gaap-ci_tab_eqChDRS22K"
             id="label_de-gaap-ci_tab_eqChDRS22K"
             xlink:role="http://www.xbrl.org/2003/role/label"
             xlink:type="resource"
             xml:lang="en">Statement of changes in group equity, GAS 22 (corporation) [Table]</label>
      <labelArc xlink:from="de-gaap-ci_table.eqChDRS22K"
                xlink:to="label_de-gaap-ci_table.eqChDRS22K_1"
                xlink:arcrole="http://www.xbrl.org/2003/arcrole/concept-label"
                xlink:type="arc"/>
      <label xlink:label="label_de-gaap-ci_table.eqChDRS22K_1"
             id="label_de-gaap-ci_table.eqChDRS22K_1"
             xlink:role="http://www.xbrl.org/2003/role/label"
             xlink:type="resource"
             xml:lang="en">Statement of changes in group equity, GAS 22 (corporation)</label>
      <labelArc xlink:from="de-gaap-ci_table.eqChDRS22K"
                xlink:to="label_de-gaap-ci_table.eqChDRS22K_2"
                xlink:arcrole="http://www.xbrl.org/2003/arcrole/concept-label"
                xlink:type="arc"/>
      <label xlink:label="label_de-gaap-ci_table.eqChDRS22K_2"
             id="label_de-gaap-ci_table.eqChDRS22K_2"
             xlink:role="http://www.xbrl.org/2003/role/terseLabel"
             xlink:type="resource"
             xml:lang="en">Statement of changes in group equity</label>
      <!--
external labels
--><labelArc xlink:from="de-gaap-ci_bs" xlink:to="extlabel_de-gaap-ci_bs_1" priority="1"
                use="prohibited"
                xlink:arcrole="http://www.xbrl.org/2003/arcrole/concept-label"
                xlink:type="arc"/>
      <labelArc xlink:from="de-gaap-ci_is.netIncome"
                xlink:to="extlabel_de-gaap-ci_is.netIncome_1_1"
                priority="1"
                use="prohibited"
                xlink:arcrole="http://www.xbrl.org/2003/arcrole/concept-label"
                xlink:type="arc"/>
      <labelArc xlink:from="de-gaap-ci_is.netIncome"
                xlink:to="extlabel_de-gaap-ci_is.netIncome_2_1"
                priority="1"
                use="prohibited"
                xlink:arcrole="http://www.xbrl.org/2003/arcrole/concept-label"
                xlink:type="arc"/>
      <labelArc xlink:from="de-gaap-ci_is.netIncome"
                xlink:to="extlabel_de-gaap-ci_is.netIncome_3_1"
                priority="1"
                use="prohibited"
                xlink:arcrole="http://www.xbrl.org/2003/arcrole/concept-label"
                xlink:type="arc"/>
      <labelArc xlink:from="de-gaap-ci_is" xlink:to="extlabel_de-gaap-ci_is_1" priority="1"
                use="prohibited"
                xlink:arcrole="http://www.xbrl.org/2003/arcrole/concept-label"
                xlink:type="arc"/>
      <labelArc xlink:from="de-gaap-ci_nt.ass" xlink:to="extlabel_de-gaap-ci_nt.ass_1"
                priority="1"
                use="prohibited"
                xlink:arcrole="http://www.xbrl.org/2003/arcrole/concept-label"
                xlink:type="arc"/>
      <labelArc xlink:from="de-gaap-ci_nt" xlink:to="extlabel_de-gaap-ci_nt_1" priority="1"
                use="prohibited"
                xlink:arcrole="http://www.xbrl.org/2003/arcrole/concept-label"
                xlink:type="arc"/>
      <labelArc xlink:from="de-gaap-ci_cfsDRS21" xlink:to="extlabel_de-gaap-ci_cfsDRS21_1"
                priority="1"
                use="prohibited"
                xlink:arcrole="http://www.xbrl.org/2003/arcrole/concept-label"
                xlink:type="arc"/>
      <labelArc xlink:from="de-gaap-ci_cfs" xlink:to="extlabel_de-gaap-ci_cfs_1" priority="1"
                use="prohibited"
                xlink:arcrole="http://www.xbrl.org/2003/arcrole/concept-label"
                xlink:type="arc"/>
      <labelArc xlink:from="de-gaap-ci_dim_allDRS22K"
                xlink:to="extlabel_de-gaap-ci_dim_allDRS22K_1_2"
                priority="1"
                use="prohibited"
                xlink:arcrole="http://www.xbrl.org/2003/arcrole/concept-label"
                xlink:type="arc"/>
      <labelArc xlink:from="de-gaap-ci_dim_allDRS22K"
                xlink:to="extlabel_de-gaap-ci_dim_allDRS22K_2_2"
                priority="1"
                use="prohibited"
                xlink:arcrole="http://www.xbrl.org/2003/arcrole/concept-label"
                xlink:type="arc"/>
      <labelArc xlink:from="de-gaap-ci_dim_eqChDRS22K"
                xlink:to="extlabel_de-gaap-ci_dim_eqChDRS22K_1_2"
                priority="1"
                use="prohibited"
                xlink:arcrole="http://www.xbrl.org/2003/arcrole/concept-label"
                xlink:type="arc"/>
      <labelArc xlink:from="de-gaap-ci_dim_eqChDRS22K"
                xlink:to="extlabel_de-gaap-ci_dim_eqChDRS22K_2_2"
                priority="1"
                use="prohibited"
                xlink:arcrole="http://www.xbrl.org/2003/arcrole/concept-label"
                xlink:type="arc"/>
      <labelArc xlink:from="de-gaap-ci_dim_eqChDRS22P"
                xlink:to="extlabel_de-gaap-ci_dim_eqChDRS22P_1_2"
                priority="1"
                use="prohibited"
                xlink:arcrole="http://www.xbrl.org/2003/arcrole/concept-label"
                xlink:type="arc"/>
      <labelArc xlink:from="de-gaap-ci_dim_eqChDRS22P"
                xlink:to="extlabel_de-gaap-ci_dim_eqChDRS22P_2_2"
                priority="1"
                use="prohibited"
                xlink:arcrole="http://www.xbrl.org/2003/arcrole/concept-label"
                xlink:type="arc"/>
      <labelArc xlink:from="de-gaap-ci_dim_parentDRS22K.accGroupStatement.netIncome"
                xlink:to="extlabel_de-gaap-ci_dim_parentDRS22K.accGroupStatement.netIncome_1_2"
                priority="1"
                use="prohibited"
                xlink:arcrole="http://www.xbrl.org/2003/arcrole/concept-label"
                xlink:type="arc"/>
      <labelArc xlink:from="de-gaap-ci_dim_parentDRS22K.accGroupStatement.netIncome"
                xlink:to="extlabel_de-gaap-ci_dim_parentDRS22K.accGroupStatement.netIncome_2_2"
                priority="1"
                use="prohibited"
                xlink:arcrole="http://www.xbrl.org/2003/arcrole/concept-label"
                xlink:type="arc"/>
      <labelArc xlink:from="de-gaap-ci_tab_eqChDRS22K"
                xlink:to="extlabel_de-gaap-ci_tab_eqChDRS22K_1_2"
                priority="1"
                use="prohibited"
                xlink:arcrole="http://www.xbrl.org/2003/arcrole/concept-label"
                xlink:type="arc"/>
      <labelArc xlink:from="de-gaap-ci_table.eqChDRS22K"
                xlink:to="extlabel_de-gaap-ci_table.eqChDRS22K_1_2"
                priority="1"
                use="prohibited"
                xlink:arcrole="http://www.xbrl.org/2003/arcrole/concept-label"
                xlink:type="arc"/>
      <labelArc xlink:from="de-gaap-ci_table.eqChDRS22K"
                xlink:to="extlabel_de-gaap-ci_table.eqChDRS22K_2_2"
                priority="1"
                use="prohibited"
                xlink:arcrole="http://www.xbrl.org/2003/arcrole/concept-label"
                xlink:type="arc"/>
      <loc xlink:type="locator"
           xlink:href="de-gaap-ci-2018-04-01-label-en.xml#label_de-gaap-ci_bs"
           xlink:label="extlabel_de-gaap-ci_bs_1"/>
      <loc xlink:type="locator"
           xlink:href="de-gaap-ci-2018-04-01-label-en.xml#label_de-gaap-ci_is.netIncome_1"
           xlink:label="extlabel_de-gaap-ci_is.netIncome_1_1"/>
      <loc xlink:type="locator"
           xlink:href="de-gaap-ci-2018-04-01-label-en.xml#label_de-gaap-ci_is.netIncome_2"
           xlink:label="extlabel_de-gaap-ci_is.netIncome_2_1"/>
      <loc xlink:type="locator"
           xlink:href="de-gaap-ci-2018-04-01-label-en.xml#label_de-gaap-ci_is.netIncome_3"
           xlink:label="extlabel_de-gaap-ci_is.netIncome_3_1"/>
      <loc xlink:type="locator"
           xlink:href="de-gaap-ci-2018-04-01-label-en.xml#label_de-gaap-ci_is"
           xlink:label="extlabel_de-gaap-ci_is_1"/>
      <loc xlink:type="locator"
           xlink:href="de-gaap-ci-2018-04-01-label-en.xml#label_de-gaap-ci_nt.ass"
           xlink:label="extlabel_de-gaap-ci_nt.ass_1"/>
      <loc xlink:type="locator"
           xlink:href="de-gaap-ci-2018-04-01-label-en.xml#label_de-gaap-ci_nt"
           xlink:label="extlabel_de-gaap-ci_nt_1"/>
      <loc xlink:type="locator"
           xlink:href="de-gaap-ci-2018-04-01-label-en.xml#label_de-gaap-ci_cfsDRS21"
           xlink:label="extlabel_de-gaap-ci_cfsDRS21_1"/>
      <loc xlink:type="locator"
           xlink:href="de-gaap-ci-2018-04-01-label-en.xml#label_de-gaap-ci_cfs"
           xlink:label="extlabel_de-gaap-ci_cfs_1"/>
      <loc xlink:type="locator"
           xlink:href="de-gaap-ci-2018-04-01-dimensions-label-en.xml#label_de-gaap-ci_dim_allDRS22K_1"
           xlink:label="extlabel_de-gaap-ci_dim_allDRS22K_1_2"/>
      <loc xlink:type="locator"
           xlink:href="de-gaap-ci-2018-04-01-dimensions-label-en.xml#label_de-gaap-ci_dim_allDRS22K_2"
           xlink:label="extlabel_de-gaap-ci_dim_allDRS22K_2_2"/>
      <loc xlink:type="locator"
           xlink:href="de-gaap-ci-2018-04-01-dimensions-label-en.xml#label_de-gaap-ci_dim_eqChDRS22K_1"
           xlink:label="extlabel_de-gaap-ci_dim_eqChDRS22K_1_2"/>
      <loc xlink:type="locator"
           xlink:href="de-gaap-ci-2018-04-01-dimensions-label-en.xml#label_de-gaap-ci_dim_eqChDRS22K_2"
           xlink:label="extlabel_de-gaap-ci_dim_eqChDRS22K_2_2"/>
      <loc xlink:type="locator"
           xlink:href="de-gaap-ci-2018-04-01-dimensions-label-en.xml#label_de-gaap-ci_dim_eqChDRS22P_1"
           xlink:label="extlabel_de-gaap-ci_dim_eqChDRS22P_1_2"/>
      <loc xlink:type="locator"
           xlink:href="de-gaap-ci-2018-04-01-dimensions-label-en.xml#label_de-gaap-ci_dim_eqChDRS22P_2"
           xlink:label="extlabel_de-gaap-ci_dim_eqChDRS22P_2_2"/>
      <loc xlink:type="locator"
           xlink:href="de-gaap-ci-2018-04-01-dimensions-label-en.xml#label_de-gaap-ci_dim_parentDRS22K.accGroupStatement.netIncome_1"
           xlink:label="extlabel_de-gaap-ci_dim_parentDRS22K.accGroupStatement.netIncome_1_2"/>
      <loc xlink:type="locator"
           xlink:href="de-gaap-ci-2018-04-01-dimensions-label-en.xml#label_de-gaap-ci_dim_parentDRS22K.accGroupStatement.netIncome_2"
           xlink:label="extlabel_de-gaap-ci_dim_parentDRS22K.accGroupStatement.netIncome_2_2"/>
      <loc xlink:type="locator"
           xlink:href="de-gaap-ci-2018-04-01-dimensions-label-en.xml#label_de-gaap-ci_tab_eqChDRS22K_1"
           xlink:label="extlabel_de-gaap-ci_tab_eqChDRS22K_1_2"/>
      <loc xlink:type="locator"
           xlink:href="de-gaap-ci-2018-04-01-dimensions-label-en.xml#label_de-gaap-ci_table.eqChDRS22K_1"
           xlink:label="extlabel_de-gaap-ci_table.eqChDRS22K_1_2"/>
      <loc xlink:type="locator"
           xlink:href="de-gaap-ci-2018-04-01-dimensions-label-en.xml#label_de-gaap-ci_table.eqChDRS22K_2"
           xlink:label="extlabel_de-gaap-ci_table.eqChDRS22K_2_2"/>
   </labelLink>
</linkbase>