<?xml version="1.0" encoding="utf-8"?>
<!--(c) XBRL Deutschland e.V. - see http://www.xbrl.de-->


<linkbase xmlns="http://www.xbrl.org/2003/linkbase"
          xmlns:xsi="http://www.w3.org/2001/XMLSchema-instance"
          xsi:schemaLocation="http://www.xbrl.org/2003/linkbase http://www.xbrl.org/2003/xbrl-linkbase-2003-12-31.xsd">
   <roleRef xmlns:xlink="http://www.w3.org/1999/xlink"
            roleURI="http://www.xbrl.de/taxonomies/de-gaap-ci/role/managementReport"
            xlink:href="de-gaap-ci-2018-04-01.xsd#role_managementReport"
            xlink:type="simple"/>
   <presentationLink xmlns:xlink="http://www.w3.org/1999/xlink"
                     xlink:role="http://www.xbrl.de/taxonomies/de-gaap-ci/role/managementReport"
                     xlink:type="extended">
      <loc xlink:type="locator" xlink:href="de-gaap-ci-2018-04-01.xsd#de-gaap-ci_mgmtRep"
           xlink:label="de-gaap-ci_mgmtRep"/>
      <loc xlink:type="locator"
           xlink:href="de-gaap-ci-2018-04-01.xsd#de-gaap-ci_mgmtRep.financials"
           xlink:label="de-gaap-ci_mgmtRep.financials"/>
      <loc xlink:type="locator"
           xlink:href="de-gaap-ci-2018-04-01.xsd#de-gaap-ci_mgmtRep.financials.courseOfBus"
           xlink:label="de-gaap-ci_mgmtRep.financials.courseOfBus"/>
      <loc xlink:type="locator"
           xlink:href="de-gaap-ci-2018-04-01.xsd#de-gaap-ci_mgmtRep.financials.courseOfBus.production"
           xlink:label="de-gaap-ci_mgmtRep.financials.courseOfBus.production"/>
      <loc xlink:type="locator"
           xlink:href="de-gaap-ci-2018-04-01.xsd#de-gaap-ci_mgmtRep.financials.courseOfBus.investments"
           xlink:label="de-gaap-ci_mgmtRep.financials.courseOfBus.investments"/>
      <loc xlink:type="locator"
           xlink:href="de-gaap-ci-2018-04-01.xsd#de-gaap-ci_mgmtRep.financials.courseOfBus.financing"
           xlink:label="de-gaap-ci_mgmtRep.financials.courseOfBus.financing"/>
      <loc xlink:type="locator"
           xlink:href="de-gaap-ci-2018-04-01.xsd#de-gaap-ci_mgmtRep.financials.courseOfBus.staff"
           xlink:label="de-gaap-ci_mgmtRep.financials.courseOfBus.staff"/>
      <loc xlink:type="locator"
           xlink:href="de-gaap-ci-2018-04-01.xsd#de-gaap-ci_mgmtRep.financials.courseOfBus.environment"
           xlink:label="de-gaap-ci_mgmtRep.financials.courseOfBus.environment"/>
      <loc xlink:type="locator"
           xlink:href="de-gaap-ci-2018-04-01.xsd#de-gaap-ci_mgmtRep.financials.courseOfBus.industry"
           xlink:label="de-gaap-ci_mgmtRep.financials.courseOfBus.industry"/>
      <loc xlink:type="locator"
           xlink:href="de-gaap-ci-2018-04-01.xsd#de-gaap-ci_mgmtRep.financials.courseOfBus.salesOrders"
           xlink:label="de-gaap-ci_mgmtRep.financials.courseOfBus.salesOrders"/>
      <loc xlink:type="locator"
           xlink:href="de-gaap-ci-2018-04-01.xsd#de-gaap-ci_mgmtRep.financials.courseOfBus.other"
           xlink:label="de-gaap-ci_mgmtRep.financials.courseOfBus.other"/>
      <loc xlink:type="locator"
           xlink:href="de-gaap-ci-2018-04-01.xsd#de-gaap-ci_mgmtRep.financials.situation"
           xlink:label="de-gaap-ci_mgmtRep.financials.situation"/>
      <loc xlink:type="locator"
           xlink:href="de-gaap-ci-2018-04-01.xsd#de-gaap-ci_mgmtRep.financials.situation.netWorth"
           xlink:label="de-gaap-ci_mgmtRep.financials.situation.netWorth"/>
      <loc xlink:type="locator"
           xlink:href="de-gaap-ci-2018-04-01.xsd#de-gaap-ci_mgmtRep.financials.situation.financing"
           xlink:label="de-gaap-ci_mgmtRep.financials.situation.financing"/>
      <loc xlink:type="locator"
           xlink:href="de-gaap-ci-2018-04-01.xsd#de-gaap-ci_mgmtRep.financials.situation.income"
           xlink:label="de-gaap-ci_mgmtRep.financials.situation.income"/>
      <loc xlink:type="locator"
           xlink:href="de-gaap-ci-2018-04-01.xsd#de-gaap-ci_mgmtRep.financials.risks"
           xlink:label="de-gaap-ci_mgmtRep.financials.risks"/>
      <loc xlink:type="locator"
           xlink:href="de-gaap-ci-2018-04-01.xsd#de-gaap-ci_mgmtRep.financials.risks.oeconomicRisks"
           xlink:label="de-gaap-ci_mgmtRep.financials.risks.oeconomicRisks"/>
      <loc xlink:type="locator"
           xlink:href="de-gaap-ci-2018-04-01.xsd#de-gaap-ci_mgmtRep.financials.risks.legalRisks"
           xlink:label="de-gaap-ci_mgmtRep.financials.risks.legalRisks"/>
      <loc xlink:type="locator"
           xlink:href="de-gaap-ci-2018-04-01.xsd#de-gaap-ci_mgmtRep.financials.risks.otherRisks"
           xlink:label="de-gaap-ci_mgmtRep.financials.risks.otherRisks"/>
      <loc xlink:type="locator"
           xlink:href="de-gaap-ci-2018-04-01.xsd#de-gaap-ci_mgmtRep.financials.risks.internalRiskManagementSystem"
           xlink:label="de-gaap-ci_mgmtRep.financials.risks.internalRiskManagementSystem"/>
      <loc xlink:type="locator"
           xlink:href="de-gaap-ci-2018-04-01.xsd#de-gaap-ci_mgmtRep.supplements"
           xlink:label="de-gaap-ci_mgmtRep.supplements"/>
      <loc xlink:type="locator"
           xlink:href="de-gaap-ci-2018-04-01.xsd#de-gaap-ci_mgmtRep.supplements.production"
           xlink:label="de-gaap-ci_mgmtRep.supplements.production"/>
      <loc xlink:type="locator"
           xlink:href="de-gaap-ci-2018-04-01.xsd#de-gaap-ci_mgmtRep.supplements.sales"
           xlink:label="de-gaap-ci_mgmtRep.supplements.sales"/>
      <loc xlink:type="locator"
           xlink:href="de-gaap-ci-2018-04-01.xsd#de-gaap-ci_mgmtRep.supplements.financing"
           xlink:label="de-gaap-ci_mgmtRep.supplements.financing"/>
      <loc xlink:type="locator"
           xlink:href="de-gaap-ci-2018-04-01.xsd#de-gaap-ci_mgmtRep.prognosis"
           xlink:label="de-gaap-ci_mgmtRep.prognosis"/>
      <loc xlink:type="locator"
           xlink:href="de-gaap-ci-2018-04-01.xsd#de-gaap-ci_mgmtRep.prognosis.marketDevelopm"
           xlink:label="de-gaap-ci_mgmtRep.prognosis.marketDevelopm"/>
      <loc xlink:type="locator"
           xlink:href="de-gaap-ci-2018-04-01.xsd#de-gaap-ci_mgmtRep.prognosis.rAndD"
           xlink:label="de-gaap-ci_mgmtRep.prognosis.rAndD"/>
      <loc xlink:type="locator"
           xlink:href="de-gaap-ci-2018-04-01.xsd#de-gaap-ci_mgmtRep.prognosis.businessSegments"
           xlink:label="de-gaap-ci_mgmtRep.prognosis.businessSegments"/>
      <loc xlink:type="locator"
           xlink:href="de-gaap-ci-2018-04-01.xsd#de-gaap-ci_mgmtRep.researchAndDevelopm"
           xlink:label="de-gaap-ci_mgmtRep.researchAndDevelopm"/>
      <loc xlink:type="locator"
           xlink:href="de-gaap-ci-2018-04-01.xsd#de-gaap-ci_mgmtRep.researchAndDevelopm.equipment"
           xlink:label="de-gaap-ci_mgmtRep.researchAndDevelopm.equipment"/>
      <loc xlink:type="locator"
           xlink:href="de-gaap-ci-2018-04-01.xsd#de-gaap-ci_mgmtRep.researchAndDevelopm.noOfStaff"
           xlink:label="de-gaap-ci_mgmtRep.researchAndDevelopm.noOfStaff"/>
      <loc xlink:type="locator"
           xlink:href="de-gaap-ci-2018-04-01.xsd#de-gaap-ci_mgmtRep.researchAndDevelopm.targets"
           xlink:label="de-gaap-ci_mgmtRep.researchAndDevelopm.targets"/>
      <loc xlink:type="locator"
           xlink:href="de-gaap-ci-2018-04-01.xsd#de-gaap-ci_mgmtRep.researchAndDevelopm.cost"
           xlink:label="de-gaap-ci_mgmtRep.researchAndDevelopm.cost"/>
      <loc xlink:type="locator"
           xlink:href="de-gaap-ci-2018-04-01.xsd#de-gaap-ci_mgmtRep.branches"
           xlink:label="de-gaap-ci_mgmtRep.branches"/>
      <loc xlink:type="locator"
           xlink:href="de-gaap-ci-2018-04-01.xsd#de-gaap-ci_mgmtRep.branches.domestic"
           xlink:label="de-gaap-ci_mgmtRep.branches.domestic"/>
      <loc xlink:type="locator"
           xlink:href="de-gaap-ci-2018-04-01.xsd#de-gaap-ci_mgmtRep.branches.abroad"
           xlink:label="de-gaap-ci_mgmtRep.branches.abroad"/>
      <loc xlink:type="locator"
           xlink:href="de-gaap-ci-2018-04-01.xsd#de-gaap-ci_mgmtRep.dependency"
           xlink:label="de-gaap-ci_mgmtRep.dependency"/>
      <loc xlink:type="locator"
           xlink:href="de-gaap-ci-2018-04-01.xsd#de-gaap-ci_mgmtRep.companyLeading"
           xlink:label="de-gaap-ci_mgmtRep.companyLeading"/>
      <loc xlink:type="locator"
           xlink:href="de-gaap-ci-2018-04-01.xsd#de-gaap-ci_mgmtRep.companyLeading.DCGK"
           xlink:label="de-gaap-ci_mgmtRep.companyLeading.DCGK"/>
      <loc xlink:type="locator"
           xlink:href="de-gaap-ci-2018-04-01.xsd#de-gaap-ci_mgmtRep.companyLeading.leading"
           xlink:label="de-gaap-ci_mgmtRep.companyLeading.leading"/>
      <loc xlink:type="locator"
           xlink:href="de-gaap-ci-2018-04-01.xsd#de-gaap-ci_mgmtRep.companyLeading.practise"
           xlink:label="de-gaap-ci_mgmtRep.companyLeading.practise"/>
      <loc xlink:type="locator"
           xlink:href="de-gaap-ci-2018-04-01.xsd#de-gaap-ci_mgmtRep.companyLeading.women"
           xlink:label="de-gaap-ci_mgmtRep.companyLeading.women"/>
      <loc xlink:type="locator"
           xlink:href="de-gaap-ci-2018-04-01.xsd#de-gaap-ci_mgmtRep.companyLeading.compositionSupervBoard"
           xlink:label="de-gaap-ci_mgmtRep.companyLeading.compositionSupervBoard"/>
      <loc xlink:type="locator"
           xlink:href="de-gaap-ci-2018-04-01.xsd#de-gaap-ci_mgmtRep.companyLeading.diversityConcept"
           xlink:label="de-gaap-ci_mgmtRep.companyLeading.diversityConcept"/>
      <loc xlink:type="locator"
           xlink:href="de-gaap-ci-2018-04-01.xsd#de-gaap-ci_mgmtRep.takeoverLaw"
           xlink:label="de-gaap-ci_mgmtRep.takeoverLaw"/>
      <loc xlink:type="locator"
           xlink:href="de-gaap-ci-2018-04-01.xsd#de-gaap-ci_mgmtRep.takeoverLaw.compositionOfSubscribedCap"
           xlink:label="de-gaap-ci_mgmtRep.takeoverLaw.compositionOfSubscribedCap"/>
      <loc xlink:type="locator"
           xlink:href="de-gaap-ci-2018-04-01.xsd#de-gaap-ci_mgmtRep.takeoverLaw.restrictionsOnVotingRights"
           xlink:label="de-gaap-ci_mgmtRep.takeoverLaw.restrictionsOnVotingRights"/>
      <loc xlink:type="locator"
           xlink:href="de-gaap-ci-2018-04-01.xsd#de-gaap-ci_mgmtRep.takeoverLaw.votingShares"
           xlink:label="de-gaap-ci_mgmtRep.takeoverLaw.votingShares"/>
      <loc xlink:type="locator"
           xlink:href="de-gaap-ci-2018-04-01.xsd#de-gaap-ci_mgmtRep.takeoverLaw.sharesProvidingControl"
           xlink:label="de-gaap-ci_mgmtRep.takeoverLaw.sharesProvidingControl"/>
      <loc xlink:type="locator"
           xlink:href="de-gaap-ci-2018-04-01.xsd#de-gaap-ci_mgmtRep.takeoverLaw.typeOfVotingRights"
           xlink:label="de-gaap-ci_mgmtRep.takeoverLaw.typeOfVotingRights"/>
      <loc xlink:type="locator"
           xlink:href="de-gaap-ci-2018-04-01.xsd#de-gaap-ci_mgmtRep.takeoverLaw.boardMemberChange"
           xlink:label="de-gaap-ci_mgmtRep.takeoverLaw.boardMemberChange"/>
      <loc xlink:type="locator"
           xlink:href="de-gaap-ci-2018-04-01.xsd#de-gaap-ci_mgmtRep.takeoverLaw.executiveBoardAuthorities"
           xlink:label="de-gaap-ci_mgmtRep.takeoverLaw.executiveBoardAuthorities"/>
      <loc xlink:type="locator"
           xlink:href="de-gaap-ci-2018-04-01.xsd#de-gaap-ci_mgmtRep.takeoverLaw.conditionalAgreements"
           xlink:label="de-gaap-ci_mgmtRep.takeoverLaw.conditionalAgreements"/>
      <loc xlink:type="locator"
           xlink:href="de-gaap-ci-2018-04-01.xsd#de-gaap-ci_mgmtRep.takeoverLaw.compensationAgreements"
           xlink:label="de-gaap-ci_mgmtRep.takeoverLaw.compensationAgreements"/>
      <loc xlink:type="locator"
           xlink:href="de-gaap-ci-2018-04-01.xsd#de-gaap-ci_mgmtRep.nonfinancials"
           xlink:label="de-gaap-ci_mgmtRep.nonfinancials"/>
      <loc xlink:type="locator"
           xlink:href="de-gaap-ci-2018-04-01.xsd#de-gaap-ci_mgmtRep.nonfinancials.businessmodel"
           xlink:label="de-gaap-ci_mgmtRep.nonfinancials.businessmodel"/>
      <loc xlink:type="locator"
           xlink:href="de-gaap-ci-2018-04-01.xsd#de-gaap-ci_mgmtRep.nonfinancials.minimumRequierements"
           xlink:label="de-gaap-ci_mgmtRep.nonfinancials.minimumRequierements"/>
      <loc xlink:type="locator"
           xlink:href="de-gaap-ci-2018-04-01.xsd#de-gaap-ci_mgmtRep.nonfinancials.minimumRequierements.environmentalIssues"
           xlink:label="de-gaap-ci_mgmtRep.nonfinancials.minimumRequierements.environmentalIssues"/>
      <loc xlink:type="locator"
           xlink:href="de-gaap-ci-2018-04-01.xsd#de-gaap-ci_mgmtRep.nonfinancials.minimumRequierements.environmentalIssues.plannedConceptsDD"
           xlink:label="de-gaap-ci_mgmtRep.nonfinancials.minimumRequierements.environmentalIssues.plannedConceptsDD"/>
      <loc xlink:type="locator"
           xlink:href="de-gaap-ci-2018-04-01.xsd#de-gaap-ci_mgmtRep.nonfinancials.minimumRequierements.environmentalIssues.resultsPlannedConceptsDD"
           xlink:label="de-gaap-ci_mgmtRep.nonfinancials.minimumRequierements.environmentalIssues.resultsPlannedConceptsDD"/>
      <loc xlink:type="locator"
           xlink:href="de-gaap-ci-2018-04-01.xsd#de-gaap-ci_mgmtRep.nonfinancials.minimumRequierements.environmentalIssues.essentialRisksOwnBusiness"
           xlink:label="de-gaap-ci_mgmtRep.nonfinancials.minimumRequierements.environmentalIssues.essentialRisksOwnBusiness"/>
      <loc xlink:type="locator"
           xlink:href="de-gaap-ci-2018-04-01.xsd#de-gaap-ci_mgmtRep.nonfinancials.minimumRequierements.environmentalIssues.essentialRisksBusinessRelations"
           xlink:label="de-gaap-ci_mgmtRep.nonfinancials.minimumRequierements.environmentalIssues.essentialRisksBusinessRelations"/>
      <loc xlink:type="locator"
           xlink:href="de-gaap-ci-2018-04-01.xsd#de-gaap-ci_mgmtRep.nonfinancials.minimumRequierements.environmentalIssues.signFinPerformIndex"
           xlink:label="de-gaap-ci_mgmtRep.nonfinancials.minimumRequierements.environmentalIssues.signFinPerformIndex"/>
      <loc xlink:type="locator"
           xlink:href="de-gaap-ci-2018-04-01.xsd#de-gaap-ci_mgmtRep.nonfinancials.minimumRequierements.environmentalIssues.shownFinStatVal"
           xlink:label="de-gaap-ci_mgmtRep.nonfinancials.minimumRequierements.environmentalIssues.shownFinStatVal"/>
      <loc xlink:type="locator"
           xlink:href="de-gaap-ci-2018-04-01.xsd#de-gaap-ci_mgmtRep.nonfinancials.minimumRequierements.employeesIssues"
           xlink:label="de-gaap-ci_mgmtRep.nonfinancials.minimumRequierements.employeesIssues"/>
      <loc xlink:type="locator"
           xlink:href="de-gaap-ci-2018-04-01.xsd#de-gaap-ci_mgmtRep.nonfinancials.minimumRequierements.employeesIssues.plannedConceptsDD"
           xlink:label="de-gaap-ci_mgmtRep.nonfinancials.minimumRequierements.employeesIssues.plannedConceptsDD"/>
      <loc xlink:type="locator"
           xlink:href="de-gaap-ci-2018-04-01.xsd#de-gaap-ci_mgmtRep.nonfinancials.minimumRequierements.employeesIssues.resultsPlannedConceptsDD"
           xlink:label="de-gaap-ci_mgmtRep.nonfinancials.minimumRequierements.employeesIssues.resultsPlannedConceptsDD"/>
      <loc xlink:type="locator"
           xlink:href="de-gaap-ci-2018-04-01.xsd#de-gaap-ci_mgmtRep.nonfinancials.minimumRequierements.employeesIssues.essentialRisksOwnBusiness"
           xlink:label="de-gaap-ci_mgmtRep.nonfinancials.minimumRequierements.employeesIssues.essentialRisksOwnBusiness"/>
      <loc xlink:type="locator"
           xlink:href="de-gaap-ci-2018-04-01.xsd#de-gaap-ci_mgmtRep.nonfinancials.minimumRequierements.employeesIssues.essentialRisksBusinessRelations"
           xlink:label="de-gaap-ci_mgmtRep.nonfinancials.minimumRequierements.employeesIssues.essentialRisksBusinessRelations"/>
      <loc xlink:type="locator"
           xlink:href="de-gaap-ci-2018-04-01.xsd#de-gaap-ci_mgmtRep.nonfinancials.minimumRequierements.employeesIssues.signFinPerformIndex"
           xlink:label="de-gaap-ci_mgmtRep.nonfinancials.minimumRequierements.employeesIssues.signFinPerformIndex"/>
      <loc xlink:type="locator"
           xlink:href="de-gaap-ci-2018-04-01.xsd#de-gaap-ci_mgmtRep.nonfinancials.minimumRequierements.employeesIssues.shownFinStatVal"
           xlink:label="de-gaap-ci_mgmtRep.nonfinancials.minimumRequierements.employeesIssues.shownFinStatVal"/>
      <loc xlink:type="locator"
           xlink:href="de-gaap-ci-2018-04-01.xsd#de-gaap-ci_mgmtRep.nonfinancials.minimumRequierements.socialIssues"
           xlink:label="de-gaap-ci_mgmtRep.nonfinancials.minimumRequierements.socialIssues"/>
      <loc xlink:type="locator"
           xlink:href="de-gaap-ci-2018-04-01.xsd#de-gaap-ci_mgmtRep.nonfinancials.minimumRequierements.socialIssues.plannedConceptsDD"
           xlink:label="de-gaap-ci_mgmtRep.nonfinancials.minimumRequierements.socialIssues.plannedConceptsDD"/>
      <loc xlink:type="locator"
           xlink:href="de-gaap-ci-2018-04-01.xsd#de-gaap-ci_mgmtRep.nonfinancials.minimumRequierements.socialIssues.resultsPlannedConceptsDD"
           xlink:label="de-gaap-ci_mgmtRep.nonfinancials.minimumRequierements.socialIssues.resultsPlannedConceptsDD"/>
      <loc xlink:type="locator"
           xlink:href="de-gaap-ci-2018-04-01.xsd#de-gaap-ci_mgmtRep.nonfinancials.minimumRequierements.socialIssues.essentialRisksOwnBusiness"
           xlink:label="de-gaap-ci_mgmtRep.nonfinancials.minimumRequierements.socialIssues.essentialRisksOwnBusiness"/>
      <loc xlink:type="locator"
           xlink:href="de-gaap-ci-2018-04-01.xsd#de-gaap-ci_mgmtRep.nonfinancials.minimumRequierements.socialIssues.essentialRisksBusinessRelations"
           xlink:label="de-gaap-ci_mgmtRep.nonfinancials.minimumRequierements.socialIssues.essentialRisksBusinessRelations"/>
      <loc xlink:type="locator"
           xlink:href="de-gaap-ci-2018-04-01.xsd#de-gaap-ci_mgmtRep.nonfinancials.minimumRequierements.socialIssues.signFinPerformIndex"
           xlink:label="de-gaap-ci_mgmtRep.nonfinancials.minimumRequierements.socialIssues.signFinPerformIndex"/>
      <loc xlink:type="locator"
           xlink:href="de-gaap-ci-2018-04-01.xsd#de-gaap-ci_mgmtRep.nonfinancials.minimumRequierements.socialIssues.shownFinStatVal"
           xlink:label="de-gaap-ci_mgmtRep.nonfinancials.minimumRequierements.socialIssues.shownFinStatVal"/>
      <loc xlink:type="locator"
           xlink:href="de-gaap-ci-2018-04-01.xsd#de-gaap-ci_mgmtRep.nonfinancials.minimumRequierements.respectHumRights"
           xlink:label="de-gaap-ci_mgmtRep.nonfinancials.minimumRequierements.respectHumRights"/>
      <loc xlink:type="locator"
           xlink:href="de-gaap-ci-2018-04-01.xsd#de-gaap-ci_mgmtRep.nonfinancials.minimumRequierements.respectHumRights.plannedConceptsDD"
           xlink:label="de-gaap-ci_mgmtRep.nonfinancials.minimumRequierements.respectHumRights.plannedConceptsDD"/>
      <loc xlink:type="locator"
           xlink:href="de-gaap-ci-2018-04-01.xsd#de-gaap-ci_mgmtRep.nonfinancials.minimumRequierements.respectHumRights.resultsPlannedConceptsDD"
           xlink:label="de-gaap-ci_mgmtRep.nonfinancials.minimumRequierements.respectHumRights.resultsPlannedConceptsDD"/>
      <loc xlink:type="locator"
           xlink:href="de-gaap-ci-2018-04-01.xsd#de-gaap-ci_mgmtRep.nonfinancials.minimumRequierements.respectHumRights.essentialRisksOwnBusiness"
           xlink:label="de-gaap-ci_mgmtRep.nonfinancials.minimumRequierements.respectHumRights.essentialRisksOwnBusiness"/>
      <loc xlink:type="locator"
           xlink:href="de-gaap-ci-2018-04-01.xsd#de-gaap-ci_mgmtRep.nonfinancials.minimumRequierements.respectHumRights.essentialRisksBusinessRelations"
           xlink:label="de-gaap-ci_mgmtRep.nonfinancials.minimumRequierements.respectHumRights.essentialRisksBusinessRelations"/>
      <loc xlink:type="locator"
           xlink:href="de-gaap-ci-2018-04-01.xsd#de-gaap-ci_mgmtRep.nonfinancials.minimumRequierements.respectHumRights.signFinPerformIndex"
           xlink:label="de-gaap-ci_mgmtRep.nonfinancials.minimumRequierements.respectHumRights.signFinPerformIndex"/>
      <loc xlink:type="locator"
           xlink:href="de-gaap-ci-2018-04-01.xsd#de-gaap-ci_mgmtRep.nonfinancials.minimumRequierements.respectHumRights.shownFinStatVal"
           xlink:label="de-gaap-ci_mgmtRep.nonfinancials.minimumRequierements.respectHumRights.shownFinStatVal"/>
      <loc xlink:type="locator"
           xlink:href="de-gaap-ci-2018-04-01.xsd#de-gaap-ci_mgmtRep.nonfinancials.minimumRequierements.fightCorrBrib"
           xlink:label="de-gaap-ci_mgmtRep.nonfinancials.minimumRequierements.fightCorrBrib"/>
      <loc xlink:type="locator"
           xlink:href="de-gaap-ci-2018-04-01.xsd#de-gaap-ci_mgmtRep.nonfinancials.minimumRequierements.fightCorrBrib.plannedConceptsDD"
           xlink:label="de-gaap-ci_mgmtRep.nonfinancials.minimumRequierements.fightCorrBrib.plannedConceptsDD"/>
      <loc xlink:type="locator"
           xlink:href="de-gaap-ci-2018-04-01.xsd#de-gaap-ci_mgmtRep.nonfinancials.minimumRequierements.fightCorrBrib.resultsPlannedConceptsDD"
           xlink:label="de-gaap-ci_mgmtRep.nonfinancials.minimumRequierements.fightCorrBrib.resultsPlannedConceptsDD"/>
      <loc xlink:type="locator"
           xlink:href="de-gaap-ci-2018-04-01.xsd#de-gaap-ci_mgmtRep.nonfinancials.minimumRequierements.fightCorrBrib.essentialRisksOwnBusiness"
           xlink:label="de-gaap-ci_mgmtRep.nonfinancials.minimumRequierements.fightCorrBrib.essentialRisksOwnBusiness"/>
      <loc xlink:type="locator"
           xlink:href="de-gaap-ci-2018-04-01.xsd#de-gaap-ci_mgmtRep.nonfinancials.minimumRequierements.fightCorrBrib.essentialRisksBusinessRelations"
           xlink:label="de-gaap-ci_mgmtRep.nonfinancials.minimumRequierements.fightCorrBrib.essentialRisksBusinessRelations"/>
      <loc xlink:type="locator"
           xlink:href="de-gaap-ci-2018-04-01.xsd#de-gaap-ci_mgmtRep.nonfinancials.minimumRequierements.fightCorrBrib.signFinPerformIndex"
           xlink:label="de-gaap-ci_mgmtRep.nonfinancials.minimumRequierements.fightCorrBrib.signFinPerformIndex"/>
      <loc xlink:type="locator"
           xlink:href="de-gaap-ci-2018-04-01.xsd#de-gaap-ci_mgmtRep.nonfinancials.minimumRequierements.fightCorrBrib.shownFinStatVal"
           xlink:label="de-gaap-ci_mgmtRep.nonfinancials.minimumRequierements.fightCorrBrib.shownFinStatVal"/>
      <presentationArc xlink:from="de-gaap-ci_mgmtRep" xlink:to="de-gaap-ci_mgmtRep.financials"
                       order="1"
                       xlink:arcrole="http://www.xbrl.org/2003/arcrole/parent-child"
                       xlink:type="arc"/>
      <presentationArc xlink:from="de-gaap-ci_mgmtRep.financials"
                       xlink:to="de-gaap-ci_mgmtRep.financials.courseOfBus"
                       order="1"
                       xlink:arcrole="http://www.xbrl.org/2003/arcrole/parent-child"
                       xlink:type="arc"/>
      <presentationArc xlink:from="de-gaap-ci_mgmtRep.financials.courseOfBus"
                       xlink:to="de-gaap-ci_mgmtRep.financials.courseOfBus.production"
                       order="1"
                       xlink:arcrole="http://www.xbrl.org/2003/arcrole/parent-child"
                       xlink:type="arc"/>
      <presentationArc xlink:from="de-gaap-ci_mgmtRep.financials.courseOfBus"
                       xlink:to="de-gaap-ci_mgmtRep.financials.courseOfBus.investments"
                       order="2"
                       xlink:arcrole="http://www.xbrl.org/2003/arcrole/parent-child"
                       xlink:type="arc"/>
      <presentationArc xlink:from="de-gaap-ci_mgmtRep.financials.courseOfBus"
                       xlink:to="de-gaap-ci_mgmtRep.financials.courseOfBus.financing"
                       order="3"
                       xlink:arcrole="http://www.xbrl.org/2003/arcrole/parent-child"
                       xlink:type="arc"/>
      <presentationArc xlink:from="de-gaap-ci_mgmtRep.financials.courseOfBus"
                       xlink:to="de-gaap-ci_mgmtRep.financials.courseOfBus.staff"
                       order="4"
                       xlink:arcrole="http://www.xbrl.org/2003/arcrole/parent-child"
                       xlink:type="arc"/>
      <presentationArc xlink:from="de-gaap-ci_mgmtRep.financials.courseOfBus"
                       xlink:to="de-gaap-ci_mgmtRep.financials.courseOfBus.environment"
                       order="5"
                       xlink:arcrole="http://www.xbrl.org/2003/arcrole/parent-child"
                       xlink:type="arc"/>
      <presentationArc xlink:from="de-gaap-ci_mgmtRep.financials.courseOfBus"
                       xlink:to="de-gaap-ci_mgmtRep.financials.courseOfBus.industry"
                       order="6"
                       xlink:arcrole="http://www.xbrl.org/2003/arcrole/parent-child"
                       xlink:type="arc"/>
      <presentationArc xlink:from="de-gaap-ci_mgmtRep.financials.courseOfBus"
                       xlink:to="de-gaap-ci_mgmtRep.financials.courseOfBus.salesOrders"
                       order="7"
                       xlink:arcrole="http://www.xbrl.org/2003/arcrole/parent-child"
                       xlink:type="arc"/>
      <presentationArc xlink:from="de-gaap-ci_mgmtRep.financials.courseOfBus"
                       xlink:to="de-gaap-ci_mgmtRep.financials.courseOfBus.other"
                       order="8"
                       xlink:arcrole="http://www.xbrl.org/2003/arcrole/parent-child"
                       xlink:type="arc"/>
      <presentationArc xlink:from="de-gaap-ci_mgmtRep.financials"
                       xlink:to="de-gaap-ci_mgmtRep.financials.situation"
                       order="2"
                       xlink:arcrole="http://www.xbrl.org/2003/arcrole/parent-child"
                       xlink:type="arc"/>
      <presentationArc xlink:from="de-gaap-ci_mgmtRep.financials.situation"
                       xlink:to="de-gaap-ci_mgmtRep.financials.situation.netWorth"
                       order="1"
                       xlink:arcrole="http://www.xbrl.org/2003/arcrole/parent-child"
                       xlink:type="arc"/>
      <presentationArc xlink:from="de-gaap-ci_mgmtRep.financials.situation"
                       xlink:to="de-gaap-ci_mgmtRep.financials.situation.financing"
                       order="2"
                       xlink:arcrole="http://www.xbrl.org/2003/arcrole/parent-child"
                       xlink:type="arc"/>
      <presentationArc xlink:from="de-gaap-ci_mgmtRep.financials.situation"
                       xlink:to="de-gaap-ci_mgmtRep.financials.situation.income"
                       order="3"
                       xlink:arcrole="http://www.xbrl.org/2003/arcrole/parent-child"
                       xlink:type="arc"/>
      <presentationArc xlink:from="de-gaap-ci_mgmtRep.financials"
                       xlink:to="de-gaap-ci_mgmtRep.financials.risks"
                       order="3"
                       xlink:arcrole="http://www.xbrl.org/2003/arcrole/parent-child"
                       xlink:type="arc"/>
      <presentationArc xlink:from="de-gaap-ci_mgmtRep.financials.risks"
                       xlink:to="de-gaap-ci_mgmtRep.financials.risks.oeconomicRisks"
                       order="1"
                       xlink:arcrole="http://www.xbrl.org/2003/arcrole/parent-child"
                       xlink:type="arc"/>
      <presentationArc xlink:from="de-gaap-ci_mgmtRep.financials.risks"
                       xlink:to="de-gaap-ci_mgmtRep.financials.risks.legalRisks"
                       order="2"
                       xlink:arcrole="http://www.xbrl.org/2003/arcrole/parent-child"
                       xlink:type="arc"/>
      <presentationArc xlink:from="de-gaap-ci_mgmtRep.financials.risks"
                       xlink:to="de-gaap-ci_mgmtRep.financials.risks.otherRisks"
                       order="3"
                       xlink:arcrole="http://www.xbrl.org/2003/arcrole/parent-child"
                       xlink:type="arc"/>
      <presentationArc xlink:from="de-gaap-ci_mgmtRep.financials.risks"
                       xlink:to="de-gaap-ci_mgmtRep.financials.risks.internalRiskManagementSystem"
                       order="4"
                       xlink:arcrole="http://www.xbrl.org/2003/arcrole/parent-child"
                       xlink:type="arc"/>
      <presentationArc xlink:from="de-gaap-ci_mgmtRep" xlink:to="de-gaap-ci_mgmtRep.supplements"
                       order="2"
                       xlink:arcrole="http://www.xbrl.org/2003/arcrole/parent-child"
                       xlink:type="arc"/>
      <presentationArc xlink:from="de-gaap-ci_mgmtRep.supplements"
                       xlink:to="de-gaap-ci_mgmtRep.supplements.production"
                       order="1"
                       xlink:arcrole="http://www.xbrl.org/2003/arcrole/parent-child"
                       xlink:type="arc"/>
      <presentationArc xlink:from="de-gaap-ci_mgmtRep.supplements"
                       xlink:to="de-gaap-ci_mgmtRep.supplements.sales"
                       order="2"
                       xlink:arcrole="http://www.xbrl.org/2003/arcrole/parent-child"
                       xlink:type="arc"/>
      <presentationArc xlink:from="de-gaap-ci_mgmtRep.supplements"
                       xlink:to="de-gaap-ci_mgmtRep.supplements.financing"
                       order="3"
                       xlink:arcrole="http://www.xbrl.org/2003/arcrole/parent-child"
                       xlink:type="arc"/>
      <presentationArc xlink:from="de-gaap-ci_mgmtRep" xlink:to="de-gaap-ci_mgmtRep.prognosis"
                       order="3"
                       xlink:arcrole="http://www.xbrl.org/2003/arcrole/parent-child"
                       xlink:type="arc"/>
      <presentationArc xlink:from="de-gaap-ci_mgmtRep.prognosis"
                       xlink:to="de-gaap-ci_mgmtRep.prognosis.marketDevelopm"
                       order="2"
                       xlink:arcrole="http://www.xbrl.org/2003/arcrole/parent-child"
                       xlink:type="arc"/>
      <presentationArc xlink:from="de-gaap-ci_mgmtRep.prognosis"
                       xlink:to="de-gaap-ci_mgmtRep.prognosis.rAndD"
                       order="3"
                       xlink:arcrole="http://www.xbrl.org/2003/arcrole/parent-child"
                       xlink:type="arc"/>
      <presentationArc xlink:from="de-gaap-ci_mgmtRep.prognosis"
                       xlink:to="de-gaap-ci_mgmtRep.prognosis.businessSegments"
                       order="4"
                       xlink:arcrole="http://www.xbrl.org/2003/arcrole/parent-child"
                       xlink:type="arc"/>
      <presentationArc xlink:from="de-gaap-ci_mgmtRep"
                       xlink:to="de-gaap-ci_mgmtRep.researchAndDevelopm"
                       order="4"
                       xlink:arcrole="http://www.xbrl.org/2003/arcrole/parent-child"
                       xlink:type="arc"/>
      <presentationArc xlink:from="de-gaap-ci_mgmtRep.researchAndDevelopm"
                       xlink:to="de-gaap-ci_mgmtRep.researchAndDevelopm.equipment"
                       order="1"
                       xlink:arcrole="http://www.xbrl.org/2003/arcrole/parent-child"
                       xlink:type="arc"/>
      <presentationArc xlink:from="de-gaap-ci_mgmtRep.researchAndDevelopm"
                       xlink:to="de-gaap-ci_mgmtRep.researchAndDevelopm.noOfStaff"
                       order="2"
                       xlink:arcrole="http://www.xbrl.org/2003/arcrole/parent-child"
                       xlink:type="arc"/>
      <presentationArc xlink:from="de-gaap-ci_mgmtRep.researchAndDevelopm"
                       xlink:to="de-gaap-ci_mgmtRep.researchAndDevelopm.targets"
                       order="3"
                       xlink:arcrole="http://www.xbrl.org/2003/arcrole/parent-child"
                       xlink:type="arc"/>
      <presentationArc xlink:from="de-gaap-ci_mgmtRep.researchAndDevelopm"
                       xlink:to="de-gaap-ci_mgmtRep.researchAndDevelopm.cost"
                       order="4"
                       xlink:arcrole="http://www.xbrl.org/2003/arcrole/parent-child"
                       xlink:type="arc"/>
      <presentationArc xlink:from="de-gaap-ci_mgmtRep" xlink:to="de-gaap-ci_mgmtRep.branches"
                       order="5"
                       xlink:arcrole="http://www.xbrl.org/2003/arcrole/parent-child"
                       xlink:type="arc"/>
      <presentationArc xlink:from="de-gaap-ci_mgmtRep.branches"
                       xlink:to="de-gaap-ci_mgmtRep.branches.domestic"
                       order="1"
                       xlink:arcrole="http://www.xbrl.org/2003/arcrole/parent-child"
                       xlink:type="arc"/>
      <presentationArc xlink:from="de-gaap-ci_mgmtRep.branches"
                       xlink:to="de-gaap-ci_mgmtRep.branches.abroad"
                       order="2"
                       xlink:arcrole="http://www.xbrl.org/2003/arcrole/parent-child"
                       xlink:type="arc"/>
      <presentationArc xlink:from="de-gaap-ci_mgmtRep" xlink:to="de-gaap-ci_mgmtRep.dependency"
                       order="6"
                       xlink:arcrole="http://www.xbrl.org/2003/arcrole/parent-child"
                       xlink:type="arc"/>
      <presentationArc xlink:from="de-gaap-ci_mgmtRep" xlink:to="de-gaap-ci_mgmtRep.companyLeading"
                       order="7"
                       xlink:arcrole="http://www.xbrl.org/2003/arcrole/parent-child"
                       xlink:type="arc"/>
      <presentationArc xlink:from="de-gaap-ci_mgmtRep.companyLeading"
                       xlink:to="de-gaap-ci_mgmtRep.companyLeading.DCGK"
                       order="1"
                       xlink:arcrole="http://www.xbrl.org/2003/arcrole/parent-child"
                       xlink:type="arc"/>
      <presentationArc xlink:from="de-gaap-ci_mgmtRep.companyLeading"
                       xlink:to="de-gaap-ci_mgmtRep.companyLeading.leading"
                       order="2"
                       xlink:arcrole="http://www.xbrl.org/2003/arcrole/parent-child"
                       xlink:type="arc"/>
      <presentationArc xlink:from="de-gaap-ci_mgmtRep.companyLeading"
                       xlink:to="de-gaap-ci_mgmtRep.companyLeading.practise"
                       order="3"
                       xlink:arcrole="http://www.xbrl.org/2003/arcrole/parent-child"
                       xlink:type="arc"/>
      <presentationArc xlink:from="de-gaap-ci_mgmtRep.companyLeading"
                       xlink:to="de-gaap-ci_mgmtRep.companyLeading.women"
                       order="4"
                       xlink:arcrole="http://www.xbrl.org/2003/arcrole/parent-child"
                       xlink:type="arc"/>
      <presentationArc xlink:from="de-gaap-ci_mgmtRep.companyLeading"
                       xlink:to="de-gaap-ci_mgmtRep.companyLeading.compositionSupervBoard"
                       order="5"
                       xlink:arcrole="http://www.xbrl.org/2003/arcrole/parent-child"
                       xlink:type="arc"/>
      <presentationArc xlink:from="de-gaap-ci_mgmtRep.companyLeading"
                       xlink:to="de-gaap-ci_mgmtRep.companyLeading.diversityConcept"
                       order="6"
                       xlink:arcrole="http://www.xbrl.org/2003/arcrole/parent-child"
                       xlink:type="arc"/>
      <presentationArc xlink:from="de-gaap-ci_mgmtRep" xlink:to="de-gaap-ci_mgmtRep.takeoverLaw"
                       order="8"
                       xlink:arcrole="http://www.xbrl.org/2003/arcrole/parent-child"
                       xlink:type="arc"/>
      <presentationArc xlink:from="de-gaap-ci_mgmtRep.takeoverLaw"
                       xlink:to="de-gaap-ci_mgmtRep.takeoverLaw.compositionOfSubscribedCap"
                       order="1"
                       xlink:arcrole="http://www.xbrl.org/2003/arcrole/parent-child"
                       xlink:type="arc"/>
      <presentationArc xlink:from="de-gaap-ci_mgmtRep.takeoverLaw"
                       xlink:to="de-gaap-ci_mgmtRep.takeoverLaw.restrictionsOnVotingRights"
                       order="2"
                       xlink:arcrole="http://www.xbrl.org/2003/arcrole/parent-child"
                       xlink:type="arc"/>
      <presentationArc xlink:from="de-gaap-ci_mgmtRep.takeoverLaw"
                       xlink:to="de-gaap-ci_mgmtRep.takeoverLaw.votingShares"
                       order="3"
                       xlink:arcrole="http://www.xbrl.org/2003/arcrole/parent-child"
                       xlink:type="arc"/>
      <presentationArc xlink:from="de-gaap-ci_mgmtRep.takeoverLaw"
                       xlink:to="de-gaap-ci_mgmtRep.takeoverLaw.sharesProvidingControl"
                       order="4"
                       xlink:arcrole="http://www.xbrl.org/2003/arcrole/parent-child"
                       xlink:type="arc"/>
      <presentationArc xlink:from="de-gaap-ci_mgmtRep.takeoverLaw"
                       xlink:to="de-gaap-ci_mgmtRep.takeoverLaw.typeOfVotingRights"
                       order="5"
                       xlink:arcrole="http://www.xbrl.org/2003/arcrole/parent-child"
                       xlink:type="arc"/>
      <presentationArc xlink:from="de-gaap-ci_mgmtRep.takeoverLaw"
                       xlink:to="de-gaap-ci_mgmtRep.takeoverLaw.boardMemberChange"
                       order="6"
                       xlink:arcrole="http://www.xbrl.org/2003/arcrole/parent-child"
                       xlink:type="arc"/>
      <presentationArc xlink:from="de-gaap-ci_mgmtRep.takeoverLaw"
                       xlink:to="de-gaap-ci_mgmtRep.takeoverLaw.executiveBoardAuthorities"
                       order="7"
                       xlink:arcrole="http://www.xbrl.org/2003/arcrole/parent-child"
                       xlink:type="arc"/>
      <presentationArc xlink:from="de-gaap-ci_mgmtRep.takeoverLaw"
                       xlink:to="de-gaap-ci_mgmtRep.takeoverLaw.conditionalAgreements"
                       order="8"
                       xlink:arcrole="http://www.xbrl.org/2003/arcrole/parent-child"
                       xlink:type="arc"/>
      <presentationArc xlink:from="de-gaap-ci_mgmtRep.takeoverLaw"
                       xlink:to="de-gaap-ci_mgmtRep.takeoverLaw.compensationAgreements"
                       order="9"
                       xlink:arcrole="http://www.xbrl.org/2003/arcrole/parent-child"
                       xlink:type="arc"/>
      <presentationArc xlink:from="de-gaap-ci_mgmtRep" xlink:to="de-gaap-ci_mgmtRep.nonfinancials"
                       order="9"
                       xlink:arcrole="http://www.xbrl.org/2003/arcrole/parent-child"
                       xlink:type="arc"/>
      <presentationArc xlink:from="de-gaap-ci_mgmtRep.nonfinancials"
                       xlink:to="de-gaap-ci_mgmtRep.nonfinancials.businessmodel"
                       order="1"
                       xlink:arcrole="http://www.xbrl.org/2003/arcrole/parent-child"
                       xlink:type="arc"/>
      <presentationArc xlink:from="de-gaap-ci_mgmtRep.nonfinancials"
                       xlink:to="de-gaap-ci_mgmtRep.nonfinancials.minimumRequierements"
                       order="2"
                       xlink:arcrole="http://www.xbrl.org/2003/arcrole/parent-child"
                       xlink:type="arc"/>
      <presentationArc xlink:from="de-gaap-ci_mgmtRep.nonfinancials.minimumRequierements"
                       xlink:to="de-gaap-ci_mgmtRep.nonfinancials.minimumRequierements.environmentalIssues"
                       order="1"
                       xlink:arcrole="http://www.xbrl.org/2003/arcrole/parent-child"
                       xlink:type="arc"/>
      <presentationArc xlink:from="de-gaap-ci_mgmtRep.nonfinancials.minimumRequierements.environmentalIssues"
                       xlink:to="de-gaap-ci_mgmtRep.nonfinancials.minimumRequierements.environmentalIssues.plannedConceptsDD"
                       order="1"
                       xlink:arcrole="http://www.xbrl.org/2003/arcrole/parent-child"
                       xlink:type="arc"/>
      <presentationArc xlink:from="de-gaap-ci_mgmtRep.nonfinancials.minimumRequierements.environmentalIssues"
                       xlink:to="de-gaap-ci_mgmtRep.nonfinancials.minimumRequierements.environmentalIssues.resultsPlannedConceptsDD"
                       order="2"
                       xlink:arcrole="http://www.xbrl.org/2003/arcrole/parent-child"
                       xlink:type="arc"/>
      <presentationArc xlink:from="de-gaap-ci_mgmtRep.nonfinancials.minimumRequierements.environmentalIssues"
                       xlink:to="de-gaap-ci_mgmtRep.nonfinancials.minimumRequierements.environmentalIssues.essentialRisksOwnBusiness"
                       order="3"
                       xlink:arcrole="http://www.xbrl.org/2003/arcrole/parent-child"
                       xlink:type="arc"/>
      <presentationArc xlink:from="de-gaap-ci_mgmtRep.nonfinancials.minimumRequierements.environmentalIssues"
                       xlink:to="de-gaap-ci_mgmtRep.nonfinancials.minimumRequierements.environmentalIssues.essentialRisksBusinessRelations"
                       order="4"
                       xlink:arcrole="http://www.xbrl.org/2003/arcrole/parent-child"
                       xlink:type="arc"/>
      <presentationArc xlink:from="de-gaap-ci_mgmtRep.nonfinancials.minimumRequierements.environmentalIssues"
                       xlink:to="de-gaap-ci_mgmtRep.nonfinancials.minimumRequierements.environmentalIssues.signFinPerformIndex"
                       order="5"
                       xlink:arcrole="http://www.xbrl.org/2003/arcrole/parent-child"
                       xlink:type="arc"/>
      <presentationArc xlink:from="de-gaap-ci_mgmtRep.nonfinancials.minimumRequierements.environmentalIssues"
                       xlink:to="de-gaap-ci_mgmtRep.nonfinancials.minimumRequierements.environmentalIssues.shownFinStatVal"
                       order="6"
                       xlink:arcrole="http://www.xbrl.org/2003/arcrole/parent-child"
                       xlink:type="arc"/>
      <presentationArc xlink:from="de-gaap-ci_mgmtRep.nonfinancials.minimumRequierements"
                       xlink:to="de-gaap-ci_mgmtRep.nonfinancials.minimumRequierements.employeesIssues"
                       order="2"
                       xlink:arcrole="http://www.xbrl.org/2003/arcrole/parent-child"
                       xlink:type="arc"/>
      <presentationArc xlink:from="de-gaap-ci_mgmtRep.nonfinancials.minimumRequierements.employeesIssues"
                       xlink:to="de-gaap-ci_mgmtRep.nonfinancials.minimumRequierements.employeesIssues.plannedConceptsDD"
                       order="1"
                       xlink:arcrole="http://www.xbrl.org/2003/arcrole/parent-child"
                       xlink:type="arc"/>
      <presentationArc xlink:from="de-gaap-ci_mgmtRep.nonfinancials.minimumRequierements.employeesIssues"
                       xlink:to="de-gaap-ci_mgmtRep.nonfinancials.minimumRequierements.employeesIssues.resultsPlannedConceptsDD"
                       order="2"
                       xlink:arcrole="http://www.xbrl.org/2003/arcrole/parent-child"
                       xlink:type="arc"/>
      <presentationArc xlink:from="de-gaap-ci_mgmtRep.nonfinancials.minimumRequierements.employeesIssues"
                       xlink:to="de-gaap-ci_mgmtRep.nonfinancials.minimumRequierements.employeesIssues.essentialRisksOwnBusiness"
                       order="3"
                       xlink:arcrole="http://www.xbrl.org/2003/arcrole/parent-child"
                       xlink:type="arc"/>
      <presentationArc xlink:from="de-gaap-ci_mgmtRep.nonfinancials.minimumRequierements.employeesIssues"
                       xlink:to="de-gaap-ci_mgmtRep.nonfinancials.minimumRequierements.employeesIssues.essentialRisksBusinessRelations"
                       order="4"
                       xlink:arcrole="http://www.xbrl.org/2003/arcrole/parent-child"
                       xlink:type="arc"/>
      <presentationArc xlink:from="de-gaap-ci_mgmtRep.nonfinancials.minimumRequierements.employeesIssues"
                       xlink:to="de-gaap-ci_mgmtRep.nonfinancials.minimumRequierements.employeesIssues.signFinPerformIndex"
                       order="5"
                       xlink:arcrole="http://www.xbrl.org/2003/arcrole/parent-child"
                       xlink:type="arc"/>
      <presentationArc xlink:from="de-gaap-ci_mgmtRep.nonfinancials.minimumRequierements.employeesIssues"
                       xlink:to="de-gaap-ci_mgmtRep.nonfinancials.minimumRequierements.employeesIssues.shownFinStatVal"
                       order="6"
                       xlink:arcrole="http://www.xbrl.org/2003/arcrole/parent-child"
                       xlink:type="arc"/>
      <presentationArc xlink:from="de-gaap-ci_mgmtRep.nonfinancials.minimumRequierements"
                       xlink:to="de-gaap-ci_mgmtRep.nonfinancials.minimumRequierements.socialIssues"
                       order="3"
                       xlink:arcrole="http://www.xbrl.org/2003/arcrole/parent-child"
                       xlink:type="arc"/>
      <presentationArc xlink:from="de-gaap-ci_mgmtRep.nonfinancials.minimumRequierements.socialIssues"
                       xlink:to="de-gaap-ci_mgmtRep.nonfinancials.minimumRequierements.socialIssues.plannedConceptsDD"
                       order="1"
                       xlink:arcrole="http://www.xbrl.org/2003/arcrole/parent-child"
                       xlink:type="arc"/>
      <presentationArc xlink:from="de-gaap-ci_mgmtRep.nonfinancials.minimumRequierements.socialIssues"
                       xlink:to="de-gaap-ci_mgmtRep.nonfinancials.minimumRequierements.socialIssues.resultsPlannedConceptsDD"
                       order="2"
                       xlink:arcrole="http://www.xbrl.org/2003/arcrole/parent-child"
                       xlink:type="arc"/>
      <presentationArc xlink:from="de-gaap-ci_mgmtRep.nonfinancials.minimumRequierements.socialIssues"
                       xlink:to="de-gaap-ci_mgmtRep.nonfinancials.minimumRequierements.socialIssues.essentialRisksOwnBusiness"
                       order="3"
                       xlink:arcrole="http://www.xbrl.org/2003/arcrole/parent-child"
                       xlink:type="arc"/>
      <presentationArc xlink:from="de-gaap-ci_mgmtRep.nonfinancials.minimumRequierements.socialIssues"
                       xlink:to="de-gaap-ci_mgmtRep.nonfinancials.minimumRequierements.socialIssues.essentialRisksBusinessRelations"
                       order="4"
                       xlink:arcrole="http://www.xbrl.org/2003/arcrole/parent-child"
                       xlink:type="arc"/>
      <presentationArc xlink:from="de-gaap-ci_mgmtRep.nonfinancials.minimumRequierements.socialIssues"
                       xlink:to="de-gaap-ci_mgmtRep.nonfinancials.minimumRequierements.socialIssues.signFinPerformIndex"
                       order="5"
                       xlink:arcrole="http://www.xbrl.org/2003/arcrole/parent-child"
                       xlink:type="arc"/>
      <presentationArc xlink:from="de-gaap-ci_mgmtRep.nonfinancials.minimumRequierements.socialIssues"
                       xlink:to="de-gaap-ci_mgmtRep.nonfinancials.minimumRequierements.socialIssues.shownFinStatVal"
                       order="6"
                       xlink:arcrole="http://www.xbrl.org/2003/arcrole/parent-child"
                       xlink:type="arc"/>
      <presentationArc xlink:from="de-gaap-ci_mgmtRep.nonfinancials.minimumRequierements"
                       xlink:to="de-gaap-ci_mgmtRep.nonfinancials.minimumRequierements.respectHumRights"
                       order="4"
                       xlink:arcrole="http://www.xbrl.org/2003/arcrole/parent-child"
                       xlink:type="arc"/>
      <presentationArc xlink:from="de-gaap-ci_mgmtRep.nonfinancials.minimumRequierements.respectHumRights"
                       xlink:to="de-gaap-ci_mgmtRep.nonfinancials.minimumRequierements.respectHumRights.plannedConceptsDD"
                       order="1"
                       xlink:arcrole="http://www.xbrl.org/2003/arcrole/parent-child"
                       xlink:type="arc"/>
      <presentationArc xlink:from="de-gaap-ci_mgmtRep.nonfinancials.minimumRequierements.respectHumRights"
                       xlink:to="de-gaap-ci_mgmtRep.nonfinancials.minimumRequierements.respectHumRights.resultsPlannedConceptsDD"
                       order="2"
                       xlink:arcrole="http://www.xbrl.org/2003/arcrole/parent-child"
                       xlink:type="arc"/>
      <presentationArc xlink:from="de-gaap-ci_mgmtRep.nonfinancials.minimumRequierements.respectHumRights"
                       xlink:to="de-gaap-ci_mgmtRep.nonfinancials.minimumRequierements.respectHumRights.essentialRisksOwnBusiness"
                       order="3"
                       xlink:arcrole="http://www.xbrl.org/2003/arcrole/parent-child"
                       xlink:type="arc"/>
      <presentationArc xlink:from="de-gaap-ci_mgmtRep.nonfinancials.minimumRequierements.respectHumRights"
                       xlink:to="de-gaap-ci_mgmtRep.nonfinancials.minimumRequierements.respectHumRights.essentialRisksBusinessRelations"
                       order="4"
                       xlink:arcrole="http://www.xbrl.org/2003/arcrole/parent-child"
                       xlink:type="arc"/>
      <presentationArc xlink:from="de-gaap-ci_mgmtRep.nonfinancials.minimumRequierements.respectHumRights"
                       xlink:to="de-gaap-ci_mgmtRep.nonfinancials.minimumRequierements.respectHumRights.signFinPerformIndex"
                       order="5"
                       xlink:arcrole="http://www.xbrl.org/2003/arcrole/parent-child"
                       xlink:type="arc"/>
      <presentationArc xlink:from="de-gaap-ci_mgmtRep.nonfinancials.minimumRequierements.respectHumRights"
                       xlink:to="de-gaap-ci_mgmtRep.nonfinancials.minimumRequierements.respectHumRights.shownFinStatVal"
                       order="6"
                       xlink:arcrole="http://www.xbrl.org/2003/arcrole/parent-child"
                       xlink:type="arc"/>
      <presentationArc xlink:from="de-gaap-ci_mgmtRep.nonfinancials.minimumRequierements"
                       xlink:to="de-gaap-ci_mgmtRep.nonfinancials.minimumRequierements.fightCorrBrib"
                       order="5"
                       xlink:arcrole="http://www.xbrl.org/2003/arcrole/parent-child"
                       xlink:type="arc"/>
      <presentationArc xlink:from="de-gaap-ci_mgmtRep.nonfinancials.minimumRequierements.fightCorrBrib"
                       xlink:to="de-gaap-ci_mgmtRep.nonfinancials.minimumRequierements.fightCorrBrib.plannedConceptsDD"
                       order="1"
                       xlink:arcrole="http://www.xbrl.org/2003/arcrole/parent-child"
                       xlink:type="arc"/>
      <presentationArc xlink:from="de-gaap-ci_mgmtRep.nonfinancials.minimumRequierements.fightCorrBrib"
                       xlink:to="de-gaap-ci_mgmtRep.nonfinancials.minimumRequierements.fightCorrBrib.resultsPlannedConceptsDD"
                       order="2"
                       xlink:arcrole="http://www.xbrl.org/2003/arcrole/parent-child"
                       xlink:type="arc"/>
      <presentationArc xlink:from="de-gaap-ci_mgmtRep.nonfinancials.minimumRequierements.fightCorrBrib"
                       xlink:to="de-gaap-ci_mgmtRep.nonfinancials.minimumRequierements.fightCorrBrib.essentialRisksOwnBusiness"
                       order="3"
                       xlink:arcrole="http://www.xbrl.org/2003/arcrole/parent-child"
                       xlink:type="arc"/>
      <presentationArc xlink:from="de-gaap-ci_mgmtRep.nonfinancials.minimumRequierements.fightCorrBrib"
                       xlink:to="de-gaap-ci_mgmtRep.nonfinancials.minimumRequierements.fightCorrBrib.essentialRisksBusinessRelations"
                       order="4"
                       xlink:arcrole="http://www.xbrl.org/2003/arcrole/parent-child"
                       xlink:type="arc"/>
      <presentationArc xlink:from="de-gaap-ci_mgmtRep.nonfinancials.minimumRequierements.fightCorrBrib"
                       xlink:to="de-gaap-ci_mgmtRep.nonfinancials.minimumRequierements.fightCorrBrib.signFinPerformIndex"
                       order="5"
                       xlink:arcrole="http://www.xbrl.org/2003/arcrole/parent-child"
                       xlink:type="arc"/>
      <presentationArc xlink:from="de-gaap-ci_mgmtRep.nonfinancials.minimumRequierements.fightCorrBrib"
                       xlink:to="de-gaap-ci_mgmtRep.nonfinancials.minimumRequierements.fightCorrBrib.shownFinStatVal"
                       order="6"
                       xlink:arcrole="http://www.xbrl.org/2003/arcrole/parent-child"
                       xlink:type="arc"/>
   </presentationLink>
   <presentationLink xmlns:xlink="http://www.w3.org/1999/xlink"
                     xlink:role="http://www.xbrl.de/taxonomies/de-gaap-ci/role/managementReport"
                     xlink:type="extended">
      <loc xlink:type="locator"
           xlink:href="de-gaap-ci-2018-04-01.xsd#de-gaap-ci_mgmtRep.financials.risks"
           xlink:label="de-gaap-ci_mgmtRep.financials.risks"/>
      <loc xlink:type="locator"
           xlink:href="de-gaap-ci-2018-04-01.xsd#de-gaap-ci_mgmtRep.financials.risks.goalsAndMethods"
           xlink:label="de-gaap-ci_mgmtRep.financials.risks.goalsAndMethods"/>
      <loc xlink:type="locator"
           xlink:href="de-gaap-ci-2018-04-01.xsd#de-gaap-ci_mgmtRep.financials.risks.liquidity"
           xlink:label="de-gaap-ci_mgmtRep.financials.risks.liquidity"/>
      <loc xlink:type="locator" xlink:href="de-gaap-ci-2018-04-01.xsd#de-gaap-ci_mgmtRep"
           xlink:label="de-gaap-ci_mgmtRep"/>
      <loc xlink:type="locator"
           xlink:href="de-gaap-ci-2018-04-01.xsd#de-gaap-ci_mgmtRep.salariesSystem"
           xlink:label="de-gaap-ci_mgmtRep.salariesSystem"/>
      <presentationArc xlink:from="de-gaap-ci_mgmtRep.financials.risks"
                       xlink:to="de-gaap-ci_mgmtRep.financials.risks.goalsAndMethods"
                       order="0.5"
                       xlink:arcrole="http://www.xbrl.org/2003/arcrole/parent-child"
                       xlink:type="arc"/>
      <presentationArc xlink:from="de-gaap-ci_mgmtRep.financials.risks"
                       xlink:to="de-gaap-ci_mgmtRep.financials.risks.liquidity"
                       order="0.75"
                       xlink:arcrole="http://www.xbrl.org/2003/arcrole/parent-child"
                       xlink:type="arc"/>
      <presentationArc xlink:from="de-gaap-ci_mgmtRep" xlink:to="de-gaap-ci_mgmtRep.salariesSystem"
                       order="5.5"
                       xlink:arcrole="http://www.xbrl.org/2003/arcrole/parent-child"
                       xlink:type="arc"/>
   </presentationLink>
</linkbase>