<?xml version="1.0" encoding="utf-8"?>
<!--(c) XBRL Deutschland e.V. - see http://www.xbrl.de-->


<link:linkbase xmlns:bf="http://xbrl.org/2008/filter/boolean"
               xmlns:cf="http://xbrl.org/2008/filter/concept"
               xmlns:de-gaap-ci="http://www.xbrl.de/taxonomies/de-gaap-ci-2018-04-01"
               xmlns:df="http://xbrl.org/2008/filter/dimension"
               xmlns:fn="http://www.w3.org/2005/xpath-functions"
               xmlns:formula="http://xbrl.org/2008/formula"
               xmlns:gen="http://xbrl.org/2008/generic"
               xmlns:gf="http://xbrl.org/2008/filter/general"
               xmlns:label="http://xbrl.org/2008/label"
               xmlns:link="http://www.xbrl.org/2003/linkbase"
               xmlns:mf="http://xbrl.org/2008/filter/match"
               xmlns:num="http://www.xbrl.org/dtr/type/numeric"
               xmlns:pf="http://xbrl.org/2008/filter/period"
               xmlns:reference="http://xbrl.org/2008/reference"
               xmlns:rf="http://xbrl.org/2008/filter/relative"
               xmlns:sf="http://xbrl.org/2008/filter/segment-scenario"
               xmlns:table="http://xbrl.org/2014/table"
               xmlns:uf="http://xbrl.org/2008/filter/unit"
               xmlns:validation="http://xbrl.org/2008/validation"
               xmlns:variable="http://xbrl.org/2008/variable"
               xmlns:vf="http://xbrl.org/2008/filter/value"
               xmlns:xbrli="http://www.xbrl.org/2003/instance"
               xmlns:xfi="http://www.xbrl.org/2008/function/instance"
               xmlns:xlink="http://www.w3.org/1999/xlink"
               xmlns:xsi="http://www.w3.org/2001/XMLSchema-instance"
               xsi:schemaLocation="http://www.xbrl.org/2003/linkbase http://www.xbrl.org/2003/xbrl-linkbase-2003-12-31.xsd http://xbrl.org/2008/generic http://www.xbrl.org/2008/generic-link.xsd http://xbrl.org/2008/formula http://www.xbrl.org/2008/formula.xsd http://xbrl.org/2008/label http://www.xbrl.org/2008/generic-label.xsd http://xbrl.org/2008/reference http://www.xbrl.org/2008/generic-reference.xsd http://xbrl.org/2014/table http://www.xbrl.org/2014/table.xsd">
  <link:roleRef roleURI="http://www.xbrl.de/taxonomies/de-gaap-ci/role/notesTableStatementOfChangesInFixedAssetsGross"
                 xlink:href="de-gaap-ci-2018-04-01.xsd#role_notesTableStatementOfChangesInFixedAssetsGross"
                 xlink:type="simple"/>
  <link:roleRef roleURI="http://www.xbrl.org/2008/role/label"
                 xlink:href="http://www.xbrl.org/2008/generic-label.xsd#standard-label"
                 xlink:type="simple"/>
  <link:arcroleRef arcroleURI="http://xbrl.org/arcrole/2008/element-label"
                    xlink:href="http://www.xbrl.org/2008/generic-label.xsd#element-label"
                    xlink:type="simple"/>
  <link:arcroleRef arcroleURI="http://xbrl.org/arcrole/2014/table-breakdown"
                    xlink:href="http://www.xbrl.org/2014/table.xsd#table-breakdown"
                    xlink:type="simple"/>
  <link:arcroleRef arcroleURI="http://xbrl.org/arcrole/2014/breakdown-tree"
                    xlink:href="http://www.xbrl.org/2014/table.xsd#breakdown-tree"
                    xlink:type="simple"/>
  <gen:link xlink:role="http://www.xbrl.de/taxonomies/de-gaap-ci/role/notesTableStatementOfChangesInFixedAssetsGross"
             xlink:type="extended">
      <table:table id="table_assets_gross" parentChildOrder="parent-first"
                   xlink:label="label_table_assets_gross"
                   xlink:type="resource"/>
      <label:label xlink:label="label_table_assets_gross_label_1"
                   xlink:role="http://www.xbrl.org/2008/role/label"
                   xlink:type="resource"
                   xml:lang="de">Tabelle Anlagespiegel (brutto)</label:label>
      <gen:arc xlink:arcrole="http://xbrl.org/arcrole/2008/element-label"
               xlink:from="label_table_assets_gross"
               xlink:to="label_table_assets_gross_label_1"
               xlink:type="arc"/>
      <label:label xlink:label="label_table_assets_gross_label_2"
                   xlink:role="http://www.xbrl.org/2008/role/label"
                   xlink:type="resource"
                   xml:lang="en">Table statement of changes in assets, gross</label:label>
      <gen:arc xlink:arcrole="http://xbrl.org/arcrole/2008/element-label"
               xlink:from="label_table_assets_gross"
               xlink:to="label_table_assets_gross_label_2"
               xlink:type="arc"/>
      <table:breakdown id="breakdown_table.nt.ass.gross"
                       xlink:label="label_breakdown_table.nt.ass.gross"
                       xlink:type="resource"/>
      <table:tableBreakdownArc axis="x" order="3.0"
                               xlink:arcrole="http://xbrl.org/arcrole/2014/table-breakdown"
                               xlink:from="label_table_assets_gross"
                               xlink:to="label_breakdown_table.nt.ass.gross"
                               xlink:type="arc"/>
      <table:conceptRelationshipNode id="primary_table.nt.ass.gross" parentChildOrder="parent-first"
                                     xlink:label="label_primary_table.nt.ass.gross"
                                     xlink:type="resource">
         <table:relationshipSource>de-gaap-ci:table.nt.ass.gross</table:relationshipSource>
         <table:linkrole>http://www.xbrl.de/taxonomies/de-gaap-ci/role/notesTableStatementOfChangesInFixedAssetsGross</table:linkrole>
         <table:arcrole>http://xbrl.org/int/dim/arcrole/domain-member</table:arcrole>
         <table:linkname>link:definitionLink</table:linkname>
         <table:arcname>link:definitionArc</table:arcname>
      </table:conceptRelationshipNode>
      <table:breakdownTreeArc order="1.0" xlink:arcrole="http://xbrl.org/arcrole/2014/breakdown-tree"
                              xlink:from="label_breakdown_table.nt.ass.gross"
                              xlink:to="label_primary_table.nt.ass.gross"
                              xlink:type="arc"/>
      <table:breakdown id="breakdown_dim_changes.nt.ass.gross"
                       xlink:label="label_breakdown_dim_changes.nt.ass.gross"
                       xlink:type="resource"/>
      <table:tableBreakdownArc axis="y" order="4.0"
                               xlink:arcrole="http://xbrl.org/arcrole/2014/table-breakdown"
                               xlink:from="label_table_assets_gross"
                               xlink:to="label_breakdown_dim_changes.nt.ass.gross"
                               xlink:type="arc"/>
      <table:dimensionRelationshipNode id="dimension_dim_changes.nt.ass.gross"
                                       xlink:label="label_dimension_dim_changes.nt.ass.gross"
                                       xlink:type="resource">
         <table:linkrole>http://www.xbrl.de/taxonomies/de-gaap-ci/role/notesTableStatementOfChangesInFixedAssetsGross</table:linkrole>
         <table:dimension>de-gaap-ci:dim_changes.nt.ass.gross</table:dimension>
      </table:dimensionRelationshipNode>
      <table:breakdownTreeArc order="1.0" xlink:arcrole="http://xbrl.org/arcrole/2014/breakdown-tree"
                              xlink:from="label_breakdown_dim_changes.nt.ass.gross"
                              xlink:to="label_dimension_dim_changes.nt.ass.gross"
                              xlink:type="arc"/>
      <table:breakdown id="breakdown_dim_taxTrans" parentChildOrder="children-first"
                       xlink:label="label_breakdown_dim_taxTrans"
                       xlink:type="resource"/>
      <table:tableBreakdownArc axis="y" order="5.0"
                               xlink:arcrole="http://xbrl.org/arcrole/2014/table-breakdown"
                               xlink:from="label_table_assets_gross"
                               xlink:to="label_breakdown_dim_taxTrans"
                               xlink:type="arc"/>
      <table:dimensionRelationshipNode id="dimension_dim_taxTrans" xlink:label="label_dimension_dim_taxTrans"
                                       xlink:type="resource">
         <table:linkrole>http://www.xbrl.de/taxonomies/de-gaap-ci/role/notesTableStatementOfChangesInFixedAssetsGross</table:linkrole>
         <table:dimension>de-gaap-ci:dim_taxTrans</table:dimension>
         <table:generations>0</table:generations>
      </table:dimensionRelationshipNode>
      <table:breakdownTreeArc order="1.0" xlink:arcrole="http://xbrl.org/arcrole/2014/breakdown-tree"
                              xlink:from="label_breakdown_dim_taxTrans"
                              xlink:to="label_dimension_dim_taxTrans"
                              xlink:type="arc"/>
      <table:breakdown id="breakdown_table.nt.ass.gross_period"
                       xlink:label="label_breakdown_table.nt.ass.gross_period"
                       xlink:type="resource"/>
      <table:tableBreakdownArc axis="z" order="6.0"
                               xlink:arcrole="http://xbrl.org/arcrole/2014/table-breakdown"
                               xlink:from="label_table_assets_gross"
                               xlink:to="label_breakdown_table.nt.ass.gross_period"
                               xlink:type="arc"/>
      <table:aspectNode id="aspect_table.nt.ass.gross_period"
                        xlink:label="label_aspect_table.nt.ass.gross_period"
                        xlink:type="resource">
         <table:periodAspect/>
      </table:aspectNode>
      <table:breakdownTreeArc order="1.0" xlink:arcrole="http://xbrl.org/arcrole/2014/breakdown-tree"
                              xlink:from="label_breakdown_table.nt.ass.gross_period"
                              xlink:to="label_aspect_table.nt.ass.gross_period"
                              xlink:type="arc"/>
      <table:breakdown id="breakdown_table.nt.ass.gross_entityIdentifier"
                       xlink:label="label_breakdown_table.nt.ass.gross_entityIdentifier"
                       xlink:type="resource"/>
      <table:tableBreakdownArc axis="z" order="7.0"
                               xlink:arcrole="http://xbrl.org/arcrole/2014/table-breakdown"
                               xlink:from="label_table_assets_gross"
                               xlink:to="label_breakdown_table.nt.ass.gross_entityIdentifier"
                               xlink:type="arc"/>
      <table:aspectNode id="aspect_table.nt.ass.gross_entityIdentifier"
                        xlink:label="label_aspect_table.nt.ass.gross_entityIdentifier"
                        xlink:type="resource">
         <table:entityIdentifierAspect/>
      </table:aspectNode>
      <table:breakdownTreeArc order="1.0" xlink:arcrole="http://xbrl.org/arcrole/2014/breakdown-tree"
                              xlink:from="label_breakdown_table.nt.ass.gross_entityIdentifier"
                              xlink:to="label_aspect_table.nt.ass.gross_entityIdentifier"
                              xlink:type="arc"/>
  </gen:link>
</link:linkbase>