<?xml version="1.0" encoding="utf-8"?>
<!--(c) XBRL Deutschland e.V. - see http://www.xbrl.de-->


<linkbase xmlns="http://www.xbrl.org/2003/linkbase"
          xmlns:xsi="http://www.w3.org/2001/XMLSchema-instance"
          xsi:schemaLocation="http://www.xbrl.org/2003/linkbase http://www.xbrl.org/2003/xbrl-linkbase-2003-12-31.xsd">
   <roleRef xmlns:xbrldt="http://xbrl.org/2005/xbrldt"
            xmlns:xlink="http://www.w3.org/1999/xlink"
            roleURI="http://www.xbrl.de/taxonomies/de-gaap-ci/role/changesEquityStatement"
            xlink:href="de-gaap-ci-2018-04-01.xsd#role_changesEquityStatement"
            xlink:type="simple"/>
   <presentationLink xmlns:xlink="http://www.w3.org/1999/xlink"
                     xlink:role="http://www.xbrl.de/taxonomies/de-gaap-ci/role/changesEquityStatement"
                     xlink:type="extended">
      <loc xlink:type="locator" xlink:href="de-gaap-ci-2018-04-01.xsd#de-gaap-ci_eqCh"
           xlink:label="de-gaap-ci_eqCh"/>
      <loc xlink:type="locator"
           xlink:href="de-gaap-ci-2018-04-01.xsd#de-gaap-ci_table.eqCh.DRS7"
           xlink:label="de-gaap-ci_table.eqCh.DRS7"/>
      <loc xlink:type="locator"
           xlink:href="de-gaap-ci-2018-04-01-dimensions.xsd#de-gaap-ci_eqCH.notes"
           xlink:label="de-gaap-ci_eqCH.notes"/>
      <loc xlink:type="locator"
           xlink:href="de-gaap-ci-2018-04-01-dimensions.xsd#de-gaap-ci_eqCH.notes.a"
           xlink:label="de-gaap-ci_eqCH.notes.a"/>
      <loc xlink:type="locator"
           xlink:href="de-gaap-ci-2018-04-01-dimensions.xsd#de-gaap-ci_eqCH.notes.b"
           xlink:label="de-gaap-ci_eqCH.notes.b"/>
      <loc xlink:type="locator"
           xlink:href="de-gaap-ci-2018-04-01-dimensions.xsd#de-gaap-ci_eqCH.notes.c"
           xlink:label="de-gaap-ci_eqCH.notes.c"/>
      <loc xlink:type="locator"
           xlink:href="de-gaap-ci-2018-04-01-dimensions.xsd#de-gaap-ci_eqCH.notes.d"
           xlink:label="de-gaap-ci_eqCH.notes.d"/>
      <loc xlink:type="locator"
           xlink:href="de-gaap-ci-2018-04-01.xsd#de-gaap-ci_table.eqCh.DRS22"
           xlink:label="de-gaap-ci_table.eqCh.DRS22"/>
      <loc xlink:type="locator"
           xlink:href="de-gaap-ci-2018-04-01-dimensions.xsd#de-gaap-ci_eqCH.notesDRS22"
           xlink:label="de-gaap-ci_eqCH.notesDRS22"/>
      <loc xlink:type="locator"
           xlink:href="de-gaap-ci-2018-04-01-dimensions.xsd#de-gaap-ci_eqCH.notesDRS22.capRes"
           xlink:label="de-gaap-ci_eqCH.notesDRS22.capRes"/>
      <loc xlink:type="locator"
           xlink:href="de-gaap-ci-2018-04-01-dimensions.xsd#de-gaap-ci_eqCH.notesDRS22.capRes.a"
           xlink:label="de-gaap-ci_eqCH.notesDRS22.capRes.a"/>
      <loc xlink:type="locator"
           xlink:href="de-gaap-ci-2018-04-01-dimensions.xsd#de-gaap-ci_eqCH.notesDRS22.capRes.b"
           xlink:label="de-gaap-ci_eqCH.notesDRS22.capRes.b"/>
      <loc xlink:type="locator"
           xlink:href="de-gaap-ci-2018-04-01-dimensions.xsd#de-gaap-ci_eqCH.notesDRS22.capRes.c"
           xlink:label="de-gaap-ci_eqCH.notesDRS22.capRes.c"/>
      <loc xlink:type="locator"
           xlink:href="de-gaap-ci-2018-04-01-dimensions.xsd#de-gaap-ci_eqCH.notesDRS22.revenueRes"
           xlink:label="de-gaap-ci_eqCH.notesDRS22.revenueRes"/>
      <loc xlink:type="locator"
           xlink:href="de-gaap-ci-2018-04-01-dimensions.xsd#de-gaap-ci_eqCH.notesDRS22.revenueRes.a"
           xlink:label="de-gaap-ci_eqCH.notesDRS22.revenueRes.a"/>
      <loc xlink:type="locator"
           xlink:href="de-gaap-ci-2018-04-01-dimensions.xsd#de-gaap-ci_eqCH.notesDRS22.revenueRes.b"
           xlink:label="de-gaap-ci_eqCH.notesDRS22.revenueRes.b"/>
      <loc xlink:type="locator"
           xlink:href="de-gaap-ci-2018-04-01-dimensions.xsd#de-gaap-ci_eqCH.notesDRS22.revenueRes.c"
           xlink:label="de-gaap-ci_eqCH.notesDRS22.revenueRes.c"/>
      <loc xlink:type="locator"
           xlink:href="de-gaap-ci-2018-04-01-dimensions.xsd#de-gaap-ci_eqCH.notesDRS22.retainedEarningsPrevYear"
           xlink:label="de-gaap-ci_eqCH.notesDRS22.retainedEarningsPrevYear"/>
      <loc xlink:type="locator"
           xlink:href="de-gaap-ci-2018-04-01-dimensions.xsd#de-gaap-ci_eqCH.notesDRS22.retainedEarningsPrevYear.a"
           xlink:label="de-gaap-ci_eqCH.notesDRS22.retainedEarningsPrevYear.a"/>
      <loc xlink:type="locator"
           xlink:href="de-gaap-ci-2018-04-01-dimensions.xsd#de-gaap-ci_eqCH.notesDRS22.retainedEarningsPrevYear.b"
           xlink:label="de-gaap-ci_eqCH.notesDRS22.retainedEarningsPrevYear.b"/>
      <loc xlink:type="locator"
           xlink:href="de-gaap-ci-2018-04-01-dimensions.xsd#de-gaap-ci_eqCH.notesDRS22.retainedEarningsPrevYear.c"
           xlink:label="de-gaap-ci_eqCH.notesDRS22.retainedEarningsPrevYear.c"/>
      <loc xlink:type="locator"
           xlink:href="de-gaap-ci-2018-04-01-dimensions.xsd#de-gaap-ci_eqCH.notesDRS22.netIncome"
           xlink:label="de-gaap-ci_eqCH.notesDRS22.netIncome"/>
      <loc xlink:type="locator"
           xlink:href="de-gaap-ci-2018-04-01-dimensions.xsd#de-gaap-ci_eqCH.notesDRS22.netIncome.a"
           xlink:label="de-gaap-ci_eqCH.notesDRS22.netIncome.a"/>
      <loc xlink:type="locator"
           xlink:href="de-gaap-ci-2018-04-01-dimensions.xsd#de-gaap-ci_eqCH.notesDRS22.netIncome.b"
           xlink:label="de-gaap-ci_eqCH.notesDRS22.netIncome.b"/>
      <loc xlink:type="locator"
           xlink:href="de-gaap-ci-2018-04-01-dimensions.xsd#de-gaap-ci_eqCH.notesDRS22.netIncome.c"
           xlink:label="de-gaap-ci_eqCH.notesDRS22.netIncome.c"/>
      <presentationArc xlink:from="de-gaap-ci_eqCh" xlink:to="de-gaap-ci_table.eqCh.DRS7" order="1"
                       xlink:arcrole="http://www.xbrl.org/2003/arcrole/parent-child"
                       xlink:type="arc"/>
      <presentationArc xlink:from="de-gaap-ci_table.eqCh.DRS7" xlink:to="de-gaap-ci_eqCH.notes"
                       order="2"
                       xlink:arcrole="http://www.xbrl.org/2003/arcrole/parent-child"
                       xlink:type="arc"/>
      <presentationArc xlink:from="de-gaap-ci_eqCH.notes" xlink:to="de-gaap-ci_eqCH.notes.a" order="1"
                       xlink:arcrole="http://www.xbrl.org/2003/arcrole/parent-child"
                       xlink:type="arc"/>
      <presentationArc xlink:from="de-gaap-ci_eqCH.notes" xlink:to="de-gaap-ci_eqCH.notes.b" order="2"
                       xlink:arcrole="http://www.xbrl.org/2003/arcrole/parent-child"
                       xlink:type="arc"/>
      <presentationArc xlink:from="de-gaap-ci_eqCH.notes" xlink:to="de-gaap-ci_eqCH.notes.c" order="3"
                       xlink:arcrole="http://www.xbrl.org/2003/arcrole/parent-child"
                       xlink:type="arc"/>
      <presentationArc xlink:from="de-gaap-ci_eqCH.notes" xlink:to="de-gaap-ci_eqCH.notes.d" order="4"
                       xlink:arcrole="http://www.xbrl.org/2003/arcrole/parent-child"
                       xlink:type="arc"/>
      <presentationArc xlink:from="de-gaap-ci_eqCh" xlink:to="de-gaap-ci_table.eqCh.DRS22" order="2"
                       xlink:arcrole="http://www.xbrl.org/2003/arcrole/parent-child"
                       xlink:type="arc"/>
      <presentationArc xlink:from="de-gaap-ci_table.eqCh.DRS22" xlink:to="de-gaap-ci_eqCH.notesDRS22"
                       order="3"
                       xlink:arcrole="http://www.xbrl.org/2003/arcrole/parent-child"
                       xlink:type="arc"/>
      <presentationArc xlink:from="de-gaap-ci_eqCH.notesDRS22"
                       xlink:to="de-gaap-ci_eqCH.notesDRS22.capRes"
                       order="1"
                       xlink:arcrole="http://www.xbrl.org/2003/arcrole/parent-child"
                       xlink:type="arc"/>
      <presentationArc xlink:from="de-gaap-ci_eqCH.notesDRS22.capRes"
                       xlink:to="de-gaap-ci_eqCH.notesDRS22.capRes.a"
                       order="1"
                       xlink:arcrole="http://www.xbrl.org/2003/arcrole/parent-child"
                       xlink:type="arc"/>
      <presentationArc xlink:from="de-gaap-ci_eqCH.notesDRS22.capRes"
                       xlink:to="de-gaap-ci_eqCH.notesDRS22.capRes.b"
                       order="2"
                       xlink:arcrole="http://www.xbrl.org/2003/arcrole/parent-child"
                       xlink:type="arc"/>
      <presentationArc xlink:from="de-gaap-ci_eqCH.notesDRS22.capRes"
                       xlink:to="de-gaap-ci_eqCH.notesDRS22.capRes.c"
                       order="3"
                       xlink:arcrole="http://www.xbrl.org/2003/arcrole/parent-child"
                       xlink:type="arc"/>
      <presentationArc xlink:from="de-gaap-ci_eqCH.notesDRS22"
                       xlink:to="de-gaap-ci_eqCH.notesDRS22.revenueRes"
                       order="2"
                       xlink:arcrole="http://www.xbrl.org/2003/arcrole/parent-child"
                       xlink:type="arc"/>
      <presentationArc xlink:from="de-gaap-ci_eqCH.notesDRS22.revenueRes"
                       xlink:to="de-gaap-ci_eqCH.notesDRS22.revenueRes.a"
                       order="1"
                       xlink:arcrole="http://www.xbrl.org/2003/arcrole/parent-child"
                       xlink:type="arc"/>
      <presentationArc xlink:from="de-gaap-ci_eqCH.notesDRS22.revenueRes"
                       xlink:to="de-gaap-ci_eqCH.notesDRS22.revenueRes.b"
                       order="2"
                       xlink:arcrole="http://www.xbrl.org/2003/arcrole/parent-child"
                       xlink:type="arc"/>
      <presentationArc xlink:from="de-gaap-ci_eqCH.notesDRS22.revenueRes"
                       xlink:to="de-gaap-ci_eqCH.notesDRS22.revenueRes.c"
                       order="3"
                       xlink:arcrole="http://www.xbrl.org/2003/arcrole/parent-child"
                       xlink:type="arc"/>
      <presentationArc xlink:from="de-gaap-ci_eqCH.notesDRS22"
                       xlink:to="de-gaap-ci_eqCH.notesDRS22.retainedEarningsPrevYear"
                       order="3"
                       xlink:arcrole="http://www.xbrl.org/2003/arcrole/parent-child"
                       xlink:type="arc"/>
      <presentationArc xlink:from="de-gaap-ci_eqCH.notesDRS22.retainedEarningsPrevYear"
                       xlink:to="de-gaap-ci_eqCH.notesDRS22.retainedEarningsPrevYear.a"
                       order="1"
                       xlink:arcrole="http://www.xbrl.org/2003/arcrole/parent-child"
                       xlink:type="arc"/>
      <presentationArc xlink:from="de-gaap-ci_eqCH.notesDRS22.retainedEarningsPrevYear"
                       xlink:to="de-gaap-ci_eqCH.notesDRS22.retainedEarningsPrevYear.b"
                       order="2"
                       xlink:arcrole="http://www.xbrl.org/2003/arcrole/parent-child"
                       xlink:type="arc"/>
      <presentationArc xlink:from="de-gaap-ci_eqCH.notesDRS22.retainedEarningsPrevYear"
                       xlink:to="de-gaap-ci_eqCH.notesDRS22.retainedEarningsPrevYear.c"
                       order="3"
                       xlink:arcrole="http://www.xbrl.org/2003/arcrole/parent-child"
                       xlink:type="arc"/>
      <presentationArc xlink:from="de-gaap-ci_eqCH.notesDRS22"
                       xlink:to="de-gaap-ci_eqCH.notesDRS22.netIncome"
                       order="4"
                       xlink:arcrole="http://www.xbrl.org/2003/arcrole/parent-child"
                       xlink:type="arc"/>
      <presentationArc xlink:from="de-gaap-ci_eqCH.notesDRS22.netIncome"
                       xlink:to="de-gaap-ci_eqCH.notesDRS22.netIncome.a"
                       order="1"
                       xlink:arcrole="http://www.xbrl.org/2003/arcrole/parent-child"
                       xlink:type="arc"/>
      <presentationArc xlink:from="de-gaap-ci_eqCH.notesDRS22.netIncome"
                       xlink:to="de-gaap-ci_eqCH.notesDRS22.netIncome.b"
                       order="2"
                       xlink:arcrole="http://www.xbrl.org/2003/arcrole/parent-child"
                       xlink:type="arc"/>
      <presentationArc xlink:from="de-gaap-ci_eqCH.notesDRS22.netIncome"
                       xlink:to="de-gaap-ci_eqCH.notesDRS22.netIncome.c"
                       order="3"
                       xlink:arcrole="http://www.xbrl.org/2003/arcrole/parent-child"
                       xlink:type="arc"/>
   </presentationLink>
</linkbase>