<?xml version="1.0" encoding="utf-8"?>
<!--(c) XBRL Deutschland e.V. - see http://www.xbrl.de-->


<linkbase xmlns="http://www.xbrl.org/2003/linkbase"
          xmlns:xsi="http://www.w3.org/2001/XMLSchema-instance"
          xsi:schemaLocation="http://www.xbrl.org/2003/linkbase http://www.xbrl.org/2003/xbrl-linkbase-2003-12-31.xsd">
   <roleRef xmlns:xlink="http://www.w3.org/1999/xlink"
            roleURI="http://www.xbrl.de/roles/labels/terse60Label"
            xlink:href="../de-gcd-2018-04-01/hgbrole-2018-04-01.xsd#role_terse60Label"
            xlink:type="simple"/>
   <labelLink xmlns:xlink="http://www.w3.org/1999/xlink"
              xlink:role="http://www.xbrl.org/2003/role/link"
              xlink:type="extended">
      <loc xlink:type="locator"
           xlink:href="de-gaap-ci-2018-04-01.xsd#de-gaap-ci_is.netIncome.regular.operatingTC.deprAmort.currAss.receiv.againstCorpParticip"
           xlink:label="de-gaap-ci_is.netIncome.regular.operatingTC.deprAmort.currAss.receiv.againstCorpParticip"/>
      <loc xlink:type="locator"
           xlink:href="de-gaap-ci-2018-04-01.xsd#de-gaap-ci_is.netIncome.regular.operatingTC.deprAmort.currAss.receiv.sharehRelPart"
           xlink:label="de-gaap-ci_is.netIncome.regular.operatingTC.deprAmort.currAss.receiv.sharehRelPart"/>
      <loc xlink:type="locator"
           xlink:href="de-gaap-ci-2018-04-01.xsd#de-gaap-ci_fpl.additions.KStG8b"
           xlink:label="de-gaap-ci_fpl.additions.KStG8b"/>
      <loc xlink:type="locator"
           xlink:href="de-gaap-ci-2018-04-01.xsd#de-gaap-ci_fpl.additions.nonDeductableDeductionsESTG3c.other"
           xlink:label="de-gaap-ci_fpl.additions.nonDeductableDeductionsESTG3c.other"/>
      <loc xlink:type="locator"
           xlink:href="de-gaap-ci-2018-04-01.xsd#de-gaap-ci_fpl.additions.nonDeductableDeductionsESTG3c.operatingCostsRelatingToDoubleTaxationTaxExemptCosts"
           xlink:label="de-gaap-ci_fpl.additions.nonDeductableDeductionsESTG3c.operatingCostsRelatingToDoubleTaxationTaxExemptCosts"/>
      <loc xlink:type="locator"
           xlink:href="de-gaap-ci-2018-04-01.xsd#de-gaap-ci_is.netIncome.regular.operatingTC.otherOpRevenue.revalFixAss.fin.domesticCorp"
           xlink:label="de-gaap-ci_is.netIncome.regular.operatingTC.otherOpRevenue.revalFixAss.fin.domesticCorp"/>
      <loc xlink:type="locator"
           xlink:href="de-gaap-ci-2018-04-01.xsd#de-gaap-ci_is.netIncome.regular.operatingTC.otherOpRevenue.revalFixAss.fin.foreignCorp"
           xlink:label="de-gaap-ci_is.netIncome.regular.operatingTC.otherOpRevenue.revalFixAss.fin.foreignCorp"/>
      <loc xlink:type="locator"
           xlink:href="de-gaap-ci-2018-04-01.xsd#de-gaap-ci_is.netIncome.regular.operatingTC.otherOpRevenue.revalFixAss.fin.domesticLoan"
           xlink:label="de-gaap-ci_is.netIncome.regular.operatingTC.otherOpRevenue.revalFixAss.fin.domesticLoan"/>
      <loc xlink:type="locator"
           xlink:href="de-gaap-ci-2018-04-01.xsd#de-gaap-ci_is.netIncome.regular.operatingTC.otherOpRevenue.revalFixAss.fin.domesticLoan.relatedParty"
           xlink:label="de-gaap-ci_is.netIncome.regular.operatingTC.otherOpRevenue.revalFixAss.fin.domesticLoan.relatedParty"/>
      <loc xlink:type="locator"
           xlink:href="de-gaap-ci-2018-04-01.xsd#de-gaap-ci_is.netIncome.regular.operatingTC.otherOpRevenue.revalFixAss.fin.domesticLoan.unrelatedParty"
           xlink:label="de-gaap-ci_is.netIncome.regular.operatingTC.otherOpRevenue.revalFixAss.fin.domesticLoan.unrelatedParty"/>
      <loc xlink:type="locator"
           xlink:href="de-gaap-ci-2018-04-01.xsd#de-gaap-ci_is.netIncome.regular.operatingTC.otherOpRevenue.revalFixAss.fin.foreignLoan"
           xlink:label="de-gaap-ci_is.netIncome.regular.operatingTC.otherOpRevenue.revalFixAss.fin.foreignLoan"/>
      <loc xlink:type="locator"
           xlink:href="de-gaap-ci-2018-04-01.xsd#de-gaap-ci_is.netIncome.regular.operatingTC.otherOpRevenue.revalFixAss.fin.foreignLoan.relatedParty"
           xlink:label="de-gaap-ci_is.netIncome.regular.operatingTC.otherOpRevenue.revalFixAss.fin.foreignLoan.relatedParty"/>
      <loc xlink:type="locator"
           xlink:href="de-gaap-ci-2018-04-01.xsd#de-gaap-ci_is.netIncome.regular.operatingTC.otherOpRevenue.revalFixAss.fin.foreignLoan.unrelatedParty"
           xlink:label="de-gaap-ci_is.netIncome.regular.operatingTC.otherOpRevenue.revalFixAss.fin.foreignLoan.unrelatedParty"/>
      <loc xlink:type="locator"
           xlink:href="de-gaap-ci-2018-04-01.xsd#de-gaap-ci_is.netIncome.regular.operatingTC.otherOpRevenue.revalFixAss.fin.misc"
           xlink:label="de-gaap-ci_is.netIncome.regular.operatingTC.otherOpRevenue.revalFixAss.fin.misc"/>
      <loc xlink:type="locator"
           xlink:href="de-gaap-ci-2018-04-01.xsd#de-gaap-ci_is.netIncome.regular.operatingTC.otherOpRevenue.revalCurrAss.domesticLoan.relatedParty"
           xlink:label="de-gaap-ci_is.netIncome.regular.operatingTC.otherOpRevenue.revalCurrAss.domesticLoan.relatedParty"/>
      <loc xlink:type="locator"
           xlink:href="de-gaap-ci-2018-04-01.xsd#de-gaap-ci_is.netIncome.regular.operatingTC.otherOpRevenue.revalCurrAss.domesticLoan.unrelatedParty"
           xlink:label="de-gaap-ci_is.netIncome.regular.operatingTC.otherOpRevenue.revalCurrAss.domesticLoan.unrelatedParty"/>
      <loc xlink:type="locator"
           xlink:href="de-gaap-ci-2018-04-01.xsd#de-gaap-ci_is.netIncome.regular.operatingTC.otherOpRevenue.revalCurrAss.foreignLoan"
           xlink:label="de-gaap-ci_is.netIncome.regular.operatingTC.otherOpRevenue.revalCurrAss.foreignLoan"/>
      <loc xlink:type="locator"
           xlink:href="de-gaap-ci-2018-04-01.xsd#de-gaap-ci_is.netIncome.regular.operatingTC.otherOpRevenue.revalCurrAss.foreignLoan.relatedParty"
           xlink:label="de-gaap-ci_is.netIncome.regular.operatingTC.otherOpRevenue.revalCurrAss.foreignLoan.relatedParty"/>
      <loc xlink:type="locator"
           xlink:href="de-gaap-ci-2018-04-01.xsd#de-gaap-ci_is.netIncome.regular.operatingTC.otherOpRevenue.revalCurrAss.foreignLoan.unrelatedParty"
           xlink:label="de-gaap-ci_is.netIncome.regular.operatingTC.otherOpRevenue.revalCurrAss.foreignLoan.unrelatedParty"/>
      <loc xlink:type="locator"
           xlink:href="de-gaap-ci-2018-04-01.xsd#de-gaap-ci_is.netIncome.regular.operatingTC.otherOpRevenue.revalCurrAss.misc"
           xlink:label="de-gaap-ci_is.netIncome.regular.operatingTC.otherOpRevenue.revalCurrAss.misc"/>
      <loc xlink:type="locator"
           xlink:href="de-gaap-ci-2018-04-01.xsd#de-gaap-ci_is.netIncome.regular.operatingTC.deprAmort.currAss.receiv.againstCorpParticip.domesticRelated"
           xlink:label="de-gaap-ci_is.netIncome.regular.operatingTC.deprAmort.currAss.receiv.againstCorpParticip.domesticRelated"/>
      <loc xlink:type="locator"
           xlink:href="de-gaap-ci-2018-04-01.xsd#de-gaap-ci_is.netIncome.regular.operatingTC.deprAmort.currAss.receiv.againstCorpParticip.domesticUnrelated"
           xlink:label="de-gaap-ci_is.netIncome.regular.operatingTC.deprAmort.currAss.receiv.againstCorpParticip.domesticUnrelated"/>
      <loc xlink:type="locator"
           xlink:href="de-gaap-ci-2018-04-01.xsd#de-gaap-ci_is.netIncome.regular.operatingTC.deprAmort.currAss.receiv.againstCorpParticip.foreignRelated"
           xlink:label="de-gaap-ci_is.netIncome.regular.operatingTC.deprAmort.currAss.receiv.againstCorpParticip.foreignRelated"/>
      <loc xlink:type="locator"
           xlink:href="de-gaap-ci-2018-04-01.xsd#de-gaap-ci_is.netIncome.regular.operatingTC.deprAmort.currAss.receiv.againstCorpParticip.foreignUnrelated"
           xlink:label="de-gaap-ci_is.netIncome.regular.operatingTC.deprAmort.currAss.receiv.againstCorpParticip.foreignUnrelated"/>
      <loc xlink:type="locator"
           xlink:href="de-gaap-ci-2018-04-01.xsd#de-gaap-ci_is.netIncome.regular.operatingTC.deprAmort.currAss.receiv.sharehRelPart.domestic"
           xlink:label="de-gaap-ci_is.netIncome.regular.operatingTC.deprAmort.currAss.receiv.sharehRelPart.domestic"/>
      <loc xlink:type="locator"
           xlink:href="de-gaap-ci-2018-04-01.xsd#de-gaap-ci_is.netIncome.regular.operatingTC.deprAmort.currAss.receiv.sharehRelPart.foreign"
           xlink:label="de-gaap-ci_is.netIncome.regular.operatingTC.deprAmort.currAss.receiv.sharehRelPart.foreign"/>
      <loc xlink:type="locator"
           xlink:href="de-gaap-ci-2018-04-01.xsd#de-gaap-ci_is.netIncome.regular.operatingTC.deprAmort.currAss.receiv.other"
           xlink:label="de-gaap-ci_is.netIncome.regular.operatingTC.deprAmort.currAss.receiv.other"/>
      <loc xlink:type="locator"
           xlink:href="de-gaap-ci-2018-04-01.xsd#de-gaap-ci_is.netIncome.regular.operatingTC.otherCost.disposCurrAss.domesticCorp"
           xlink:label="de-gaap-ci_is.netIncome.regular.operatingTC.otherCost.disposCurrAss.domesticCorp"/>
      <loc xlink:type="locator"
           xlink:href="de-gaap-ci-2018-04-01.xsd#de-gaap-ci_is.netIncome.regular.operatingTC.otherCost.disposCurrAss.foreignCorp"
           xlink:label="de-gaap-ci_is.netIncome.regular.operatingTC.otherCost.disposCurrAss.foreignCorp"/>
      <loc xlink:type="locator"
           xlink:href="de-gaap-ci-2018-04-01.xsd#de-gaap-ci_is.netIncome.regular.operatingTC.otherCost.disposCurrAss.misc"
           xlink:label="de-gaap-ci_is.netIncome.regular.operatingTC.otherCost.disposCurrAss.misc"/>
      <loc xlink:type="locator"
           xlink:href="de-gaap-ci-2018-04-01.xsd#de-gaap-ci_is.netIncome.regular.operatingCOGS.grossOpProfit.otherRevenue.revalFixAss.fin.domesticLoan.relatedParty"
           xlink:label="de-gaap-ci_is.netIncome.regular.operatingCOGS.grossOpProfit.otherRevenue.revalFixAss.fin.domesticLoan.relatedParty"/>
      <loc xlink:type="locator"
           xlink:href="de-gaap-ci-2018-04-01.xsd#de-gaap-ci_is.netIncome.regular.operatingCOGS.grossOpProfit.otherRevenue.revalFixAss.fin.domesticLoan.unrelatedParty"
           xlink:label="de-gaap-ci_is.netIncome.regular.operatingCOGS.grossOpProfit.otherRevenue.revalFixAss.fin.domesticLoan.unrelatedParty"/>
      <loc xlink:type="locator"
           xlink:href="de-gaap-ci-2018-04-01.xsd#de-gaap-ci_is.netIncome.regular.operatingCOGS.grossOpProfit.otherRevenue.revalFixAss.fin.foreignLoan"
           xlink:label="de-gaap-ci_is.netIncome.regular.operatingCOGS.grossOpProfit.otherRevenue.revalFixAss.fin.foreignLoan"/>
      <loc xlink:type="locator"
           xlink:href="de-gaap-ci-2018-04-01.xsd#de-gaap-ci_is.netIncome.regular.operatingCOGS.grossOpProfit.otherRevenue.revalFixAss.fin.foreignLoan.relatedParty"
           xlink:label="de-gaap-ci_is.netIncome.regular.operatingCOGS.grossOpProfit.otherRevenue.revalFixAss.fin.foreignLoan.relatedParty"/>
      <loc xlink:type="locator"
           xlink:href="de-gaap-ci-2018-04-01.xsd#de-gaap-ci_is.netIncome.regular.operatingCOGS.grossOpProfit.otherRevenue.revalFixAss.fin.foreignLoan.unrelatedParty"
           xlink:label="de-gaap-ci_is.netIncome.regular.operatingCOGS.grossOpProfit.otherRevenue.revalFixAss.fin.foreignLoan.unrelatedParty"/>
      <loc xlink:type="locator"
           xlink:href="de-gaap-ci-2018-04-01.xsd#de-gaap-ci_is.netIncome.regular.operatingCOGS.grossOpProfit.otherRevenue.revalFixAss.fin.misc"
           xlink:label="de-gaap-ci_is.netIncome.regular.operatingCOGS.grossOpProfit.otherRevenue.revalFixAss.fin.misc"/>
      <loc xlink:type="locator"
           xlink:href="de-gaap-ci-2018-04-01.xsd#de-gaap-ci_is.netIncome.regular.operatingCOGS.grossOpProfit.otherRevenue.revalCurrAss.domesticLoan.relatedParty"
           xlink:label="de-gaap-ci_is.netIncome.regular.operatingCOGS.grossOpProfit.otherRevenue.revalCurrAss.domesticLoan.relatedParty"/>
      <loc xlink:type="locator"
           xlink:href="de-gaap-ci-2018-04-01.xsd#de-gaap-ci_is.netIncome.regular.operatingCOGS.grossOpProfit.otherRevenue.revalCurrAss.domesticLoan.unrelatedParty"
           xlink:label="de-gaap-ci_is.netIncome.regular.operatingCOGS.grossOpProfit.otherRevenue.revalCurrAss.domesticLoan.unrelatedParty"/>
      <loc xlink:type="locator"
           xlink:href="de-gaap-ci-2018-04-01.xsd#de-gaap-ci_is.netIncome.regular.operatingCOGS.grossOpProfit.otherRevenue.revalCurrAss.foreignLoan.relatedParty"
           xlink:label="de-gaap-ci_is.netIncome.regular.operatingCOGS.grossOpProfit.otherRevenue.revalCurrAss.foreignLoan.relatedParty"/>
      <loc xlink:type="locator"
           xlink:href="de-gaap-ci-2018-04-01.xsd#de-gaap-ci_is.netIncome.regular.operatingCOGS.grossOpProfit.otherRevenue.revalCurrAss.foreignLoan.unrelatedParty"
           xlink:label="de-gaap-ci_is.netIncome.regular.operatingCOGS.grossOpProfit.otherRevenue.revalCurrAss.foreignLoan.unrelatedParty"/>
      <loc xlink:type="locator"
           xlink:href="de-gaap-ci-2018-04-01.xsd#de-gaap-ci_is.netIncome.regular.operatingCOGS.grossOpProfit.otherRevenue.revalCurrAss.misc"
           xlink:label="de-gaap-ci_is.netIncome.regular.operatingCOGS.grossOpProfit.otherRevenue.revalCurrAss.misc"/>
      <loc xlink:type="locator"
           xlink:href="de-gaap-ci-2018-04-01.xsd#de-gaap-ci_is.netIncome.regular.fin.netInterest.income.valueDiscount.prematRepaymentKStGs38"
           xlink:label="de-gaap-ci_is.netIncome.regular.fin.netInterest.income.valueDiscount.prematRepaymentKStGs38"/>
      <loc xlink:type="locator"
           xlink:href="de-gaap-ci-2018-04-01.xsd#de-gaap-ci_is.netIncome.regular.fin.netInterest.income.valueDiscount.accruals"
           xlink:label="de-gaap-ci_is.netIncome.regular.fin.netInterest.income.valueDiscount.accruals"/>
      <loc xlink:type="locator"
           xlink:href="de-gaap-ci-2018-04-01.xsd#de-gaap-ci_is.netIncome.regular.fin.netInterest.expenses.valueDiscount.liabilities"
           xlink:label="de-gaap-ci_is.netIncome.regular.fin.netInterest.expenses.valueDiscount.liabilities"/>
      <loc xlink:type="locator"
           xlink:href="de-gaap-ci-2018-04-01.xsd#de-gaap-ci_is.netIncome.regular.fin.netInterest.expenses.valueDiscount.CITincrease"
           xlink:label="de-gaap-ci_is.netIncome.regular.fin.netInterest.expenses.valueDiscount.CITincrease"/>
      <!--
internal labels
--><labelArc xlink:from="de-gaap-ci_fpl.additions.KStG8b"
                xlink:to="label_de-gaap-ci_fpl.additions.KStG8b"
                xlink:arcrole="http://www.xbrl.org/2003/arcrole/concept-label"
                xlink:type="arc"/>
      <label xlink:label="label_de-gaap-ci_fpl.additions.KStG8b"
             id="label_de-gaap-ci_fpl.additions.KStG8b"
             xlink:role="http://www.xbrl.de/roles/labels/terse60Label"
             xlink:type="resource"
             xml:lang="en">Plus KStG s. 8b</label>
      <labelArc xlink:from="de-gaap-ci_fpl.additions.nonDeductableDeductionsESTG3c.operatingCostsRelatingToDoubleTaxationTaxExemptCosts"
                xlink:to="label_de-gaap-ci_fpl.additions.nonDeductableDeductionsESTG3c.operatingCostsRelatingToDoubleTaxationTaxExemptCosts"
                xlink:arcrole="http://www.xbrl.org/2003/arcrole/concept-label"
                xlink:type="arc"/>
      <label xlink:label="label_de-gaap-ci_fpl.additions.nonDeductableDeductionsESTG3c.operatingCostsRelatingToDoubleTaxationTaxExemptCosts"
             id="label_de-gaap-ci_fpl.additions.nonDeductableDeductionsESTG3c.operatingCostsRelatingToDoubleTaxationTaxExemptCosts"
             xlink:role="http://www.xbrl.de/roles/labels/terse60Label"
             xlink:type="resource"
             xml:lang="en">Operating costs relating to tax exempt income under DTAs</label>
      <labelArc xlink:from="de-gaap-ci_fpl.additions.nonDeductableDeductionsESTG3c.other"
                xlink:to="label_de-gaap-ci_fpl.additions.nonDeductableDeductionsESTG3c.other"
                xlink:arcrole="http://www.xbrl.org/2003/arcrole/concept-label"
                xlink:type="arc"/>
      <label xlink:label="label_de-gaap-ci_fpl.additions.nonDeductableDeductionsESTG3c.other"
             id="label_de-gaap-ci_fpl.additions.nonDeductableDeductionsESTG3c.other"
             xlink:role="http://www.xbrl.de/roles/labels/terse60Label"
             xlink:type="resource"
             xml:lang="en">Other miscellaneous non-deductibles in acc. with EStG s. 3c</label>
      <labelArc xlink:from="de-gaap-ci_is.netIncome.regular.fin.netInterest.expenses.valueDiscount.CITincrease"
                xlink:to="label_de-gaap-ci_is.netIncome.regular.fin.netInterest.expenses.valueDiscount.CITincrease"
                xlink:arcrole="http://www.xbrl.org/2003/arcrole/concept-label"
                xlink:type="arc"/>
      <label xlink:label="label_de-gaap-ci_is.netIncome.regular.fin.netInterest.expenses.valueDiscount.CITincrease"
             id="label_de-gaap-ci_is.netIncome.regular.fin.netInterest.expenses.valueDiscount.CITincrease"
             xlink:role="http://www.xbrl.de/roles/labels/terse60Label"
             xlink:type="resource"
             xml:lang="en">Discounting of corporate income tax credit according to KStG sec 38</label>
      <labelArc xlink:from="de-gaap-ci_is.netIncome.regular.fin.netInterest.expenses.valueDiscount.liabilities"
                xlink:to="label_de-gaap-ci_is.netIncome.regular.fin.netInterest.expenses.valueDiscount.liabilities"
                xlink:arcrole="http://www.xbrl.org/2003/arcrole/concept-label"
                xlink:type="arc"/>
      <label xlink:label="label_de-gaap-ci_is.netIncome.regular.fin.netInterest.expenses.valueDiscount.liabilities"
             id="label_de-gaap-ci_is.netIncome.regular.fin.netInterest.expenses.valueDiscount.liabilities"
             xlink:role="http://www.xbrl.de/roles/labels/terse60Label"
             xlink:type="resource"
             xml:lang="en">Discounting of accruals / liablities</label>
      <labelArc xlink:from="de-gaap-ci_is.netIncome.regular.fin.netInterest.income.valueDiscount.accruals"
                xlink:to="label_de-gaap-ci_is.netIncome.regular.fin.netInterest.income.valueDiscount.accruals"
                xlink:arcrole="http://www.xbrl.org/2003/arcrole/concept-label"
                xlink:type="arc"/>
      <label xlink:label="label_de-gaap-ci_is.netIncome.regular.fin.netInterest.income.valueDiscount.accruals"
             id="label_de-gaap-ci_is.netIncome.regular.fin.netInterest.income.valueDiscount.accruals"
             xlink:role="http://www.xbrl.de/roles/labels/terse60Label"
             xlink:type="resource"
             xml:lang="en">from discounting accruals / liabilities</label>
      <labelArc xlink:from="de-gaap-ci_is.netIncome.regular.fin.netInterest.income.valueDiscount.prematRepaymentKStGs38"
                xlink:to="label_de-gaap-ci_is.netIncome.regular.fin.netInterest.income.valueDiscount.prematRepaymentKStGs38"
                xlink:arcrole="http://www.xbrl.org/2003/arcrole/concept-label"
                xlink:type="arc"/>
      <label xlink:label="label_de-gaap-ci_is.netIncome.regular.fin.netInterest.income.valueDiscount.prematRepaymentKStGs38"
             id="label_de-gaap-ci_is.netIncome.regular.fin.netInterest.income.valueDiscount.prematRepaymentKStGs38"
             xlink:role="http://www.xbrl.de/roles/labels/terse60Label"
             xlink:type="resource"
             xml:lang="en">from premature repayment of corporate income tax credit according to KStG sec 38</label>
      <labelArc xlink:from="de-gaap-ci_is.netIncome.regular.operatingCOGS.grossOpProfit.otherRevenue.revalCurrAss.domesticLoan.relatedParty"
                xlink:to="label_de-gaap-ci_is.netIncome.regular.operatingCOGS.grossOpProfit.otherRevenue.revalCurrAss.domesticLoan.relatedParty"
                xlink:arcrole="http://www.xbrl.org/2003/arcrole/concept-label"
                xlink:type="arc"/>
      <label xlink:label="label_de-gaap-ci_is.netIncome.regular.operatingCOGS.grossOpProfit.otherRevenue.revalCurrAss.domesticLoan.relatedParty"
             id="label_de-gaap-ci_is.netIncome.regular.operatingCOGS.grossOpProfit.otherRevenue.revalCurrAss.domesticLoan.relatedParty"
             xlink:role="http://www.xbrl.de/roles/labels/terse60Label"
             xlink:type="resource"
             xml:lang="en">To a corporation in which shares exceeding 25% of equity are held</label>
      <labelArc xlink:from="de-gaap-ci_is.netIncome.regular.operatingCOGS.grossOpProfit.otherRevenue.revalCurrAss.domesticLoan.unrelatedParty"
                xlink:to="label_de-gaap-ci_is.netIncome.regular.operatingCOGS.grossOpProfit.otherRevenue.revalCurrAss.domesticLoan.unrelatedParty"
                xlink:arcrole="http://www.xbrl.org/2003/arcrole/concept-label"
                xlink:type="arc"/>
      <label xlink:label="label_de-gaap-ci_is.netIncome.regular.operatingCOGS.grossOpProfit.otherRevenue.revalCurrAss.domesticLoan.unrelatedParty"
             id="label_de-gaap-ci_is.netIncome.regular.operatingCOGS.grossOpProfit.otherRevenue.revalCurrAss.domesticLoan.unrelatedParty"
             xlink:role="http://www.xbrl.de/roles/labels/terse60Label"
             xlink:type="resource"
             xml:lang="en">To a corporation in which no shares or not exceeding 25% of equity are held</label>
      <labelArc xlink:from="de-gaap-ci_is.netIncome.regular.operatingCOGS.grossOpProfit.otherRevenue.revalCurrAss.foreignLoan.relatedParty"
                xlink:to="label_de-gaap-ci_is.netIncome.regular.operatingCOGS.grossOpProfit.otherRevenue.revalCurrAss.foreignLoan.relatedParty"
                xlink:arcrole="http://www.xbrl.org/2003/arcrole/concept-label"
                xlink:type="arc"/>
      <label xlink:label="label_de-gaap-ci_is.netIncome.regular.operatingCOGS.grossOpProfit.otherRevenue.revalCurrAss.foreignLoan.relatedParty"
             id="label_de-gaap-ci_is.netIncome.regular.operatingCOGS.grossOpProfit.otherRevenue.revalCurrAss.foreignLoan.relatedParty"
             xlink:role="http://www.xbrl.de/roles/labels/terse60Label"
             xlink:type="resource"
             xml:lang="en">To a corporation in which shares exceeding 25% of equity are held</label>
      <labelArc xlink:from="de-gaap-ci_is.netIncome.regular.operatingCOGS.grossOpProfit.otherRevenue.revalCurrAss.foreignLoan.unrelatedParty"
                xlink:to="label_de-gaap-ci_is.netIncome.regular.operatingCOGS.grossOpProfit.otherRevenue.revalCurrAss.foreignLoan.unrelatedParty"
                xlink:arcrole="http://www.xbrl.org/2003/arcrole/concept-label"
                xlink:type="arc"/>
      <label xlink:label="label_de-gaap-ci_is.netIncome.regular.operatingCOGS.grossOpProfit.otherRevenue.revalCurrAss.foreignLoan.unrelatedParty"
             id="label_de-gaap-ci_is.netIncome.regular.operatingCOGS.grossOpProfit.otherRevenue.revalCurrAss.foreignLoan.unrelatedParty"
             xlink:role="http://www.xbrl.de/roles/labels/terse60Label"
             xlink:type="resource"
             xml:lang="en">To a corporation in which no shares or not exceeding 25% of equity are held</label>
      <labelArc xlink:from="de-gaap-ci_is.netIncome.regular.operatingCOGS.grossOpProfit.otherRevenue.revalCurrAss.misc"
                xlink:to="label_de-gaap-ci_is.netIncome.regular.operatingCOGS.grossOpProfit.otherRevenue.revalCurrAss.misc"
                xlink:arcrole="http://www.xbrl.org/2003/arcrole/concept-label"
                xlink:type="arc"/>
      <label xlink:label="label_de-gaap-ci_is.netIncome.regular.operatingCOGS.grossOpProfit.otherRevenue.revalCurrAss.misc"
             id="label_de-gaap-ci_is.netIncome.regular.operatingCOGS.grossOpProfit.otherRevenue.revalCurrAss.misc"
             xlink:role="http://www.xbrl.de/roles/labels/terse60Label"
             xlink:type="resource"
             xml:lang="en">Miscelleanous income from reversal of write-downs</label>
      <labelArc xlink:from="de-gaap-ci_is.netIncome.regular.operatingCOGS.grossOpProfit.otherRevenue.revalFixAss.fin.domesticLoan.relatedParty"
                xlink:to="label_de-gaap-ci_is.netIncome.regular.operatingCOGS.grossOpProfit.otherRevenue.revalFixAss.fin.domesticLoan.relatedParty"
                xlink:arcrole="http://www.xbrl.org/2003/arcrole/concept-label"
                xlink:type="arc"/>
      <label xlink:label="label_de-gaap-ci_is.netIncome.regular.operatingCOGS.grossOpProfit.otherRevenue.revalFixAss.fin.domesticLoan.relatedParty"
             id="label_de-gaap-ci_is.netIncome.regular.operatingCOGS.grossOpProfit.otherRevenue.revalFixAss.fin.domesticLoan.relatedParty"
             xlink:role="http://www.xbrl.de/roles/labels/terse60Label"
             xlink:type="resource"
             xml:lang="en">To a corporation in which shares exceeding 25% of equity are held</label>
      <labelArc xlink:from="de-gaap-ci_is.netIncome.regular.operatingCOGS.grossOpProfit.otherRevenue.revalFixAss.fin.domesticLoan.unrelatedParty"
                xlink:to="label_de-gaap-ci_is.netIncome.regular.operatingCOGS.grossOpProfit.otherRevenue.revalFixAss.fin.domesticLoan.unrelatedParty"
                xlink:arcrole="http://www.xbrl.org/2003/arcrole/concept-label"
                xlink:type="arc"/>
      <label xlink:label="label_de-gaap-ci_is.netIncome.regular.operatingCOGS.grossOpProfit.otherRevenue.revalFixAss.fin.domesticLoan.unrelatedParty"
             id="label_de-gaap-ci_is.netIncome.regular.operatingCOGS.grossOpProfit.otherRevenue.revalFixAss.fin.domesticLoan.unrelatedParty"
             xlink:role="http://www.xbrl.de/roles/labels/terse60Label"
             xlink:type="resource"
             xml:lang="en">To a corporation in which no shares or not exceeding 25% of equity are held</label>
      <labelArc xlink:from="de-gaap-ci_is.netIncome.regular.operatingCOGS.grossOpProfit.otherRevenue.revalFixAss.fin.foreignLoan"
                xlink:to="label_de-gaap-ci_is.netIncome.regular.operatingCOGS.grossOpProfit.otherRevenue.revalFixAss.fin.foreignLoan"
                xlink:arcrole="http://www.xbrl.org/2003/arcrole/concept-label"
                xlink:type="arc"/>
      <label xlink:label="label_de-gaap-ci_is.netIncome.regular.operatingCOGS.grossOpProfit.otherRevenue.revalFixAss.fin.foreignLoan"
             id="label_de-gaap-ci_is.netIncome.regular.operatingCOGS.grossOpProfit.otherRevenue.revalFixAss.fin.foreignLoan"
             xlink:role="http://www.xbrl.de/roles/labels/terse60Label"
             xlink:type="resource"
             xml:lang="en">Insofar as foreign loan</label>
      <labelArc xlink:from="de-gaap-ci_is.netIncome.regular.operatingCOGS.grossOpProfit.otherRevenue.revalFixAss.fin.foreignLoan.relatedParty"
                xlink:to="label_de-gaap-ci_is.netIncome.regular.operatingCOGS.grossOpProfit.otherRevenue.revalFixAss.fin.foreignLoan.relatedParty"
                xlink:arcrole="http://www.xbrl.org/2003/arcrole/concept-label"
                xlink:type="arc"/>
      <label xlink:label="label_de-gaap-ci_is.netIncome.regular.operatingCOGS.grossOpProfit.otherRevenue.revalFixAss.fin.foreignLoan.relatedParty"
             id="label_de-gaap-ci_is.netIncome.regular.operatingCOGS.grossOpProfit.otherRevenue.revalFixAss.fin.foreignLoan.relatedParty"
             xlink:role="http://www.xbrl.de/roles/labels/terse60Label"
             xlink:type="resource"
             xml:lang="en">To a corporation in which shares exceeding 25% of equity are held</label>
      <labelArc xlink:from="de-gaap-ci_is.netIncome.regular.operatingCOGS.grossOpProfit.otherRevenue.revalFixAss.fin.foreignLoan.unrelatedParty"
                xlink:to="label_de-gaap-ci_is.netIncome.regular.operatingCOGS.grossOpProfit.otherRevenue.revalFixAss.fin.foreignLoan.unrelatedParty"
                xlink:arcrole="http://www.xbrl.org/2003/arcrole/concept-label"
                xlink:type="arc"/>
      <label xlink:label="label_de-gaap-ci_is.netIncome.regular.operatingCOGS.grossOpProfit.otherRevenue.revalFixAss.fin.foreignLoan.unrelatedParty"
             id="label_de-gaap-ci_is.netIncome.regular.operatingCOGS.grossOpProfit.otherRevenue.revalFixAss.fin.foreignLoan.unrelatedParty"
             xlink:role="http://www.xbrl.de/roles/labels/terse60Label"
             xlink:type="resource"
             xml:lang="en">To a corporation in which no shares or not exceeding 25% of equity are held</label>
      <labelArc xlink:from="de-gaap-ci_is.netIncome.regular.operatingTC.deprAmort.currAss.receiv.againstCorpParticip"
                xlink:to="label_de-gaap-ci_is.netIncome.regular.operatingTC.deprAmort.currAss.receiv.againstCorpParticip"
                xlink:arcrole="http://www.xbrl.org/2003/arcrole/concept-label"
                xlink:type="arc"/>
      <label xlink:label="label_de-gaap-ci_is.netIncome.regular.operatingTC.deprAmort.currAss.receiv.againstCorpParticip"
             id="label_de-gaap-ci_is.netIncome.regular.operatingTC.deprAmort.currAss.receiv.againstCorpParticip"
             xlink:role="http://www.xbrl.de/roles/labels/terse60Label"
             xlink:type="resource"
             xml:lang="en">From corporations in which interests are held</label>
      <labelArc xlink:from="de-gaap-ci_is.netIncome.regular.operatingTC.deprAmort.currAss.receiv.againstCorpParticip.domesticRelated"
                xlink:to="label_de-gaap-ci_is.netIncome.regular.operatingTC.deprAmort.currAss.receiv.againstCorpParticip.domesticRelated"
                xlink:arcrole="http://www.xbrl.org/2003/arcrole/concept-label"
                xlink:type="arc"/>
      <label xlink:label="label_de-gaap-ci_is.netIncome.regular.operatingTC.deprAmort.currAss.receiv.againstCorpParticip.domesticRelated"
             id="label_de-gaap-ci_is.netIncome.regular.operatingTC.deprAmort.currAss.receiv.againstCorpParticip.domesticRelated"
             xlink:role="http://www.xbrl.de/roles/labels/terse60Label"
             xlink:type="resource"
             xml:lang="en">From a corporation in which shares exceeding 25% of equity are held</label>
      <labelArc xlink:from="de-gaap-ci_is.netIncome.regular.operatingTC.deprAmort.currAss.receiv.againstCorpParticip.domesticUnrelated"
                xlink:to="label_de-gaap-ci_is.netIncome.regular.operatingTC.deprAmort.currAss.receiv.againstCorpParticip.domesticUnrelated"
                xlink:arcrole="http://www.xbrl.org/2003/arcrole/concept-label"
                xlink:type="arc"/>
      <label xlink:label="label_de-gaap-ci_is.netIncome.regular.operatingTC.deprAmort.currAss.receiv.againstCorpParticip.domesticUnrelated"
             id="label_de-gaap-ci_is.netIncome.regular.operatingTC.deprAmort.currAss.receiv.againstCorpParticip.domesticUnrelated"
             xlink:role="http://www.xbrl.de/roles/labels/terse60Label"
             xlink:type="resource"
             xml:lang="en">To a corporation in which shares not exceeding 25% of equity are held</label>
      <labelArc xlink:from="de-gaap-ci_is.netIncome.regular.operatingTC.deprAmort.currAss.receiv.againstCorpParticip.foreignRelated"
                xlink:to="label_de-gaap-ci_is.netIncome.regular.operatingTC.deprAmort.currAss.receiv.againstCorpParticip.foreignRelated"
                xlink:arcrole="http://www.xbrl.org/2003/arcrole/concept-label"
                xlink:type="arc"/>
      <label xlink:label="label_de-gaap-ci_is.netIncome.regular.operatingTC.deprAmort.currAss.receiv.againstCorpParticip.foreignRelated"
             id="label_de-gaap-ci_is.netIncome.regular.operatingTC.deprAmort.currAss.receiv.againstCorpParticip.foreignRelated"
             xlink:role="http://www.xbrl.de/roles/labels/terse60Label"
             xlink:type="resource"
             xml:lang="en">From a foreign corporation in which shares exceeding 25% of equity are held</label>
      <labelArc xlink:from="de-gaap-ci_is.netIncome.regular.operatingTC.deprAmort.currAss.receiv.againstCorpParticip.foreignUnrelated"
                xlink:to="label_de-gaap-ci_is.netIncome.regular.operatingTC.deprAmort.currAss.receiv.againstCorpParticip.foreignUnrelated"
                xlink:arcrole="http://www.xbrl.org/2003/arcrole/concept-label"
                xlink:type="arc"/>
      <label xlink:label="label_de-gaap-ci_is.netIncome.regular.operatingTC.deprAmort.currAss.receiv.againstCorpParticip.foreignUnrelated"
             id="label_de-gaap-ci_is.netIncome.regular.operatingTC.deprAmort.currAss.receiv.againstCorpParticip.foreignUnrelated"
             xlink:role="http://www.xbrl.de/roles/labels/terse60Label"
             xlink:type="resource"
             xml:lang="en">From a foreign corporation in which shares not exceeding 25% of equity are held</label>
      <labelArc xlink:from="de-gaap-ci_is.netIncome.regular.operatingTC.deprAmort.currAss.receiv.other"
                xlink:to="label_de-gaap-ci_is.netIncome.regular.operatingTC.deprAmort.currAss.receiv.other"
                xlink:arcrole="http://www.xbrl.org/2003/arcrole/concept-label"
                xlink:type="arc"/>
      <label xlink:label="label_de-gaap-ci_is.netIncome.regular.operatingTC.deprAmort.currAss.receiv.other"
             id="label_de-gaap-ci_is.netIncome.regular.operatingTC.deprAmort.currAss.receiv.other"
             xlink:role="http://www.xbrl.de/roles/labels/terse60Label"
             xlink:type="resource"
             xml:lang="en">Other write-downs</label>
      <labelArc xlink:from="de-gaap-ci_is.netIncome.regular.operatingTC.deprAmort.currAss.receiv.sharehRelPart"
                xlink:to="label_de-gaap-ci_is.netIncome.regular.operatingTC.deprAmort.currAss.receiv.sharehRelPart"
                xlink:arcrole="http://www.xbrl.org/2003/arcrole/concept-label"
                xlink:type="arc"/>
      <label xlink:label="label_de-gaap-ci_is.netIncome.regular.operatingTC.deprAmort.currAss.receiv.sharehRelPart"
             id="label_de-gaap-ci_is.netIncome.regular.operatingTC.deprAmort.currAss.receiv.sharehRelPart"
             xlink:role="http://www.xbrl.de/roles/labels/terse60Label"
             xlink:type="resource"
             xml:lang="en">From shareholders or related parties</label>
      <labelArc xlink:from="de-gaap-ci_is.netIncome.regular.operatingTC.deprAmort.currAss.receiv.sharehRelPart.domestic"
                xlink:to="label_de-gaap-ci_is.netIncome.regular.operatingTC.deprAmort.currAss.receiv.sharehRelPart.domestic"
                xlink:arcrole="http://www.xbrl.org/2003/arcrole/concept-label"
                xlink:type="arc"/>
      <label xlink:label="label_de-gaap-ci_is.netIncome.regular.operatingTC.deprAmort.currAss.receiv.sharehRelPart.domestic"
             id="label_de-gaap-ci_is.netIncome.regular.operatingTC.deprAmort.currAss.receiv.sharehRelPart.domestic"
             xlink:role="http://www.xbrl.de/roles/labels/terse60Label"
             xlink:type="resource"
             xml:lang="en">From domestic shareholders or domestic related parties</label>
      <labelArc xlink:from="de-gaap-ci_is.netIncome.regular.operatingTC.deprAmort.currAss.receiv.sharehRelPart.foreign"
                xlink:to="label_de-gaap-ci_is.netIncome.regular.operatingTC.deprAmort.currAss.receiv.sharehRelPart.foreign"
                xlink:arcrole="http://www.xbrl.org/2003/arcrole/concept-label"
                xlink:type="arc"/>
      <label xlink:label="label_de-gaap-ci_is.netIncome.regular.operatingTC.deprAmort.currAss.receiv.sharehRelPart.foreign"
             id="label_de-gaap-ci_is.netIncome.regular.operatingTC.deprAmort.currAss.receiv.sharehRelPart.foreign"
             xlink:role="http://www.xbrl.de/roles/labels/terse60Label"
             xlink:type="resource"
             xml:lang="en">From foreign shareholders or foreign related parties</label>
      <labelArc xlink:from="de-gaap-ci_is.netIncome.regular.operatingTC.otherCost.disposCurrAss.domesticCorp"
                xlink:to="label_de-gaap-ci_is.netIncome.regular.operatingTC.otherCost.disposCurrAss.domesticCorp"
                xlink:arcrole="http://www.xbrl.org/2003/arcrole/concept-label"
                xlink:type="arc"/>
      <label xlink:label="label_de-gaap-ci_is.netIncome.regular.operatingTC.otherCost.disposCurrAss.domesticCorp"
             id="label_de-gaap-ci_is.netIncome.regular.operatingTC.otherCost.disposCurrAss.domesticCorp"
             xlink:role="http://www.xbrl.de/roles/labels/terse60Label"
             xlink:type="resource"
             xml:lang="en">Insofar as interests in domestic corporations</label>
      <labelArc xlink:from="de-gaap-ci_is.netIncome.regular.operatingTC.otherCost.disposCurrAss.foreignCorp"
                xlink:to="label_de-gaap-ci_is.netIncome.regular.operatingTC.otherCost.disposCurrAss.foreignCorp"
                xlink:arcrole="http://www.xbrl.org/2003/arcrole/concept-label"
                xlink:type="arc"/>
      <label xlink:label="label_de-gaap-ci_is.netIncome.regular.operatingTC.otherCost.disposCurrAss.foreignCorp"
             id="label_de-gaap-ci_is.netIncome.regular.operatingTC.otherCost.disposCurrAss.foreignCorp"
             xlink:role="http://www.xbrl.de/roles/labels/terse60Label"
             xlink:type="resource"
             xml:lang="en">Insofar as interests in foreign corporations</label>
      <labelArc xlink:from="de-gaap-ci_is.netIncome.regular.operatingTC.otherCost.disposCurrAss.misc"
                xlink:to="label_de-gaap-ci_is.netIncome.regular.operatingTC.otherCost.disposCurrAss.misc"
                xlink:arcrole="http://www.xbrl.org/2003/arcrole/concept-label"
                xlink:type="arc"/>
      <label xlink:label="label_de-gaap-ci_is.netIncome.regular.operatingTC.otherCost.disposCurrAss.misc"
             id="label_de-gaap-ci_is.netIncome.regular.operatingTC.otherCost.disposCurrAss.misc"
             xlink:role="http://www.xbrl.de/roles/labels/terse60Label"
             xlink:type="resource"
             xml:lang="en">Miscellaneous losses from disposed current assets</label>
      <labelArc xlink:from="de-gaap-ci_is.netIncome.regular.operatingTC.otherOpRevenue.revalCurrAss.domesticLoan.relatedParty"
                xlink:to="label_de-gaap-ci_is.netIncome.regular.operatingTC.otherOpRevenue.revalCurrAss.domesticLoan.relatedParty"
                xlink:arcrole="http://www.xbrl.org/2003/arcrole/concept-label"
                xlink:type="arc"/>
      <label xlink:label="label_de-gaap-ci_is.netIncome.regular.operatingTC.otherOpRevenue.revalCurrAss.domesticLoan.relatedParty"
             id="label_de-gaap-ci_is.netIncome.regular.operatingTC.otherOpRevenue.revalCurrAss.domesticLoan.relatedParty"
             xlink:role="http://www.xbrl.de/roles/labels/terse60Label"
             xlink:type="resource"
             xml:lang="en">To a corporation in which shares exceeding 25% of equity are held</label>
      <labelArc xlink:from="de-gaap-ci_is.netIncome.regular.operatingTC.otherOpRevenue.revalCurrAss.domesticLoan.unrelatedParty"
                xlink:to="label_de-gaap-ci_is.netIncome.regular.operatingTC.otherOpRevenue.revalCurrAss.domesticLoan.unrelatedParty"
                xlink:arcrole="http://www.xbrl.org/2003/arcrole/concept-label"
                xlink:type="arc"/>
      <label xlink:label="label_de-gaap-ci_is.netIncome.regular.operatingTC.otherOpRevenue.revalCurrAss.domesticLoan.unrelatedParty"
             id="label_de-gaap-ci_is.netIncome.regular.operatingTC.otherOpRevenue.revalCurrAss.domesticLoan.unrelatedParty"
             xlink:role="http://www.xbrl.de/roles/labels/terse60Label"
             xlink:type="resource"
             xml:lang="en">To a corporation in which no shares or not exceeding 25% of equity are held</label>
      <labelArc xlink:from="de-gaap-ci_is.netIncome.regular.operatingTC.otherOpRevenue.revalCurrAss.foreignLoan"
                xlink:to="label_de-gaap-ci_is.netIncome.regular.operatingTC.otherOpRevenue.revalCurrAss.foreignLoan"
                xlink:arcrole="http://www.xbrl.org/2003/arcrole/concept-label"
                xlink:type="arc"/>
      <label xlink:label="label_de-gaap-ci_is.netIncome.regular.operatingTC.otherOpRevenue.revalCurrAss.foreignLoan"
             id="label_de-gaap-ci_is.netIncome.regular.operatingTC.otherOpRevenue.revalCurrAss.foreignLoan"
             xlink:role="http://www.xbrl.de/roles/labels/terse60Label"
             xlink:type="resource"
             xml:lang="en">Insofar as foreign loan</label>
      <labelArc xlink:from="de-gaap-ci_is.netIncome.regular.operatingTC.otherOpRevenue.revalCurrAss.foreignLoan.relatedParty"
                xlink:to="label_de-gaap-ci_is.netIncome.regular.operatingTC.otherOpRevenue.revalCurrAss.foreignLoan.relatedParty"
                xlink:arcrole="http://www.xbrl.org/2003/arcrole/concept-label"
                xlink:type="arc"/>
      <label xlink:label="label_de-gaap-ci_is.netIncome.regular.operatingTC.otherOpRevenue.revalCurrAss.foreignLoan.relatedParty"
             id="label_de-gaap-ci_is.netIncome.regular.operatingTC.otherOpRevenue.revalCurrAss.foreignLoan.relatedParty"
             xlink:role="http://www.xbrl.de/roles/labels/terse60Label"
             xlink:type="resource"
             xml:lang="en">To a corporation in which shares exceeding 25% of equity are held</label>
      <labelArc xlink:from="de-gaap-ci_is.netIncome.regular.operatingTC.otherOpRevenue.revalCurrAss.foreignLoan.unrelatedParty"
                xlink:to="label_de-gaap-ci_is.netIncome.regular.operatingTC.otherOpRevenue.revalCurrAss.foreignLoan.unrelatedParty"
                xlink:arcrole="http://www.xbrl.org/2003/arcrole/concept-label"
                xlink:type="arc"/>
      <label xlink:label="label_de-gaap-ci_is.netIncome.regular.operatingTC.otherOpRevenue.revalCurrAss.foreignLoan.unrelatedParty"
             id="label_de-gaap-ci_is.netIncome.regular.operatingTC.otherOpRevenue.revalCurrAss.foreignLoan.unrelatedParty"
             xlink:role="http://www.xbrl.de/roles/labels/terse60Label"
             xlink:type="resource"
             xml:lang="en">To a corporation in which no shares or not exceeding 25% of equity are held</label>
      <labelArc xlink:from="de-gaap-ci_is.netIncome.regular.operatingTC.otherOpRevenue.revalCurrAss.misc"
                xlink:to="label_de-gaap-ci_is.netIncome.regular.operatingTC.otherOpRevenue.revalCurrAss.misc"
                xlink:arcrole="http://www.xbrl.org/2003/arcrole/concept-label"
                xlink:type="arc"/>
      <label xlink:label="label_de-gaap-ci_is.netIncome.regular.operatingTC.otherOpRevenue.revalCurrAss.misc"
             id="label_de-gaap-ci_is.netIncome.regular.operatingTC.otherOpRevenue.revalCurrAss.misc"
             xlink:role="http://www.xbrl.de/roles/labels/terse60Label"
             xlink:type="resource"
             xml:lang="en">Miscelleanous income from reversal of write-downs</label>
      <labelArc xlink:from="de-gaap-ci_is.netIncome.regular.operatingTC.otherOpRevenue.revalFixAss.fin.domesticCorp"
                xlink:to="label_de-gaap-ci_is.netIncome.regular.operatingTC.otherOpRevenue.revalFixAss.fin.domesticCorp"
                xlink:arcrole="http://www.xbrl.org/2003/arcrole/concept-label"
                xlink:type="arc"/>
      <label xlink:label="label_de-gaap-ci_is.netIncome.regular.operatingTC.otherOpRevenue.revalFixAss.fin.domesticCorp"
             id="label_de-gaap-ci_is.netIncome.regular.operatingTC.otherOpRevenue.revalFixAss.fin.domesticCorp"
             xlink:role="http://www.xbrl.de/roles/labels/terse60Label"
             xlink:type="resource"
             xml:lang="en">Insofar as interests in domestic corporations</label>
      <labelArc xlink:from="de-gaap-ci_is.netIncome.regular.operatingTC.otherOpRevenue.revalFixAss.fin.domesticLoan"
                xlink:to="label_de-gaap-ci_is.netIncome.regular.operatingTC.otherOpRevenue.revalFixAss.fin.domesticLoan"
                xlink:arcrole="http://www.xbrl.org/2003/arcrole/concept-label"
                xlink:type="arc"/>
      <label xlink:label="label_de-gaap-ci_is.netIncome.regular.operatingTC.otherOpRevenue.revalFixAss.fin.domesticLoan"
             id="label_de-gaap-ci_is.netIncome.regular.operatingTC.otherOpRevenue.revalFixAss.fin.domesticLoan"
             xlink:role="http://www.xbrl.de/roles/labels/terse60Label"
             xlink:type="resource"
             xml:lang="en">Insofar as domestic loan</label>
      <labelArc xlink:from="de-gaap-ci_is.netIncome.regular.operatingTC.otherOpRevenue.revalFixAss.fin.domesticLoan.relatedParty"
                xlink:to="label_de-gaap-ci_is.netIncome.regular.operatingTC.otherOpRevenue.revalFixAss.fin.domesticLoan.relatedParty"
                xlink:arcrole="http://www.xbrl.org/2003/arcrole/concept-label"
                xlink:type="arc"/>
      <label xlink:label="label_de-gaap-ci_is.netIncome.regular.operatingTC.otherOpRevenue.revalFixAss.fin.domesticLoan.relatedParty"
             id="label_de-gaap-ci_is.netIncome.regular.operatingTC.otherOpRevenue.revalFixAss.fin.domesticLoan.relatedParty"
             xlink:role="http://www.xbrl.de/roles/labels/terse60Label"
             xlink:type="resource"
             xml:lang="en">To a corporation in which shares exceeding 25% of equity are held</label>
      <labelArc xlink:from="de-gaap-ci_is.netIncome.regular.operatingTC.otherOpRevenue.revalFixAss.fin.domesticLoan.unrelatedParty"
                xlink:to="label_de-gaap-ci_is.netIncome.regular.operatingTC.otherOpRevenue.revalFixAss.fin.domesticLoan.unrelatedParty"
                xlink:arcrole="http://www.xbrl.org/2003/arcrole/concept-label"
                xlink:type="arc"/>
      <label xlink:label="label_de-gaap-ci_is.netIncome.regular.operatingTC.otherOpRevenue.revalFixAss.fin.domesticLoan.unrelatedParty"
             id="label_de-gaap-ci_is.netIncome.regular.operatingTC.otherOpRevenue.revalFixAss.fin.domesticLoan.unrelatedParty"
             xlink:role="http://www.xbrl.de/roles/labels/terse60Label"
             xlink:type="resource"
             xml:lang="en">To a corporation in which no shares or not exceeding 25% of equity are held</label>
      <labelArc xlink:from="de-gaap-ci_is.netIncome.regular.operatingTC.otherOpRevenue.revalFixAss.fin.foreignCorp"
                xlink:to="label_de-gaap-ci_is.netIncome.regular.operatingTC.otherOpRevenue.revalFixAss.fin.foreignCorp"
                xlink:arcrole="http://www.xbrl.org/2003/arcrole/concept-label"
                xlink:type="arc"/>
      <label xlink:label="label_de-gaap-ci_is.netIncome.regular.operatingTC.otherOpRevenue.revalFixAss.fin.foreignCorp"
             id="label_de-gaap-ci_is.netIncome.regular.operatingTC.otherOpRevenue.revalFixAss.fin.foreignCorp"
             xlink:role="http://www.xbrl.de/roles/labels/terse60Label"
             xlink:type="resource"
             xml:lang="en">Insofar as interests in foreign corporations</label>
      <labelArc xlink:from="de-gaap-ci_is.netIncome.regular.operatingTC.otherOpRevenue.revalFixAss.fin.foreignLoan"
                xlink:to="label_de-gaap-ci_is.netIncome.regular.operatingTC.otherOpRevenue.revalFixAss.fin.foreignLoan"
                xlink:arcrole="http://www.xbrl.org/2003/arcrole/concept-label"
                xlink:type="arc"/>
      <label xlink:label="label_de-gaap-ci_is.netIncome.regular.operatingTC.otherOpRevenue.revalFixAss.fin.foreignLoan"
             id="label_de-gaap-ci_is.netIncome.regular.operatingTC.otherOpRevenue.revalFixAss.fin.foreignLoan"
             xlink:role="http://www.xbrl.de/roles/labels/terse60Label"
             xlink:type="resource"
             xml:lang="en">Insofar as foreign loan</label>
      <labelArc xlink:from="de-gaap-ci_is.netIncome.regular.operatingTC.otherOpRevenue.revalFixAss.fin.foreignLoan.relatedParty"
                xlink:to="label_de-gaap-ci_is.netIncome.regular.operatingTC.otherOpRevenue.revalFixAss.fin.foreignLoan.relatedParty"
                xlink:arcrole="http://www.xbrl.org/2003/arcrole/concept-label"
                xlink:type="arc"/>
      <label xlink:label="label_de-gaap-ci_is.netIncome.regular.operatingTC.otherOpRevenue.revalFixAss.fin.foreignLoan.relatedParty"
             id="label_de-gaap-ci_is.netIncome.regular.operatingTC.otherOpRevenue.revalFixAss.fin.foreignLoan.relatedParty"
             xlink:role="http://www.xbrl.de/roles/labels/terse60Label"
             xlink:type="resource"
             xml:lang="en">To a corporation in which shares exceeding 25% of equity are held</label>
      <labelArc xlink:from="de-gaap-ci_is.netIncome.regular.operatingTC.otherOpRevenue.revalFixAss.fin.foreignLoan.unrelatedParty"
                xlink:to="label_de-gaap-ci_is.netIncome.regular.operatingTC.otherOpRevenue.revalFixAss.fin.foreignLoan.unrelatedParty"
                xlink:arcrole="http://www.xbrl.org/2003/arcrole/concept-label"
                xlink:type="arc"/>
      <label xlink:label="label_de-gaap-ci_is.netIncome.regular.operatingTC.otherOpRevenue.revalFixAss.fin.foreignLoan.unrelatedParty"
             id="label_de-gaap-ci_is.netIncome.regular.operatingTC.otherOpRevenue.revalFixAss.fin.foreignLoan.unrelatedParty"
             xlink:role="http://www.xbrl.de/roles/labels/terse60Label"
             xlink:type="resource"
             xml:lang="en">To a corporation in which no shares or not exceeding 25% of equity are held</label>
      <labelArc xlink:from="de-gaap-ci_is.netIncome.regular.operatingTC.otherOpRevenue.revalFixAss.fin.misc"
                xlink:to="label_de-gaap-ci_is.netIncome.regular.operatingTC.otherOpRevenue.revalFixAss.fin.misc"
                xlink:arcrole="http://www.xbrl.org/2003/arcrole/concept-label"
                xlink:type="arc"/>
      <label xlink:label="label_de-gaap-ci_is.netIncome.regular.operatingTC.otherOpRevenue.revalFixAss.fin.misc"
             id="label_de-gaap-ci_is.netIncome.regular.operatingTC.otherOpRevenue.revalFixAss.fin.misc"
             xlink:role="http://www.xbrl.de/roles/labels/terse60Label"
             xlink:type="resource"
             xml:lang="en">Miscellaneous</label>
      <labelArc xlink:from="de-gaap-ci_is.netIncome.regular.operatingCOGS.grossOpProfit.otherRevenue.revalFixAss.fin.misc"
                xlink:to="label_de-gaap-ci_is.netIncome.regular.operatingCOGS.grossOpProfit.otherRevenue.revalFixAss.fin.misc"
                xlink:arcrole="http://www.xbrl.org/2003/arcrole/concept-label"
                xlink:type="arc"/>
      <label xlink:label="label_de-gaap-ci_is.netIncome.regular.operatingCOGS.grossOpProfit.otherRevenue.revalFixAss.fin.misc"
             id="label_de-gaap-ci_is.netIncome.regular.operatingCOGS.grossOpProfit.otherRevenue.revalFixAss.fin.misc"
             xlink:role="http://www.xbrl.de/roles/labels/terse60Label"
             xlink:type="resource"
             xml:lang="en">Miscellaneous</label>
      <!--
external labels
--></labelLink>
</linkbase>