<?xml version="1.0" encoding="utf-8"?>
<!--(c) XBRL Deutschland e.V. - see http://www.xbrl.de-->


<linkbase xmlns="http://www.xbrl.org/2003/linkbase"
          xmlns:xsi="http://www.w3.org/2001/XMLSchema-instance"
          xsi:schemaLocation="http://www.xbrl.org/2003/linkbase http://www.xbrl.org/2003/xbrl-linkbase-2003-12-31.xsd">
   <roleRef xmlns:xbrldt="http://xbrl.org/2005/xbrldt"
            xmlns:xbrli="http://www.xbrl.org/2003/instance"
            xmlns:xlink="http://www.w3.org/1999/xlink"
            roleURI="http://www.xbrl.de/taxonomies/de-gaap-ci/role/determinationOfTaxableIncomeSpecialCasesTableIncomeStatementForProfitOrganisationsAndUtilities"
            xlink:href="de-gaap-ci-2018-04-01.xsd#role_determinationOfTaxableIncomeSpecialCasesTableIncomeStatementForProfitOrganisationsAndUtilities"
            xlink:type="simple"/>
   <arcroleRef xmlns:xbrldt="http://xbrl.org/2005/xbrldt"
               xmlns:xbrli="http://www.xbrl.org/2003/instance"
               xmlns:xlink="http://www.w3.org/1999/xlink"
               arcroleURI="http://xbrl.org/int/dim/arcrole/all"
               xlink:href="http://www.xbrl.org/2005/xbrldt-2005.xsd#all"
               xlink:type="simple"/>
   <arcroleRef xmlns:xbrldt="http://xbrl.org/2005/xbrldt"
               xmlns:xbrli="http://www.xbrl.org/2003/instance"
               xmlns:xlink="http://www.w3.org/1999/xlink"
               arcroleURI="http://xbrl.org/int/dim/arcrole/dimension-domain"
               xlink:href="http://www.xbrl.org/2005/xbrldt-2005.xsd#dimension-domain"
               xlink:type="simple"/>
   <arcroleRef xmlns:xbrldt="http://xbrl.org/2005/xbrldt"
               xmlns:xbrli="http://www.xbrl.org/2003/instance"
               xmlns:xlink="http://www.w3.org/1999/xlink"
               arcroleURI="http://xbrl.org/int/dim/arcrole/domain-member"
               xlink:href="http://www.xbrl.org/2005/xbrldt-2005.xsd#domain-member"
               xlink:type="simple"/>
   <arcroleRef xmlns:xbrldt="http://xbrl.org/2005/xbrldt"
               xmlns:xbrli="http://www.xbrl.org/2003/instance"
               xmlns:xlink="http://www.w3.org/1999/xlink"
               arcroleURI="http://xbrl.org/int/dim/arcrole/hypercube-dimension"
               xlink:href="http://www.xbrl.org/2005/xbrldt-2005.xsd#hypercube-dimension"
               xlink:type="simple"/>
   <arcroleRef xmlns:xbrldt="http://xbrl.org/2005/xbrldt"
               xmlns:xbrli="http://www.xbrl.org/2003/instance"
               xmlns:xlink="http://www.w3.org/1999/xlink"
               arcroleURI="http://xbrl.org/int/dim/arcrole/dimension-default"
               xlink:href="http://www.xbrl.org/2005/xbrldt-2005.xsd#dimension-default"
               xlink:type="simple"/>
   <definitionLink xmlns:xlink="http://www.w3.org/1999/xlink"
                   xlink:role="http://www.xbrl.de/taxonomies/de-gaap-ci/role/determinationOfTaxableIncomeSpecialCasesTableIncomeStatementForProfitOrganisationsAndUtilities"
                   xlink:type="extended">
      <loc xlink:type="locator"
           xlink:href="de-gaap-ci-2018-04-01-dimensions.xsd#de-gaap-ci_table.DeterminationOfTaxableIncomeSpecForProfitOrganisationsAndUtilitiesIncomeStatement"
           xlink:label="de-gaap-ci_table.DeterminationOfTaxableIncomeSpecForProfitOrganisationsAndUtilitiesIncomeStatement"/>
      <loc xlink:type="locator"
           xlink:href="de-gaap-ci-2018-04-01-dimensions.xsd#de-gaap-ci_DeterminationOfTaxableIncomeSpec.forProfitOrganisationsAndUtilities.IncomeStatement.table"
           xlink:label="de-gaap-ci_DeterminationOfTaxableIncomeSpec.forProfitOrganisationsAndUtilities.IncomeStatement.table"/>
      <loc xlink:type="locator"
           xlink:href="de-gaap-ci-2018-04-01-dimensions.xsd#de-gaap-ci_DeterminationOfTaxableIncomeSpec.forProfitOrganisationsAndUtilities.IncomeStatement.table.item"
           xlink:label="de-gaap-ci_DeterminationOfTaxableIncomeSpec.forProfitOrganisationsAndUtilities.IncomeStatement.table.item"/>
      <loc xlink:type="locator" xlink:href="de-gaap-ci-2018-04-01.xsd#de-gaap-ci_is"
           xlink:label="de-gaap-ci_is"/>
      <loc xlink:type="locator"
           xlink:href="de-gaap-ci-2018-04-01-dimensions.xsd#de-gaap-ci_dim_BgAKey"
           xlink:label="de-gaap-ci_dim_BgAKey"/>
      <loc xlink:type="locator"
           xlink:href="de-gaap-ci-2018-04-01-dimensions.xsd#de-gaap-ci_piTitle.DeterminationOfTaxableIncomeSpec.forProfitOrganisationsAndUtilities.IncomeStatement"
           xlink:label="de-gaap-ci_piTitle.DeterminationOfTaxableIncomeSpec.forProfitOrganisationsAndUtilities.IncomeStatement"/>
      <loc xlink:type="locator"
           xlink:href="de-gaap-ci-2018-04-01-dimensions.xsd#de-gaap-ci_DeterminationOfTaxableIncomeSpec.forProfitOrganisationsAndUtilities.IncomeStatement.valueOfItem"
           xlink:label="de-gaap-ci_DeterminationOfTaxableIncomeSpec.forProfitOrganisationsAndUtilities.IncomeStatement.valueOfItem"/>
      <definitionArc xmlns:xbrldt="http://xbrl.org/2005/xbrldt"
                     xlink:from="de-gaap-ci_table.DeterminationOfTaxableIncomeSpecForProfitOrganisationsAndUtilitiesIncomeStatement"
                     xlink:to="de-gaap-ci_DeterminationOfTaxableIncomeSpec.forProfitOrganisationsAndUtilities.IncomeStatement.table"
                     order="1"
                     xbrldt:contextElement="scenario"
                     xlink:arcrole="http://xbrl.org/int/dim/arcrole/all"
                     xlink:type="arc"/>
      <definitionArc xlink:from="de-gaap-ci_DeterminationOfTaxableIncomeSpec.forProfitOrganisationsAndUtilities.IncomeStatement.table"
                     xlink:to="de-gaap-ci_DeterminationOfTaxableIncomeSpec.forProfitOrganisationsAndUtilities.IncomeStatement.table.item"
                     order="1"
                     xlink:arcrole="http://xbrl.org/int/dim/arcrole/hypercube-dimension"
                     xlink:type="arc"/>
      <definitionArc xmlns:xbrldt="http://xbrl.org/2005/xbrldt"
                     xlink:from="de-gaap-ci_DeterminationOfTaxableIncomeSpec.forProfitOrganisationsAndUtilities.IncomeStatement.table.item"
                     xlink:to="de-gaap-ci_is"
                     order="1"
                     xbrldt:usable="false"
                     xlink:arcrole="http://xbrl.org/int/dim/arcrole/dimension-domain"
                     xlink:type="arc"/>
      <definitionArc xlink:from="de-gaap-ci_DeterminationOfTaxableIncomeSpec.forProfitOrganisationsAndUtilities.IncomeStatement.table"
                     xlink:to="de-gaap-ci_dim_BgAKey"
                     order="2"
                     xlink:arcrole="http://xbrl.org/int/dim/arcrole/hypercube-dimension"
                     xlink:type="arc"/>
      <definitionArc xlink:from="de-gaap-ci_table.DeterminationOfTaxableIncomeSpecForProfitOrganisationsAndUtilitiesIncomeStatement"
                     xlink:to="de-gaap-ci_piTitle.DeterminationOfTaxableIncomeSpec.forProfitOrganisationsAndUtilities.IncomeStatement"
                     order="2"
                     xlink:arcrole="http://xbrl.org/int/dim/arcrole/domain-member"
                     xlink:type="arc"/>
      <definitionArc xlink:from="de-gaap-ci_piTitle.DeterminationOfTaxableIncomeSpec.forProfitOrganisationsAndUtilities.IncomeStatement"
                     xlink:to="de-gaap-ci_DeterminationOfTaxableIncomeSpec.forProfitOrganisationsAndUtilities.IncomeStatement.valueOfItem"
                     order="1"
                     xlink:arcrole="http://xbrl.org/int/dim/arcrole/domain-member"
                     xlink:type="arc"/>
   </definitionLink>
</linkbase>