<?xml version="1.0" encoding="utf-8"?>
<!--(c) XBRL Deutschland e.V. - see http://www.xbrl.de-->


<linkbase xmlns="http://www.xbrl.org/2003/linkbase"
          xmlns:xsi="http://www.w3.org/2001/XMLSchema-instance"
          xsi:schemaLocation="http://www.xbrl.org/2003/linkbase http://www.xbrl.org/2003/xbrl-linkbase-2003-12-31.xsd">
   <roleRef xmlns:xlink="http://www.w3.org/1999/xlink"
            roleURI="http://www.xbrl.de/roles/labels/terse60Label"
            xlink:href="../de-gcd-2018-04-01/hgbrole-2018-04-01.xsd#role_terse60Label"
            xlink:type="simple"/>
   <labelLink xmlns:xlink="http://www.w3.org/1999/xlink"
              xlink:role="http://www.xbrl.org/2003/role/link"
              xlink:type="extended">
      <loc xlink:type="locator"
           xlink:href="de-gaap-ci-2018-04-01-dimensions.xsd#de-gaap-ci_gross"
           xlink:label="de-gaap-ci_gross"/>
      <loc xlink:type="locator"
           xlink:href="de-gaap-ci-2018-04-01-dimensions.xsd#de-gaap-ci_grossCost.beginning"
           xlink:label="de-gaap-ci_grossCost.beginning"/>
      <loc xlink:type="locator"
           xlink:href="de-gaap-ci-2018-04-01-dimensions.xsd#de-gaap-ci_gross.diff"
           xlink:label="de-gaap-ci_gross.diff"/>
      <loc xlink:type="locator"
           xlink:href="de-gaap-ci-2018-04-01-dimensions.xsd#de-gaap-ci_gross.diff.currDiff"
           xlink:label="de-gaap-ci_gross.diff.currDiff"/>
      <loc xlink:type="locator"
           xlink:href="de-gaap-ci-2018-04-01-dimensions.xsd#de-gaap-ci_gross.diff.otherDiff"
           xlink:label="de-gaap-ci_gross.diff.otherDiff"/>
      <loc xlink:type="locator"
           xlink:href="de-gaap-ci-2018-04-01-dimensions.xsd#de-gaap-ci_gross.diff.otherDiff.comment"
           xlink:label="de-gaap-ci_gross.diff.otherDiff.comment"/>
      <loc xlink:type="locator"
           xlink:href="de-gaap-ci-2018-04-01-dimensions.xsd#de-gaap-ci_gross.addition"
           xlink:label="de-gaap-ci_gross.addition"/>
      <loc xlink:type="locator"
           xlink:href="de-gaap-ci-2018-04-01-dimensions.xsd#de-gaap-ci_gross.release"
           xlink:label="de-gaap-ci_gross.release"/>
      <loc xlink:type="locator"
           xlink:href="de-gaap-ci-2018-04-01-dimensions.xsd#de-gaap-ci_gross.movements"
           xlink:label="de-gaap-ci_gross.movements"/>
      <loc xlink:type="locator"
           xlink:href="de-gaap-ci-2018-04-01-dimensions.xsd#de-gaap-ci_gross.currChanges"
           xlink:label="de-gaap-ci_gross.currChanges"/>
      <loc xlink:type="locator"
           xlink:href="de-gaap-ci-2018-04-01-dimensions.xsd#de-gaap-ci_accDepr"
           xlink:label="de-gaap-ci_accDepr"/>
      <loc xlink:type="locator"
           xlink:href="de-gaap-ci-2018-04-01-dimensions.xsd#de-gaap-ci_accDepr.beginning"
           xlink:label="de-gaap-ci_accDepr.beginning"/>
      <loc xlink:type="locator"
           xlink:href="de-gaap-ci-2018-04-01-dimensions.xsd#de-gaap-ci_accDepr.diff"
           xlink:label="de-gaap-ci_accDepr.diff"/>
      <loc xlink:type="locator"
           xlink:href="de-gaap-ci-2018-04-01-dimensions.xsd#de-gaap-ci_accDepr.diff.currDiff"
           xlink:label="de-gaap-ci_accDepr.diff.currDiff"/>
      <loc xlink:type="locator"
           xlink:href="de-gaap-ci-2018-04-01-dimensions.xsd#de-gaap-ci_accDepr.diff.otherDiff"
           xlink:label="de-gaap-ci_accDepr.diff.otherDiff"/>
      <loc xlink:type="locator"
           xlink:href="de-gaap-ci-2018-04-01-dimensions.xsd#de-gaap-ci_accDepr.diff.otherDiff.comment"
           xlink:label="de-gaap-ci_accDepr.diff.otherDiff.comment"/>
      <loc xlink:type="locator"
           xlink:href="de-gaap-ci-2018-04-01-dimensions.xsd#de-gaap-ci_accDepr.addition"
           xlink:label="de-gaap-ci_accDepr.addition"/>
      <loc xlink:type="locator"
           xlink:href="de-gaap-ci-2018-04-01-dimensions.xsd#de-gaap-ci_accDepr.release"
           xlink:label="de-gaap-ci_accDepr.release"/>
      <loc xlink:type="locator"
           xlink:href="de-gaap-ci-2018-04-01-dimensions.xsd#de-gaap-ci_accDepr.movements"
           xlink:label="de-gaap-ci_accDepr.movements"/>
      <loc xlink:type="locator"
           xlink:href="de-gaap-ci-2018-04-01-dimensions.xsd#de-gaap-ci_accDepr.currChanges"
           xlink:label="de-gaap-ci_accDepr.currChanges"/>
      <loc xlink:type="locator"
           xlink:href="de-gaap-ci-2018-04-01-dimensions.xsd#de-gaap-ci_accDepr.DeprPeriod"
           xlink:label="de-gaap-ci_accDepr.DeprPeriod"/>
      <loc xlink:type="locator"
           xlink:href="de-gaap-ci-2018-04-01-dimensions.xsd#de-gaap-ci_all_Prev_period"
           xlink:label="de-gaap-ci_all_Prev_period"/>
      <loc xlink:type="locator"
           xlink:href="de-gaap-ci-2018-04-01-dimensions.xsd#de-gaap-ci_all"
           xlink:label="de-gaap-ci_all"/>
      <loc xlink:type="locator"
           xlink:href="de-gaap-ci-2018-04-01-dimensions.xsd#de-gaap-ci_net_all"
           xlink:label="de-gaap-ci_net_all"/>
      <loc xlink:type="locator"
           xlink:href="de-gaap-ci-2018-04-01-dimensions.xsd#de-gaap-ci_net_beginning"
           xlink:label="de-gaap-ci_net_beginning"/>
      <loc xlink:type="locator"
           xlink:href="de-gaap-ci-2018-04-01-dimensions.xsd#de-gaap-ci_net_diff"
           xlink:label="de-gaap-ci_net_diff"/>
      <loc xlink:type="locator"
           xlink:href="de-gaap-ci-2018-04-01-dimensions.xsd#de-gaap-ci_net_diff.currDiff"
           xlink:label="de-gaap-ci_net_diff.currDiff"/>
      <loc xlink:type="locator"
           xlink:href="de-gaap-ci-2018-04-01-dimensions.xsd#de-gaap-ci_net_diff.otherDiff"
           xlink:label="de-gaap-ci_net_diff.otherDiff"/>
      <loc xlink:type="locator"
           xlink:href="de-gaap-ci-2018-04-01-dimensions.xsd#de-gaap-ci_net_diff.otherDiff.comment"
           xlink:label="de-gaap-ci_net_diff.otherDiff.comment"/>
      <loc xlink:type="locator"
           xlink:href="de-gaap-ci-2018-04-01-dimensions.xsd#de-gaap-ci_depreciation"
           xlink:label="de-gaap-ci_depreciation"/>
      <loc xlink:type="locator"
           xlink:href="de-gaap-ci-2018-04-01-dimensions.xsd#de-gaap-ci_grossCost.beginning_short"
           xlink:label="de-gaap-ci_grossCost.beginning_short"/>
      <loc xlink:type="locator"
           xlink:href="de-gaap-ci-2018-04-01-dimensions.xsd#de-gaap-ci_gross.addition_short"
           xlink:label="de-gaap-ci_gross.addition_short"/>
      <loc xlink:type="locator"
           xlink:href="de-gaap-ci-2018-04-01-dimensions.xsd#de-gaap-ci_gross.release_short"
           xlink:label="de-gaap-ci_gross.release_short"/>
      <loc xlink:type="locator"
           xlink:href="de-gaap-ci-2018-04-01-dimensions.xsd#de-gaap-ci_gross.movements_short"
           xlink:label="de-gaap-ci_gross.movements_short"/>
      <loc xlink:type="locator"
           xlink:href="de-gaap-ci-2018-04-01-dimensions.xsd#de-gaap-ci_DeprPeriod_short"
           xlink:label="de-gaap-ci_DeprPeriod_short"/>
      <loc xlink:type="locator"
           xlink:href="de-gaap-ci-2018-04-01-dimensions.xsd#de-gaap-ci_all_short"
           xlink:label="de-gaap-ci_all_short"/>
      <loc xlink:type="locator"
           xlink:href="de-gaap-ci-2018-04-01-dimensions.xsd#de-gaap-ci_accDepr.DeprPeriod_short"
           xlink:label="de-gaap-ci_accDepr.DeprPeriod_short"/>
      <loc xlink:type="locator"
           xlink:href="de-gaap-ci-2018-04-01-dimensions.xsd#de-gaap-ci_accDepr.DeprPeriod.specific_short"
           xlink:label="de-gaap-ci_accDepr.DeprPeriod.specific_short"/>
      <loc xlink:type="locator"
           xlink:href="de-gaap-ci-2018-04-01-dimensions.xsd#de-gaap-ci_all_Prev_period_short"
           xlink:label="de-gaap-ci_all_Prev_period_short"/>
      <loc xlink:type="locator"
           xlink:href="de-gaap-ci-2018-04-01-dimensions.xsd#de-gaap-ci_table.kke.allKindsOfEquityAccounts.unlimitedPartners.nVgV"
           xlink:label="de-gaap-ci_table.kke.allKindsOfEquityAccounts.unlimitedPartners.nVgV"/>
      <loc xlink:type="locator"
           xlink:href="de-gaap-ci-2018-04-01-dimensions.xsd#de-gaap-ci_table.kke.allKindsOfEquityAccounts.unlimitedPartners.netIncomeLoss"
           xlink:label="de-gaap-ci_table.kke.allKindsOfEquityAccounts.unlimitedPartners.netIncomeLoss"/>
      <loc xlink:type="locator"
           xlink:href="de-gaap-ci-2018-04-01-dimensions.xsd#de-gaap-ci_table.kke.allKindsOfEquityAccounts.unlimitedPartners.retainedProfitLoss"
           xlink:label="de-gaap-ci_table.kke.allKindsOfEquityAccounts.unlimitedPartners.retainedProfitLoss"/>
      <loc xlink:type="locator"
           xlink:href="de-gaap-ci-2018-04-01-dimensions.xsd#de-gaap-ci_table.kke.allKindsOfEquityAccounts.unlimitedPartners.profitLoss"
           xlink:label="de-gaap-ci_table.kke.allKindsOfEquityAccounts.unlimitedPartners.profitLoss"/>
      <loc xlink:type="locator"
           xlink:href="de-gaap-ci-2018-04-01-dimensions.xsd#de-gaap-ci_table.kke.allKindsOfEquityAccounts.limitedPartners.netIncomeLoss"
           xlink:label="de-gaap-ci_table.kke.allKindsOfEquityAccounts.limitedPartners.netIncomeLoss"/>
      <loc xlink:type="locator"
           xlink:href="de-gaap-ci-2018-04-01-dimensions.xsd#de-gaap-ci_table.kke.allKindsOfEquityAccounts.limitedPartners.retainedProfitLoss"
           xlink:label="de-gaap-ci_table.kke.allKindsOfEquityAccounts.limitedPartners.retainedProfitLoss"/>
      <loc xlink:type="locator"
           xlink:href="de-gaap-ci-2018-04-01-dimensions.xsd#de-gaap-ci_table.kke.allKindsOfEquityAccounts.limitedPartners.profitLoss"
           xlink:label="de-gaap-ci_table.kke.allKindsOfEquityAccounts.limitedPartners.profitLoss"/>
      <loc xlink:type="locator"
           xlink:href="de-gaap-ci-2018-04-01-dimensions.xsd#de-gaap-ci_table.kke.allKindsOfEquityAccounts.limitedPartners.contributionSilentPartnersDeficitItem"
           xlink:label="de-gaap-ci_table.kke.allKindsOfEquityAccounts.limitedPartners.contributionSilentPartnersDeficitItem"/>
      <loc xlink:type="locator"
           xlink:href="de-gaap-ci-2018-04-01-dimensions.xsd#de-gaap-ci_table.kke.allKindsOfEquityAccounts.limitedPartners.nVgV"
           xlink:label="de-gaap-ci_table.kke.allKindsOfEquityAccounts.limitedPartners.nVgV"/>
      <loc xlink:type="locator"
           xlink:href="de-gaap-ci-2018-04-01-dimensions.xsd#de-gaap-ci_table.kke.allKindsOfEquityAccounts.limitedPartners.nVgE"
           xlink:label="de-gaap-ci_table.kke.allKindsOfEquityAccounts.limitedPartners.nVgE"/>
      <loc xlink:type="locator"
           xlink:href="de-gaap-ci-2018-04-01-dimensions.xsd#de-gaap-ci_table.kke.sumDebtCapitalAccounts.sumYearEnd"
           xlink:label="de-gaap-ci_table.kke.sumDebtCapitalAccounts.sumYearEnd"/>
      <loc xlink:type="locator"
           xlink:href="de-gaap-ci-2018-04-01-dimensions.xsd#de-gaap-ci_table.kke.sumDebtCapitalAccounts.sumYearEnd.begin"
           xlink:label="de-gaap-ci_table.kke.sumDebtCapitalAccounts.sumYearEnd.begin"/>
      <loc xlink:type="locator"
           xlink:href="de-gaap-ci-2018-04-01-dimensions.xsd#de-gaap-ci_accDepr.DeprPeriod.regular"
           xlink:label="de-gaap-ci_accDepr.DeprPeriod.regular"/>
      <loc xlink:type="locator"
           xlink:href="de-gaap-ci-2018-04-01-dimensions.xsd#de-gaap-ci_accDepr.DeprPeriod.extraordinary"
           xlink:label="de-gaap-ci_accDepr.DeprPeriod.extraordinary"/>
      <loc xlink:type="locator"
           xlink:href="de-gaap-ci-2018-04-01-dimensions.xsd#de-gaap-ci_accDepr.DeprPeriod.impairment"
           xlink:label="de-gaap-ci_accDepr.DeprPeriod.impairment"/>
      <loc xlink:type="locator"
           xlink:href="de-gaap-ci-2018-04-01-dimensions.xsd#de-gaap-ci_accDepr.DeprPeriod.EStG7g_2"
           xlink:label="de-gaap-ci_accDepr.DeprPeriod.EStG7g_2"/>
      <loc xlink:type="locator"
           xlink:href="de-gaap-ci-2018-04-01-dimensions.xsd#de-gaap-ci_gross.addition.interest"
           xlink:label="de-gaap-ci_gross.addition.interest"/>
      <!--
internal labels
--><labelArc xlink:from="de-gaap-ci_DeprPeriod_short"
                xlink:to="label_de-gaap-ci_DeprPeriod_short"
                xlink:arcrole="http://www.xbrl.org/2003/arcrole/concept-label"
                xlink:type="arc"/>
      <label xlink:label="label_de-gaap-ci_DeprPeriod_short"
             id="label_de-gaap-ci_DeprPeriod_short"
             xlink:role="http://www.xbrl.de/roles/labels/terse60Label"
             xlink:type="resource"
             xml:lang="de">kum AfA</label>
      <labelArc xlink:from="de-gaap-ci_accDepr" xlink:to="label_de-gaap-ci_accDepr"
                xlink:arcrole="http://www.xbrl.org/2003/arcrole/concept-label"
                xlink:type="arc"/>
      <label xlink:label="label_de-gaap-ci_accDepr" id="label_de-gaap-ci_accDepr"
             xlink:role="http://www.xbrl.de/roles/labels/terse60Label"
             xlink:type="resource"
             xml:lang="de">kum. AfA Ende</label>
      <labelArc xlink:from="de-gaap-ci_accDepr.DeprPeriod"
                xlink:to="label_de-gaap-ci_accDepr.DeprPeriod"
                xlink:arcrole="http://www.xbrl.org/2003/arcrole/concept-label"
                xlink:type="arc"/>
      <label xlink:label="label_de-gaap-ci_accDepr.DeprPeriod"
             id="label_de-gaap-ci_accDepr.DeprPeriod"
             xlink:role="http://www.xbrl.de/roles/labels/terse60Label"
             xlink:type="resource"
             xml:lang="de">Summe AfA und sonst. Abzüge lfd. WJ</label>
      <labelArc xlink:from="de-gaap-ci_accDepr.DeprPeriod.EStG7g_2"
                xlink:to="label_de-gaap-ci_accDepr.DeprPeriod.EStG7g_2"
                xlink:arcrole="http://www.xbrl.org/2003/arcrole/concept-label"
                xlink:type="arc"/>
      <label xlink:label="label_de-gaap-ci_accDepr.DeprPeriod.EStG7g_2"
             id="label_de-gaap-ci_accDepr.DeprPeriod.EStG7g_2"
             xlink:role="http://www.xbrl.de/roles/labels/terse60Label"
             xlink:type="resource"
             xml:lang="de">Herabsetzungsbetrag § 7g (2)</label>
      <labelArc xlink:from="de-gaap-ci_accDepr.DeprPeriod.extraordinary"
                xlink:to="label_de-gaap-ci_accDepr.DeprPeriod.extraordinary"
                xlink:arcrole="http://www.xbrl.org/2003/arcrole/concept-label"
                xlink:type="arc"/>
      <label xlink:label="label_de-gaap-ci_accDepr.DeprPeriod.extraordinary"
             id="label_de-gaap-ci_accDepr.DeprPeriod.extraordinary"
             xlink:role="http://www.xbrl.de/roles/labels/terse60Label"
             xlink:type="resource"
             xml:lang="de">AfaA</label>
      <labelArc xlink:from="de-gaap-ci_accDepr.DeprPeriod.impairment"
                xlink:to="label_de-gaap-ci_accDepr.DeprPeriod.impairment"
                xlink:arcrole="http://www.xbrl.org/2003/arcrole/concept-label"
                xlink:type="arc"/>
      <label xlink:label="label_de-gaap-ci_accDepr.DeprPeriod.impairment"
             id="label_de-gaap-ci_accDepr.DeprPeriod.impairment"
             xlink:role="http://www.xbrl.de/roles/labels/terse60Label"
             xlink:type="resource"
             xml:lang="de">Sonder-Abschr.</label>
      <labelArc xlink:from="de-gaap-ci_accDepr.DeprPeriod.regular"
                xlink:to="label_de-gaap-ci_accDepr.DeprPeriod.regular"
                xlink:arcrole="http://www.xbrl.org/2003/arcrole/concept-label"
                xlink:type="arc"/>
      <label xlink:label="label_de-gaap-ci_accDepr.DeprPeriod.regular"
             id="label_de-gaap-ci_accDepr.DeprPeriod.regular"
             xlink:role="http://www.xbrl.de/roles/labels/terse60Label"
             xlink:type="resource"
             xml:lang="de">lfd. AfA</label>
      <labelArc xlink:from="de-gaap-ci_accDepr.DeprPeriod.specific_short"
                xlink:to="label_de-gaap-ci_accDepr.DeprPeriod.specific_short"
                xlink:arcrole="http://www.xbrl.org/2003/arcrole/concept-label"
                xlink:type="arc"/>
      <label xlink:label="label_de-gaap-ci_accDepr.DeprPeriod.specific_short"
             id="label_de-gaap-ci_accDepr.DeprPeriod.specific_short"
             xlink:role="http://www.xbrl.de/roles/labels/terse60Label"
             xlink:type="resource"
             xml:lang="de">davon AfaA, Sonderabschreibung</label>
      <labelArc xlink:from="de-gaap-ci_accDepr.DeprPeriod_short"
                xlink:to="label_de-gaap-ci_accDepr.DeprPeriod_short"
                xlink:arcrole="http://www.xbrl.org/2003/arcrole/concept-label"
                xlink:type="arc"/>
      <label xlink:label="label_de-gaap-ci_accDepr.DeprPeriod_short"
             id="label_de-gaap-ci_accDepr.DeprPeriod_short"
             xlink:role="http://www.xbrl.de/roles/labels/terse60Label"
             xlink:type="resource"
             xml:lang="de">lfd. AfA</label>
      <labelArc xlink:from="de-gaap-ci_accDepr.addition"
                xlink:to="label_de-gaap-ci_accDepr.addition"
                xlink:arcrole="http://www.xbrl.org/2003/arcrole/concept-label"
                xlink:type="arc"/>
      <label xlink:label="label_de-gaap-ci_accDepr.addition"
             id="label_de-gaap-ci_accDepr.addition"
             xlink:role="http://www.xbrl.de/roles/labels/terse60Label"
             xlink:type="resource"
             xml:lang="de">kum. AfA Zugang</label>
      <labelArc xlink:from="de-gaap-ci_accDepr.beginning"
                xlink:to="label_de-gaap-ci_accDepr.beginning"
                xlink:arcrole="http://www.xbrl.org/2003/arcrole/concept-label"
                xlink:type="arc"/>
      <label xlink:label="label_de-gaap-ci_accDepr.beginning"
             id="label_de-gaap-ci_accDepr.beginning"
             xlink:role="http://www.xbrl.de/roles/labels/terse60Label"
             xlink:type="resource"
             xml:lang="de">kum. AfA Anfang</label>
      <labelArc xlink:from="de-gaap-ci_accDepr.currChanges"
                xlink:to="label_de-gaap-ci_accDepr.currChanges"
                xlink:arcrole="http://www.xbrl.org/2003/arcrole/concept-label"
                xlink:type="arc"/>
      <label xlink:label="label_de-gaap-ci_accDepr.currChanges"
             id="label_de-gaap-ci_accDepr.currChanges"
             xlink:role="http://www.xbrl.de/roles/labels/terse60Label"
             xlink:type="resource"
             xml:lang="de">kum. AfA Währungsdiff.</label>
      <labelArc xlink:from="de-gaap-ci_accDepr.diff" xlink:to="label_de-gaap-ci_accDepr.diff"
                xlink:arcrole="http://www.xbrl.org/2003/arcrole/concept-label"
                xlink:type="arc"/>
      <label xlink:label="label_de-gaap-ci_accDepr.diff" id="label_de-gaap-ci_accDepr.diff"
             xlink:role="http://www.xbrl.de/roles/labels/terse60Label"
             xlink:type="resource"
             xml:lang="de">kum. AfA Differenz z. Vorjahr</label>
      <labelArc xlink:from="de-gaap-ci_accDepr.diff.currDiff"
                xlink:to="label_de-gaap-ci_accDepr.diff.currDiff"
                xlink:arcrole="http://www.xbrl.org/2003/arcrole/concept-label"
                xlink:type="arc"/>
      <label xlink:label="label_de-gaap-ci_accDepr.diff.currDiff"
             id="label_de-gaap-ci_accDepr.diff.currDiff"
             xlink:role="http://www.xbrl.de/roles/labels/terse60Label"
             xlink:type="resource"
             xml:lang="de">kum. AfA Währungsdiff.</label>
      <labelArc xlink:from="de-gaap-ci_accDepr.diff.otherDiff"
                xlink:to="label_de-gaap-ci_accDepr.diff.otherDiff"
                xlink:arcrole="http://www.xbrl.org/2003/arcrole/concept-label"
                xlink:type="arc"/>
      <label xlink:label="label_de-gaap-ci_accDepr.diff.otherDiff"
             id="label_de-gaap-ci_accDepr.diff.otherDiff"
             xlink:role="http://www.xbrl.de/roles/labels/terse60Label"
             xlink:type="resource"
             xml:lang="de">kum. AfA Andere Differenz</label>
      <labelArc xlink:from="de-gaap-ci_accDepr.diff.otherDiff.comment"
                xlink:to="label_de-gaap-ci_accDepr.diff.otherDiff.comment"
                xlink:arcrole="http://www.xbrl.org/2003/arcrole/concept-label"
                xlink:type="arc"/>
      <label xlink:label="label_de-gaap-ci_accDepr.diff.otherDiff.comment"
             id="label_de-gaap-ci_accDepr.diff.otherDiff.comment"
             xlink:role="http://www.xbrl.de/roles/labels/terse60Label"
             xlink:type="resource"
             xml:lang="de">kum. AfA Erläuterung Differenz</label>
      <labelArc xlink:from="de-gaap-ci_accDepr.movements"
                xlink:to="label_de-gaap-ci_accDepr.movements"
                xlink:arcrole="http://www.xbrl.org/2003/arcrole/concept-label"
                xlink:type="arc"/>
      <label xlink:label="label_de-gaap-ci_accDepr.movements"
             id="label_de-gaap-ci_accDepr.movements"
             xlink:role="http://www.xbrl.de/roles/labels/terse60Label"
             xlink:type="resource"
             xml:lang="de">kum. AfA Umbuchung</label>
      <labelArc xlink:from="de-gaap-ci_accDepr.release"
                xlink:to="label_de-gaap-ci_accDepr.release"
                xlink:arcrole="http://www.xbrl.org/2003/arcrole/concept-label"
                xlink:type="arc"/>
      <label xlink:label="label_de-gaap-ci_accDepr.release"
             id="label_de-gaap-ci_accDepr.release"
             xlink:role="http://www.xbrl.de/roles/labels/terse60Label"
             xlink:type="resource"
             xml:lang="de">kum. AfA Abgang</label>
      <labelArc xlink:from="de-gaap-ci_all" xlink:to="label_de-gaap-ci_all"
                xlink:arcrole="http://www.xbrl.org/2003/arcrole/concept-label"
                xlink:type="arc"/>
      <label xlink:label="label_de-gaap-ci_all" id="label_de-gaap-ci_all"
             xlink:role="http://www.xbrl.de/roles/labels/terse60Label"
             xlink:type="resource"
             xml:lang="de">Buchwert Ende</label>
      <labelArc xlink:from="de-gaap-ci_all_Prev_period"
                xlink:to="label_de-gaap-ci_all_Prev_period"
                xlink:arcrole="http://www.xbrl.org/2003/arcrole/concept-label"
                xlink:type="arc"/>
      <label xlink:label="label_de-gaap-ci_all_Prev_period"
             id="label_de-gaap-ci_all_Prev_period"
             xlink:role="http://www.xbrl.de/roles/labels/terse60Label"
             xlink:type="resource"
             xml:lang="de">Buchwert Anfang</label>
      <labelArc xlink:from="de-gaap-ci_all_Prev_period_short"
                xlink:to="label_de-gaap-ci_all_Prev_period_short"
                xlink:arcrole="http://www.xbrl.org/2003/arcrole/concept-label"
                xlink:type="arc"/>
      <label xlink:label="label_de-gaap-ci_all_Prev_period_short"
             id="label_de-gaap-ci_all_Prev_period_short"
             xlink:role="http://www.xbrl.de/roles/labels/terse60Label"
             xlink:type="resource"
             xml:lang="de">Buchwert Anfang</label>
      <labelArc xlink:from="de-gaap-ci_all_short" xlink:to="label_de-gaap-ci_all_short"
                xlink:arcrole="http://www.xbrl.org/2003/arcrole/concept-label"
                xlink:type="arc"/>
      <label xlink:label="label_de-gaap-ci_all_short" id="label_de-gaap-ci_all_short"
             xlink:role="http://www.xbrl.de/roles/labels/terse60Label"
             xlink:type="resource"
             xml:lang="de">Buchwert Ende</label>
      <labelArc xlink:from="de-gaap-ci_depreciation" xlink:to="label_de-gaap-ci_depreciation"
                xlink:arcrole="http://www.xbrl.org/2003/arcrole/concept-label"
                xlink:type="arc"/>
      <label xlink:label="label_de-gaap-ci_depreciation" id="label_de-gaap-ci_depreciation"
             xlink:role="http://www.xbrl.de/roles/labels/terse60Label"
             xlink:type="resource"
             xml:lang="de">lfd. AfA</label>
      <labelArc xlink:from="de-gaap-ci_gross" xlink:to="label_de-gaap-ci_gross"
                xlink:arcrole="http://www.xbrl.org/2003/arcrole/concept-label"
                xlink:type="arc"/>
      <label xlink:label="label_de-gaap-ci_gross" id="label_de-gaap-ci_gross"
             xlink:role="http://www.xbrl.de/roles/labels/terse60Label"
             xlink:type="resource"
             xml:lang="de">AK/HK Ende</label>
      <labelArc xlink:from="de-gaap-ci_gross.addition"
                xlink:to="label_de-gaap-ci_gross.addition"
                xlink:arcrole="http://www.xbrl.org/2003/arcrole/concept-label"
                xlink:type="arc"/>
      <label xlink:label="label_de-gaap-ci_gross.addition"
             id="label_de-gaap-ci_gross.addition"
             xlink:role="http://www.xbrl.de/roles/labels/terse60Label"
             xlink:type="resource"
             xml:lang="de">AK/HK Zugang</label>
      <labelArc xlink:from="de-gaap-ci_gross.addition.interest"
                xlink:to="label_de-gaap-ci_gross.addition.interest"
                xlink:arcrole="http://www.xbrl.org/2003/arcrole/concept-label"
                xlink:type="arc"/>
      <label xlink:label="label_de-gaap-ci_gross.addition.interest"
             id="label_de-gaap-ci_gross.addition.interest"
             xlink:role="http://www.xbrl.de/roles/labels/terse60Label"
             xlink:type="resource"
             xml:lang="de">davon akt. Zinsen f. Fremdkap.</label>
      <labelArc xlink:from="de-gaap-ci_gross.addition_short"
                xlink:to="label_de-gaap-ci_gross.addition_short"
                xlink:arcrole="http://www.xbrl.org/2003/arcrole/concept-label"
                xlink:type="arc"/>
      <label xlink:label="label_de-gaap-ci_gross.addition_short"
             id="label_de-gaap-ci_gross.addition_short"
             xlink:role="http://www.xbrl.de/roles/labels/terse60Label"
             xlink:type="resource"
             xml:lang="de">AK/HK Zugang</label>
      <labelArc xlink:from="de-gaap-ci_gross.currChanges"
                xlink:to="label_de-gaap-ci_gross.currChanges"
                xlink:arcrole="http://www.xbrl.org/2003/arcrole/concept-label"
                xlink:type="arc"/>
      <label xlink:label="label_de-gaap-ci_gross.currChanges"
             id="label_de-gaap-ci_gross.currChanges"
             xlink:role="http://www.xbrl.de/roles/labels/terse60Label"
             xlink:type="resource"
             xml:lang="de">AK/HK Währungsdiff.</label>
      <labelArc xlink:from="de-gaap-ci_gross.diff" xlink:to="label_de-gaap-ci_gross.diff"
                xlink:arcrole="http://www.xbrl.org/2003/arcrole/concept-label"
                xlink:type="arc"/>
      <label xlink:label="label_de-gaap-ci_gross.diff" id="label_de-gaap-ci_gross.diff"
             xlink:role="http://www.xbrl.de/roles/labels/terse60Label"
             xlink:type="resource"
             xml:lang="de">AK/HK Differenz z.Vorjahr</label>
      <labelArc xlink:from="de-gaap-ci_gross.diff.currDiff"
                xlink:to="label_de-gaap-ci_gross.diff.currDiff"
                xlink:arcrole="http://www.xbrl.org/2003/arcrole/concept-label"
                xlink:type="arc"/>
      <label xlink:label="label_de-gaap-ci_gross.diff.currDiff"
             id="label_de-gaap-ci_gross.diff.currDiff"
             xlink:role="http://www.xbrl.de/roles/labels/terse60Label"
             xlink:type="resource"
             xml:lang="de">AK/HK Währungsdiff.</label>
      <labelArc xlink:from="de-gaap-ci_gross.diff.otherDiff"
                xlink:to="label_de-gaap-ci_gross.diff.otherDiff"
                xlink:arcrole="http://www.xbrl.org/2003/arcrole/concept-label"
                xlink:type="arc"/>
      <label xlink:label="label_de-gaap-ci_gross.diff.otherDiff"
             id="label_de-gaap-ci_gross.diff.otherDiff"
             xlink:role="http://www.xbrl.de/roles/labels/terse60Label"
             xlink:type="resource"
             xml:lang="de">AK/HK Andere Differenz</label>
      <labelArc xlink:from="de-gaap-ci_gross.diff.otherDiff.comment"
                xlink:to="label_de-gaap-ci_gross.diff.otherDiff.comment"
                xlink:arcrole="http://www.xbrl.org/2003/arcrole/concept-label"
                xlink:type="arc"/>
      <label xlink:label="label_de-gaap-ci_gross.diff.otherDiff.comment"
             id="label_de-gaap-ci_gross.diff.otherDiff.comment"
             xlink:role="http://www.xbrl.de/roles/labels/terse60Label"
             xlink:type="resource"
             xml:lang="de">AK/HK Erläuterung Differenz</label>
      <labelArc xlink:from="de-gaap-ci_gross.movements"
                xlink:to="label_de-gaap-ci_gross.movements"
                xlink:arcrole="http://www.xbrl.org/2003/arcrole/concept-label"
                xlink:type="arc"/>
      <label xlink:label="label_de-gaap-ci_gross.movements"
             id="label_de-gaap-ci_gross.movements"
             xlink:role="http://www.xbrl.de/roles/labels/terse60Label"
             xlink:type="resource"
             xml:lang="de">AK/HK Umbuchung</label>
      <labelArc xlink:from="de-gaap-ci_gross.movements_short"
                xlink:to="label_de-gaap-ci_gross.movements_short"
                xlink:arcrole="http://www.xbrl.org/2003/arcrole/concept-label"
                xlink:type="arc"/>
      <label xlink:label="label_de-gaap-ci_gross.movements_short"
             id="label_de-gaap-ci_gross.movements_short"
             xlink:role="http://www.xbrl.de/roles/labels/terse60Label"
             xlink:type="resource"
             xml:lang="de">AK/HK Umbuchungen</label>
      <labelArc xlink:from="de-gaap-ci_gross.release" xlink:to="label_de-gaap-ci_gross.release"
                xlink:arcrole="http://www.xbrl.org/2003/arcrole/concept-label"
                xlink:type="arc"/>
      <label xlink:label="label_de-gaap-ci_gross.release"
             id="label_de-gaap-ci_gross.release"
             xlink:role="http://www.xbrl.de/roles/labels/terse60Label"
             xlink:type="resource"
             xml:lang="de">AK/HK Abgang</label>
      <labelArc xlink:from="de-gaap-ci_gross.release_short"
                xlink:to="label_de-gaap-ci_gross.release_short"
                xlink:arcrole="http://www.xbrl.org/2003/arcrole/concept-label"
                xlink:type="arc"/>
      <label xlink:label="label_de-gaap-ci_gross.release_short"
             id="label_de-gaap-ci_gross.release_short"
             xlink:role="http://www.xbrl.de/roles/labels/terse60Label"
             xlink:type="resource"
             xml:lang="de">AK/HK Abgang</label>
      <labelArc xlink:from="de-gaap-ci_grossCost.beginning"
                xlink:to="label_de-gaap-ci_grossCost.beginning"
                xlink:arcrole="http://www.xbrl.org/2003/arcrole/concept-label"
                xlink:type="arc"/>
      <label xlink:label="label_de-gaap-ci_grossCost.beginning"
             id="label_de-gaap-ci_grossCost.beginning"
             xlink:role="http://www.xbrl.de/roles/labels/terse60Label"
             xlink:type="resource"
             xml:lang="de">AK/HK Anfang</label>
      <labelArc xlink:from="de-gaap-ci_grossCost.beginning_short"
                xlink:to="label_de-gaap-ci_grossCost.beginning_short"
                xlink:arcrole="http://www.xbrl.org/2003/arcrole/concept-label"
                xlink:type="arc"/>
      <label xlink:label="label_de-gaap-ci_grossCost.beginning_short"
             id="label_de-gaap-ci_grossCost.beginning_short"
             xlink:role="http://www.xbrl.de/roles/labels/terse60Label"
             xlink:type="resource"
             xml:lang="de">AK/HK Anfang</label>
      <labelArc xlink:from="de-gaap-ci_net_all" xlink:to="label_de-gaap-ci_net_all"
                xlink:arcrole="http://www.xbrl.org/2003/arcrole/concept-label"
                xlink:type="arc"/>
      <label xlink:label="label_de-gaap-ci_net_all" id="label_de-gaap-ci_net_all"
             xlink:role="http://www.xbrl.de/roles/labels/terse60Label"
             xlink:type="resource"
             xml:lang="de">Buchwert Ende</label>
      <labelArc xlink:from="de-gaap-ci_net_beginning" xlink:to="label_de-gaap-ci_net_beginning"
                xlink:arcrole="http://www.xbrl.org/2003/arcrole/concept-label"
                xlink:type="arc"/>
      <label xlink:label="label_de-gaap-ci_net_beginning"
             id="label_de-gaap-ci_net_beginning"
             xlink:role="http://www.xbrl.de/roles/labels/terse60Label"
             xlink:type="resource"
             xml:lang="de">Buchwert Anfang</label>
      <labelArc xlink:from="de-gaap-ci_net_diff" xlink:to="label_de-gaap-ci_net_diff"
                xlink:arcrole="http://www.xbrl.org/2003/arcrole/concept-label"
                xlink:type="arc"/>
      <label xlink:label="label_de-gaap-ci_net_diff" id="label_de-gaap-ci_net_diff"
             xlink:role="http://www.xbrl.de/roles/labels/terse60Label"
             xlink:type="resource"
             xml:lang="de">Buchwert Differenz z. Vorjahr</label>
      <labelArc xlink:from="de-gaap-ci_net_diff.currDiff"
                xlink:to="label_de-gaap-ci_net_diff.currDiff"
                xlink:arcrole="http://www.xbrl.org/2003/arcrole/concept-label"
                xlink:type="arc"/>
      <label xlink:label="label_de-gaap-ci_net_diff.currDiff"
             id="label_de-gaap-ci_net_diff.currDiff"
             xlink:role="http://www.xbrl.de/roles/labels/terse60Label"
             xlink:type="resource"
             xml:lang="de">Buchwert Währungsdiff.</label>
      <labelArc xlink:from="de-gaap-ci_net_diff.otherDiff"
                xlink:to="label_de-gaap-ci_net_diff.otherDiff"
                xlink:arcrole="http://www.xbrl.org/2003/arcrole/concept-label"
                xlink:type="arc"/>
      <label xlink:label="label_de-gaap-ci_net_diff.otherDiff"
             id="label_de-gaap-ci_net_diff.otherDiff"
             xlink:role="http://www.xbrl.de/roles/labels/terse60Label"
             xlink:type="resource"
             xml:lang="de">Buchwert Andere Differenz</label>
      <labelArc xlink:from="de-gaap-ci_net_diff.otherDiff.comment"
                xlink:to="label_de-gaap-ci_net_diff.otherDiff.comment"
                xlink:arcrole="http://www.xbrl.org/2003/arcrole/concept-label"
                xlink:type="arc"/>
      <label xlink:label="label_de-gaap-ci_net_diff.otherDiff.comment"
             id="label_de-gaap-ci_net_diff.otherDiff.comment"
             xlink:role="http://www.xbrl.de/roles/labels/terse60Label"
             xlink:type="resource"
             xml:lang="de">Buchwert Erläuterung Differenz</label>
      <labelArc xlink:from="de-gaap-ci_table.kke.allKindsOfEquityAccounts.limitedPartners.contributionSilentPartnersDeficitItem"
                xlink:to="label_de-gaap-ci_table.kke.allKindsOfEquityAccounts.limitedPartners.contributionSilentPartnersDeficitItem"
                xlink:arcrole="http://www.xbrl.org/2003/arcrole/concept-label"
                xlink:type="arc"/>
      <label xlink:label="label_de-gaap-ci_table.kke.allKindsOfEquityAccounts.limitedPartners.contributionSilentPartnersDeficitItem"
             id="label_de-gaap-ci_table.kke.allKindsOfEquityAccounts.limitedPartners.contributionSilentPartnersDeficitItem"
             xlink:role="http://www.xbrl.de/roles/labels/terse60Label"
             xlink:type="resource"
             xml:lang="de">Einlagen stiller Ges. m. Eigenkapital-Charakter [Aktivseite]</label>
      <labelArc xlink:from="de-gaap-ci_table.kke.allKindsOfEquityAccounts.limitedPartners.nVgE"
                xlink:to="label_de-gaap-ci_table.kke.allKindsOfEquityAccounts.limitedPartners.nVgE"
                xlink:arcrole="http://www.xbrl.org/2003/arcrole/concept-label"
                xlink:type="arc"/>
      <label xlink:label="label_de-gaap-ci_table.kke.allKindsOfEquityAccounts.limitedPartners.nVgE"
             id="label_de-gaap-ci_table.kke.allKindsOfEquityAccounts.limitedPartners.nVgE"
             xlink:role="http://www.xbrl.de/roles/labels/terse60Label"
             xlink:type="resource"
             xml:lang="de">verrechn. n. d. Verm.Einl. gedeckte Entnahmen (Kommanditist)</label>
      <labelArc xlink:from="de-gaap-ci_table.kke.allKindsOfEquityAccounts.limitedPartners.nVgV"
                xlink:to="label_de-gaap-ci_table.kke.allKindsOfEquityAccounts.limitedPartners.nVgV"
                xlink:arcrole="http://www.xbrl.org/2003/arcrole/concept-label"
                xlink:type="arc"/>
      <label xlink:label="label_de-gaap-ci_table.kke.allKindsOfEquityAccounts.limitedPartners.nVgV"
             id="label_de-gaap-ci_table.kke.allKindsOfEquityAccounts.limitedPartners.nVgV"
             xlink:role="http://www.xbrl.de/roles/labels/terse60Label"
             xlink:type="resource"
             xml:lang="de">verrechn. n. d. Verm.Einl. gedeckter Verl.Ant (Kommanditist)</label>
      <labelArc xlink:from="de-gaap-ci_table.kke.allKindsOfEquityAccounts.limitedPartners.netIncomeLoss"
                xlink:to="label_de-gaap-ci_table.kke.allKindsOfEquityAccounts.limitedPartners.netIncomeLoss"
                xlink:arcrole="http://www.xbrl.org/2003/arcrole/concept-label"
                xlink:type="arc"/>
      <label xlink:label="label_de-gaap-ci_table.kke.allKindsOfEquityAccounts.limitedPartners.netIncomeLoss"
             id="label_de-gaap-ci_table.kke.allKindsOfEquityAccounts.limitedPartners.netIncomeLoss"
             xlink:role="http://www.xbrl.de/roles/labels/terse60Label"
             xlink:type="resource"
             xml:lang="de">JÜ/-fehlbetrag (Bilanz) i.S.d. § 264c Abs. 2 HGB bei PersGes</label>
      <labelArc xlink:from="de-gaap-ci_table.kke.allKindsOfEquityAccounts.limitedPartners.profitLoss"
                xlink:to="label_de-gaap-ci_table.kke.allKindsOfEquityAccounts.limitedPartners.profitLoss"
                xlink:arcrole="http://www.xbrl.org/2003/arcrole/concept-label"
                xlink:type="arc"/>
      <label xlink:label="label_de-gaap-ci_table.kke.allKindsOfEquityAccounts.limitedPartners.profitLoss"
             id="label_de-gaap-ci_table.kke.allKindsOfEquityAccounts.limitedPartners.profitLoss"
             xlink:role="http://www.xbrl.de/roles/labels/terse60Label"
             xlink:type="resource"
             xml:lang="de">BilGew./ BilVerl.(Bilanz) i.S. § 264c Abs. 2 HGB bei PersGes</label>
      <labelArc xlink:from="de-gaap-ci_table.kke.allKindsOfEquityAccounts.limitedPartners.retainedProfitLoss"
                xlink:to="label_de-gaap-ci_table.kke.allKindsOfEquityAccounts.limitedPartners.retainedProfitLoss"
                xlink:arcrole="http://www.xbrl.org/2003/arcrole/concept-label"
                xlink:type="arc"/>
      <label xlink:label="label_de-gaap-ci_table.kke.allKindsOfEquityAccounts.limitedPartners.retainedProfitLoss"
             id="label_de-gaap-ci_table.kke.allKindsOfEquityAccounts.limitedPartners.retainedProfitLoss"
             xlink:role="http://www.xbrl.de/roles/labels/terse60Label"
             xlink:type="resource"
             xml:lang="de">Gewinn-/ Verlustvortrag i.S.d. § 264c Abs. 2 HGB bei PersGes</label>
      <labelArc xlink:from="de-gaap-ci_table.kke.allKindsOfEquityAccounts.unlimitedPartners.nVgV"
                xlink:to="label_de-gaap-ci_table.kke.allKindsOfEquityAccounts.unlimitedPartners.nVgV"
                xlink:arcrole="http://www.xbrl.org/2003/arcrole/concept-label"
                xlink:type="arc"/>
      <label xlink:label="label_de-gaap-ci_table.kke.allKindsOfEquityAccounts.unlimitedPartners.nVgV"
             id="label_de-gaap-ci_table.kke.allKindsOfEquityAccounts.unlimitedPartners.nVgV"
             xlink:role="http://www.xbrl.de/roles/labels/terse60Label"
             xlink:type="resource"
             xml:lang="de">verrechneter nicht durch Verm.Einl. gedeckter Verlustanteil</label>
      <labelArc xlink:from="de-gaap-ci_table.kke.allKindsOfEquityAccounts.unlimitedPartners.netIncomeLoss"
                xlink:to="label_de-gaap-ci_table.kke.allKindsOfEquityAccounts.unlimitedPartners.netIncomeLoss"
                xlink:arcrole="http://www.xbrl.org/2003/arcrole/concept-label"
                xlink:type="arc"/>
      <label xlink:label="label_de-gaap-ci_table.kke.allKindsOfEquityAccounts.unlimitedPartners.netIncomeLoss"
             id="label_de-gaap-ci_table.kke.allKindsOfEquityAccounts.unlimitedPartners.netIncomeLoss"
             xlink:role="http://www.xbrl.de/roles/labels/terse60Label"
             xlink:type="resource"
             xml:lang="de">JÜ/-fehlbetrag (Bilanz) i.S.d. § 264c Abs. 2 HGB bei PersGes</label>
      <labelArc xlink:from="de-gaap-ci_table.kke.allKindsOfEquityAccounts.unlimitedPartners.profitLoss"
                xlink:to="label_de-gaap-ci_table.kke.allKindsOfEquityAccounts.unlimitedPartners.profitLoss"
                xlink:arcrole="http://www.xbrl.org/2003/arcrole/concept-label"
                xlink:type="arc"/>
      <label xlink:label="label_de-gaap-ci_table.kke.allKindsOfEquityAccounts.unlimitedPartners.profitLoss"
             id="label_de-gaap-ci_table.kke.allKindsOfEquityAccounts.unlimitedPartners.profitLoss"
             xlink:role="http://www.xbrl.de/roles/labels/terse60Label"
             xlink:type="resource"
             xml:lang="de">BilGew./ BilVerl.(Bilanz) i.S. § 264c Abs. 2 HGB bei PersGes</label>
      <labelArc xlink:from="de-gaap-ci_table.kke.allKindsOfEquityAccounts.unlimitedPartners.retainedProfitLoss"
                xlink:to="label_de-gaap-ci_table.kke.allKindsOfEquityAccounts.unlimitedPartners.retainedProfitLoss"
                xlink:arcrole="http://www.xbrl.org/2003/arcrole/concept-label"
                xlink:type="arc"/>
      <label xlink:label="label_de-gaap-ci_table.kke.allKindsOfEquityAccounts.unlimitedPartners.retainedProfitLoss"
             id="label_de-gaap-ci_table.kke.allKindsOfEquityAccounts.unlimitedPartners.retainedProfitLoss"
             xlink:role="http://www.xbrl.de/roles/labels/terse60Label"
             xlink:type="resource"
             xml:lang="de">Gewinn-/ Verlustvortrag i.S.d. § 264c Abs. 2 HGB bei PersGes</label>
      <labelArc xlink:from="de-gaap-ci_table.kke.sumDebtCapitalAccounts.sumYearEnd"
                xlink:to="label_de-gaap-ci_table.kke.sumDebtCapitalAccounts.sumYearEnd"
                xlink:arcrole="http://www.xbrl.org/2003/arcrole/concept-label"
                xlink:type="arc"/>
      <label xlink:label="label_de-gaap-ci_table.kke.sumDebtCapitalAccounts.sumYearEnd"
             id="label_de-gaap-ci_table.kke.sumDebtCapitalAccounts.sumYearEnd"
             xlink:role="http://www.xbrl.de/roles/labels/terse60Label"
             xlink:type="resource"
             xml:lang="de">Endbestand KapKto - FK (KKE f. Mitunternehmerschaften)</label>
      <labelArc xlink:from="de-gaap-ci_table.kke.sumDebtCapitalAccounts.sumYearEnd.begin"
                xlink:to="label_de-gaap-ci_table.kke.sumDebtCapitalAccounts.sumYearEnd.begin"
                xlink:arcrole="http://www.xbrl.org/2003/arcrole/concept-label"
                xlink:type="arc"/>
      <label xlink:label="label_de-gaap-ci_table.kke.sumDebtCapitalAccounts.sumYearEnd.begin"
             id="label_de-gaap-ci_table.kke.sumDebtCapitalAccounts.sumYearEnd.begin"
             xlink:role="http://www.xbrl.de/roles/labels/terse60Label"
             xlink:type="resource"
             xml:lang="de">Anfangsbestand KapKto (KKE f. Mitunternehmerschaften)</label>
      <!--
external labels
--></labelLink>
</linkbase>