<?xml version="1.0" encoding="utf-8"?>
<!--(c) XBRL Deutschland e.V. - see http://www.xbrl.de-->


<linkbase xmlns="http://www.xbrl.org/2003/linkbase"
          xmlns:xsi="http://www.w3.org/2001/XMLSchema-instance"
          xsi:schemaLocation="http://www.xbrl.org/2003/linkbase http://www.xbrl.org/2003/xbrl-linkbase-2003-12-31.xsd">
   <roleRef xmlns:xbrldt="http://xbrl.org/2005/xbrldt"
            xmlns:xbrli="http://www.xbrl.org/2003/instance"
            xmlns:xlink="http://www.w3.org/1999/xlink"
            roleURI="http://www.xbrl.de/taxonomies/de-gaap-ci/role/changesEquityStatementTableDRS22P"
            xlink:href="de-gaap-ci-2018-04-01.xsd#role_changesEquityStatementTableDRS22P"
            xlink:type="simple"/>
   <arcroleRef xmlns:xbrldt="http://xbrl.org/2005/xbrldt"
               xmlns:xbrli="http://www.xbrl.org/2003/instance"
               xmlns:xlink="http://www.w3.org/1999/xlink"
               arcroleURI="http://xbrl.org/int/dim/arcrole/all"
               xlink:href="http://www.xbrl.org/2005/xbrldt-2005.xsd#all"
               xlink:type="simple"/>
   <arcroleRef xmlns:xbrldt="http://xbrl.org/2005/xbrldt"
               xmlns:xbrli="http://www.xbrl.org/2003/instance"
               xmlns:xlink="http://www.w3.org/1999/xlink"
               arcroleURI="http://xbrl.org/int/dim/arcrole/dimension-domain"
               xlink:href="http://www.xbrl.org/2005/xbrldt-2005.xsd#dimension-domain"
               xlink:type="simple"/>
   <arcroleRef xmlns:xbrldt="http://xbrl.org/2005/xbrldt"
               xmlns:xbrli="http://www.xbrl.org/2003/instance"
               xmlns:xlink="http://www.w3.org/1999/xlink"
               arcroleURI="http://xbrl.org/int/dim/arcrole/domain-member"
               xlink:href="http://www.xbrl.org/2005/xbrldt-2005.xsd#domain-member"
               xlink:type="simple"/>
   <arcroleRef xmlns:xbrldt="http://xbrl.org/2005/xbrldt"
               xmlns:xbrli="http://www.xbrl.org/2003/instance"
               xmlns:xlink="http://www.w3.org/1999/xlink"
               arcroleURI="http://xbrl.org/int/dim/arcrole/hypercube-dimension"
               xlink:href="http://www.xbrl.org/2005/xbrldt-2005.xsd#hypercube-dimension"
               xlink:type="simple"/>
   <arcroleRef xmlns:xbrldt="http://xbrl.org/2005/xbrldt"
               xmlns:xbrli="http://www.xbrl.org/2003/instance"
               xmlns:xlink="http://www.w3.org/1999/xlink"
               arcroleURI="http://xbrl.org/int/dim/arcrole/dimension-default"
               xlink:href="http://www.xbrl.org/2005/xbrldt-2005.xsd#dimension-default"
               xlink:type="simple"/>
   <definitionLink xmlns:xlink="http://www.w3.org/1999/xlink"
                   xlink:role="http://www.xbrl.de/taxonomies/de-gaap-ci/role/changesEquityStatementTableDRS22P"
                   xlink:type="extended">
      <loc xlink:type="locator"
           xlink:href="de-gaap-ci-2018-04-01-dimensions.xsd#de-gaap-ci_dim_allDRS22P"
           xlink:label="de-gaap-ci_dim_allDRS22P"/>
      <loc xlink:type="locator"
           xlink:href="de-gaap-ci-2018-04-01-dimensions.xsd#de-gaap-ci_dim_parentDRS22P.accGroupStatement.shares"
           xlink:label="de-gaap-ci_dim_parentDRS22P.accGroupStatement.shares"/>
      <loc xlink:type="locator"
           xlink:href="de-gaap-ci-2018-04-01-dimensions.xsd#de-gaap-ci_dim_parentDRS22P.accGroupStatement.reserves"
           xlink:label="de-gaap-ci_dim_parentDRS22P.accGroupStatement.reserves"/>
      <loc xlink:type="locator"
           xlink:href="de-gaap-ci-2018-04-01-dimensions.xsd#de-gaap-ci_dim_parentDRS22P.accGroupStatement.currTranslDiff"
           xlink:label="de-gaap-ci_dim_parentDRS22P.accGroupStatement.currTranslDiff"/>
      <loc xlink:type="locator"
           xlink:href="de-gaap-ci-2018-04-01-dimensions.xsd#de-gaap-ci_dim_parentDRS22P.accGroupStatement.retainedEarningsPrevYear"
           xlink:label="de-gaap-ci_dim_parentDRS22P.accGroupStatement.retainedEarningsPrevYear"/>
      <loc xlink:type="locator"
           xlink:href="de-gaap-ci-2018-04-01-dimensions.xsd#de-gaap-ci_dim_parentDRS22P.accGroupStatement.netIncome"
           xlink:label="de-gaap-ci_dim_parentDRS22P.accGroupStatement.netIncome"/>
      <loc xlink:type="locator"
           xlink:href="de-gaap-ci-2018-04-01-dimensions.xsd#de-gaap-ci_dim_minorityDRS22P"
           xlink:label="de-gaap-ci_dim_minorityDRS22P"/>
      <loc xlink:type="locator"
           xlink:href="de-gaap-ci-2018-04-01-dimensions.xsd#de-gaap-ci_dim_minorityDRS22P.bevorCurrTranslOtherGroupResult"
           xlink:label="de-gaap-ci_dim_minorityDRS22P.bevorCurrTranslOtherGroupResult"/>
      <loc xlink:type="locator"
           xlink:href="de-gaap-ci-2018-04-01-dimensions.xsd#de-gaap-ci_dim_minorityDRS22P.currTransl"
           xlink:label="de-gaap-ci_dim_minorityDRS22P.currTransl"/>
      <loc xlink:type="locator"
           xlink:href="de-gaap-ci-2018-04-01-dimensions.xsd#de-gaap-ci_dim_minorityDRS22P.otherGroupResult"
           xlink:label="de-gaap-ci_dim_minorityDRS22P.otherGroupResult"/>
      <loc xlink:type="locator"
           xlink:href="de-gaap-ci-2018-04-01-dimensions.xsd#de-gaap-ci_dim_allDRS22P.parent"
           xlink:label="de-gaap-ci_dim_allDRS22P.parent"/>
      <loc xlink:type="locator"
           xlink:href="de-gaap-ci-2018-04-01-dimensions.xsd#de-gaap-ci_eqCh.group_allDRS22P"
           xlink:label="de-gaap-ci_eqCh.group_allDRS22P"/>
      <loc xlink:type="locator"
           xlink:href="de-gaap-ci-2018-04-01-dimensions.xsd#de-gaap-ci_eqCh.group_changeConsolDRS22P"
           xlink:label="de-gaap-ci_eqCh.group_changeConsolDRS22P"/>
      <loc xlink:type="locator"
           xlink:href="de-gaap-ci-2018-04-01-dimensions.xsd#de-gaap-ci_dim_eqChDRS22P"
           xlink:label="de-gaap-ci_dim_eqChDRS22P"/>
      <definitionArc xlink:from="de-gaap-ci_dim_allDRS22P"
                     xlink:to="de-gaap-ci_dim_parentDRS22P.accGroupStatement.shares"
                     order="1"
                     priority="1"
                     use="prohibited"
                     xlink:arcrole="http://xbrl.org/int/dim/arcrole/domain-member"
                     xlink:type="arc"/>
      <definitionArc xlink:from="de-gaap-ci_dim_allDRS22P"
                     xlink:to="de-gaap-ci_dim_parentDRS22P.accGroupStatement.reserves"
                     order="2"
                     priority="1"
                     use="prohibited"
                     xlink:arcrole="http://xbrl.org/int/dim/arcrole/domain-member"
                     xlink:type="arc"/>
      <definitionArc xlink:from="de-gaap-ci_dim_allDRS22P"
                     xlink:to="de-gaap-ci_dim_parentDRS22P.accGroupStatement.currTranslDiff"
                     order="3"
                     priority="1"
                     use="prohibited"
                     xlink:arcrole="http://xbrl.org/int/dim/arcrole/domain-member"
                     xlink:type="arc"/>
      <definitionArc xlink:from="de-gaap-ci_dim_allDRS22P"
                     xlink:to="de-gaap-ci_dim_parentDRS22P.accGroupStatement.retainedEarningsPrevYear"
                     order="4"
                     priority="1"
                     use="prohibited"
                     xlink:arcrole="http://xbrl.org/int/dim/arcrole/domain-member"
                     xlink:type="arc"/>
      <definitionArc xlink:from="de-gaap-ci_dim_allDRS22P"
                     xlink:to="de-gaap-ci_dim_parentDRS22P.accGroupStatement.netIncome"
                     order="5"
                     priority="1"
                     use="prohibited"
                     xlink:arcrole="http://xbrl.org/int/dim/arcrole/domain-member"
                     xlink:type="arc"/>
      <definitionArc xlink:from="de-gaap-ci_dim_allDRS22P" xlink:to="de-gaap-ci_dim_minorityDRS22P"
                     order="0.6"
                     xlink:arcrole="http://xbrl.org/int/dim/arcrole/domain-member"
                     xlink:type="arc"/>
      <definitionArc xlink:from="de-gaap-ci_dim_minorityDRS22P"
                     xlink:to="de-gaap-ci_dim_minorityDRS22P.bevorCurrTranslOtherGroupResult"
                     order="1"
                     xlink:arcrole="http://xbrl.org/int/dim/arcrole/domain-member"
                     xlink:type="arc"/>
      <definitionArc xlink:from="de-gaap-ci_dim_minorityDRS22P"
                     xlink:to="de-gaap-ci_dim_minorityDRS22P.currTransl"
                     order="2"
                     xlink:arcrole="http://xbrl.org/int/dim/arcrole/domain-member"
                     xlink:type="arc"/>
      <definitionArc xlink:from="de-gaap-ci_dim_minorityDRS22P"
                     xlink:to="de-gaap-ci_dim_minorityDRS22P.otherGroupResult"
                     order="3"
                     xlink:arcrole="http://xbrl.org/int/dim/arcrole/domain-member"
                     xlink:type="arc"/>
      <definitionArc xlink:from="de-gaap-ci_dim_allDRS22P"
                     xlink:to="de-gaap-ci_dim_allDRS22P.parent"
                     order="0.5"
                     xlink:arcrole="http://xbrl.org/int/dim/arcrole/domain-member"
                     xlink:type="arc"/>
      <definitionArc xlink:from="de-gaap-ci_dim_allDRS22P.parent"
                     xlink:to="de-gaap-ci_dim_parentDRS22P.accGroupStatement.shares"
                     order="1"
                     xlink:arcrole="http://xbrl.org/int/dim/arcrole/domain-member"
                     xlink:type="arc"/>
      <definitionArc xlink:from="de-gaap-ci_dim_allDRS22P.parent"
                     xlink:to="de-gaap-ci_dim_parentDRS22P.accGroupStatement.reserves"
                     order="2"
                     xlink:arcrole="http://xbrl.org/int/dim/arcrole/domain-member"
                     xlink:type="arc"/>
      <definitionArc xlink:from="de-gaap-ci_dim_allDRS22P.parent"
                     xlink:to="de-gaap-ci_dim_parentDRS22P.accGroupStatement.currTranslDiff"
                     order="3"
                     xlink:arcrole="http://xbrl.org/int/dim/arcrole/domain-member"
                     xlink:type="arc"/>
      <definitionArc xlink:from="de-gaap-ci_dim_allDRS22P.parent"
                     xlink:to="de-gaap-ci_dim_parentDRS22P.accGroupStatement.retainedEarningsPrevYear"
                     order="4"
                     xlink:arcrole="http://xbrl.org/int/dim/arcrole/domain-member"
                     xlink:type="arc"/>
      <definitionArc xlink:from="de-gaap-ci_dim_allDRS22P.parent"
                     xlink:to="de-gaap-ci_dim_parentDRS22P.accGroupStatement.netIncome"
                     order="5"
                     xlink:arcrole="http://xbrl.org/int/dim/arcrole/domain-member"
                     xlink:type="arc"/>
      <definitionArc xlink:from="de-gaap-ci_eqCh.group_allDRS22P"
                     xlink:to="de-gaap-ci_eqCh.group_changeConsolDRS22P"
                     order="7.5"
                     xlink:arcrole="http://xbrl.org/int/dim/arcrole/domain-member"
                     xlink:type="arc"/>
   </definitionLink>
</linkbase>