<?xml version="1.0" encoding="utf-8"?>
<!--(c) XBRL Deutschland e.V. - see http://www.xbrl.de-->


<linkbase xmlns="http://www.xbrl.org/2003/linkbase"
          xmlns:xsi="http://www.w3.org/2001/XMLSchema-instance"
          xsi:schemaLocation="http://www.xbrl.org/2003/linkbase http://www.xbrl.org/2003/xbrl-linkbase-2003-12-31.xsd">
   <roleRef xmlns:xlink="http://www.w3.org/1999/xlink"
            roleURI="http://www.xbrl.de/taxonomies/de-gaap-ci/role/transfersCommercialCodeToTax"
            xlink:href="de-gaap-ci-2018-04-01.xsd#role_transfersCommercialCodeToTax"
            xlink:type="simple"/>
   <presentationLink xmlns:xlink="http://www.w3.org/1999/xlink"
                     xlink:role="http://www.xbrl.de/taxonomies/de-gaap-ci/role/transfersCommercialCodeToTax"
                     xlink:type="extended">
      <loc xlink:type="locator" xlink:href="de-gaap-ci-2018-04-01.xsd#de-gaap-ci_taxMod"
           xlink:label="de-gaap-ci_taxMod"/>
      <loc xlink:type="locator" xlink:href="de-gaap-ci-2018-04-01.xsd#de-gaap-ci_hbst"
           xlink:label="de-gaap-ci_hbst"/>
      <loc xlink:type="locator"
           xlink:href="de-gaap-ci-2018-04-01.xsd#de-gaap-ci_hbst.transfer"
           xlink:label="de-gaap-ci_hbst.transfer"/>
      <loc xlink:type="locator"
           xlink:href="de-gaap-ci-2018-04-01.xsd#de-gaap-ci_hbst.transfer.kind"
           xlink:label="de-gaap-ci_hbst.transfer.kind"/>
      <loc xlink:type="locator"
           xlink:href="de-gaap-ci-2018-04-01.xsd#de-gaap-ci_hbst.transfer.kind.reclassification"
           xlink:label="de-gaap-ci_hbst.transfer.kind.reclassification"/>
      <loc xlink:type="locator"
           xlink:href="de-gaap-ci-2018-04-01.xsd#de-gaap-ci_hbst.transfer.kind.changeValue"
           xlink:label="de-gaap-ci_hbst.transfer.kind.changeValue"/>
      <loc xlink:type="locator"
           xlink:href="de-gaap-ci-2018-04-01.xsd#de-gaap-ci_hbst.transfer.kind.reclassificationChangeValue"
           xlink:label="de-gaap-ci_hbst.transfer.kind.reclassificationChangeValue"/>
      <loc xlink:type="locator"
           xlink:href="de-gaap-ci-2018-04-01.xsd#de-gaap-ci_hbst.transfer.bsAss"
           xlink:label="de-gaap-ci_hbst.transfer.bsAss"/>
      <loc xlink:type="locator"
           xlink:href="de-gaap-ci-2018-04-01.xsd#de-gaap-ci_hbst.transfer.bsAss.name"
           xlink:label="de-gaap-ci_hbst.transfer.bsAss.name"/>
      <loc xlink:type="locator"
           xlink:href="de-gaap-ci-2018-04-01.xsd#de-gaap-ci_hbst.transfer.bsAss.changeValueActualPeriod"
           xlink:label="de-gaap-ci_hbst.transfer.bsAss.changeValueActualPeriod"/>
      <loc xlink:type="locator"
           xlink:href="de-gaap-ci-2018-04-01.xsd#de-gaap-ci_hbst.transfer.bsAss.changeValuePreviousPeriod"
           xlink:label="de-gaap-ci_hbst.transfer.bsAss.changeValuePreviousPeriod"/>
      <loc xlink:type="locator"
           xlink:href="de-gaap-ci-2018-04-01.xsd#de-gaap-ci_hbst.transfer.bsEqLiab"
           xlink:label="de-gaap-ci_hbst.transfer.bsEqLiab"/>
      <loc xlink:type="locator"
           xlink:href="de-gaap-ci-2018-04-01.xsd#de-gaap-ci_hbst.transfer.bsEqLiab.name"
           xlink:label="de-gaap-ci_hbst.transfer.bsEqLiab.name"/>
      <loc xlink:type="locator"
           xlink:href="de-gaap-ci-2018-04-01.xsd#de-gaap-ci_hbst.transfer.bsEqLiab.changeValueActualPeriod"
           xlink:label="de-gaap-ci_hbst.transfer.bsEqLiab.changeValueActualPeriod"/>
      <loc xlink:type="locator"
           xlink:href="de-gaap-ci-2018-04-01.xsd#de-gaap-ci_hbst.transfer.bsEqLiab.changeValuePreviousPeriod"
           xlink:label="de-gaap-ci_hbst.transfer.bsEqLiab.changeValuePreviousPeriod"/>
      <loc xlink:type="locator"
           xlink:href="de-gaap-ci-2018-04-01.xsd#de-gaap-ci_hbst.transfer.isChangeNetIncome"
           xlink:label="de-gaap-ci_hbst.transfer.isChangeNetIncome"/>
      <loc xlink:type="locator"
           xlink:href="de-gaap-ci-2018-04-01.xsd#de-gaap-ci_hbst.transfer.isChangeNetIncome.name"
           xlink:label="de-gaap-ci_hbst.transfer.isChangeNetIncome.name"/>
      <loc xlink:type="locator"
           xlink:href="de-gaap-ci-2018-04-01.xsd#de-gaap-ci_hbst.transfer.isChangeNetIncome.changeValueActualPeriod"
           xlink:label="de-gaap-ci_hbst.transfer.isChangeNetIncome.changeValueActualPeriod"/>
      <loc xlink:type="locator"
           xlink:href="de-gaap-ci-2018-04-01.xsd#de-gaap-ci_hbst.transfer.netProfitUseRecogInTheIncomeStatement"
           xlink:label="de-gaap-ci_hbst.transfer.netProfitUseRecogInTheIncomeStatement"/>
      <loc xlink:type="locator"
           xlink:href="de-gaap-ci-2018-04-01.xsd#de-gaap-ci_hbst.transfer.netProfitUseRecogInTheIncomeStatement.position"
           xlink:label="de-gaap-ci_hbst.transfer.netProfitUseRecogInTheIncomeStatement.position"/>
      <loc xlink:type="locator"
           xlink:href="de-gaap-ci-2018-04-01.xsd#de-gaap-ci_hbst.transfer.netProfitUseRecogInTheIncomeStatement.changeValueActualPeriod"
           xlink:label="de-gaap-ci_hbst.transfer.netProfitUseRecogInTheIncomeStatement.changeValueActualPeriod"/>
      <loc xlink:type="locator"
           xlink:href="de-gaap-ci-2018-04-01.xsd#de-gaap-ci_hbst.transfer.comment"
           xlink:label="de-gaap-ci_hbst.transfer.comment"/>
      <loc xlink:type="locator" xlink:href="de-gaap-ci-2018-04-01.xsd#de-gaap-ci_fvchange"
           xlink:label="de-gaap-ci_fvchange"/>
      <loc xlink:type="locator"
           xlink:href="de-gaap-ci-2018-04-01.xsd#de-gaap-ci_fvchange.details"
           xlink:label="de-gaap-ci_fvchange.details"/>
      <loc xlink:type="locator"
           xlink:href="de-gaap-ci-2018-04-01.xsd#de-gaap-ci_fvchange.details.asset"
           xlink:label="de-gaap-ci_fvchange.details.asset"/>
      <loc xlink:type="locator"
           xlink:href="de-gaap-ci-2018-04-01.xsd#de-gaap-ci_fvchange.details.asset.name"
           xlink:label="de-gaap-ci_fvchange.details.asset.name"/>
      <loc xlink:type="locator"
           xlink:href="de-gaap-ci-2018-04-01.xsd#de-gaap-ci_fvchange.details.asset.valueCurrent"
           xlink:label="de-gaap-ci_fvchange.details.asset.valueCurrent"/>
      <loc xlink:type="locator"
           xlink:href="de-gaap-ci-2018-04-01.xsd#de-gaap-ci_fvchange.details.asset.valuePrev"
           xlink:label="de-gaap-ci_fvchange.details.asset.valuePrev"/>
      <loc xlink:type="locator"
           xlink:href="de-gaap-ci-2018-04-01.xsd#de-gaap-ci_fvchange.details.asset.id"
           xlink:label="de-gaap-ci_fvchange.details.asset.id"/>
      <loc xlink:type="locator"
           xlink:href="de-gaap-ci-2018-04-01.xsd#de-gaap-ci_fvchange.details.asset.VATbox"
           xlink:label="de-gaap-ci_fvchange.details.asset.VATbox"/>
      <loc xlink:type="locator"
           xlink:href="de-gaap-ci-2018-04-01.xsd#de-gaap-ci_fvchange.details.liab"
           xlink:label="de-gaap-ci_fvchange.details.liab"/>
      <loc xlink:type="locator"
           xlink:href="de-gaap-ci-2018-04-01.xsd#de-gaap-ci_fvchange.details.liab.name"
           xlink:label="de-gaap-ci_fvchange.details.liab.name"/>
      <loc xlink:type="locator"
           xlink:href="de-gaap-ci-2018-04-01.xsd#de-gaap-ci_fvchange.details.liab.valueCurrent"
           xlink:label="de-gaap-ci_fvchange.details.liab.valueCurrent"/>
      <loc xlink:type="locator"
           xlink:href="de-gaap-ci-2018-04-01.xsd#de-gaap-ci_fvchange.details.liab.valuePrev"
           xlink:label="de-gaap-ci_fvchange.details.liab.valuePrev"/>
      <loc xlink:type="locator"
           xlink:href="de-gaap-ci-2018-04-01.xsd#de-gaap-ci_fvchange.details.liab.id"
           xlink:label="de-gaap-ci_fvchange.details.liab.id"/>
      <loc xlink:type="locator"
           xlink:href="de-gaap-ci-2018-04-01.xsd#de-gaap-ci_fvchange.details.liab.VATbox"
           xlink:label="de-gaap-ci_fvchange.details.liab.VATbox"/>
      <loc xlink:type="locator"
           xlink:href="de-gaap-ci-2018-04-01.xsd#de-gaap-ci_fvchange.details.pl"
           xlink:label="de-gaap-ci_fvchange.details.pl"/>
      <loc xlink:type="locator"
           xlink:href="de-gaap-ci-2018-04-01.xsd#de-gaap-ci_fvchange.details.pl.name"
           xlink:label="de-gaap-ci_fvchange.details.pl.name"/>
      <loc xlink:type="locator"
           xlink:href="de-gaap-ci-2018-04-01.xsd#de-gaap-ci_fvchange.details.pl.valueCurrent"
           xlink:label="de-gaap-ci_fvchange.details.pl.valueCurrent"/>
      <loc xlink:type="locator"
           xlink:href="de-gaap-ci-2018-04-01.xsd#de-gaap-ci_fvchange.details.pl.id"
           xlink:label="de-gaap-ci_fvchange.details.pl.id"/>
      <loc xlink:type="locator"
           xlink:href="de-gaap-ci-2018-04-01.xsd#de-gaap-ci_fvchange.details.pl.VATbox"
           xlink:label="de-gaap-ci_fvchange.details.pl.VATbox"/>
      <loc xlink:type="locator"
           xlink:href="de-gaap-ci-2018-04-01.xsd#de-gaap-ci_fvchange.details.netProfitUse"
           xlink:label="de-gaap-ci_fvchange.details.netProfitUse"/>
      <loc xlink:type="locator"
           xlink:href="de-gaap-ci-2018-04-01.xsd#de-gaap-ci_fvchange.details.netProfitUse.name"
           xlink:label="de-gaap-ci_fvchange.details.netProfitUse.name"/>
      <loc xlink:type="locator"
           xlink:href="de-gaap-ci-2018-04-01.xsd#de-gaap-ci_fvchange.details.netProfitUse.valueCurrent"
           xlink:label="de-gaap-ci_fvchange.details.netProfitUse.valueCurrent"/>
      <loc xlink:type="locator"
           xlink:href="de-gaap-ci-2018-04-01.xsd#de-gaap-ci_fvchange.details.netProfitUse.id"
           xlink:label="de-gaap-ci_fvchange.details.netProfitUse.id"/>
      <loc xlink:type="locator"
           xlink:href="de-gaap-ci-2018-04-01.xsd#de-gaap-ci_fvchange.details.netProfitUse.VATbox"
           xlink:label="de-gaap-ci_fvchange.details.netProfitUse.VATbox"/>
      <loc xlink:type="locator"
           xlink:href="de-gaap-ci-2018-04-01.xsd#de-gaap-ci_fvchange.details.determinationOfTaxableIncome"
           xlink:label="de-gaap-ci_fvchange.details.determinationOfTaxableIncome"/>
      <loc xlink:type="locator"
           xlink:href="de-gaap-ci-2018-04-01.xsd#de-gaap-ci_fvchange.details.determinationOfTaxableIncome.name"
           xlink:label="de-gaap-ci_fvchange.details.determinationOfTaxableIncome.name"/>
      <loc xlink:type="locator"
           xlink:href="de-gaap-ci-2018-04-01.xsd#de-gaap-ci_fvchange.details.determinationOfTaxableIncome.valueCurrent"
           xlink:label="de-gaap-ci_fvchange.details.determinationOfTaxableIncome.valueCurrent"/>
      <loc xlink:type="locator"
           xlink:href="de-gaap-ci-2018-04-01.xsd#de-gaap-ci_fvchange.details.determinationOfTaxableIncome.id"
           xlink:label="de-gaap-ci_fvchange.details.determinationOfTaxableIncome.id"/>
      <loc xlink:type="locator"
           xlink:href="de-gaap-ci-2018-04-01.xsd#de-gaap-ci_fvchange.details.determinationOfTaxableIncome.VATbox"
           xlink:label="de-gaap-ci_fvchange.details.determinationOfTaxableIncome.VATbox"/>
      <loc xlink:type="locator"
           xlink:href="de-gaap-ci-2018-04-01.xsd#de-gaap-ci_fvchange.details.determinationOfTaxableIncomeTransparentGrossMethod"
           xlink:label="de-gaap-ci_fvchange.details.determinationOfTaxableIncomeTransparentGrossMethod"/>
      <loc xlink:type="locator"
           xlink:href="de-gaap-ci-2018-04-01.xsd#de-gaap-ci_fvchange.details.determinationOfTaxableIncomeTransparentGrossMethod.name"
           xlink:label="de-gaap-ci_fvchange.details.determinationOfTaxableIncomeTransparentGrossMethod.name"/>
      <loc xlink:type="locator"
           xlink:href="de-gaap-ci-2018-04-01.xsd#de-gaap-ci_fvchange.details.determinationOfTaxableIncomeTransparentGrossMethod.valueCurrent"
           xlink:label="de-gaap-ci_fvchange.details.determinationOfTaxableIncomeTransparentGrossMethod.valueCurrent"/>
      <loc xlink:type="locator"
           xlink:href="de-gaap-ci-2018-04-01.xsd#de-gaap-ci_fvchange.details.determinationOfTaxableIncomeTransparentGrossMethod.id"
           xlink:label="de-gaap-ci_fvchange.details.determinationOfTaxableIncomeTransparentGrossMethod.id"/>
      <loc xlink:type="locator"
           xlink:href="de-gaap-ci-2018-04-01.xsd#de-gaap-ci_fvchange.details.determinationOfTaxableIncomeTransparentGrossMethod.VATbox"
           xlink:label="de-gaap-ci_fvchange.details.determinationOfTaxableIncomeTransparentGrossMethod.VATbox"/>
      <presentationArc xlink:from="de-gaap-ci_taxMod" xlink:to="de-gaap-ci_hbst" order="1"
                       xlink:arcrole="http://www.xbrl.org/2003/arcrole/parent-child"
                       xlink:type="arc"/>
      <presentationArc xlink:from="de-gaap-ci_hbst" xlink:to="de-gaap-ci_hbst.transfer" order="1"
                       priority="0"
                       xlink:arcrole="http://www.xbrl.org/2003/arcrole/parent-child"
                       xlink:type="arc"/>
      <presentationArc xlink:from="de-gaap-ci_hbst.transfer" xlink:to="de-gaap-ci_hbst.transfer.kind"
                       order="1"
                       xlink:arcrole="http://www.xbrl.org/2003/arcrole/parent-child"
                       xlink:type="arc"/>
      <presentationArc xlink:from="de-gaap-ci_hbst.transfer.kind"
                       xlink:to="de-gaap-ci_hbst.transfer.kind.reclassification"
                       order="1"
                       xlink:arcrole="http://www.xbrl.org/2003/arcrole/parent-child"
                       xlink:type="arc"/>
      <presentationArc xlink:from="de-gaap-ci_hbst.transfer.kind"
                       xlink:to="de-gaap-ci_hbst.transfer.kind.changeValue"
                       order="2"
                       xlink:arcrole="http://www.xbrl.org/2003/arcrole/parent-child"
                       xlink:type="arc"/>
      <presentationArc xlink:from="de-gaap-ci_hbst.transfer.kind"
                       xlink:to="de-gaap-ci_hbst.transfer.kind.reclassificationChangeValue"
                       order="3"
                       xlink:arcrole="http://www.xbrl.org/2003/arcrole/parent-child"
                       xlink:type="arc"/>
      <presentationArc xlink:from="de-gaap-ci_hbst.transfer" xlink:to="de-gaap-ci_hbst.transfer.bsAss"
                       order="2"
                       xlink:arcrole="http://www.xbrl.org/2003/arcrole/parent-child"
                       xlink:type="arc"/>
      <presentationArc xlink:from="de-gaap-ci_hbst.transfer.bsAss"
                       xlink:to="de-gaap-ci_hbst.transfer.bsAss.name"
                       order="1"
                       xlink:arcrole="http://www.xbrl.org/2003/arcrole/parent-child"
                       xlink:type="arc"/>
      <presentationArc xlink:from="de-gaap-ci_hbst.transfer.bsAss"
                       xlink:to="de-gaap-ci_hbst.transfer.bsAss.changeValueActualPeriod"
                       order="2"
                       xlink:arcrole="http://www.xbrl.org/2003/arcrole/parent-child"
                       xlink:type="arc"/>
      <presentationArc xlink:from="de-gaap-ci_hbst.transfer.bsAss"
                       xlink:to="de-gaap-ci_hbst.transfer.bsAss.changeValuePreviousPeriod"
                       order="3"
                       xlink:arcrole="http://www.xbrl.org/2003/arcrole/parent-child"
                       xlink:type="arc"/>
      <presentationArc xlink:from="de-gaap-ci_hbst.transfer"
                       xlink:to="de-gaap-ci_hbst.transfer.bsEqLiab"
                       order="3"
                       xlink:arcrole="http://www.xbrl.org/2003/arcrole/parent-child"
                       xlink:type="arc"/>
      <presentationArc xlink:from="de-gaap-ci_hbst.transfer.bsEqLiab"
                       xlink:to="de-gaap-ci_hbst.transfer.bsEqLiab.name"
                       order="1"
                       xlink:arcrole="http://www.xbrl.org/2003/arcrole/parent-child"
                       xlink:type="arc"/>
      <presentationArc xlink:from="de-gaap-ci_hbst.transfer.bsEqLiab"
                       xlink:to="de-gaap-ci_hbst.transfer.bsEqLiab.changeValueActualPeriod"
                       order="2"
                       xlink:arcrole="http://www.xbrl.org/2003/arcrole/parent-child"
                       xlink:type="arc"/>
      <presentationArc xlink:from="de-gaap-ci_hbst.transfer.bsEqLiab"
                       xlink:to="de-gaap-ci_hbst.transfer.bsEqLiab.changeValuePreviousPeriod"
                       order="3"
                       xlink:arcrole="http://www.xbrl.org/2003/arcrole/parent-child"
                       xlink:type="arc"/>
      <presentationArc xlink:from="de-gaap-ci_hbst.transfer"
                       xlink:to="de-gaap-ci_hbst.transfer.isChangeNetIncome"
                       order="4"
                       xlink:arcrole="http://www.xbrl.org/2003/arcrole/parent-child"
                       xlink:type="arc"/>
      <presentationArc xlink:from="de-gaap-ci_hbst.transfer.isChangeNetIncome"
                       xlink:to="de-gaap-ci_hbst.transfer.isChangeNetIncome.name"
                       order="1"
                       xlink:arcrole="http://www.xbrl.org/2003/arcrole/parent-child"
                       xlink:type="arc"/>
      <presentationArc xlink:from="de-gaap-ci_hbst.transfer.isChangeNetIncome"
                       xlink:to="de-gaap-ci_hbst.transfer.isChangeNetIncome.changeValueActualPeriod"
                       order="2"
                       xlink:arcrole="http://www.xbrl.org/2003/arcrole/parent-child"
                       xlink:type="arc"/>
      <presentationArc xlink:from="de-gaap-ci_hbst.transfer"
                       xlink:to="de-gaap-ci_hbst.transfer.netProfitUseRecogInTheIncomeStatement"
                       order="6"
                       xlink:arcrole="http://www.xbrl.org/2003/arcrole/parent-child"
                       xlink:type="arc"/>
      <presentationArc xlink:from="de-gaap-ci_hbst.transfer.netProfitUseRecogInTheIncomeStatement"
                       xlink:to="de-gaap-ci_hbst.transfer.netProfitUseRecogInTheIncomeStatement.position"
                       order="1"
                       xlink:arcrole="http://www.xbrl.org/2003/arcrole/parent-child"
                       xlink:type="arc"/>
      <presentationArc xlink:from="de-gaap-ci_hbst.transfer.netProfitUseRecogInTheIncomeStatement"
                       xlink:to="de-gaap-ci_hbst.transfer.netProfitUseRecogInTheIncomeStatement.changeValueActualPeriod"
                       order="2"
                       xlink:arcrole="http://www.xbrl.org/2003/arcrole/parent-child"
                       xlink:type="arc"/>
      <presentationArc xlink:from="de-gaap-ci_hbst.transfer"
                       xlink:to="de-gaap-ci_hbst.transfer.comment"
                       order="8"
                       xlink:arcrole="http://www.xbrl.org/2003/arcrole/parent-child"
                       xlink:type="arc"/>
      <presentationArc xlink:from="de-gaap-ci_taxMod" xlink:to="de-gaap-ci_fvchange" order="2"
                       xlink:arcrole="http://www.xbrl.org/2003/arcrole/parent-child"
                       xlink:type="arc"/>
      <presentationArc xlink:from="de-gaap-ci_fvchange" xlink:to="de-gaap-ci_fvchange.details"
                       order="1"
                       xlink:arcrole="http://www.xbrl.org/2003/arcrole/parent-child"
                       xlink:type="arc"/>
      <presentationArc xlink:from="de-gaap-ci_fvchange.details"
                       xlink:to="de-gaap-ci_fvchange.details.asset"
                       order="1"
                       xlink:arcrole="http://www.xbrl.org/2003/arcrole/parent-child"
                       xlink:type="arc"/>
      <presentationArc xlink:from="de-gaap-ci_fvchange.details.asset"
                       xlink:to="de-gaap-ci_fvchange.details.asset.name"
                       order="1"
                       xlink:arcrole="http://www.xbrl.org/2003/arcrole/parent-child"
                       xlink:type="arc"/>
      <presentationArc xlink:from="de-gaap-ci_fvchange.details.asset"
                       xlink:to="de-gaap-ci_fvchange.details.asset.valueCurrent"
                       order="2"
                       xlink:arcrole="http://www.xbrl.org/2003/arcrole/parent-child"
                       xlink:type="arc"/>
      <presentationArc xlink:from="de-gaap-ci_fvchange.details.asset"
                       xlink:to="de-gaap-ci_fvchange.details.asset.valuePrev"
                       order="3"
                       xlink:arcrole="http://www.xbrl.org/2003/arcrole/parent-child"
                       xlink:type="arc"/>
      <presentationArc xlink:from="de-gaap-ci_fvchange.details.asset"
                       xlink:to="de-gaap-ci_fvchange.details.asset.id"
                       order="4"
                       xlink:arcrole="http://www.xbrl.org/2003/arcrole/parent-child"
                       xlink:type="arc"/>
      <presentationArc xlink:from="de-gaap-ci_fvchange.details.asset"
                       xlink:to="de-gaap-ci_fvchange.details.asset.VATbox"
                       order="5"
                       xlink:arcrole="http://www.xbrl.org/2003/arcrole/parent-child"
                       xlink:type="arc"/>
      <presentationArc xlink:from="de-gaap-ci_fvchange.details"
                       xlink:to="de-gaap-ci_fvchange.details.liab"
                       order="2"
                       xlink:arcrole="http://www.xbrl.org/2003/arcrole/parent-child"
                       xlink:type="arc"/>
      <presentationArc xlink:from="de-gaap-ci_fvchange.details.liab"
                       xlink:to="de-gaap-ci_fvchange.details.liab.name"
                       order="1"
                       xlink:arcrole="http://www.xbrl.org/2003/arcrole/parent-child"
                       xlink:type="arc"/>
      <presentationArc xlink:from="de-gaap-ci_fvchange.details.liab"
                       xlink:to="de-gaap-ci_fvchange.details.liab.valueCurrent"
                       order="2"
                       xlink:arcrole="http://www.xbrl.org/2003/arcrole/parent-child"
                       xlink:type="arc"/>
      <presentationArc xlink:from="de-gaap-ci_fvchange.details.liab"
                       xlink:to="de-gaap-ci_fvchange.details.liab.valuePrev"
                       order="3"
                       xlink:arcrole="http://www.xbrl.org/2003/arcrole/parent-child"
                       xlink:type="arc"/>
      <presentationArc xlink:from="de-gaap-ci_fvchange.details.liab"
                       xlink:to="de-gaap-ci_fvchange.details.liab.id"
                       order="4"
                       xlink:arcrole="http://www.xbrl.org/2003/arcrole/parent-child"
                       xlink:type="arc"/>
      <presentationArc xlink:from="de-gaap-ci_fvchange.details.liab"
                       xlink:to="de-gaap-ci_fvchange.details.liab.VATbox"
                       order="5"
                       xlink:arcrole="http://www.xbrl.org/2003/arcrole/parent-child"
                       xlink:type="arc"/>
      <presentationArc xlink:from="de-gaap-ci_fvchange.details"
                       xlink:to="de-gaap-ci_fvchange.details.pl"
                       order="3"
                       xlink:arcrole="http://www.xbrl.org/2003/arcrole/parent-child"
                       xlink:type="arc"/>
      <presentationArc xlink:from="de-gaap-ci_fvchange.details.pl"
                       xlink:to="de-gaap-ci_fvchange.details.pl.name"
                       order="1"
                       xlink:arcrole="http://www.xbrl.org/2003/arcrole/parent-child"
                       xlink:type="arc"/>
      <presentationArc xlink:from="de-gaap-ci_fvchange.details.pl"
                       xlink:to="de-gaap-ci_fvchange.details.pl.valueCurrent"
                       order="2"
                       xlink:arcrole="http://www.xbrl.org/2003/arcrole/parent-child"
                       xlink:type="arc"/>
      <presentationArc xlink:from="de-gaap-ci_fvchange.details.pl"
                       xlink:to="de-gaap-ci_fvchange.details.pl.id"
                       order="3"
                       xlink:arcrole="http://www.xbrl.org/2003/arcrole/parent-child"
                       xlink:type="arc"/>
      <presentationArc xlink:from="de-gaap-ci_fvchange.details.pl"
                       xlink:to="de-gaap-ci_fvchange.details.pl.VATbox"
                       order="4"
                       xlink:arcrole="http://www.xbrl.org/2003/arcrole/parent-child"
                       xlink:type="arc"/>
      <presentationArc xlink:from="de-gaap-ci_fvchange.details"
                       xlink:to="de-gaap-ci_fvchange.details.netProfitUse"
                       order="4"
                       xlink:arcrole="http://www.xbrl.org/2003/arcrole/parent-child"
                       xlink:type="arc"/>
      <presentationArc xlink:from="de-gaap-ci_fvchange.details.netProfitUse"
                       xlink:to="de-gaap-ci_fvchange.details.netProfitUse.name"
                       order="1"
                       xlink:arcrole="http://www.xbrl.org/2003/arcrole/parent-child"
                       xlink:type="arc"/>
      <presentationArc xlink:from="de-gaap-ci_fvchange.details.netProfitUse"
                       xlink:to="de-gaap-ci_fvchange.details.netProfitUse.valueCurrent"
                       order="2"
                       xlink:arcrole="http://www.xbrl.org/2003/arcrole/parent-child"
                       xlink:type="arc"/>
      <presentationArc xlink:from="de-gaap-ci_fvchange.details.netProfitUse"
                       xlink:to="de-gaap-ci_fvchange.details.netProfitUse.id"
                       order="3"
                       xlink:arcrole="http://www.xbrl.org/2003/arcrole/parent-child"
                       xlink:type="arc"/>
      <presentationArc xlink:from="de-gaap-ci_fvchange.details.netProfitUse"
                       xlink:to="de-gaap-ci_fvchange.details.netProfitUse.VATbox"
                       order="4"
                       xlink:arcrole="http://www.xbrl.org/2003/arcrole/parent-child"
                       xlink:type="arc"/>
      <presentationArc xlink:from="de-gaap-ci_fvchange.details"
                       xlink:to="de-gaap-ci_fvchange.details.determinationOfTaxableIncome"
                       order="5"
                       xlink:arcrole="http://www.xbrl.org/2003/arcrole/parent-child"
                       xlink:type="arc"/>
      <presentationArc xlink:from="de-gaap-ci_fvchange.details.determinationOfTaxableIncome"
                       xlink:to="de-gaap-ci_fvchange.details.determinationOfTaxableIncome.name"
                       order="1"
                       xlink:arcrole="http://www.xbrl.org/2003/arcrole/parent-child"
                       xlink:type="arc"/>
      <presentationArc xlink:from="de-gaap-ci_fvchange.details.determinationOfTaxableIncome"
                       xlink:to="de-gaap-ci_fvchange.details.determinationOfTaxableIncome.valueCurrent"
                       order="2"
                       xlink:arcrole="http://www.xbrl.org/2003/arcrole/parent-child"
                       xlink:type="arc"/>
      <presentationArc xlink:from="de-gaap-ci_fvchange.details.determinationOfTaxableIncome"
                       xlink:to="de-gaap-ci_fvchange.details.determinationOfTaxableIncome.id"
                       order="3"
                       xlink:arcrole="http://www.xbrl.org/2003/arcrole/parent-child"
                       xlink:type="arc"/>
      <presentationArc xlink:from="de-gaap-ci_fvchange.details.determinationOfTaxableIncome"
                       xlink:to="de-gaap-ci_fvchange.details.determinationOfTaxableIncome.VATbox"
                       order="4"
                       xlink:arcrole="http://www.xbrl.org/2003/arcrole/parent-child"
                       xlink:type="arc"/>
      <presentationArc xlink:from="de-gaap-ci_fvchange.details"
                       xlink:to="de-gaap-ci_fvchange.details.determinationOfTaxableIncomeTransparentGrossMethod"
                       order="6"
                       xlink:arcrole="http://www.xbrl.org/2003/arcrole/parent-child"
                       xlink:type="arc"/>
      <presentationArc xlink:from="de-gaap-ci_fvchange.details.determinationOfTaxableIncomeTransparentGrossMethod"
                       xlink:to="de-gaap-ci_fvchange.details.determinationOfTaxableIncomeTransparentGrossMethod.name"
                       order="1"
                       xlink:arcrole="http://www.xbrl.org/2003/arcrole/parent-child"
                       xlink:type="arc"/>
      <presentationArc xlink:from="de-gaap-ci_fvchange.details.determinationOfTaxableIncomeTransparentGrossMethod"
                       xlink:to="de-gaap-ci_fvchange.details.determinationOfTaxableIncomeTransparentGrossMethod.valueCurrent"
                       order="2"
                       xlink:arcrole="http://www.xbrl.org/2003/arcrole/parent-child"
                       xlink:type="arc"/>
      <presentationArc xlink:from="de-gaap-ci_fvchange.details.determinationOfTaxableIncomeTransparentGrossMethod"
                       xlink:to="de-gaap-ci_fvchange.details.determinationOfTaxableIncomeTransparentGrossMethod.id"
                       order="3"
                       xlink:arcrole="http://www.xbrl.org/2003/arcrole/parent-child"
                       xlink:type="arc"/>
      <presentationArc xlink:from="de-gaap-ci_fvchange.details.determinationOfTaxableIncomeTransparentGrossMethod"
                       xlink:to="de-gaap-ci_fvchange.details.determinationOfTaxableIncomeTransparentGrossMethod.VATbox"
                       order="4"
                       xlink:arcrole="http://www.xbrl.org/2003/arcrole/parent-child"
                       xlink:type="arc"/>
   </presentationLink>
</linkbase>