<?xml version="1.0" encoding="utf-8"?>
<!--(c) XBRL Deutschland e.V. - see http://www.xbrl.de-->


<linkbase xmlns="http://www.xbrl.org/2003/linkbase"
          xmlns:xsi="http://www.w3.org/2001/XMLSchema-instance"
          xsi:schemaLocation="http://www.xbrl.org/2003/linkbase http://www.xbrl.org/2003/xbrl-linkbase-2003-12-31.xsd">
   <labelLink xmlns:xlink="http://www.w3.org/1999/xlink"
              xlink:role="http://www.xbrl.org/2003/role/link"
              xlink:type="extended">
      <loc xlink:type="locator"
           xlink:href="de-gaap-ci-2018-04-01-dimensions.xsd#de-gaap-ci_dim_allDRS22K"
           xlink:label="de-gaap-ci_dim_allDRS22K"/>
      <loc xlink:type="locator"
           xlink:href="de-gaap-ci-2018-04-01-dimensions.xsd#de-gaap-ci_dim_parentDRS22K.accGroupStatement.netIncome"
           xlink:label="de-gaap-ci_dim_parentDRS22K.accGroupStatement.netIncome"/>
      <loc xlink:type="locator"
           xlink:href="de-gaap-ci-2018-04-01-dimensions.xsd#de-gaap-ci_table.eqChDRS22K"
           xlink:label="de-gaap-ci_table.eqChDRS22K"/>
      <loc xlink:type="locator"
           xlink:href="de-gaap-ci-2018-04-01-dimensions.xsd#de-gaap-ci_tab_eqChDRS22K"
           xlink:label="de-gaap-ci_tab_eqChDRS22K"/>
      <loc xlink:type="locator"
           xlink:href="de-gaap-ci-2018-04-01-dimensions.xsd#de-gaap-ci_dim_eqChDRS22K"
           xlink:label="de-gaap-ci_dim_eqChDRS22K"/>
      <loc xlink:type="locator"
           xlink:href="de-gaap-ci-2018-04-01-dimensions.xsd#de-gaap-ci_table.eqDRS22P"
           xlink:label="de-gaap-ci_table.eqDRS22P"/>
      <loc xlink:type="locator"
           xlink:href="de-gaap-ci-2018-04-01-dimensions.xsd#de-gaap-ci_tab_eqChDRS22P"
           xlink:label="de-gaap-ci_tab_eqChDRS22P"/>
      <loc xlink:type="locator"
           xlink:href="de-gaap-ci-2018-04-01-dimensions.xsd#de-gaap-ci_dim_eqChDRS22P"
           xlink:label="de-gaap-ci_dim_eqChDRS22P"/>
      <loc xlink:type="locator"
           xlink:href="de-gaap-ci-2018-04-01-dimensions.xsd#de-gaap-ci_dim_allDRS22P"
           xlink:label="de-gaap-ci_dim_allDRS22P"/>
      <loc xlink:type="locator"
           xlink:href="de-gaap-ci-2018-04-01-dimensions.xsd#de-gaap-ci_dim_parentDRS22P.accGroupStatement.netIncome"
           xlink:label="de-gaap-ci_dim_parentDRS22P.accGroupStatement.netIncome"/>
      <loc xlink:type="locator"
           xlink:href="de-gaap-ci-2018-04-01-dimensions.xsd#de-gaap-ci_eqCH.notesDRS22"
           xlink:label="de-gaap-ci_eqCH.notesDRS22"/>
      <loc xlink:type="locator" xlink:href="de-gaap-ci-2018-04-01.xsd#de-gaap-ci_bs"
           xlink:label="de-gaap-ci_bs"/>
      <loc xlink:type="locator" xlink:href="de-gaap-ci-2018-04-01.xsd#de-gaap-ci_is"
           xlink:label="de-gaap-ci_is"/>
      <loc xlink:type="locator"
           xlink:href="de-gaap-ci-2018-04-01.xsd#de-gaap-ci_is.netIncome"
           xlink:label="de-gaap-ci_is.netIncome"/>
      <loc xlink:type="locator" xlink:href="de-gaap-ci-2018-04-01.xsd#de-gaap-ci_cfs"
           xlink:label="de-gaap-ci_cfs"/>
      <loc xlink:type="locator" xlink:href="de-gaap-ci-2018-04-01.xsd#de-gaap-ci_nt"
           xlink:label="de-gaap-ci_nt"/>
      <loc xlink:type="locator" xlink:href="de-gaap-ci-2018-04-01.xsd#de-gaap-ci_nt.ass"
           xlink:label="de-gaap-ci_nt.ass"/>
      <loc xlink:type="locator"
           xlink:href="de-gaap-ci-2018-04-01.xsd#de-gaap-ci_nt.genInfo.reasonForMeasurementDif"
           xlink:label="de-gaap-ci_nt.genInfo.reasonForMeasurementDif"/>
      <loc xlink:type="locator"
           xlink:href="de-gaap-ci-2018-04-01.xsd#de-gaap-ci_nt.genInfo.effectOfDepartureFromPriorConsolMethods"
           xlink:label="de-gaap-ci_nt.genInfo.effectOfDepartureFromPriorConsolMethods"/>
      <loc xlink:type="locator"
           xlink:href="de-gaap-ci-2018-04-01.xsd#de-gaap-ci_nt.genInfo.differenceGroupBalanceAndParentBalance"
           xlink:label="de-gaap-ci_nt.genInfo.differenceGroupBalanceAndParentBalance"/>
      <loc xlink:type="locator"
           xlink:href="de-gaap-ci-2018-04-01.xsd#de-gaap-ci_nt.genInfo.transactionsWithEntitiesWithDifferingYearEnd"
           xlink:label="de-gaap-ci_nt.genInfo.transactionsWithEntitiesWithDifferingYearEnd"/>
      <loc xlink:type="locator" xlink:href="de-gaap-ci-2018-04-01.xsd#de-gaap-ci_cfsDRS21"
           xlink:label="de-gaap-ci_cfsDRS21"/>
      <loc xlink:type="locator"
           xlink:href="de-gaap-ci-2018-04-01.xsd#de-gaap-ci_table.eqCh.DRS7"
           xlink:label="de-gaap-ci_table.eqCh.DRS7"/>
      <loc xlink:type="locator"
           xlink:href="de-gaap-ci-2018-04-01.xsd#de-gaap-ci_table.eqCh.DRS22"
           xlink:label="de-gaap-ci_table.eqCh.DRS22"/>
      <!--
internal labels
--><labelArc xlink:from="de-gaap-ci_cfsDRS21" xlink:to="label_de-gaap-ci_cfsDRS21"
                xlink:arcrole="http://www.xbrl.org/2003/arcrole/concept-label"
                xlink:type="arc"/>
      <label xlink:label="label_de-gaap-ci_cfsDRS21" id="label_de-gaap-ci_cfsDRS21"
             xlink:role="http://www.xbrl.org/2003/role/label"
             xlink:type="resource"
             xml:lang="de">Konzernkapitalflussrechnung nach DRS 21</label>
      <labelArc xlink:from="de-gaap-ci_bs" xlink:to="label_de-gaap-ci_bs"
                xlink:arcrole="http://www.xbrl.org/2003/arcrole/concept-label"
                xlink:type="arc"/>
      <label xlink:label="label_de-gaap-ci_bs" id="label_de-gaap-ci_bs"
             xlink:role="http://www.xbrl.org/2003/role/label"
             xlink:type="resource"
             xml:lang="de">Konzernbilanz</label>
      <labelArc xlink:from="de-gaap-ci_cfs" xlink:to="label_de-gaap-ci_cfs"
                xlink:arcrole="http://www.xbrl.org/2003/arcrole/concept-label"
                xlink:type="arc"/>
      <label xlink:label="label_de-gaap-ci_cfs" id="label_de-gaap-ci_cfs"
             xlink:role="http://www.xbrl.org/2003/role/label"
             xlink:type="resource"
             xml:lang="de">Konzernkapitalflussrechnung nach DRS 2</label>
      <labelArc xlink:from="de-gaap-ci_is" xlink:to="label_de-gaap-ci_is"
                xlink:arcrole="http://www.xbrl.org/2003/arcrole/concept-label"
                xlink:type="arc"/>
      <label xlink:label="label_de-gaap-ci_is" id="label_de-gaap-ci_is"
             xlink:role="http://www.xbrl.org/2003/role/label"
             xlink:type="resource"
             xml:lang="de">Konzern-Gewinn- und Verlustrechnung</label>
      <labelArc xlink:from="de-gaap-ci_is.netIncome" xlink:to="label_de-gaap-ci_is.netIncome_1"
                xlink:arcrole="http://www.xbrl.org/2003/arcrole/concept-label"
                xlink:type="arc"/>
      <label xlink:label="label_de-gaap-ci_is.netIncome_1"
             id="label_de-gaap-ci_is.netIncome_1"
             xlink:role="http://www.xbrl.org/2003/role/positiveLabel"
             xlink:type="resource"
             xml:lang="de">Konzern-Jahresüberschuss</label>
      <labelArc xlink:from="de-gaap-ci_is.netIncome" xlink:to="label_de-gaap-ci_is.netIncome_2"
                xlink:arcrole="http://www.xbrl.org/2003/arcrole/concept-label"
                xlink:type="arc"/>
      <label xlink:label="label_de-gaap-ci_is.netIncome_2"
             id="label_de-gaap-ci_is.netIncome_2"
             xlink:role="http://www.xbrl.org/2003/role/negativeLabel"
             xlink:type="resource"
             xml:lang="de">Konzern-Jahresfehlbetrag</label>
      <labelArc xlink:from="de-gaap-ci_is.netIncome" xlink:to="label_de-gaap-ci_is.netIncome_3"
                xlink:arcrole="http://www.xbrl.org/2003/arcrole/concept-label"
                xlink:type="arc"/>
      <label xlink:label="label_de-gaap-ci_is.netIncome_3"
             id="label_de-gaap-ci_is.netIncome_3"
             xlink:role="http://www.xbrl.org/2003/role/label"
             xlink:type="resource"
             xml:lang="de">Konzern-Jahresüberschuss/-fehlbetrag</label>
      <labelArc xlink:from="de-gaap-ci_nt" xlink:to="label_de-gaap-ci_nt"
                xlink:arcrole="http://www.xbrl.org/2003/arcrole/concept-label"
                xlink:type="arc"/>
      <label xlink:label="label_de-gaap-ci_nt" id="label_de-gaap-ci_nt"
             xlink:role="http://www.xbrl.org/2003/role/label"
             xlink:type="resource"
             xml:lang="de">Konzernanhang</label>
      <labelArc xlink:from="de-gaap-ci_nt.ass" xlink:to="label_de-gaap-ci_nt.ass"
                xlink:arcrole="http://www.xbrl.org/2003/arcrole/concept-label"
                xlink:type="arc"/>
      <label xlink:label="label_de-gaap-ci_nt.ass" id="label_de-gaap-ci_nt.ass"
             xlink:role="http://www.xbrl.org/2003/role/label"
             xlink:type="resource"
             xml:lang="de">Konzernanlagespiegel</label>
      <labelArc xlink:from="de-gaap-ci_dim_allDRS22K"
                xlink:to="label_de-gaap-ci_dim_allDRS22K_1"
                xlink:arcrole="http://www.xbrl.org/2003/arcrole/concept-label"
                xlink:type="arc"/>
      <label xlink:label="label_de-gaap-ci_dim_allDRS22K_1"
             id="label_de-gaap-ci_dim_allDRS22K_1"
             xlink:role="http://www.xbrl.org/2003/role/label"
             xlink:type="resource"
             xml:lang="de">Kapitalgesellschaft, Konzerneigenkapital</label>
      <labelArc xlink:from="de-gaap-ci_dim_allDRS22K"
                xlink:to="label_de-gaap-ci_dim_allDRS22K_2"
                xlink:arcrole="http://www.xbrl.org/2003/arcrole/concept-label"
                xlink:type="arc"/>
      <label xlink:label="label_de-gaap-ci_dim_allDRS22K_2"
             id="label_de-gaap-ci_dim_allDRS22K_2"
             xlink:role="http://www.xbrl.org/2003/role/terseLabel"
             xlink:type="resource"
             xml:lang="de">Konzerneigenkapital</label>
      <labelArc xlink:from="de-gaap-ci_dim_allDRS22P"
                xlink:to="label_de-gaap-ci_dim_allDRS22P_1"
                xlink:arcrole="http://www.xbrl.org/2003/arcrole/concept-label"
                xlink:type="arc"/>
      <label xlink:label="label_de-gaap-ci_dim_allDRS22P_1"
             id="label_de-gaap-ci_dim_allDRS22P_1"
             xlink:role="http://www.xbrl.org/2003/role/label"
             xlink:type="resource"
             xml:lang="de">Personenhandelsgesellschaft, Konzerneigenkapital</label>
      <labelArc xlink:from="de-gaap-ci_dim_allDRS22P"
                xlink:to="label_de-gaap-ci_dim_allDRS22P_2"
                xlink:arcrole="http://www.xbrl.org/2003/arcrole/concept-label"
                xlink:type="arc"/>
      <label xlink:label="label_de-gaap-ci_dim_allDRS22P_2"
             id="label_de-gaap-ci_dim_allDRS22P_2"
             xlink:role="http://www.xbrl.org/2003/role/terseLabel"
             xlink:type="resource"
             xml:lang="de">Konzerneigenkapital</label>
      <labelArc xlink:from="de-gaap-ci_dim_eqChDRS22K"
                xlink:to="label_de-gaap-ci_dim_eqChDRS22K_1"
                xlink:arcrole="http://www.xbrl.org/2003/arcrole/concept-label"
                xlink:type="arc"/>
      <label xlink:label="label_de-gaap-ci_dim_eqChDRS22K_1"
             id="label_de-gaap-ci_dim_eqChDRS22K_1"
             xlink:role="http://www.xbrl.org/2003/role/label"
             xlink:type="resource"
             xml:lang="de">Gliederung des Konzerneigenkapitals nach DRS 22 ( Kapitalgesellschaft) [Tabellendimension]</label>
      <labelArc xlink:from="de-gaap-ci_dim_eqChDRS22K"
                xlink:to="label_de-gaap-ci_dim_eqChDRS22K_2"
                xlink:arcrole="http://www.xbrl.org/2003/arcrole/concept-label"
                xlink:type="arc"/>
      <label xlink:label="label_de-gaap-ci_dim_eqChDRS22K_2"
             id="label_de-gaap-ci_dim_eqChDRS22K_2"
             xlink:role="http://www.xbrl.org/2003/role/terseLabel"
             xlink:type="resource"
             xml:lang="de">Gliederung des Konzerneigenkapitals</label>
      <labelArc xlink:from="de-gaap-ci_dim_eqChDRS22P"
                xlink:to="label_de-gaap-ci_dim_eqChDRS22P_1"
                xlink:arcrole="http://www.xbrl.org/2003/arcrole/concept-label"
                xlink:type="arc"/>
      <label xlink:label="label_de-gaap-ci_dim_eqChDRS22P_1"
             id="label_de-gaap-ci_dim_eqChDRS22P_1"
             xlink:role="http://www.xbrl.org/2003/role/label"
             xlink:type="resource"
             xml:lang="de">Gliederung des Konzerneigenkapitals nach DRS 22 (Personenhandelsgesellschaft) [Tabellendimension]</label>
      <labelArc xlink:from="de-gaap-ci_dim_eqChDRS22P"
                xlink:to="label_de-gaap-ci_dim_eqChDRS22P_2"
                xlink:arcrole="http://www.xbrl.org/2003/arcrole/concept-label"
                xlink:type="arc"/>
      <label xlink:label="label_de-gaap-ci_dim_eqChDRS22P_2"
             id="label_de-gaap-ci_dim_eqChDRS22P_2"
             xlink:role="http://www.xbrl.org/2003/role/terseLabel"
             xlink:type="resource"
             xml:lang="de">Gliederung des Konzerneigenkapitals [Tabellendimension]</label>
      <labelArc xlink:from="de-gaap-ci_dim_parentDRS22K.accGroupStatement.netIncome"
                xlink:to="label_de-gaap-ci_dim_parentDRS22K.accGroupStatement.netIncome_1"
                xlink:arcrole="http://www.xbrl.org/2003/arcrole/concept-label"
                xlink:type="arc"/>
      <label xlink:label="label_de-gaap-ci_dim_parentDRS22K.accGroupStatement.netIncome_1"
             id="label_de-gaap-ci_dim_parentDRS22K.accGroupStatement.netIncome_1"
             xlink:role="http://www.xbrl.org/2003/role/label"
             xlink:type="resource"
             xml:lang="de">Kapitalgesellschaft, Konzernjahresüberschuss/fehlbetrag, der dem Mutterunternehmen zuzurechnen ist</label>
      <labelArc xlink:from="de-gaap-ci_dim_parentDRS22K.accGroupStatement.netIncome"
                xlink:to="label_de-gaap-ci_dim_parentDRS22K.accGroupStatement.netIncome_2"
                xlink:arcrole="http://www.xbrl.org/2003/arcrole/concept-label"
                xlink:type="arc"/>
      <label xlink:label="label_de-gaap-ci_dim_parentDRS22K.accGroupStatement.netIncome_2"
             id="label_de-gaap-ci_dim_parentDRS22K.accGroupStatement.netIncome_2"
             xlink:role="http://www.xbrl.org/2003/role/terseLabel"
             xlink:type="resource"
             xml:lang="de">Konzernjahresüberschuss/fehlbetrag, der dem Mutterunternehmen zuzurechnen ist</label>
      <labelArc xlink:from="de-gaap-ci_dim_parentDRS22P.accGroupStatement.netIncome"
                xlink:to="label_de-gaap-ci_dim_parentDRS22P.accGroupStatement.netIncome_1"
                xlink:arcrole="http://www.xbrl.org/2003/arcrole/concept-label"
                xlink:type="arc"/>
      <label xlink:label="label_de-gaap-ci_dim_parentDRS22P.accGroupStatement.netIncome_1"
             id="label_de-gaap-ci_dim_parentDRS22P.accGroupStatement.netIncome_1"
             xlink:role="http://www.xbrl.org/2003/role/label"
             xlink:type="resource"
             xml:lang="de">Personenhandelsgesellschaft, Konzernjahresüberschuss/fehlbetrag, der dem Mutterunternehmen zuzurechnen ist</label>
      <labelArc xlink:from="de-gaap-ci_dim_parentDRS22P.accGroupStatement.netIncome"
                xlink:to="label_de-gaap-ci_dim_parentDRS22P.accGroupStatement.netIncome_2"
                xlink:arcrole="http://www.xbrl.org/2003/arcrole/concept-label"
                xlink:type="arc"/>
      <label xlink:label="label_de-gaap-ci_dim_parentDRS22P.accGroupStatement.netIncome_2"
             id="label_de-gaap-ci_dim_parentDRS22P.accGroupStatement.netIncome_2"
             xlink:role="http://www.xbrl.org/2003/role/terseLabel"
             xlink:type="resource"
             xml:lang="de">Konzernjahresüberschuss/fehlbetrag, der dem Mutterunternehmen zuzurechnen ist</label>
      <labelArc xlink:from="de-gaap-ci_eqCH.notesDRS22"
                xlink:to="label_de-gaap-ci_eqCH.notesDRS22_1"
                xlink:arcrole="http://www.xbrl.org/2003/arcrole/concept-label"
                xlink:type="arc"/>
      <label xlink:label="label_de-gaap-ci_eqCH.notesDRS22_1"
             id="label_de-gaap-ci_eqCH.notesDRS22_1"
             xlink:role="http://www.xbrl.org/2003/role/label"
             xlink:type="resource"
             xml:lang="de">Ergänzende Angaben zum Konzerneigenkapitalspiegel nach DRS 22</label>
      <labelArc xlink:from="de-gaap-ci_eqCH.notesDRS22"
                xlink:to="label_de-gaap-ci_eqCH.notesDRS22_2"
                xlink:arcrole="http://www.xbrl.org/2003/arcrole/concept-label"
                xlink:type="arc"/>
      <label xlink:label="label_de-gaap-ci_eqCH.notesDRS22_2"
             id="label_de-gaap-ci_eqCH.notesDRS22_2"
             xlink:role="http://www.xbrl.org/2003/role/terseLabel"
             xlink:type="resource"
             xml:lang="de">Ergänzende Angaben zum Konzerneigenkapitalspiegel</label>
      <labelArc xlink:from="de-gaap-ci_table.eqCh.DRS7"
                xlink:to="label_de-gaap-ci_table.eqCh.DRS7"
                xlink:arcrole="http://www.xbrl.org/2003/arcrole/concept-label"
                xlink:type="arc"/>
      <label xlink:label="label_de-gaap-ci_table.eqCh.DRS7"
             id="label_de-gaap-ci_table.eqCh.DRS7"
             xlink:role="http://www.xbrl.org/2003/role/label"
             xlink:type="resource"
             xml:lang="de">Konzerneigenkapitalspiegel nach DRS 7</label>
      <labelArc xlink:from="de-gaap-ci_table.eqCh.DRS22"
                xlink:to="label_de-gaap-ci_table.eqCh.DRS22"
                xlink:arcrole="http://www.xbrl.org/2003/arcrole/concept-label"
                xlink:type="arc"/>
      <label xlink:label="label_de-gaap-ci_table.eqCh.DRS22"
             id="label_de-gaap-ci_table.eqCh.DRS22"
             xlink:role="http://www.xbrl.org/2003/role/label"
             xlink:type="resource"
             xml:lang="de">Konzerneigenkapitalspiegel nach DRS 22</label>
      <labelArc xlink:from="de-gaap-ci_nt.genInfo.differenceGroupBalanceAndParentBalance"
                xlink:to="label_de-gaap-ci_nt.genInfo.differenceGroupBalanceAndParentBalance"
                xlink:arcrole="http://www.xbrl.org/2003/arcrole/concept-label"
                xlink:type="arc"/>
      <label xlink:label="label_de-gaap-ci_nt.genInfo.differenceGroupBalanceAndParentBalance"
             id="label_de-gaap-ci_nt.genInfo.differenceGroupBalanceAndParentBalance"
             xlink:role="http://www.xbrl.org/2003/role/label"
             xlink:type="resource"
             xml:lang="de">Angabe und Begründung, wenn der Abschlussstichtag des Konzerns vom Abschlussstichtag des Mutterunternehmens abweicht</label>
      <labelArc xlink:from="de-gaap-ci_nt.genInfo.effectOfDepartureFromPriorConsolMethods"
                xlink:to="label_de-gaap-ci_nt.genInfo.effectOfDepartureFromPriorConsolMethods"
                xlink:arcrole="http://www.xbrl.org/2003/arcrole/concept-label"
                xlink:type="arc"/>
      <label xlink:label="label_de-gaap-ci_nt.genInfo.effectOfDepartureFromPriorConsolMethods"
             id="label_de-gaap-ci_nt.genInfo.effectOfDepartureFromPriorConsolMethods"
             xlink:role="http://www.xbrl.org/2003/role/label"
             xlink:type="resource"
             xml:lang="de">Angabe des Einflusses der Abweichungen von den auf den vorhergehenden Konzernabschluss angewandten Konsolidierungsmethoden auf die Vermögens-, Ertrags- und Finanzlage</label>
      <labelArc xlink:from="de-gaap-ci_nt.genInfo.reasonForMeasurementDif"
                xlink:to="label_de-gaap-ci_nt.genInfo.reasonForMeasurementDif"
                xlink:arcrole="http://www.xbrl.org/2003/arcrole/concept-label"
                xlink:type="arc"/>
      <label xlink:label="label_de-gaap-ci_nt.genInfo.reasonForMeasurementDif"
             id="label_de-gaap-ci_nt.genInfo.reasonForMeasurementDif"
             xlink:role="http://www.xbrl.org/2003/role/label"
             xlink:type="resource"
             xml:lang="de">Angabe und Begründung, wenn im Konzernabschluss von den auf den Jahresabschluss des Mutterunternehmens angewandten Bewertungsmethoden abgewichen wurde</label>
      <labelArc xlink:from="de-gaap-ci_nt.genInfo.transactionsWithEntitiesWithDifferingYearEnd"
                xlink:to="label_de-gaap-ci_nt.genInfo.transactionsWithEntitiesWithDifferingYearEnd"
                xlink:arcrole="http://www.xbrl.org/2003/arcrole/concept-label"
                xlink:type="arc"/>
      <label xlink:label="label_de-gaap-ci_nt.genInfo.transactionsWithEntitiesWithDifferingYearEnd"
             id="label_de-gaap-ci_nt.genInfo.transactionsWithEntitiesWithDifferingYearEnd"
             xlink:role="http://www.xbrl.org/2003/role/label"
             xlink:type="resource"
             xml:lang="de">Vorgänge von besonderer Bedeutung für die Vermögens-, Finanz- und Ertragslage bei in den Konzernabschluss einbezogenen Unternehmen mit abweichendem Abschlussstichtag, die zwischen deren Abschlußstichtag dem des Konzerns eingetreten sind</label>
      <labelArc xlink:from="de-gaap-ci_tab_eqChDRS22K"
                xlink:to="label_de-gaap-ci_tab_eqChDRS22K_1"
                xlink:arcrole="http://www.xbrl.org/2003/arcrole/concept-label"
                xlink:type="arc"/>
      <label xlink:label="label_de-gaap-ci_tab_eqChDRS22K_1"
             id="label_de-gaap-ci_tab_eqChDRS22K_1"
             xlink:role="http://www.xbrl.org/2003/role/label"
             xlink:type="resource"
             xml:lang="de">Konzerneigenkapitalspiegel nach DRS 22 (Kapitalgesellschaft) [Tabelle]</label>
      <labelArc xlink:from="de-gaap-ci_tab_eqChDRS22K"
                xlink:to="label_de-gaap-ci_tab_eqChDRS22K_2"
                xlink:arcrole="http://www.xbrl.org/2003/arcrole/concept-label"
                xlink:type="arc"/>
      <label xlink:label="label_de-gaap-ci_tab_eqChDRS22K_2"
             id="label_de-gaap-ci_tab_eqChDRS22K_2"
             xlink:role="http://www.xbrl.org/2003/role/terseLabel"
             xlink:type="resource"
             xml:lang="de">Konzerneigenkapitalspiegel [Tabelle]</label>
      <labelArc xlink:from="de-gaap-ci_tab_eqChDRS22P"
                xlink:to="label_de-gaap-ci_tab_eqChDRS22P_1"
                xlink:arcrole="http://www.xbrl.org/2003/arcrole/concept-label"
                xlink:type="arc"/>
      <label xlink:label="label_de-gaap-ci_tab_eqChDRS22P_1"
             id="label_de-gaap-ci_tab_eqChDRS22P_1"
             xlink:role="http://www.xbrl.org/2003/role/label"
             xlink:type="resource"
             xml:lang="de">Konzerneigenkapitalspiegel nach DRS 22 (Personenhandelsgesellschaft) [Tabelle]</label>
      <labelArc xlink:from="de-gaap-ci_tab_eqChDRS22P"
                xlink:to="label_de-gaap-ci_tab_eqChDRS22P_2"
                xlink:arcrole="http://www.xbrl.org/2003/arcrole/concept-label"
                xlink:type="arc"/>
      <label xlink:label="label_de-gaap-ci_tab_eqChDRS22P_2"
             id="label_de-gaap-ci_tab_eqChDRS22P_2"
             xlink:role="http://www.xbrl.org/2003/role/terseLabel"
             xlink:type="resource"
             xml:lang="de">Konzerneigenkapitalspiegel [Tabelle]</label>
      <labelArc xlink:from="de-gaap-ci_table.eqChDRS22K"
                xlink:to="label_de-gaap-ci_table.eqChDRS22K_1"
                xlink:arcrole="http://www.xbrl.org/2003/arcrole/concept-label"
                xlink:type="arc"/>
      <label xlink:label="label_de-gaap-ci_table.eqChDRS22K_1"
             id="label_de-gaap-ci_table.eqChDRS22K_1"
             xlink:role="http://www.xbrl.org/2003/role/label"
             xlink:type="resource"
             xml:lang="de">Konzerneigenkapitalspiegel nach DRS 22 (Kapitalgesellschaft)</label>
      <labelArc xlink:from="de-gaap-ci_table.eqChDRS22K"
                xlink:to="label_de-gaap-ci_table.eqChDRS22K_2"
                xlink:arcrole="http://www.xbrl.org/2003/arcrole/concept-label"
                xlink:type="arc"/>
      <label xlink:label="label_de-gaap-ci_table.eqChDRS22K_2"
             id="label_de-gaap-ci_table.eqChDRS22K_2"
             xlink:role="http://www.xbrl.org/2003/role/terseLabel"
             xlink:type="resource"
             xml:lang="de">Konzerneigenkapitalspiegel</label>
      <labelArc xlink:from="de-gaap-ci_table.eqDRS22P"
                xlink:to="label_de-gaap-ci_table.eqDRS22P_1"
                xlink:arcrole="http://www.xbrl.org/2003/arcrole/concept-label"
                xlink:type="arc"/>
      <label xlink:label="label_de-gaap-ci_table.eqDRS22P_1"
             id="label_de-gaap-ci_table.eqDRS22P_1"
             xlink:role="http://www.xbrl.org/2003/role/label"
             xlink:type="resource"
             xml:lang="de">Konzerneigenkapitalspiegel nach DRS 22 (Personenhandelsgesellschaft)</label>
      <labelArc xlink:from="de-gaap-ci_table.eqDRS22P"
                xlink:to="label_de-gaap-ci_table.eqDRS22P_2"
                xlink:arcrole="http://www.xbrl.org/2003/arcrole/concept-label"
                xlink:type="arc"/>
      <label xlink:label="label_de-gaap-ci_table.eqDRS22P_2"
             id="label_de-gaap-ci_table.eqDRS22P_2"
             xlink:role="http://www.xbrl.org/2003/role/terseLabel"
             xlink:type="resource"
             xml:lang="de">Konzerneigenkapitalspiegel</label>
      <!--
external labels
--><labelArc xlink:from="de-gaap-ci_bs" xlink:to="extlabel_de-gaap-ci_bs_1" priority="1"
                use="prohibited"
                xlink:arcrole="http://www.xbrl.org/2003/arcrole/concept-label"
                xlink:type="arc"/>
      <labelArc xlink:from="de-gaap-ci_is.netIncome"
                xlink:to="extlabel_de-gaap-ci_is.netIncome_1_1"
                priority="1"
                use="prohibited"
                xlink:arcrole="http://www.xbrl.org/2003/arcrole/concept-label"
                xlink:type="arc"/>
      <labelArc xlink:from="de-gaap-ci_is.netIncome"
                xlink:to="extlabel_de-gaap-ci_is.netIncome_2_1"
                priority="1"
                use="prohibited"
                xlink:arcrole="http://www.xbrl.org/2003/arcrole/concept-label"
                xlink:type="arc"/>
      <labelArc xlink:from="de-gaap-ci_is.netIncome"
                xlink:to="extlabel_de-gaap-ci_is.netIncome_3_1"
                priority="1"
                use="prohibited"
                xlink:arcrole="http://www.xbrl.org/2003/arcrole/concept-label"
                xlink:type="arc"/>
      <labelArc xlink:from="de-gaap-ci_is" xlink:to="extlabel_de-gaap-ci_is_1" priority="1"
                use="prohibited"
                xlink:arcrole="http://www.xbrl.org/2003/arcrole/concept-label"
                xlink:type="arc"/>
      <labelArc xlink:from="de-gaap-ci_nt.ass" xlink:to="extlabel_de-gaap-ci_nt.ass_1_1"
                priority="1"
                use="prohibited"
                xlink:arcrole="http://www.xbrl.org/2003/arcrole/concept-label"
                xlink:type="arc"/>
      <labelArc xlink:from="de-gaap-ci_nt" xlink:to="extlabel_de-gaap-ci_nt_1_1" priority="1"
                use="prohibited"
                xlink:arcrole="http://www.xbrl.org/2003/arcrole/concept-label"
                xlink:type="arc"/>
      <labelArc xlink:from="de-gaap-ci_cfsDRS21" xlink:to="extlabel_de-gaap-ci_cfsDRS21_1"
                priority="1"
                use="prohibited"
                xlink:arcrole="http://www.xbrl.org/2003/arcrole/concept-label"
                xlink:type="arc"/>
      <labelArc xlink:from="de-gaap-ci_cfs" xlink:to="extlabel_de-gaap-ci_cfs_2_1" priority="1"
                use="prohibited"
                xlink:arcrole="http://www.xbrl.org/2003/arcrole/concept-label"
                xlink:type="arc"/>
      <labelArc xlink:from="de-gaap-ci_nt.genInfo.differenceGroupBalanceAndParentBalance"
                xlink:to="extlabel_de-gaap-ci_nt.genInfo.differenceGroupBalanceAndParentBalance_1"
                priority="1"
                use="prohibited"
                xlink:arcrole="http://www.xbrl.org/2003/arcrole/concept-label"
                xlink:type="arc"/>
      <labelArc xlink:from="de-gaap-ci_nt.genInfo.effectOfDepartureFromPriorConsolMethods"
                xlink:to="extlabel_de-gaap-ci_nt.genInfo.effectOfDepartureFromPriorConsolMethods_1"
                priority="1"
                use="prohibited"
                xlink:arcrole="http://www.xbrl.org/2003/arcrole/concept-label"
                xlink:type="arc"/>
      <labelArc xlink:from="de-gaap-ci_nt.genInfo.reasonForMeasurementDif"
                xlink:to="extlabel_de-gaap-ci_nt.genInfo.reasonForMeasurementDif_1"
                priority="1"
                use="prohibited"
                xlink:arcrole="http://www.xbrl.org/2003/arcrole/concept-label"
                xlink:type="arc"/>
      <labelArc xlink:from="de-gaap-ci_nt.genInfo.transactionsWithEntitiesWithDifferingYearEnd"
                xlink:to="extlabel_de-gaap-ci_nt.genInfo.transactionsWithEntitiesWithDifferingYearEnd_1"
                priority="1"
                use="prohibited"
                xlink:arcrole="http://www.xbrl.org/2003/arcrole/concept-label"
                xlink:type="arc"/>
      <labelArc xlink:from="de-gaap-ci_dim_allDRS22K"
                xlink:to="extlabel_de-gaap-ci_dim_allDRS22K_1_2"
                priority="1"
                use="prohibited"
                xlink:arcrole="http://www.xbrl.org/2003/arcrole/concept-label"
                xlink:type="arc"/>
      <labelArc xlink:from="de-gaap-ci_dim_allDRS22K"
                xlink:to="extlabel_de-gaap-ci_dim_allDRS22K_2_2"
                priority="1"
                use="prohibited"
                xlink:arcrole="http://www.xbrl.org/2003/arcrole/concept-label"
                xlink:type="arc"/>
      <labelArc xlink:from="de-gaap-ci_dim_allDRS22P"
                xlink:to="extlabel_de-gaap-ci_dim_allDRS22P_1_2"
                priority="1"
                use="prohibited"
                xlink:arcrole="http://www.xbrl.org/2003/arcrole/concept-label"
                xlink:type="arc"/>
      <labelArc xlink:from="de-gaap-ci_dim_allDRS22P"
                xlink:to="extlabel_de-gaap-ci_dim_allDRS22P_2_2"
                priority="1"
                use="prohibited"
                xlink:arcrole="http://www.xbrl.org/2003/arcrole/concept-label"
                xlink:type="arc"/>
      <labelArc xlink:from="de-gaap-ci_dim_eqChDRS22K"
                xlink:to="extlabel_de-gaap-ci_dim_eqChDRS22K_1_2"
                priority="1"
                use="prohibited"
                xlink:arcrole="http://www.xbrl.org/2003/arcrole/concept-label"
                xlink:type="arc"/>
      <labelArc xlink:from="de-gaap-ci_dim_eqChDRS22K"
                xlink:to="extlabel_de-gaap-ci_dim_eqChDRS22K_2_2"
                priority="1"
                use="prohibited"
                xlink:arcrole="http://www.xbrl.org/2003/arcrole/concept-label"
                xlink:type="arc"/>
      <labelArc xlink:from="de-gaap-ci_dim_eqChDRS22P"
                xlink:to="extlabel_de-gaap-ci_dim_eqChDRS22P_1_2"
                priority="1"
                use="prohibited"
                xlink:arcrole="http://www.xbrl.org/2003/arcrole/concept-label"
                xlink:type="arc"/>
      <labelArc xlink:from="de-gaap-ci_dim_eqChDRS22P"
                xlink:to="extlabel_de-gaap-ci_dim_eqChDRS22P_2_2"
                priority="1"
                use="prohibited"
                xlink:arcrole="http://www.xbrl.org/2003/arcrole/concept-label"
                xlink:type="arc"/>
      <labelArc xlink:from="de-gaap-ci_dim_parentDRS22K.accGroupStatement.netIncome"
                xlink:to="extlabel_de-gaap-ci_dim_parentDRS22K.accGroupStatement.netIncome_1_2"
                priority="1"
                use="prohibited"
                xlink:arcrole="http://www.xbrl.org/2003/arcrole/concept-label"
                xlink:type="arc"/>
      <labelArc xlink:from="de-gaap-ci_dim_parentDRS22K.accGroupStatement.netIncome"
                xlink:to="extlabel_de-gaap-ci_dim_parentDRS22K.accGroupStatement.netIncome_2_2"
                priority="1"
                use="prohibited"
                xlink:arcrole="http://www.xbrl.org/2003/arcrole/concept-label"
                xlink:type="arc"/>
      <labelArc xlink:from="de-gaap-ci_dim_parentDRS22P.accGroupStatement.netIncome"
                xlink:to="extlabel_de-gaap-ci_dim_parentDRS22P.accGroupStatement.netIncome_1_2"
                priority="1"
                use="prohibited"
                xlink:arcrole="http://www.xbrl.org/2003/arcrole/concept-label"
                xlink:type="arc"/>
      <labelArc xlink:from="de-gaap-ci_dim_parentDRS22P.accGroupStatement.netIncome"
                xlink:to="extlabel_de-gaap-ci_dim_parentDRS22P.accGroupStatement.netIncome_2_2"
                priority="1"
                use="prohibited"
                xlink:arcrole="http://www.xbrl.org/2003/arcrole/concept-label"
                xlink:type="arc"/>
      <labelArc xlink:from="de-gaap-ci_eqCH.notesDRS22"
                xlink:to="extlabel_de-gaap-ci_eqCH.notesDRS22_1_2"
                priority="1"
                use="prohibited"
                xlink:arcrole="http://www.xbrl.org/2003/arcrole/concept-label"
                xlink:type="arc"/>
      <labelArc xlink:from="de-gaap-ci_eqCH.notesDRS22"
                xlink:to="extlabel_de-gaap-ci_eqCH.notesDRS22_2_2"
                priority="1"
                use="prohibited"
                xlink:arcrole="http://www.xbrl.org/2003/arcrole/concept-label"
                xlink:type="arc"/>
      <labelArc xlink:from="de-gaap-ci_table.eqCh.DRS7"
                xlink:to="extlabel_de-gaap-ci_table.eqCh.DRS7_1"
                priority="1"
                use="prohibited"
                xlink:arcrole="http://www.xbrl.org/2003/arcrole/concept-label"
                xlink:type="arc"/>
      <labelArc xlink:from="de-gaap-ci_table.eqCh.DRS22"
                xlink:to="extlabel_de-gaap-ci_table.eqCh.DRS22_1_1"
                priority="1"
                use="prohibited"
                xlink:arcrole="http://www.xbrl.org/2003/arcrole/concept-label"
                xlink:type="arc"/>
      <labelArc xlink:from="de-gaap-ci_tab_eqChDRS22K"
                xlink:to="extlabel_de-gaap-ci_tab_eqChDRS22K_1_2"
                priority="1"
                use="prohibited"
                xlink:arcrole="http://www.xbrl.org/2003/arcrole/concept-label"
                xlink:type="arc"/>
      <labelArc xlink:from="de-gaap-ci_tab_eqChDRS22K"
                xlink:to="extlabel_de-gaap-ci_tab_eqChDRS22K_2_2"
                priority="1"
                use="prohibited"
                xlink:arcrole="http://www.xbrl.org/2003/arcrole/concept-label"
                xlink:type="arc"/>
      <labelArc xlink:from="de-gaap-ci_tab_eqChDRS22P"
                xlink:to="extlabel_de-gaap-ci_tab_eqChDRS22P_1_2"
                priority="1"
                use="prohibited"
                xlink:arcrole="http://www.xbrl.org/2003/arcrole/concept-label"
                xlink:type="arc"/>
      <labelArc xlink:from="de-gaap-ci_tab_eqChDRS22P"
                xlink:to="extlabel_de-gaap-ci_tab_eqChDRS22P_2_2"
                priority="1"
                use="prohibited"
                xlink:arcrole="http://www.xbrl.org/2003/arcrole/concept-label"
                xlink:type="arc"/>
      <labelArc xlink:from="de-gaap-ci_table.eqChDRS22K"
                xlink:to="extlabel_de-gaap-ci_table.eqChDRS22K_1_2"
                priority="1"
                use="prohibited"
                xlink:arcrole="http://www.xbrl.org/2003/arcrole/concept-label"
                xlink:type="arc"/>
      <labelArc xlink:from="de-gaap-ci_table.eqChDRS22K"
                xlink:to="extlabel_de-gaap-ci_table.eqChDRS22K_2_2"
                priority="1"
                use="prohibited"
                xlink:arcrole="http://www.xbrl.org/2003/arcrole/concept-label"
                xlink:type="arc"/>
      <labelArc xlink:from="de-gaap-ci_table.eqDRS22P"
                xlink:to="extlabel_de-gaap-ci_table.eqDRS22P_1_2"
                priority="1"
                use="prohibited"
                xlink:arcrole="http://www.xbrl.org/2003/arcrole/concept-label"
                xlink:type="arc"/>
      <labelArc xlink:from="de-gaap-ci_table.eqDRS22P"
                xlink:to="extlabel_de-gaap-ci_table.eqDRS22P_2_2"
                priority="1"
                use="prohibited"
                xlink:arcrole="http://www.xbrl.org/2003/arcrole/concept-label"
                xlink:type="arc"/>
      <loc xlink:type="locator"
           xlink:href="de-gaap-ci-2018-04-01-label-de.xml#label_de-gaap-ci_bs"
           xlink:label="extlabel_de-gaap-ci_bs_1"/>
      <loc xlink:type="locator"
           xlink:href="de-gaap-ci-2018-04-01-label-de.xml#label_de-gaap-ci_is.netIncome_1"
           xlink:label="extlabel_de-gaap-ci_is.netIncome_1_1"/>
      <loc xlink:type="locator"
           xlink:href="de-gaap-ci-2018-04-01-label-de.xml#label_de-gaap-ci_is.netIncome_2"
           xlink:label="extlabel_de-gaap-ci_is.netIncome_2_1"/>
      <loc xlink:type="locator"
           xlink:href="de-gaap-ci-2018-04-01-label-de.xml#label_de-gaap-ci_is.netIncome_3"
           xlink:label="extlabel_de-gaap-ci_is.netIncome_3_1"/>
      <loc xlink:type="locator"
           xlink:href="de-gaap-ci-2018-04-01-label-de.xml#label_de-gaap-ci_is"
           xlink:label="extlabel_de-gaap-ci_is_1"/>
      <loc xlink:type="locator"
           xlink:href="de-gaap-ci-2018-04-01-label-de.xml#label_de-gaap-ci_nt.ass_1"
           xlink:label="extlabel_de-gaap-ci_nt.ass_1_1"/>
      <loc xlink:type="locator"
           xlink:href="de-gaap-ci-2018-04-01-label-de.xml#label_de-gaap-ci_nt_1"
           xlink:label="extlabel_de-gaap-ci_nt_1_1"/>
      <loc xlink:type="locator"
           xlink:href="de-gaap-ci-2018-04-01-label-de.xml#label_de-gaap-ci_cfsDRS21"
           xlink:label="extlabel_de-gaap-ci_cfsDRS21_1"/>
      <loc xlink:type="locator"
           xlink:href="de-gaap-ci-2018-04-01-label-de.xml#label_de-gaap-ci_cfs_2"
           xlink:label="extlabel_de-gaap-ci_cfs_2_1"/>
      <loc xlink:type="locator"
           xlink:href="de-gaap-ci-2018-04-01-label-de.xml#label_de-gaap-ci_nt.genInfo.differenceGroupBalanceAndParentBalance"
           xlink:label="extlabel_de-gaap-ci_nt.genInfo.differenceGroupBalanceAndParentBalance_1"/>
      <loc xlink:type="locator"
           xlink:href="de-gaap-ci-2018-04-01-label-de.xml#label_de-gaap-ci_nt.genInfo.effectOfDepartureFromPriorConsolMethods"
           xlink:label="extlabel_de-gaap-ci_nt.genInfo.effectOfDepartureFromPriorConsolMethods_1"/>
      <loc xlink:type="locator"
           xlink:href="de-gaap-ci-2018-04-01-label-de.xml#label_de-gaap-ci_nt.genInfo.reasonForMeasurementDif"
           xlink:label="extlabel_de-gaap-ci_nt.genInfo.reasonForMeasurementDif_1"/>
      <loc xlink:type="locator"
           xlink:href="de-gaap-ci-2018-04-01-label-de.xml#label_de-gaap-ci_nt.genInfo.transactionsWithEntitiesWithDifferingYearEnd"
           xlink:label="extlabel_de-gaap-ci_nt.genInfo.transactionsWithEntitiesWithDifferingYearEnd_1"/>
      <loc xlink:type="locator"
           xlink:href="de-gaap-ci-2018-04-01-dimensions-label-de.xml#label_de-gaap-ci_dim_allDRS22K_1"
           xlink:label="extlabel_de-gaap-ci_dim_allDRS22K_1_2"/>
      <loc xlink:type="locator"
           xlink:href="de-gaap-ci-2018-04-01-dimensions-label-de.xml#label_de-gaap-ci_dim_allDRS22K_2"
           xlink:label="extlabel_de-gaap-ci_dim_allDRS22K_2_2"/>
      <loc xlink:type="locator"
           xlink:href="de-gaap-ci-2018-04-01-dimensions-label-de.xml#label_de-gaap-ci_dim_allDRS22P_1"
           xlink:label="extlabel_de-gaap-ci_dim_allDRS22P_1_2"/>
      <loc xlink:type="locator"
           xlink:href="de-gaap-ci-2018-04-01-dimensions-label-de.xml#label_de-gaap-ci_dim_allDRS22P_2"
           xlink:label="extlabel_de-gaap-ci_dim_allDRS22P_2_2"/>
      <loc xlink:type="locator"
           xlink:href="de-gaap-ci-2018-04-01-dimensions-label-de.xml#label_de-gaap-ci_dim_eqChDRS22K_1"
           xlink:label="extlabel_de-gaap-ci_dim_eqChDRS22K_1_2"/>
      <loc xlink:type="locator"
           xlink:href="de-gaap-ci-2018-04-01-dimensions-label-de.xml#label_de-gaap-ci_dim_eqChDRS22K_2"
           xlink:label="extlabel_de-gaap-ci_dim_eqChDRS22K_2_2"/>
      <loc xlink:type="locator"
           xlink:href="de-gaap-ci-2018-04-01-dimensions-label-de.xml#label_de-gaap-ci_dim_eqChDRS22P_1"
           xlink:label="extlabel_de-gaap-ci_dim_eqChDRS22P_1_2"/>
      <loc xlink:type="locator"
           xlink:href="de-gaap-ci-2018-04-01-dimensions-label-de.xml#label_de-gaap-ci_dim_eqChDRS22P_2"
           xlink:label="extlabel_de-gaap-ci_dim_eqChDRS22P_2_2"/>
      <loc xlink:type="locator"
           xlink:href="de-gaap-ci-2018-04-01-dimensions-label-de.xml#label_de-gaap-ci_dim_parentDRS22K.accGroupStatement.netIncome_1"
           xlink:label="extlabel_de-gaap-ci_dim_parentDRS22K.accGroupStatement.netIncome_1_2"/>
      <loc xlink:type="locator"
           xlink:href="de-gaap-ci-2018-04-01-dimensions-label-de.xml#label_de-gaap-ci_dim_parentDRS22K.accGroupStatement.netIncome_2"
           xlink:label="extlabel_de-gaap-ci_dim_parentDRS22K.accGroupStatement.netIncome_2_2"/>
      <loc xlink:type="locator"
           xlink:href="de-gaap-ci-2018-04-01-dimensions-label-de.xml#label_de-gaap-ci_dim_parentDRS22P.accGroupStatement.netIncome_1"
           xlink:label="extlabel_de-gaap-ci_dim_parentDRS22P.accGroupStatement.netIncome_1_2"/>
      <loc xlink:type="locator"
           xlink:href="de-gaap-ci-2018-04-01-dimensions-label-de.xml#label_de-gaap-ci_dim_parentDRS22P.accGroupStatement.netIncome_2"
           xlink:label="extlabel_de-gaap-ci_dim_parentDRS22P.accGroupStatement.netIncome_2_2"/>
      <loc xlink:type="locator"
           xlink:href="de-gaap-ci-2018-04-01-dimensions-label-de.xml#label_de-gaap-ci_eqCH.notesDRS22_1"
           xlink:label="extlabel_de-gaap-ci_eqCH.notesDRS22_1_2"/>
      <loc xlink:type="locator"
           xlink:href="de-gaap-ci-2018-04-01-dimensions-label-de.xml#label_de-gaap-ci_eqCH.notesDRS22_2"
           xlink:label="extlabel_de-gaap-ci_eqCH.notesDRS22_2_2"/>
      <loc xlink:type="locator"
           xlink:href="de-gaap-ci-2018-04-01-label-de.xml#label_de-gaap-ci_table.eqCh.DRS7"
           xlink:label="extlabel_de-gaap-ci_table.eqCh.DRS7_1"/>
      <loc xlink:type="locator"
           xlink:href="de-gaap-ci-2018-04-01-label-de.xml#label_de-gaap-ci_table.eqCh.DRS22_1"
           xlink:label="extlabel_de-gaap-ci_table.eqCh.DRS22_1_1"/>
      <loc xlink:type="locator"
           xlink:href="de-gaap-ci-2018-04-01-dimensions-label-de.xml#label_de-gaap-ci_tab_eqChDRS22K_1"
           xlink:label="extlabel_de-gaap-ci_tab_eqChDRS22K_1_2"/>
      <loc xlink:type="locator"
           xlink:href="de-gaap-ci-2018-04-01-dimensions-label-de.xml#label_de-gaap-ci_tab_eqChDRS22K_2"
           xlink:label="extlabel_de-gaap-ci_tab_eqChDRS22K_2_2"/>
      <loc xlink:type="locator"
           xlink:href="de-gaap-ci-2018-04-01-dimensions-label-de.xml#label_de-gaap-ci_tab_eqChDRS22P_1"
           xlink:label="extlabel_de-gaap-ci_tab_eqChDRS22P_1_2"/>
      <loc xlink:type="locator"
           xlink:href="de-gaap-ci-2018-04-01-dimensions-label-de.xml#label_de-gaap-ci_tab_eqChDRS22P_2"
           xlink:label="extlabel_de-gaap-ci_tab_eqChDRS22P_2_2"/>
      <loc xlink:type="locator"
           xlink:href="de-gaap-ci-2018-04-01-dimensions-label-de.xml#label_de-gaap-ci_table.eqChDRS22K_1"
           xlink:label="extlabel_de-gaap-ci_table.eqChDRS22K_1_2"/>
      <loc xlink:type="locator"
           xlink:href="de-gaap-ci-2018-04-01-dimensions-label-de.xml#label_de-gaap-ci_table.eqChDRS22K_2"
           xlink:label="extlabel_de-gaap-ci_table.eqChDRS22K_2_2"/>
      <loc xlink:type="locator"
           xlink:href="de-gaap-ci-2018-04-01-dimensions-label-de.xml#label_de-gaap-ci_table.eqDRS22P_1"
           xlink:label="extlabel_de-gaap-ci_table.eqDRS22P_1_2"/>
      <loc xlink:type="locator"
           xlink:href="de-gaap-ci-2018-04-01-dimensions-label-de.xml#label_de-gaap-ci_table.eqDRS22P_2"
           xlink:label="extlabel_de-gaap-ci_table.eqDRS22P_2_2"/>
   </labelLink>
</linkbase>