<?xml version="1.0" encoding="utf-8"?>
<!--(c) XBRL Deutschland e.V. - see http://www.xbrl.de-->


<linkbase xmlns="http://www.xbrl.org/2003/linkbase"
          xmlns:xsi="http://www.w3.org/2001/XMLSchema-instance"
          xsi:schemaLocation="http://www.xbrl.org/2003/linkbase http://www.xbrl.org/2003/xbrl-linkbase-2003-12-31.xsd">
   <roleRef xmlns:xlink="http://www.w3.org/1999/xlink"
            roleURI="http://www.xbrl.de/taxonomies/de-gaap-ci/role/cashFlowStatementDRS21"
            xlink:href="de-gaap-ci-2018-04-01.xsd#role_cashFlowStatementDRS21"
            xlink:type="simple"/>
   <calculationLink xmlns:xlink="http://www.w3.org/1999/xlink"
                    xlink:role="http://www.xbrl.de/taxonomies/de-gaap-ci/role/cashFlowStatementDRS21"
                    xlink:type="extended">
      <loc xlink:type="locator"
           xlink:href="de-gaap-ci-2018-04-01.xsd#de-gaap-ci_cfsDRS21.cashEqu"
           xlink:label="de-gaap-ci_cfsDRS21.cashEqu"/>
      <loc xlink:type="locator"
           xlink:href="de-gaap-ci-2018-04-01.xsd#de-gaap-ci_cfsDRS21.cashEqu.begin"
           xlink:label="de-gaap-ci_cfsDRS21.cashEqu.begin"/>
      <loc xlink:type="locator"
           xlink:href="de-gaap-ci-2018-04-01.xsd#de-gaap-ci_cfsDRS21.cashEqu.currTranslRevaluation"
           xlink:label="de-gaap-ci_cfsDRS21.cashEqu.currTranslRevaluation"/>
      <loc xlink:type="locator"
           xlink:href="de-gaap-ci-2018-04-01.xsd#de-gaap-ci_cfsDRS21.cashEqu.cashChanges"
           xlink:label="de-gaap-ci_cfsDRS21.cashEqu.cashChanges"/>
      <loc xlink:type="locator"
           xlink:href="de-gaap-ci-2018-04-01.xsd#de-gaap-ci_cfsDRS21.cashEqu.cashChanges.cfFromOperatingDirect"
           xlink:label="de-gaap-ci_cfsDRS21.cashEqu.cashChanges.cfFromOperatingDirect"/>
      <loc xlink:type="locator"
           xlink:href="de-gaap-ci-2018-04-01.xsd#de-gaap-ci_cfsDRS21.cashEqu.cashChanges.cfFromOperatingDirect.sales"
           xlink:label="de-gaap-ci_cfsDRS21.cashEqu.cashChanges.cfFromOperatingDirect.sales"/>
      <loc xlink:type="locator"
           xlink:href="de-gaap-ci-2018-04-01.xsd#de-gaap-ci_cfsDRS21.cashEqu.cashChanges.cfFromOperatingDirect.suppliersEmployees"
           xlink:label="de-gaap-ci_cfsDRS21.cashEqu.cashChanges.cfFromOperatingDirect.suppliersEmployees"/>
      <loc xlink:type="locator"
           xlink:href="de-gaap-ci-2018-04-01.xsd#de-gaap-ci_cfsDRS21.cashEqu.cashChanges.cfFromOperatingDirect.otherCashRecNonInvestNonFin"
           xlink:label="de-gaap-ci_cfsDRS21.cashEqu.cashChanges.cfFromOperatingDirect.otherCashRecNonInvestNonFin"/>
      <loc xlink:type="locator"
           xlink:href="de-gaap-ci-2018-04-01.xsd#de-gaap-ci_cfsDRS21.cashEqu.cashChanges.cfFromOperatingDirect.otherCashPaymNonInvestNonFin"
           xlink:label="de-gaap-ci_cfsDRS21.cashEqu.cashChanges.cfFromOperatingDirect.otherCashPaymNonInvestNonFin"/>
      <loc xlink:type="locator"
           xlink:href="de-gaap-ci-2018-04-01.xsd#de-gaap-ci_cfsDRS21.cashEqu.cashChanges.cfFromOperatingDirect.extraordRec"
           xlink:label="de-gaap-ci_cfsDRS21.cashEqu.cashChanges.cfFromOperatingDirect.extraordRec"/>
      <loc xlink:type="locator"
           xlink:href="de-gaap-ci-2018-04-01.xsd#de-gaap-ci_cfsDRS21.cashEqu.cashChanges.cfFromOperatingDirect.extraordPaym"
           xlink:label="de-gaap-ci_cfsDRS21.cashEqu.cashChanges.cfFromOperatingDirect.extraordPaym"/>
      <loc xlink:type="locator"
           xlink:href="de-gaap-ci-2018-04-01.xsd#de-gaap-ci_cfsDRS21.cashEqu.cashChanges.cfFromOperatingDirect.PaymIncomeTax"
           xlink:label="de-gaap-ci_cfsDRS21.cashEqu.cashChanges.cfFromOperatingDirect.PaymIncomeTax"/>
      <loc xlink:type="locator"
           xlink:href="de-gaap-ci-2018-04-01.xsd#de-gaap-ci_cfsDRS21.cashEqu.cashChanges.cfFromOperatingIndirect"
           xlink:label="de-gaap-ci_cfsDRS21.cashEqu.cashChanges.cfFromOperatingIndirect"/>
      <loc xlink:type="locator"
           xlink:href="de-gaap-ci-2018-04-01.xsd#de-gaap-ci_cfsDRS21.cashEqu.cashChanges.cfFromOperatingIndirect.netincomeTotal"
           xlink:label="de-gaap-ci_cfsDRS21.cashEqu.cashChanges.cfFromOperatingIndirect.netincomeTotal"/>
      <loc xlink:type="locator"
           xlink:href="de-gaap-ci-2018-04-01.xsd#de-gaap-ci_cfsDRS21.cashEqu.cashChanges.cfFromOperatingIndirect.deprRevalFixAss"
           xlink:label="de-gaap-ci_cfsDRS21.cashEqu.cashChanges.cfFromOperatingIndirect.deprRevalFixAss"/>
      <loc xlink:type="locator"
           xlink:href="de-gaap-ci-2018-04-01.xsd#de-gaap-ci_cfsDRS21.cashEqu.cashChanges.cfFromOperatingIndirect.changeProvisions"
           xlink:label="de-gaap-ci_cfsDRS21.cashEqu.cashChanges.cfFromOperatingIndirect.changeProvisions"/>
      <loc xlink:type="locator"
           xlink:href="de-gaap-ci-2018-04-01.xsd#de-gaap-ci_cfsDRS21.cashEqu.cashChanges.cfFromOperatingIndirect.otherCashEarningsCost"
           xlink:label="de-gaap-ci_cfsDRS21.cashEqu.cashChanges.cfFromOperatingIndirect.otherCashEarningsCost"/>
      <loc xlink:type="locator"
           xlink:href="de-gaap-ci-2018-04-01.xsd#de-gaap-ci_cfsDRS21.cashEqu.cashChanges.cfFromOperatingIndirect.changeCurrPay"
           xlink:label="de-gaap-ci_cfsDRS21.cashEqu.cashChanges.cfFromOperatingIndirect.changeCurrPay"/>
      <loc xlink:type="locator"
           xlink:href="de-gaap-ci-2018-04-01.xsd#de-gaap-ci_cfsDRS21.cashEqu.cashChanges.cfFromOperatingIndirect.resultDisposFixAss"
           xlink:label="de-gaap-ci_cfsDRS21.cashEqu.cashChanges.cfFromOperatingIndirect.resultDisposFixAss"/>
      <loc xlink:type="locator"
           xlink:href="de-gaap-ci-2018-04-01.xsd#de-gaap-ci_cfsDRS21.cashEqu.cashChanges.cfFromOperatingIndirect.interestResult"
           xlink:label="de-gaap-ci_cfsDRS21.cashEqu.cashChanges.cfFromOperatingIndirect.interestResult"/>
      <loc xlink:type="locator"
           xlink:href="de-gaap-ci-2018-04-01.xsd#de-gaap-ci_cfsDRS21.cashEqu.cashChanges.cfFromOperatingIndirect.ParticipationEarningsOth"
           xlink:label="de-gaap-ci_cfsDRS21.cashEqu.cashChanges.cfFromOperatingIndirect.ParticipationEarningsOth"/>
      <loc xlink:type="locator"
           xlink:href="de-gaap-ci-2018-04-01.xsd#de-gaap-ci_cfsDRS21.cashEqu.cashChanges.cfFromOperatingIndirect.extraord"
           xlink:label="de-gaap-ci_cfsDRS21.cashEqu.cashChanges.cfFromOperatingIndirect.extraord"/>
      <loc xlink:type="locator"
           xlink:href="de-gaap-ci-2018-04-01.xsd#de-gaap-ci_cfsDRS21.cashEqu.cashChanges.cfFromOperatingIndirect.IncomeTax"
           xlink:label="de-gaap-ci_cfsDRS21.cashEqu.cashChanges.cfFromOperatingIndirect.IncomeTax"/>
      <loc xlink:type="locator"
           xlink:href="de-gaap-ci-2018-04-01.xsd#de-gaap-ci_cfsDRS21.cashEqu.cashChanges.cfFromOperatingIndirect.extraordRec"
           xlink:label="de-gaap-ci_cfsDRS21.cashEqu.cashChanges.cfFromOperatingIndirect.extraordRec"/>
      <loc xlink:type="locator"
           xlink:href="de-gaap-ci-2018-04-01.xsd#de-gaap-ci_cfsDRS21.cashEqu.cashChanges.cfFromOperatingIndirect.extraordPaym"
           xlink:label="de-gaap-ci_cfsDRS21.cashEqu.cashChanges.cfFromOperatingIndirect.extraordPaym"/>
      <loc xlink:type="locator"
           xlink:href="de-gaap-ci-2018-04-01.xsd#de-gaap-ci_cfsDRS21.cashEqu.cashChanges.cfFromOperatingIndirect.PaymIncomeTax"
           xlink:label="de-gaap-ci_cfsDRS21.cashEqu.cashChanges.cfFromOperatingIndirect.PaymIncomeTax"/>
      <loc xlink:type="locator"
           xlink:href="de-gaap-ci-2018-04-01.xsd#de-gaap-ci_cfsDRS21.cashEqu.cashChanges.cfFromOperatingIndirect.changeInventoryCurrReceiv"
           xlink:label="de-gaap-ci_cfsDRS21.cashEqu.cashChanges.cfFromOperatingIndirect.changeInventoryCurrReceiv"/>
      <loc xlink:type="locator"
           xlink:href="de-gaap-ci-2018-04-01.xsd#de-gaap-ci_cfsDRS21.cashEqu.cashChanges.cfFromInvestments"
           xlink:label="de-gaap-ci_cfsDRS21.cashEqu.cashChanges.cfFromInvestments"/>
      <loc xlink:type="locator"
           xlink:href="de-gaap-ci-2018-04-01.xsd#de-gaap-ci_cfsDRS21.cashEqu.cashChanges.cfFromInvestments.disposIntanAss"
           xlink:label="de-gaap-ci_cfsDRS21.cashEqu.cashChanges.cfFromInvestments.disposIntanAss"/>
      <loc xlink:type="locator"
           xlink:href="de-gaap-ci-2018-04-01.xsd#de-gaap-ci_cfsDRS21.cashEqu.cashChanges.cfFromInvestments.investmIntanAss"
           xlink:label="de-gaap-ci_cfsDRS21.cashEqu.cashChanges.cfFromInvestments.investmIntanAss"/>
      <loc xlink:type="locator"
           xlink:href="de-gaap-ci-2018-04-01.xsd#de-gaap-ci_cfsDRS21.cashEqu.cashChanges.cfFromInvestments.disposTanAss"
           xlink:label="de-gaap-ci_cfsDRS21.cashEqu.cashChanges.cfFromInvestments.disposTanAss"/>
      <loc xlink:type="locator"
           xlink:href="de-gaap-ci-2018-04-01.xsd#de-gaap-ci_cfsDRS21.cashEqu.cashChanges.cfFromInvestments.investmTanAss"
           xlink:label="de-gaap-ci_cfsDRS21.cashEqu.cashChanges.cfFromInvestments.investmTanAss"/>
      <loc xlink:type="locator"
           xlink:href="de-gaap-ci-2018-04-01.xsd#de-gaap-ci_cfsDRS21.cashEqu.cashChanges.cfFromInvestments.disposFinAss"
           xlink:label="de-gaap-ci_cfsDRS21.cashEqu.cashChanges.cfFromInvestments.disposFinAss"/>
      <loc xlink:type="locator"
           xlink:href="de-gaap-ci-2018-04-01.xsd#de-gaap-ci_cfsDRS21.cashEqu.cashChanges.cfFromInvestments.investmFinAss"
           xlink:label="de-gaap-ci_cfsDRS21.cashEqu.cashChanges.cfFromInvestments.investmFinAss"/>
      <loc xlink:type="locator"
           xlink:href="de-gaap-ci-2018-04-01.xsd#de-gaap-ci_cfsDRS21.cashEqu.cashChanges.cfFromInvestments.disposShTermFin"
           xlink:label="de-gaap-ci_cfsDRS21.cashEqu.cashChanges.cfFromInvestments.disposShTermFin"/>
      <loc xlink:type="locator"
           xlink:href="de-gaap-ci-2018-04-01.xsd#de-gaap-ci_cfsDRS21.cashEqu.cashChanges.cfFromInvestments.investmShTermFin"
           xlink:label="de-gaap-ci_cfsDRS21.cashEqu.cashChanges.cfFromInvestments.investmShTermFin"/>
      <loc xlink:type="locator"
           xlink:href="de-gaap-ci-2018-04-01.xsd#de-gaap-ci_cfsDRS21.cashEqu.cashChanges.cfFromInvestments.extraordRec"
           xlink:label="de-gaap-ci_cfsDRS21.cashEqu.cashChanges.cfFromInvestments.extraordRec"/>
      <loc xlink:type="locator"
           xlink:href="de-gaap-ci-2018-04-01.xsd#de-gaap-ci_cfsDRS21.cashEqu.cashChanges.cfFromInvestments.extraordPaym"
           xlink:label="de-gaap-ci_cfsDRS21.cashEqu.cashChanges.cfFromInvestments.extraordPaym"/>
      <loc xlink:type="locator"
           xlink:href="de-gaap-ci-2018-04-01.xsd#de-gaap-ci_cfsDRS21.cashEqu.cashChanges.cfFromInvestments.interestRec"
           xlink:label="de-gaap-ci_cfsDRS21.cashEqu.cashChanges.cfFromInvestments.interestRec"/>
      <loc xlink:type="locator"
           xlink:href="de-gaap-ci-2018-04-01.xsd#de-gaap-ci_cfsDRS21.cashEqu.cashChanges.cfFromInvestments.dividendsRec"
           xlink:label="de-gaap-ci_cfsDRS21.cashEqu.cashChanges.cfFromInvestments.dividendsRec"/>
      <loc xlink:type="locator"
           xlink:href="de-gaap-ci-2018-04-01.xsd#de-gaap-ci_cfsDRS21.cashEqu.cashChanges.cfFromFinancing"
           xlink:label="de-gaap-ci_cfsDRS21.cashEqu.cashChanges.cfFromFinancing"/>
      <loc xlink:type="locator"
           xlink:href="de-gaap-ci-2018-04-01.xsd#de-gaap-ci_cfsDRS21.cashEqu.cashChanges.cfFromFinancing.loansTaken"
           xlink:label="de-gaap-ci_cfsDRS21.cashEqu.cashChanges.cfFromFinancing.loansTaken"/>
      <loc xlink:type="locator"
           xlink:href="de-gaap-ci-2018-04-01.xsd#de-gaap-ci_cfsDRS21.cashEqu.cashChanges.cfFromFinancing.loansRepaid"
           xlink:label="de-gaap-ci_cfsDRS21.cashEqu.cashChanges.cfFromFinancing.loansRepaid"/>
      <loc xlink:type="locator"
           xlink:href="de-gaap-ci-2018-04-01.xsd#de-gaap-ci_cfsDRS21.cashEqu.cashChanges.cfFromFinancing.grantsSubRec"
           xlink:label="de-gaap-ci_cfsDRS21.cashEqu.cashChanges.cfFromFinancing.grantsSubRec"/>
      <loc xlink:type="locator"
           xlink:href="de-gaap-ci-2018-04-01.xsd#de-gaap-ci_cfsDRS21.cashEqu.cashChanges.cfFromFinancing.extraordRec"
           xlink:label="de-gaap-ci_cfsDRS21.cashEqu.cashChanges.cfFromFinancing.extraordRec"/>
      <loc xlink:type="locator"
           xlink:href="de-gaap-ci-2018-04-01.xsd#de-gaap-ci_cfsDRS21.cashEqu.cashChanges.cfFromFinancing.extraordPaym"
           xlink:label="de-gaap-ci_cfsDRS21.cashEqu.cashChanges.cfFromFinancing.extraordPaym"/>
      <loc xlink:type="locator"
           xlink:href="de-gaap-ci-2018-04-01.xsd#de-gaap-ci_cfsDRS21.cashEqu.cashChanges.cfFromFinancing.interestPaid"
           xlink:label="de-gaap-ci_cfsDRS21.cashEqu.cashChanges.cfFromFinancing.interestPaid"/>
      <calculationArc xlink:from="de-gaap-ci_cfsDRS21.cashEqu"
                      xlink:to="de-gaap-ci_cfsDRS21.cashEqu.begin"
                      order="1"
                      weight="1"
                      xlink:arcrole="http://www.xbrl.org/2003/arcrole/summation-item"
                      xlink:type="arc"/>
      <calculationArc xlink:from="de-gaap-ci_cfsDRS21.cashEqu"
                      xlink:to="de-gaap-ci_cfsDRS21.cashEqu.currTranslRevaluation"
                      order="3"
                      weight="1"
                      xlink:arcrole="http://www.xbrl.org/2003/arcrole/summation-item"
                      xlink:type="arc"/>
      <calculationArc xlink:from="de-gaap-ci_cfsDRS21.cashEqu"
                      xlink:to="de-gaap-ci_cfsDRS21.cashEqu.cashChanges"
                      order="2"
                      weight="1"
                      xlink:arcrole="http://www.xbrl.org/2003/arcrole/summation-item"
                      xlink:type="arc"/>
      <calculationArc xlink:from="de-gaap-ci_cfsDRS21.cashEqu.cashChanges"
                      xlink:to="de-gaap-ci_cfsDRS21.cashEqu.cashChanges.cfFromOperatingDirect"
                      order="1"
                      weight="1"
                      xlink:arcrole="http://www.xbrl.org/2003/arcrole/summation-item"
                      xlink:type="arc"/>
      <calculationArc xlink:from="de-gaap-ci_cfsDRS21.cashEqu.cashChanges.cfFromOperatingDirect"
                      xlink:to="de-gaap-ci_cfsDRS21.cashEqu.cashChanges.cfFromOperatingDirect.sales"
                      order="1"
                      weight="1"
                      xlink:arcrole="http://www.xbrl.org/2003/arcrole/summation-item"
                      xlink:type="arc"/>
      <calculationArc xlink:from="de-gaap-ci_cfsDRS21.cashEqu.cashChanges.cfFromOperatingDirect"
                      xlink:to="de-gaap-ci_cfsDRS21.cashEqu.cashChanges.cfFromOperatingDirect.suppliersEmployees"
                      order="2"
                      weight="-1"
                      xlink:arcrole="http://www.xbrl.org/2003/arcrole/summation-item"
                      xlink:type="arc"/>
      <calculationArc xlink:from="de-gaap-ci_cfsDRS21.cashEqu.cashChanges.cfFromOperatingDirect"
                      xlink:to="de-gaap-ci_cfsDRS21.cashEqu.cashChanges.cfFromOperatingDirect.otherCashRecNonInvestNonFin"
                      order="3"
                      weight="1"
                      xlink:arcrole="http://www.xbrl.org/2003/arcrole/summation-item"
                      xlink:type="arc"/>
      <calculationArc xlink:from="de-gaap-ci_cfsDRS21.cashEqu.cashChanges.cfFromOperatingDirect"
                      xlink:to="de-gaap-ci_cfsDRS21.cashEqu.cashChanges.cfFromOperatingDirect.otherCashPaymNonInvestNonFin"
                      order="4"
                      weight="-1"
                      xlink:arcrole="http://www.xbrl.org/2003/arcrole/summation-item"
                      xlink:type="arc"/>
      <calculationArc xlink:from="de-gaap-ci_cfsDRS21.cashEqu.cashChanges.cfFromOperatingDirect"
                      xlink:to="de-gaap-ci_cfsDRS21.cashEqu.cashChanges.cfFromOperatingDirect.extraordRec"
                      order="5"
                      weight="1"
                      xlink:arcrole="http://www.xbrl.org/2003/arcrole/summation-item"
                      xlink:type="arc"/>
      <calculationArc xlink:from="de-gaap-ci_cfsDRS21.cashEqu.cashChanges.cfFromOperatingDirect"
                      xlink:to="de-gaap-ci_cfsDRS21.cashEqu.cashChanges.cfFromOperatingDirect.extraordPaym"
                      order="6"
                      weight="-1"
                      xlink:arcrole="http://www.xbrl.org/2003/arcrole/summation-item"
                      xlink:type="arc"/>
      <calculationArc xlink:from="de-gaap-ci_cfsDRS21.cashEqu.cashChanges.cfFromOperatingDirect"
                      xlink:to="de-gaap-ci_cfsDRS21.cashEqu.cashChanges.cfFromOperatingDirect.PaymIncomeTax"
                      order="7"
                      weight="-1"
                      xlink:arcrole="http://www.xbrl.org/2003/arcrole/summation-item"
                      xlink:type="arc"/>
      <calculationArc xlink:from="de-gaap-ci_cfsDRS21.cashEqu.cashChanges"
                      xlink:to="de-gaap-ci_cfsDRS21.cashEqu.cashChanges.cfFromOperatingIndirect"
                      order="2"
                      weight="1"
                      xlink:arcrole="http://www.xbrl.org/2003/arcrole/summation-item"
                      xlink:type="arc"/>
      <calculationArc xlink:from="de-gaap-ci_cfsDRS21.cashEqu.cashChanges.cfFromOperatingIndirect"
                      xlink:to="de-gaap-ci_cfsDRS21.cashEqu.cashChanges.cfFromOperatingIndirect.netincomeTotal"
                      order="1"
                      weight="1"
                      xlink:arcrole="http://www.xbrl.org/2003/arcrole/summation-item"
                      xlink:type="arc"/>
      <calculationArc xlink:from="de-gaap-ci_cfsDRS21.cashEqu.cashChanges.cfFromOperatingIndirect"
                      xlink:to="de-gaap-ci_cfsDRS21.cashEqu.cashChanges.cfFromOperatingIndirect.deprRevalFixAss"
                      order="2"
                      weight="1"
                      xlink:arcrole="http://www.xbrl.org/2003/arcrole/summation-item"
                      xlink:type="arc"/>
      <calculationArc xlink:from="de-gaap-ci_cfsDRS21.cashEqu.cashChanges.cfFromOperatingIndirect"
                      xlink:to="de-gaap-ci_cfsDRS21.cashEqu.cashChanges.cfFromOperatingIndirect.changeProvisions"
                      order="3"
                      weight="1"
                      xlink:arcrole="http://www.xbrl.org/2003/arcrole/summation-item"
                      xlink:type="arc"/>
      <calculationArc xlink:from="de-gaap-ci_cfsDRS21.cashEqu.cashChanges.cfFromOperatingIndirect"
                      xlink:to="de-gaap-ci_cfsDRS21.cashEqu.cashChanges.cfFromOperatingIndirect.otherCashEarningsCost"
                      order="4"
                      weight="1"
                      xlink:arcrole="http://www.xbrl.org/2003/arcrole/summation-item"
                      xlink:type="arc"/>
      <calculationArc xlink:from="de-gaap-ci_cfsDRS21.cashEqu.cashChanges.cfFromOperatingIndirect"
                      xlink:to="de-gaap-ci_cfsDRS21.cashEqu.cashChanges.cfFromOperatingIndirect.changeCurrPay"
                      order="5"
                      weight="1"
                      xlink:arcrole="http://www.xbrl.org/2003/arcrole/summation-item"
                      xlink:type="arc"/>
      <calculationArc xlink:from="de-gaap-ci_cfsDRS21.cashEqu.cashChanges.cfFromOperatingIndirect"
                      xlink:to="de-gaap-ci_cfsDRS21.cashEqu.cashChanges.cfFromOperatingIndirect.resultDisposFixAss"
                      order="6"
                      weight="-1"
                      xlink:arcrole="http://www.xbrl.org/2003/arcrole/summation-item"
                      xlink:type="arc"/>
      <calculationArc xlink:from="de-gaap-ci_cfsDRS21.cashEqu.cashChanges.cfFromOperatingIndirect"
                      xlink:to="de-gaap-ci_cfsDRS21.cashEqu.cashChanges.cfFromOperatingIndirect.interestResult"
                      order="7"
                      weight="1"
                      xlink:arcrole="http://www.xbrl.org/2003/arcrole/summation-item"
                      xlink:type="arc"/>
      <calculationArc xlink:from="de-gaap-ci_cfsDRS21.cashEqu.cashChanges.cfFromOperatingIndirect"
                      xlink:to="de-gaap-ci_cfsDRS21.cashEqu.cashChanges.cfFromOperatingIndirect.ParticipationEarningsOth"
                      order="8"
                      weight="-1"
                      xlink:arcrole="http://www.xbrl.org/2003/arcrole/summation-item"
                      xlink:type="arc"/>
      <calculationArc xlink:from="de-gaap-ci_cfsDRS21.cashEqu.cashChanges.cfFromOperatingIndirect"
                      xlink:to="de-gaap-ci_cfsDRS21.cashEqu.cashChanges.cfFromOperatingIndirect.extraord"
                      order="9"
                      weight="1"
                      xlink:arcrole="http://www.xbrl.org/2003/arcrole/summation-item"
                      xlink:type="arc"/>
      <calculationArc xlink:from="de-gaap-ci_cfsDRS21.cashEqu.cashChanges.cfFromOperatingIndirect"
                      xlink:to="de-gaap-ci_cfsDRS21.cashEqu.cashChanges.cfFromOperatingIndirect.IncomeTax"
                      order="10"
                      weight="1"
                      xlink:arcrole="http://www.xbrl.org/2003/arcrole/summation-item"
                      xlink:type="arc"/>
      <calculationArc xlink:from="de-gaap-ci_cfsDRS21.cashEqu.cashChanges.cfFromOperatingIndirect"
                      xlink:to="de-gaap-ci_cfsDRS21.cashEqu.cashChanges.cfFromOperatingIndirect.extraordRec"
                      order="11"
                      weight="1"
                      xlink:arcrole="http://www.xbrl.org/2003/arcrole/summation-item"
                      xlink:type="arc"/>
      <calculationArc xlink:from="de-gaap-ci_cfsDRS21.cashEqu.cashChanges.cfFromOperatingIndirect"
                      xlink:to="de-gaap-ci_cfsDRS21.cashEqu.cashChanges.cfFromOperatingIndirect.extraordPaym"
                      order="12"
                      weight="-1"
                      xlink:arcrole="http://www.xbrl.org/2003/arcrole/summation-item"
                      xlink:type="arc"/>
      <calculationArc xlink:from="de-gaap-ci_cfsDRS21.cashEqu.cashChanges.cfFromOperatingIndirect"
                      xlink:to="de-gaap-ci_cfsDRS21.cashEqu.cashChanges.cfFromOperatingIndirect.PaymIncomeTax"
                      order="13"
                      weight="-1"
                      xlink:arcrole="http://www.xbrl.org/2003/arcrole/summation-item"
                      xlink:type="arc"/>
      <calculationArc xlink:from="de-gaap-ci_cfsDRS21.cashEqu.cashChanges.cfFromOperatingIndirect"
                      xlink:to="de-gaap-ci_cfsDRS21.cashEqu.cashChanges.cfFromOperatingIndirect.changeInventoryCurrReceiv"
                      order="4.5"
                      weight="-1"
                      xlink:arcrole="http://www.xbrl.org/2003/arcrole/summation-item"
                      xlink:type="arc"/>
      <calculationArc xlink:from="de-gaap-ci_cfsDRS21.cashEqu.cashChanges"
                      xlink:to="de-gaap-ci_cfsDRS21.cashEqu.cashChanges.cfFromInvestments"
                      order="3"
                      weight="1"
                      xlink:arcrole="http://www.xbrl.org/2003/arcrole/summation-item"
                      xlink:type="arc"/>
      <calculationArc xlink:from="de-gaap-ci_cfsDRS21.cashEqu.cashChanges.cfFromInvestments"
                      xlink:to="de-gaap-ci_cfsDRS21.cashEqu.cashChanges.cfFromInvestments.disposIntanAss"
                      order="1"
                      weight="1"
                      xlink:arcrole="http://www.xbrl.org/2003/arcrole/summation-item"
                      xlink:type="arc"/>
      <calculationArc xlink:from="de-gaap-ci_cfsDRS21.cashEqu.cashChanges.cfFromInvestments"
                      xlink:to="de-gaap-ci_cfsDRS21.cashEqu.cashChanges.cfFromInvestments.investmIntanAss"
                      order="2"
                      weight="-1"
                      xlink:arcrole="http://www.xbrl.org/2003/arcrole/summation-item"
                      xlink:type="arc"/>
      <calculationArc xlink:from="de-gaap-ci_cfsDRS21.cashEqu.cashChanges.cfFromInvestments"
                      xlink:to="de-gaap-ci_cfsDRS21.cashEqu.cashChanges.cfFromInvestments.disposTanAss"
                      order="3"
                      weight="1"
                      xlink:arcrole="http://www.xbrl.org/2003/arcrole/summation-item"
                      xlink:type="arc"/>
      <calculationArc xlink:from="de-gaap-ci_cfsDRS21.cashEqu.cashChanges.cfFromInvestments"
                      xlink:to="de-gaap-ci_cfsDRS21.cashEqu.cashChanges.cfFromInvestments.investmTanAss"
                      order="4"
                      weight="-1"
                      xlink:arcrole="http://www.xbrl.org/2003/arcrole/summation-item"
                      xlink:type="arc"/>
      <calculationArc xlink:from="de-gaap-ci_cfsDRS21.cashEqu.cashChanges.cfFromInvestments"
                      xlink:to="de-gaap-ci_cfsDRS21.cashEqu.cashChanges.cfFromInvestments.disposFinAss"
                      order="5"
                      weight="1"
                      xlink:arcrole="http://www.xbrl.org/2003/arcrole/summation-item"
                      xlink:type="arc"/>
      <calculationArc xlink:from="de-gaap-ci_cfsDRS21.cashEqu.cashChanges.cfFromInvestments"
                      xlink:to="de-gaap-ci_cfsDRS21.cashEqu.cashChanges.cfFromInvestments.investmFinAss"
                      order="6"
                      weight="-1"
                      xlink:arcrole="http://www.xbrl.org/2003/arcrole/summation-item"
                      xlink:type="arc"/>
      <calculationArc xlink:from="de-gaap-ci_cfsDRS21.cashEqu.cashChanges.cfFromInvestments"
                      xlink:to="de-gaap-ci_cfsDRS21.cashEqu.cashChanges.cfFromInvestments.disposShTermFin"
                      order="9"
                      weight="1"
                      xlink:arcrole="http://www.xbrl.org/2003/arcrole/summation-item"
                      xlink:type="arc"/>
      <calculationArc xlink:from="de-gaap-ci_cfsDRS21.cashEqu.cashChanges.cfFromInvestments"
                      xlink:to="de-gaap-ci_cfsDRS21.cashEqu.cashChanges.cfFromInvestments.investmShTermFin"
                      order="10"
                      weight="-1"
                      xlink:arcrole="http://www.xbrl.org/2003/arcrole/summation-item"
                      xlink:type="arc"/>
      <calculationArc xlink:from="de-gaap-ci_cfsDRS21.cashEqu.cashChanges.cfFromInvestments"
                      xlink:to="de-gaap-ci_cfsDRS21.cashEqu.cashChanges.cfFromInvestments.extraordRec"
                      order="11"
                      weight="1"
                      xlink:arcrole="http://www.xbrl.org/2003/arcrole/summation-item"
                      xlink:type="arc"/>
      <calculationArc xlink:from="de-gaap-ci_cfsDRS21.cashEqu.cashChanges.cfFromInvestments"
                      xlink:to="de-gaap-ci_cfsDRS21.cashEqu.cashChanges.cfFromInvestments.extraordPaym"
                      order="12"
                      weight="-1"
                      xlink:arcrole="http://www.xbrl.org/2003/arcrole/summation-item"
                      xlink:type="arc"/>
      <calculationArc xlink:from="de-gaap-ci_cfsDRS21.cashEqu.cashChanges.cfFromInvestments"
                      xlink:to="de-gaap-ci_cfsDRS21.cashEqu.cashChanges.cfFromInvestments.interestRec"
                      order="13"
                      weight="1"
                      xlink:arcrole="http://www.xbrl.org/2003/arcrole/summation-item"
                      xlink:type="arc"/>
      <calculationArc xlink:from="de-gaap-ci_cfsDRS21.cashEqu.cashChanges.cfFromInvestments"
                      xlink:to="de-gaap-ci_cfsDRS21.cashEqu.cashChanges.cfFromInvestments.dividendsRec"
                      order="14"
                      weight="1"
                      xlink:arcrole="http://www.xbrl.org/2003/arcrole/summation-item"
                      xlink:type="arc"/>
      <calculationArc xlink:from="de-gaap-ci_cfsDRS21.cashEqu.cashChanges"
                      xlink:to="de-gaap-ci_cfsDRS21.cashEqu.cashChanges.cfFromFinancing"
                      order="4"
                      weight="1"
                      xlink:arcrole="http://www.xbrl.org/2003/arcrole/summation-item"
                      xlink:type="arc"/>
      <calculationArc xlink:from="de-gaap-ci_cfsDRS21.cashEqu.cashChanges.cfFromFinancing"
                      xlink:to="de-gaap-ci_cfsDRS21.cashEqu.cashChanges.cfFromFinancing.loansTaken"
                      order="7"
                      weight="1"
                      xlink:arcrole="http://www.xbrl.org/2003/arcrole/summation-item"
                      xlink:type="arc"/>
      <calculationArc xlink:from="de-gaap-ci_cfsDRS21.cashEqu.cashChanges.cfFromFinancing"
                      xlink:to="de-gaap-ci_cfsDRS21.cashEqu.cashChanges.cfFromFinancing.loansRepaid"
                      order="8"
                      weight="-1"
                      xlink:arcrole="http://www.xbrl.org/2003/arcrole/summation-item"
                      xlink:type="arc"/>
      <calculationArc xlink:from="de-gaap-ci_cfsDRS21.cashEqu.cashChanges.cfFromFinancing"
                      xlink:to="de-gaap-ci_cfsDRS21.cashEqu.cashChanges.cfFromFinancing.grantsSubRec"
                      order="9"
                      weight="1"
                      xlink:arcrole="http://www.xbrl.org/2003/arcrole/summation-item"
                      xlink:type="arc"/>
      <calculationArc xlink:from="de-gaap-ci_cfsDRS21.cashEqu.cashChanges.cfFromFinancing"
                      xlink:to="de-gaap-ci_cfsDRS21.cashEqu.cashChanges.cfFromFinancing.extraordRec"
                      order="10"
                      weight="1"
                      xlink:arcrole="http://www.xbrl.org/2003/arcrole/summation-item"
                      xlink:type="arc"/>
      <calculationArc xlink:from="de-gaap-ci_cfsDRS21.cashEqu.cashChanges.cfFromFinancing"
                      xlink:to="de-gaap-ci_cfsDRS21.cashEqu.cashChanges.cfFromFinancing.extraordPaym"
                      order="11"
                      weight="-1"
                      xlink:arcrole="http://www.xbrl.org/2003/arcrole/summation-item"
                      xlink:type="arc"/>
      <calculationArc xlink:from="de-gaap-ci_cfsDRS21.cashEqu.cashChanges.cfFromFinancing"
                      xlink:to="de-gaap-ci_cfsDRS21.cashEqu.cashChanges.cfFromFinancing.interestPaid"
                      order="12"
                      weight="-1"
                      xlink:arcrole="http://www.xbrl.org/2003/arcrole/summation-item"
                      xlink:type="arc"/>
   </calculationLink>
</linkbase>