<?xml version="1.0" encoding="utf-8"?>
<!--(c) XBRL Deutschland e.V. - see http://www.xbrl.de-->


<linkbase xmlns="http://www.xbrl.org/2003/linkbase"
          xmlns:xsi="http://www.w3.org/2001/XMLSchema-instance"
          xsi:schemaLocation="http://www.xbrl.org/2003/linkbase http://www.xbrl.org/2003/xbrl-linkbase-2003-12-31.xsd">
   <roleRef xmlns:xlink="http://www.w3.org/1999/xlink"
            roleURI="http://www.xbrl.de/taxonomies/de-gaap-ci/role/notes"
            xlink:href="de-gaap-ci-2018-04-01.xsd#role_notes"
            xlink:type="simple"/>
   <presentationLink xmlns:xlink="http://www.w3.org/1999/xlink"
                     xlink:role="http://www.xbrl.de/taxonomies/de-gaap-ci/role/notes"
                     xlink:type="extended">
      <loc xlink:type="locator"
           xlink:href="de-gaap-ci-2018-04-01.xsd#de-gaap-ci_bs.ass.fixAss"
           xlink:label="de-gaap-ci_bs.ass.fixAss"/>
      <loc xlink:type="locator"
           xlink:href="de-gaap-ci-2018-04-01.xsd#de-gaap-ci_bs.ass.fixAss.fin"
           xlink:label="de-gaap-ci_bs.ass.fixAss.fin"/>
      <loc xlink:type="locator"
           xlink:href="de-gaap-ci-2018-04-01.xsd#de-gaap-ci_bs.ass.fixAss.fin.otherFinAss"
           xlink:label="de-gaap-ci_bs.ass.fixAss.fin.otherFinAss"/>
      <loc xlink:type="locator"
           xlink:href="de-gaap-ci-2018-04-01.xsd#de-gaap-ci_bs.ass.fixAss.fin.otherFinAss.silent"
           xlink:label="de-gaap-ci_bs.ass.fixAss.fin.otherFinAss.silent"/>
      <loc xlink:type="locator"
           xlink:href="de-gaap-ci-2018-04-01.xsd#de-gaap-ci_bs.ass.fixAss.fin.otherFinAss.coopShares"
           xlink:label="de-gaap-ci_bs.ass.fixAss.fin.otherFinAss.coopShares"/>
      <loc xlink:type="locator"
           xlink:href="de-gaap-ci-2018-04-01.xsd#de-gaap-ci_bs.ass.fixAss.fin.otherFinAss.other"
           xlink:label="de-gaap-ci_bs.ass.fixAss.fin.otherFinAss.other"/>
      <loc xlink:type="locator"
           xlink:href="de-gaap-ci-2018-04-01.xsd#de-gaap-ci_bs.ass.fixAss.fin.otherFinAss.reInsurClaim"
           xlink:label="de-gaap-ci_bs.ass.fixAss.fin.otherFinAss.reInsurClaim"/>
      <loc xlink:type="locator"
           xlink:href="de-gaap-ci-2018-04-01.xsd#de-gaap-ci_bs.ass.fixAss.fin.otherFinAss.profSharRights"
           xlink:label="de-gaap-ci_bs.ass.fixAss.fin.otherFinAss.profSharRights"/>
      <loc xlink:type="locator"
           xlink:href="de-gaap-ci-2018-04-01.xsd#de-gaap-ci_bs.ass.fixAss.fin.loansToParticip"
           xlink:label="de-gaap-ci_bs.ass.fixAss.fin.loansToParticip"/>
      <loc xlink:type="locator"
           xlink:href="de-gaap-ci-2018-04-01.xsd#de-gaap-ci_bs.ass.fixAss.fin.loansToParticip.other"
           xlink:label="de-gaap-ci_bs.ass.fixAss.fin.loansToParticip.other"/>
      <loc xlink:type="locator"
           xlink:href="de-gaap-ci-2018-04-01.xsd#de-gaap-ci_bs.ass.fixAss.fin.loansToParticip.assoc"
           xlink:label="de-gaap-ci_bs.ass.fixAss.fin.loansToParticip.assoc"/>
      <loc xlink:type="locator"
           xlink:href="de-gaap-ci-2018-04-01.xsd#de-gaap-ci_bs.ass.fixAss.fin.loansToParticip.partnerships"
           xlink:label="de-gaap-ci_bs.ass.fixAss.fin.loansToParticip.partnerships"/>
      <loc xlink:type="locator"
           xlink:href="de-gaap-ci-2018-04-01.xsd#de-gaap-ci_bs.ass.fixAss.fin.loansToParticip.corporations"
           xlink:label="de-gaap-ci_bs.ass.fixAss.fin.loansToParticip.corporations"/>
      <loc xlink:type="locator"
           xlink:href="de-gaap-ci-2018-04-01.xsd#de-gaap-ci_bs.ass.fixAss.fin.loansToParticip.jointVent"
           xlink:label="de-gaap-ci_bs.ass.fixAss.fin.loansToParticip.jointVent"/>
      <loc xlink:type="locator"
           xlink:href="de-gaap-ci-2018-04-01.xsd#de-gaap-ci_bs.ass.fixAss.fin.loansToParticip.parentComp"
           xlink:label="de-gaap-ci_bs.ass.fixAss.fin.loansToParticip.parentComp"/>
      <loc xlink:type="locator"
           xlink:href="de-gaap-ci-2018-04-01.xsd#de-gaap-ci_bs.ass.fixAss.fin.loansToParticip.subsidiaries"
           xlink:label="de-gaap-ci_bs.ass.fixAss.fin.loansToParticip.subsidiaries"/>
      <loc xlink:type="locator"
           xlink:href="de-gaap-ci-2018-04-01.xsd#de-gaap-ci_bs.ass.fixAss.fin.loansToParticipOtherForeign"
           xlink:label="de-gaap-ci_bs.ass.fixAss.fin.loansToParticipOtherForeign"/>
      <loc xlink:type="locator"
           xlink:href="de-gaap-ci-2018-04-01.xsd#de-gaap-ci_bs.ass.fixAss.fin.assoc"
           xlink:label="de-gaap-ci_bs.ass.fixAss.fin.assoc"/>
      <loc xlink:type="locator"
           xlink:href="de-gaap-ci-2018-04-01.xsd#de-gaap-ci_bs.ass.fixAss.fin.sharesInAffil"
           xlink:label="de-gaap-ci_bs.ass.fixAss.fin.sharesInAffil"/>
      <loc xlink:type="locator"
           xlink:href="de-gaap-ci-2018-04-01.xsd#de-gaap-ci_bs.ass.fixAss.fin.sharesInAffil.subsidiaries"
           xlink:label="de-gaap-ci_bs.ass.fixAss.fin.sharesInAffil.subsidiaries"/>
      <loc xlink:type="locator"
           xlink:href="de-gaap-ci-2018-04-01.xsd#de-gaap-ci_bs.ass.fixAss.fin.sharesInAffil.partnerships"
           xlink:label="de-gaap-ci_bs.ass.fixAss.fin.sharesInAffil.partnerships"/>
      <loc xlink:type="locator"
           xlink:href="de-gaap-ci-2018-04-01.xsd#de-gaap-ci_bs.ass.fixAss.fin.sharesInAffil.generalPartners"
           xlink:label="de-gaap-ci_bs.ass.fixAss.fin.sharesInAffil.generalPartners"/>
      <loc xlink:type="locator"
           xlink:href="de-gaap-ci-2018-04-01.xsd#de-gaap-ci_bs.ass.fixAss.fin.sharesInAffil.other"
           xlink:label="de-gaap-ci_bs.ass.fixAss.fin.sharesInAffil.other"/>
      <loc xlink:type="locator"
           xlink:href="de-gaap-ci-2018-04-01.xsd#de-gaap-ci_bs.ass.fixAss.fin.sharesInAffil.corporations"
           xlink:label="de-gaap-ci_bs.ass.fixAss.fin.sharesInAffil.corporations"/>
      <loc xlink:type="locator"
           xlink:href="de-gaap-ci-2018-04-01.xsd#de-gaap-ci_bs.ass.fixAss.fin.sharesInAffil.parentComp"
           xlink:label="de-gaap-ci_bs.ass.fixAss.fin.sharesInAffil.parentComp"/>
      <loc xlink:type="locator"
           xlink:href="de-gaap-ci-2018-04-01.xsd#de-gaap-ci_bs.ass.fixAss.fin.sharesInAffilOtherForeign"
           xlink:label="de-gaap-ci_bs.ass.fixAss.fin.sharesInAffilOtherForeign"/>
      <loc xlink:type="locator"
           xlink:href="de-gaap-ci-2018-04-01.xsd#de-gaap-ci_bs.ass.fixAss.fin.loansToAffil"
           xlink:label="de-gaap-ci_bs.ass.fixAss.fin.loansToAffil"/>
      <loc xlink:type="locator"
           xlink:href="de-gaap-ci-2018-04-01.xsd#de-gaap-ci_bs.ass.fixAss.fin.loansToAffil.corporations"
           xlink:label="de-gaap-ci_bs.ass.fixAss.fin.loansToAffil.corporations"/>
      <loc xlink:type="locator"
           xlink:href="de-gaap-ci-2018-04-01.xsd#de-gaap-ci_bs.ass.fixAss.fin.loansToAffil.parentComp"
           xlink:label="de-gaap-ci_bs.ass.fixAss.fin.loansToAffil.parentComp"/>
      <loc xlink:type="locator"
           xlink:href="de-gaap-ci-2018-04-01.xsd#de-gaap-ci_bs.ass.fixAss.fin.loansToAffil.partnerships"
           xlink:label="de-gaap-ci_bs.ass.fixAss.fin.loansToAffil.partnerships"/>
      <loc xlink:type="locator"
           xlink:href="de-gaap-ci-2018-04-01.xsd#de-gaap-ci_bs.ass.fixAss.fin.loansToAffil.subsidiaries"
           xlink:label="de-gaap-ci_bs.ass.fixAss.fin.loansToAffil.subsidiaries"/>
      <loc xlink:type="locator"
           xlink:href="de-gaap-ci-2018-04-01.xsd#de-gaap-ci_bs.ass.fixAss.fin.loansToAffilOtherForeign"
           xlink:label="de-gaap-ci_bs.ass.fixAss.fin.loansToAffilOtherForeign"/>
      <loc xlink:type="locator"
           xlink:href="de-gaap-ci-2018-04-01.xsd#de-gaap-ci_bs.ass.fixAss.fin.loansToAffil.other"
           xlink:label="de-gaap-ci_bs.ass.fixAss.fin.loansToAffil.other"/>
      <loc xlink:type="locator"
           xlink:href="de-gaap-ci-2018-04-01.xsd#de-gaap-ci_bs.ass.fixAss.fin.loansToAffil.soleProprietor"
           xlink:label="de-gaap-ci_bs.ass.fixAss.fin.loansToAffil.soleProprietor"/>
      <loc xlink:type="locator"
           xlink:href="de-gaap-ci-2018-04-01.xsd#de-gaap-ci_bs.ass.fixAss.fin.otherLoans"
           xlink:label="de-gaap-ci_bs.ass.fixAss.fin.otherLoans"/>
      <loc xlink:type="locator"
           xlink:href="de-gaap-ci-2018-04-01.xsd#de-gaap-ci_bs.ass.fixAss.fin.otherLoans.employees"
           xlink:label="de-gaap-ci_bs.ass.fixAss.fin.otherLoans.employees"/>
      <loc xlink:type="locator"
           xlink:href="de-gaap-ci-2018-04-01.xsd#de-gaap-ci_bs.ass.fixAss.fin.otherLoansOtherForeign"
           xlink:label="de-gaap-ci_bs.ass.fixAss.fin.otherLoansOtherForeign"/>
      <loc xlink:type="locator"
           xlink:href="de-gaap-ci-2018-04-01.xsd#de-gaap-ci_bs.ass.fixAss.fin.otherLoans.other"
           xlink:label="de-gaap-ci_bs.ass.fixAss.fin.otherLoans.other"/>
      <loc xlink:type="locator"
           xlink:href="de-gaap-ci-2018-04-01.xsd#de-gaap-ci_bs.ass.fixAss.fin.loansToSharehold"
           xlink:label="de-gaap-ci_bs.ass.fixAss.fin.loansToSharehold"/>
      <loc xlink:type="locator"
           xlink:href="de-gaap-ci-2018-04-01.xsd#de-gaap-ci_bs.ass.fixAss.fin.loansToSharehold.limitedLiable"
           xlink:label="de-gaap-ci_bs.ass.fixAss.fin.loansToSharehold.limitedLiable"/>
      <loc xlink:type="locator"
           xlink:href="de-gaap-ci-2018-04-01.xsd#de-gaap-ci_bs.ass.fixAss.fin.loansToSharehold.misc"
           xlink:label="de-gaap-ci_bs.ass.fixAss.fin.loansToSharehold.misc"/>
      <loc xlink:type="locator"
           xlink:href="de-gaap-ci-2018-04-01.xsd#de-gaap-ci_bs.ass.fixAss.fin.loansToSharehold.unlimitedLiable"
           xlink:label="de-gaap-ci_bs.ass.fixAss.fin.loansToSharehold.unlimitedLiable"/>
      <loc xlink:type="locator"
           xlink:href="de-gaap-ci-2018-04-01.xsd#de-gaap-ci_bs.ass.fixAss.fin.loansToSharehold.gmbhSilent"
           xlink:label="de-gaap-ci_bs.ass.fixAss.fin.loansToSharehold.gmbhSilent"/>
      <loc xlink:type="locator"
           xlink:href="de-gaap-ci-2018-04-01.xsd#de-gaap-ci_bs.ass.fixAss.fin.securities"
           xlink:label="de-gaap-ci_bs.ass.fixAss.fin.securities"/>
      <loc xlink:type="locator"
           xlink:href="de-gaap-ci-2018-04-01.xsd#de-gaap-ci_bs.ass.fixAss.fin.securities.partCertificate"
           xlink:label="de-gaap-ci_bs.ass.fixAss.fin.securities.partCertificate"/>
      <loc xlink:type="locator"
           xlink:href="de-gaap-ci-2018-04-01.xsd#de-gaap-ci_bs.ass.fixAss.fin.securities.shares"
           xlink:label="de-gaap-ci_bs.ass.fixAss.fin.securities.shares"/>
      <loc xlink:type="locator"
           xlink:href="de-gaap-ci-2018-04-01.xsd#de-gaap-ci_bs.ass.fixAss.fin.securities.mutInvestm"
           xlink:label="de-gaap-ci_bs.ass.fixAss.fin.securities.mutInvestm"/>
      <loc xlink:type="locator"
           xlink:href="de-gaap-ci-2018-04-01.xsd#de-gaap-ci_bs.ass.fixAss.fin.securitiesOtherForeign"
           xlink:label="de-gaap-ci_bs.ass.fixAss.fin.securitiesOtherForeign"/>
      <loc xlink:type="locator"
           xlink:href="de-gaap-ci-2018-04-01.xsd#de-gaap-ci_bs.ass.fixAss.fin.securities.warrants"
           xlink:label="de-gaap-ci_bs.ass.fixAss.fin.securities.warrants"/>
      <loc xlink:type="locator"
           xlink:href="de-gaap-ci-2018-04-01.xsd#de-gaap-ci_bs.ass.fixAss.fin.securities.convertBond"
           xlink:label="de-gaap-ci_bs.ass.fixAss.fin.securities.convertBond"/>
      <loc xlink:type="locator"
           xlink:href="de-gaap-ci-2018-04-01.xsd#de-gaap-ci_bs.ass.fixAss.fin.securities.bonds"
           xlink:label="de-gaap-ci_bs.ass.fixAss.fin.securities.bonds"/>
      <loc xlink:type="locator"
           xlink:href="de-gaap-ci-2018-04-01.xsd#de-gaap-ci_bs.ass.fixAss.fin.securities.other"
           xlink:label="de-gaap-ci_bs.ass.fixAss.fin.securities.other"/>
      <loc xlink:type="locator"
           xlink:href="de-gaap-ci-2018-04-01.xsd#de-gaap-ci_bs.ass.fixAss.fin.securities.securities"
           xlink:label="de-gaap-ci_bs.ass.fixAss.fin.securities.securities"/>
      <loc xlink:type="locator"
           xlink:href="de-gaap-ci-2018-04-01.xsd#de-gaap-ci_bs.ass.fixAss.fin.LoansToShareholder"
           xlink:label="de-gaap-ci_bs.ass.fixAss.fin.LoansToShareholder"/>
      <loc xlink:type="locator"
           xlink:href="de-gaap-ci-2018-04-01.xsd#de-gaap-ci_bs.ass.fixAss.fin.particip"
           xlink:label="de-gaap-ci_bs.ass.fixAss.fin.particip"/>
      <loc xlink:type="locator"
           xlink:href="de-gaap-ci-2018-04-01.xsd#de-gaap-ci_bs.ass.fixAss.fin.particip.jointVent"
           xlink:label="de-gaap-ci_bs.ass.fixAss.fin.particip.jointVent"/>
      <loc xlink:type="locator"
           xlink:href="de-gaap-ci-2018-04-01.xsd#de-gaap-ci_bs.ass.fixAss.fin.particip.other"
           xlink:label="de-gaap-ci_bs.ass.fixAss.fin.particip.other"/>
      <loc xlink:type="locator"
           xlink:href="de-gaap-ci-2018-04-01.xsd#de-gaap-ci_bs.ass.fixAss.fin.participOtherForeign"
           xlink:label="de-gaap-ci_bs.ass.fixAss.fin.participOtherForeign"/>
      <loc xlink:type="locator"
           xlink:href="de-gaap-ci-2018-04-01.xsd#de-gaap-ci_bs.ass.fixAss.fin.particip.corporations"
           xlink:label="de-gaap-ci_bs.ass.fixAss.fin.particip.corporations"/>
      <loc xlink:type="locator"
           xlink:href="de-gaap-ci-2018-04-01.xsd#de-gaap-ci_bs.ass.fixAss.fin.particip.silent"
           xlink:label="de-gaap-ci_bs.ass.fixAss.fin.particip.silent"/>
      <loc xlink:type="locator"
           xlink:href="de-gaap-ci-2018-04-01.xsd#de-gaap-ci_bs.ass.fixAss.fin.particip.silent.atypical"
           xlink:label="de-gaap-ci_bs.ass.fixAss.fin.particip.silent.atypical"/>
      <loc xlink:type="locator"
           xlink:href="de-gaap-ci-2018-04-01.xsd#de-gaap-ci_bs.ass.fixAss.fin.particip.silent.typical"
           xlink:label="de-gaap-ci_bs.ass.fixAss.fin.particip.silent.typical"/>
      <loc xlink:type="locator"
           xlink:href="de-gaap-ci-2018-04-01.xsd#de-gaap-ci_bs.ass.fixAss.fin.particip.assoc"
           xlink:label="de-gaap-ci_bs.ass.fixAss.fin.particip.assoc"/>
      <loc xlink:type="locator"
           xlink:href="de-gaap-ci-2018-04-01.xsd#de-gaap-ci_bs.ass.fixAss.fin.particip.partnerships"
           xlink:label="de-gaap-ci_bs.ass.fixAss.fin.particip.partnerships"/>
      <loc xlink:type="locator"
           xlink:href="de-gaap-ci-2018-04-01.xsd#de-gaap-ci_bs.ass.fixAss.fin.particip.generalPartners"
           xlink:label="de-gaap-ci_bs.ass.fixAss.fin.particip.generalPartners"/>
      <loc xlink:type="locator"
           xlink:href="de-gaap-ci-2018-04-01.xsd#de-gaap-ci_bs.ass.fixAss.tan"
           xlink:label="de-gaap-ci_bs.ass.fixAss.tan"/>
      <loc xlink:type="locator"
           xlink:href="de-gaap-ci-2018-04-01.xsd#de-gaap-ci_bs.ass.fixAss.tan.branche_kfz"
           xlink:label="de-gaap-ci_bs.ass.fixAss.tan.branche_kfz"/>
      <loc xlink:type="locator"
           xlink:href="de-gaap-ci-2018-04-01.xsd#de-gaap-ci_bs.ass.fixAss.tan.branche_kfz.compCar"
           xlink:label="de-gaap-ci_bs.ass.fixAss.tan.branche_kfz.compCar"/>
      <loc xlink:type="locator"
           xlink:href="de-gaap-ci-2018-04-01.xsd#de-gaap-ci_bs.ass.fixAss.tan.branche_kfz.demoModel"
           xlink:label="de-gaap-ci_bs.ass.fixAss.tan.branche_kfz.demoModel"/>
      <loc xlink:type="locator"
           xlink:href="de-gaap-ci-2018-04-01.xsd#de-gaap-ci_bs.ass.fixAss.tan.machinery"
           xlink:label="de-gaap-ci_bs.ass.fixAss.tan.machinery"/>
      <loc xlink:type="locator"
           xlink:href="de-gaap-ci-2018-04-01.xsd#de-gaap-ci_bs.ass.fixAss.tan.machinery.gwgsammelposten"
           xlink:label="de-gaap-ci_bs.ass.fixAss.tan.machinery.gwgsammelposten"/>
      <loc xlink:type="locator"
           xlink:href="de-gaap-ci-2018-04-01.xsd#de-gaap-ci_bs.ass.fixAss.tan.machinery.machinery"
           xlink:label="de-gaap-ci_bs.ass.fixAss.tan.machinery.machinery"/>
      <loc xlink:type="locator"
           xlink:href="de-gaap-ci-2018-04-01.xsd#de-gaap-ci_bs.ass.fixAss.tan.machinery.gwg"
           xlink:label="de-gaap-ci_bs.ass.fixAss.tan.machinery.gwg"/>
      <loc xlink:type="locator"
           xlink:href="de-gaap-ci-2018-04-01.xsd#de-gaap-ci_bs.ass.fixAss.tan.machinery.otherForeign"
           xlink:label="de-gaap-ci_bs.ass.fixAss.tan.machinery.otherForeign"/>
      <loc xlink:type="locator"
           xlink:href="de-gaap-ci-2018-04-01.xsd#de-gaap-ci_bs.ass.fixAss.tan.machinery.othermachinery"
           xlink:label="de-gaap-ci_bs.ass.fixAss.tan.machinery.othermachinery"/>
      <loc xlink:type="locator"
           xlink:href="de-gaap-ci-2018-04-01.xsd#de-gaap-ci_bs.ass.fixAss.tan.machinery.installations"
           xlink:label="de-gaap-ci_bs.ass.fixAss.tan.machinery.installations"/>
      <loc xlink:type="locator"
           xlink:href="de-gaap-ci-2018-04-01.xsd#de-gaap-ci_bs.ass.fixAss.tan.machinery.spareParts"
           xlink:label="de-gaap-ci_bs.ass.fixAss.tan.machinery.spareParts"/>
      <loc xlink:type="locator"
           xlink:href="de-gaap-ci-2018-04-01.xsd#de-gaap-ci_bs.ass.fixAss.tan.machinery.technEquipm"
           xlink:label="de-gaap-ci_bs.ass.fixAss.tan.machinery.technEquipm"/>
      <loc xlink:type="locator"
           xlink:href="de-gaap-ci-2018-04-01.xsd#de-gaap-ci_bs.ass.fixAss.tan.other"
           xlink:label="de-gaap-ci_bs.ass.fixAss.tan.other"/>
      <loc xlink:type="locator"
           xlink:href="de-gaap-ci-2018-04-01.xsd#de-gaap-ci_bs.ass.fixAss.tan.other.leasedAss"
           xlink:label="de-gaap-ci_bs.ass.fixAss.tan.other.leasedAss"/>
      <loc xlink:type="locator"
           xlink:href="de-gaap-ci-2018-04-01.xsd#de-gaap-ci_bs.ass.fixAss.tan.other.other"
           xlink:label="de-gaap-ci_bs.ass.fixAss.tan.other.other"/>
      <loc xlink:type="locator"
           xlink:href="de-gaap-ci-2018-04-01.xsd#de-gaap-ci_bs.ass.fixAss.tan.inConstrAdvPaym"
           xlink:label="de-gaap-ci_bs.ass.fixAss.tan.inConstrAdvPaym"/>
      <loc xlink:type="locator"
           xlink:href="de-gaap-ci-2018-04-01.xsd#de-gaap-ci_bs.ass.fixAss.tan.inConstrAdvPaym.equipmUnderConstr"
           xlink:label="de-gaap-ci_bs.ass.fixAss.tan.inConstrAdvPaym.equipmUnderConstr"/>
      <loc xlink:type="locator"
           xlink:href="de-gaap-ci-2018-04-01.xsd#de-gaap-ci_bs.ass.fixAss.tan.inConstrAdvPaymOtherForeign"
           xlink:label="de-gaap-ci_bs.ass.fixAss.tan.inConstrAdvPaymOtherForeign"/>
      <loc xlink:type="locator"
           xlink:href="de-gaap-ci-2018-04-01.xsd#de-gaap-ci_bs.ass.fixAss.tan.inConstrAdvPaym.buildingUnderConstr"
           xlink:label="de-gaap-ci_bs.ass.fixAss.tan.inConstrAdvPaym.buildingUnderConstr"/>
      <loc xlink:type="locator"
           xlink:href="de-gaap-ci-2018-04-01.xsd#de-gaap-ci_bs.ass.fixAss.tan.inConstrAdvPaym.advPaym"
           xlink:label="de-gaap-ci_bs.ass.fixAss.tan.inConstrAdvPaym.advPaym"/>
      <loc xlink:type="locator"
           xlink:href="de-gaap-ci-2018-04-01.xsd#de-gaap-ci_bs.ass.fixAss.tan.otherEquipm"
           xlink:label="de-gaap-ci_bs.ass.fixAss.tan.otherEquipm"/>
      <loc xlink:type="locator"
           xlink:href="de-gaap-ci-2018-04-01.xsd#de-gaap-ci_bs.ass.fixAss.tan.otherEquipm.gwg"
           xlink:label="de-gaap-ci_bs.ass.fixAss.tan.otherEquipm.gwg"/>
      <loc xlink:type="locator"
           xlink:href="de-gaap-ci-2018-04-01.xsd#de-gaap-ci_bs.ass.fixAss.tan.otherEquipm.office"
           xlink:label="de-gaap-ci_bs.ass.fixAss.tan.otherEquipm.office"/>
      <loc xlink:type="locator"
           xlink:href="de-gaap-ci-2018-04-01.xsd#de-gaap-ci_bs.ass.fixAss.tan.otherEquipm.other"
           xlink:label="de-gaap-ci_bs.ass.fixAss.tan.otherEquipm.other"/>
      <loc xlink:type="locator"
           xlink:href="de-gaap-ci-2018-04-01.xsd#de-gaap-ci_bs.ass.fixAss.tan.otherEquipm.gwgsammelposten"
           xlink:label="de-gaap-ci_bs.ass.fixAss.tan.otherEquipm.gwgsammelposten"/>
      <loc xlink:type="locator"
           xlink:href="de-gaap-ci-2018-04-01.xsd#de-gaap-ci_bs.ass.fixAss.tan.otherEquipm.otherbga"
           xlink:label="de-gaap-ci_bs.ass.fixAss.tan.otherEquipm.otherbga"/>
      <loc xlink:type="locator"
           xlink:href="de-gaap-ci-2018-04-01.xsd#de-gaap-ci_bs.ass.fixAss.tan.otherEquipm.factory"
           xlink:label="de-gaap-ci_bs.ass.fixAss.tan.otherEquipm.factory"/>
      <loc xlink:type="locator"
           xlink:href="de-gaap-ci-2018-04-01.xsd#de-gaap-ci_bs.ass.fixAss.tan.otherEquipmOtherForeign"
           xlink:label="de-gaap-ci_bs.ass.fixAss.tan.otherEquipmOtherForeign"/>
      <loc xlink:type="locator"
           xlink:href="de-gaap-ci-2018-04-01.xsd#de-gaap-ci_bs.ass.fixAss.tan.landBuildings"
           xlink:label="de-gaap-ci_bs.ass.fixAss.tan.landBuildings"/>
      <loc xlink:type="locator"
           xlink:href="de-gaap-ci-2018-04-01.xsd#de-gaap-ci_bs.ass.fixAss.tan.landBuildingsOtherForeign"
           xlink:label="de-gaap-ci_bs.ass.fixAss.tan.landBuildingsOtherForeign"/>
      <loc xlink:type="locator"
           xlink:href="de-gaap-ci-2018-04-01.xsd#de-gaap-ci_bs.ass.fixAss.tan.landBuildings.landWithoutBuildings"
           xlink:label="de-gaap-ci_bs.ass.fixAss.tan.landBuildings.landWithoutBuildings"/>
      <loc xlink:type="locator"
           xlink:href="de-gaap-ci-2018-04-01.xsd#de-gaap-ci_bs.ass.fixAss.tan.landBuildings.buildingsOnOwnLand"
           xlink:label="de-gaap-ci_bs.ass.fixAss.tan.landBuildings.buildingsOnOwnLand"/>
      <loc xlink:type="locator"
           xlink:href="de-gaap-ci-2018-04-01.xsd#de-gaap-ci_bs.ass.fixAss.tan.landBuildings.buildingsOnOwnLand.landValueShare"
           xlink:label="de-gaap-ci_bs.ass.fixAss.tan.landBuildings.buildingsOnOwnLand.landValueShare"/>
      <loc xlink:type="locator"
           xlink:href="de-gaap-ci-2018-04-01.xsd#de-gaap-ci_bs.ass.fixAss.tan.landBuildings.other"
           xlink:label="de-gaap-ci_bs.ass.fixAss.tan.landBuildings.other"/>
      <loc xlink:type="locator"
           xlink:href="de-gaap-ci-2018-04-01.xsd#de-gaap-ci_bs.ass.fixAss.tan.landBuildings.rightEquivalentToLandWithoutBuildings"
           xlink:label="de-gaap-ci_bs.ass.fixAss.tan.landBuildings.rightEquivalentToLandWithoutBuildings"/>
      <loc xlink:type="locator"
           xlink:href="de-gaap-ci-2018-04-01.xsd#de-gaap-ci_bs.ass.fixAss.tan.landBuildings.costAllocItem"
           xlink:label="de-gaap-ci_bs.ass.fixAss.tan.landBuildings.costAllocItem"/>
      <loc xlink:type="locator"
           xlink:href="de-gaap-ci-2018-04-01.xsd#de-gaap-ci_bs.ass.fixAss.tan.landBuildings.buildingsOnNonOwnedLand"
           xlink:label="de-gaap-ci_bs.ass.fixAss.tan.landBuildings.buildingsOnNonOwnedLand"/>
      <loc xlink:type="locator"
           xlink:href="de-gaap-ci-2018-04-01.xsd#de-gaap-ci_bs.ass.fixAss.intan"
           xlink:label="de-gaap-ci_bs.ass.fixAss.intan"/>
      <loc xlink:type="locator"
           xlink:href="de-gaap-ci-2018-04-01.xsd#de-gaap-ci_bs.ass.fixAss.intan.goodwill"
           xlink:label="de-gaap-ci_bs.ass.fixAss.intan.goodwill"/>
      <loc xlink:type="locator"
           xlink:href="de-gaap-ci-2018-04-01.xsd#de-gaap-ci_bs.ass.fixAss.intan.goodwill.fromConsolidation"
           xlink:label="de-gaap-ci_bs.ass.fixAss.intan.goodwill.fromConsolidation"/>
      <loc xlink:type="locator"
           xlink:href="de-gaap-ci-2018-04-01.xsd#de-gaap-ci_bs.ass.fixAss.intan.goodwillOtherForeign"
           xlink:label="de-gaap-ci_bs.ass.fixAss.intan.goodwillOtherForeign"/>
      <loc xlink:type="locator"
           xlink:href="de-gaap-ci-2018-04-01.xsd#de-gaap-ci_bs.ass.fixAss.intan.goodwill.purchased"
           xlink:label="de-gaap-ci_bs.ass.fixAss.intan.goodwill.purchased"/>
      <loc xlink:type="locator"
           xlink:href="de-gaap-ci-2018-04-01.xsd#de-gaap-ci_bs.ass.fixAss.intan.advPaym"
           xlink:label="de-gaap-ci_bs.ass.fixAss.intan.advPaym"/>
      <loc xlink:type="locator"
           xlink:href="de-gaap-ci-2018-04-01.xsd#de-gaap-ci_bs.ass.fixAss.intan.other"
           xlink:label="de-gaap-ci_bs.ass.fixAss.intan.other"/>
      <loc xlink:type="locator"
           xlink:href="de-gaap-ci-2018-04-01.xsd#de-gaap-ci_bs.ass.fixAss.intan.concessionBrands"
           xlink:label="de-gaap-ci_bs.ass.fixAss.intan.concessionBrands"/>
      <loc xlink:type="locator"
           xlink:href="de-gaap-ci-2018-04-01.xsd#de-gaap-ci_bs.ass.fixAss.intan.concessionBrandsOtherForeign"
           xlink:label="de-gaap-ci_bs.ass.fixAss.intan.concessionBrandsOtherForeign"/>
      <loc xlink:type="locator"
           xlink:href="de-gaap-ci-2018-04-01.xsd#de-gaap-ci_bs.ass.fixAss.intan.concessionBrands.other"
           xlink:label="de-gaap-ci_bs.ass.fixAss.intan.concessionBrands.other"/>
      <loc xlink:type="locator"
           xlink:href="de-gaap-ci-2018-04-01.xsd#de-gaap-ci_bs.ass.fixAss.intan.concessionBrands.software"
           xlink:label="de-gaap-ci_bs.ass.fixAss.intan.concessionBrands.software"/>
      <loc xlink:type="locator"
           xlink:href="de-gaap-ci-2018-04-01.xsd#de-gaap-ci_bs.ass.fixAss.intan.concessionBrands.concession"
           xlink:label="de-gaap-ci_bs.ass.fixAss.intan.concessionBrands.concession"/>
      <loc xlink:type="locator"
           xlink:href="de-gaap-ci-2018-04-01.xsd#de-gaap-ci_bs.ass.fixAss.intan.concessionBrands.tradeMarks"
           xlink:label="de-gaap-ci_bs.ass.fixAss.intan.concessionBrands.tradeMarks"/>
      <loc xlink:type="locator"
           xlink:href="de-gaap-ci-2018-04-01.xsd#de-gaap-ci_bs.ass.fixAss.intan.concessionBrands.licenses"
           xlink:label="de-gaap-ci_bs.ass.fixAss.intan.concessionBrands.licenses"/>
      <loc xlink:type="locator"
           xlink:href="de-gaap-ci-2018-04-01.xsd#de-gaap-ci_bs.ass.fixAss.intan.freeConcession"
           xlink:label="de-gaap-ci_bs.ass.fixAss.intan.freeConcession"/>
      <loc xlink:type="locator"
           xlink:href="de-gaap-ci-2018-04-01.xsd#de-gaap-ci_bs.ass.fixAss.intan.freeConcession.otherForeign"
           xlink:label="de-gaap-ci_bs.ass.fixAss.intan.freeConcession.otherForeign"/>
      <loc xlink:type="locator"
           xlink:href="de-gaap-ci-2018-04-01.xsd#de-gaap-ci_bs.ass.fixAss.intan.freeConcession.otherRight"
           xlink:label="de-gaap-ci_bs.ass.fixAss.intan.freeConcession.otherRight"/>
      <loc xlink:type="locator"
           xlink:href="de-gaap-ci-2018-04-01.xsd#de-gaap-ci_bs.ass.fixAss.intan.freeConcession.concession"
           xlink:label="de-gaap-ci_bs.ass.fixAss.intan.freeConcession.concession"/>
      <loc xlink:type="locator"
           xlink:href="de-gaap-ci-2018-04-01.xsd#de-gaap-ci_bs.ass.fixAss.intan.freeConcession.licenses"
           xlink:label="de-gaap-ci_bs.ass.fixAss.intan.freeConcession.licenses"/>
      <loc xlink:type="locator"
           xlink:href="de-gaap-ci-2018-04-01.xsd#de-gaap-ci_bs.ass.fixAss.intan.freeConcession.propertyRight"
           xlink:label="de-gaap-ci_bs.ass.fixAss.intan.freeConcession.propertyRight"/>
      <loc xlink:type="locator"
           xlink:href="de-gaap-ci-2018-04-01.xsd#de-gaap-ci_bs.ass.fixAss.intan.freeConcession.software"
           xlink:label="de-gaap-ci_bs.ass.fixAss.intan.freeConcession.software"/>
      <loc xlink:type="locator"
           xlink:href="de-gaap-ci-2018-04-01.xsd#de-gaap-ci_bs.ass.fixAss.intan.freeAndPaidConcession"
           xlink:label="de-gaap-ci_bs.ass.fixAss.intan.freeAndPaidConcession"/>
      <loc xlink:type="locator"
           xlink:href="de-gaap-ci-2018-04-01.xsd#de-gaap-ci_bs.ass.fixAss.intan.freeAndPaidConcession.otherForeign"
           xlink:label="de-gaap-ci_bs.ass.fixAss.intan.freeAndPaidConcession.otherForeign"/>
      <loc xlink:type="locator"
           xlink:href="de-gaap-ci-2018-04-01.xsd#de-gaap-ci_bs.ass.fixAss.intan.freeAndPaidConcession.otherForeign.free"
           xlink:label="de-gaap-ci_bs.ass.fixAss.intan.freeAndPaidConcession.otherForeign.free"/>
      <loc xlink:type="locator"
           xlink:href="de-gaap-ci-2018-04-01.xsd#de-gaap-ci_bs.ass.fixAss.intan.freeAndPaidConcession.propertyRight"
           xlink:label="de-gaap-ci_bs.ass.fixAss.intan.freeAndPaidConcession.propertyRight"/>
      <loc xlink:type="locator"
           xlink:href="de-gaap-ci-2018-04-01.xsd#de-gaap-ci_bs.ass.fixAss.intan.freeAndPaidConcession.propertyRight.free"
           xlink:label="de-gaap-ci_bs.ass.fixAss.intan.freeAndPaidConcession.propertyRight.free"/>
      <loc xlink:type="locator"
           xlink:href="de-gaap-ci-2018-04-01.xsd#de-gaap-ci_bs.ass.fixAss.intan.freeAndPaidConcession.software"
           xlink:label="de-gaap-ci_bs.ass.fixAss.intan.freeAndPaidConcession.software"/>
      <loc xlink:type="locator"
           xlink:href="de-gaap-ci-2018-04-01.xsd#de-gaap-ci_bs.ass.fixAss.intan.freeAndPaidConcession.software.free"
           xlink:label="de-gaap-ci_bs.ass.fixAss.intan.freeAndPaidConcession.software.free"/>
      <loc xlink:type="locator"
           xlink:href="de-gaap-ci-2018-04-01.xsd#de-gaap-ci_bs.ass.fixAss.intan.freeAndPaidConcession.free"
           xlink:label="de-gaap-ci_bs.ass.fixAss.intan.freeAndPaidConcession.free"/>
      <loc xlink:type="locator"
           xlink:href="de-gaap-ci-2018-04-01.xsd#de-gaap-ci_bs.ass.fixAss.intan.freeAndPaidConcession.concession"
           xlink:label="de-gaap-ci_bs.ass.fixAss.intan.freeAndPaidConcession.concession"/>
      <loc xlink:type="locator"
           xlink:href="de-gaap-ci-2018-04-01.xsd#de-gaap-ci_bs.ass.fixAss.intan.freeAndPaidConcession.concession.free"
           xlink:label="de-gaap-ci_bs.ass.fixAss.intan.freeAndPaidConcession.concession.free"/>
      <loc xlink:type="locator"
           xlink:href="de-gaap-ci-2018-04-01.xsd#de-gaap-ci_bs.ass.fixAss.intan.freeAndPaidConcession.otherRight"
           xlink:label="de-gaap-ci_bs.ass.fixAss.intan.freeAndPaidConcession.otherRight"/>
      <loc xlink:type="locator"
           xlink:href="de-gaap-ci-2018-04-01.xsd#de-gaap-ci_bs.ass.fixAss.intan.freeAndPaidConcession.otherRight.free"
           xlink:label="de-gaap-ci_bs.ass.fixAss.intan.freeAndPaidConcession.otherRight.free"/>
      <loc xlink:type="locator"
           xlink:href="de-gaap-ci-2018-04-01.xsd#de-gaap-ci_bs.ass.fixAss.intan.freeAndPaidConcession.licenses"
           xlink:label="de-gaap-ci_bs.ass.fixAss.intan.freeAndPaidConcession.licenses"/>
      <loc xlink:type="locator"
           xlink:href="de-gaap-ci-2018-04-01.xsd#de-gaap-ci_bs.ass.fixAss.intan.freeAndPaidConcession.licenses.free"
           xlink:label="de-gaap-ci_bs.ass.fixAss.intan.freeAndPaidConcession.licenses.free"/>
      <loc xlink:type="locator"
           xlink:href="de-gaap-ci-2018-04-01.xsd#de-gaap-ci_bs.ass.fixAss.intan.selfmade"
           xlink:label="de-gaap-ci_bs.ass.fixAss.intan.selfmade"/>
      <loc xlink:type="locator"
           xlink:href="de-gaap-ci-2018-04-01.xsd#de-gaap-ci_bs.ass.fixAss.intan.selfmade.finished"
           xlink:label="de-gaap-ci_bs.ass.fixAss.intan.selfmade.finished"/>
      <loc xlink:type="locator"
           xlink:href="de-gaap-ci-2018-04-01.xsd#de-gaap-ci_bs.ass.fixAss.intan.selfmade.underConstr"
           xlink:label="de-gaap-ci_bs.ass.fixAss.intan.selfmade.underConstr"/>
      <loc xlink:type="locator"
           xlink:href="de-gaap-ci-2018-04-01.xsd#de-gaap-ci_bs.ass.fixAss.intan.development"
           xlink:label="de-gaap-ci_bs.ass.fixAss.intan.development"/>
      <presentationArc xlink:from="de-gaap-ci_bs.ass.fixAss" xlink:to="de-gaap-ci_bs.ass.fixAss.fin"
                       order="3"
                       xlink:arcrole="http://www.xbrl.org/2003/arcrole/parent-child"
                       xlink:type="arc"/>
      <presentationArc xlink:from="de-gaap-ci_bs.ass.fixAss.fin"
                       xlink:to="de-gaap-ci_bs.ass.fixAss.fin.otherFinAss"
                       order="8"
                       xlink:arcrole="http://www.xbrl.org/2003/arcrole/parent-child"
                       xlink:type="arc"/>
      <presentationArc xlink:from="de-gaap-ci_bs.ass.fixAss.fin.otherFinAss"
                       xlink:to="de-gaap-ci_bs.ass.fixAss.fin.otherFinAss.silent"
                       order="4"
                       xlink:arcrole="http://www.xbrl.org/2003/arcrole/parent-child"
                       xlink:type="arc"/>
      <presentationArc xlink:from="de-gaap-ci_bs.ass.fixAss.fin.otherFinAss"
                       xlink:to="de-gaap-ci_bs.ass.fixAss.fin.otherFinAss.coopShares"
                       order="2"
                       xlink:arcrole="http://www.xbrl.org/2003/arcrole/parent-child"
                       xlink:type="arc"/>
      <presentationArc xlink:from="de-gaap-ci_bs.ass.fixAss.fin.otherFinAss"
                       xlink:to="de-gaap-ci_bs.ass.fixAss.fin.otherFinAss.other"
                       order="5"
                       xlink:arcrole="http://www.xbrl.org/2003/arcrole/parent-child"
                       xlink:type="arc"/>
      <presentationArc xlink:from="de-gaap-ci_bs.ass.fixAss.fin.otherFinAss"
                       xlink:to="de-gaap-ci_bs.ass.fixAss.fin.otherFinAss.reInsurClaim"
                       order="3"
                       xlink:arcrole="http://www.xbrl.org/2003/arcrole/parent-child"
                       xlink:type="arc"/>
      <presentationArc xlink:from="de-gaap-ci_bs.ass.fixAss.fin.otherFinAss"
                       xlink:to="de-gaap-ci_bs.ass.fixAss.fin.otherFinAss.profSharRights"
                       order="1"
                       xlink:arcrole="http://www.xbrl.org/2003/arcrole/parent-child"
                       xlink:type="arc"/>
      <presentationArc xlink:from="de-gaap-ci_bs.ass.fixAss.fin"
                       xlink:to="de-gaap-ci_bs.ass.fixAss.fin.loansToParticip"
                       order="5"
                       xlink:arcrole="http://www.xbrl.org/2003/arcrole/parent-child"
                       xlink:type="arc"/>
      <presentationArc xlink:from="de-gaap-ci_bs.ass.fixAss.fin.loansToParticip"
                       xlink:to="de-gaap-ci_bs.ass.fixAss.fin.loansToParticip.other"
                       order="3"
                       xlink:arcrole="http://www.xbrl.org/2003/arcrole/parent-child"
                       xlink:type="arc"/>
      <presentationArc xlink:from="de-gaap-ci_bs.ass.fixAss.fin.loansToParticip"
                       xlink:to="de-gaap-ci_bs.ass.fixAss.fin.loansToParticip.assoc"
                       order="0.3"
                       xlink:arcrole="http://www.xbrl.org/2003/arcrole/parent-child"
                       xlink:type="arc"/>
      <presentationArc xlink:from="de-gaap-ci_bs.ass.fixAss.fin.loansToParticip"
                       xlink:to="de-gaap-ci_bs.ass.fixAss.fin.loansToParticip.partnerships"
                       order="1"
                       xlink:arcrole="http://www.xbrl.org/2003/arcrole/parent-child"
                       xlink:type="arc"/>
      <presentationArc xlink:from="de-gaap-ci_bs.ass.fixAss.fin.loansToParticip"
                       xlink:to="de-gaap-ci_bs.ass.fixAss.fin.loansToParticip.corporations"
                       order="2"
                       xlink:arcrole="http://www.xbrl.org/2003/arcrole/parent-child"
                       xlink:type="arc"/>
      <presentationArc xlink:from="de-gaap-ci_bs.ass.fixAss.fin.loansToParticip"
                       xlink:to="de-gaap-ci_bs.ass.fixAss.fin.loansToParticip.jointVent"
                       order="0.4"
                       xlink:arcrole="http://www.xbrl.org/2003/arcrole/parent-child"
                       xlink:type="arc"/>
      <presentationArc xlink:from="de-gaap-ci_bs.ass.fixAss.fin.loansToParticip"
                       xlink:to="de-gaap-ci_bs.ass.fixAss.fin.loansToParticip.parentComp"
                       order="0.1"
                       xlink:arcrole="http://www.xbrl.org/2003/arcrole/parent-child"
                       xlink:type="arc"/>
      <presentationArc xlink:from="de-gaap-ci_bs.ass.fixAss.fin.loansToParticip"
                       xlink:to="de-gaap-ci_bs.ass.fixAss.fin.loansToParticip.subsidiaries"
                       order="0.2"
                       xlink:arcrole="http://www.xbrl.org/2003/arcrole/parent-child"
                       xlink:type="arc"/>
      <presentationArc xlink:from="de-gaap-ci_bs.ass.fixAss.fin.loansToParticip"
                       xlink:to="de-gaap-ci_bs.ass.fixAss.fin.loansToParticipOtherForeign"
                       order="4"
                       xlink:arcrole="http://www.xbrl.org/2003/arcrole/parent-child"
                       xlink:type="arc"/>
      <presentationArc xlink:from="de-gaap-ci_bs.ass.fixAss.fin"
                       xlink:to="de-gaap-ci_bs.ass.fixAss.fin.assoc"
                       order="3.5"
                       xlink:arcrole="http://www.xbrl.org/2003/arcrole/parent-child"
                       xlink:type="arc"/>
      <presentationArc xlink:from="de-gaap-ci_bs.ass.fixAss.fin"
                       xlink:to="de-gaap-ci_bs.ass.fixAss.fin.sharesInAffil"
                       order="1"
                       xlink:arcrole="http://www.xbrl.org/2003/arcrole/parent-child"
                       xlink:type="arc"/>
      <presentationArc xlink:from="de-gaap-ci_bs.ass.fixAss.fin.sharesInAffil"
                       xlink:to="de-gaap-ci_bs.ass.fixAss.fin.sharesInAffil.subsidiaries"
                       order="2"
                       xlink:arcrole="http://www.xbrl.org/2003/arcrole/parent-child"
                       xlink:type="arc"/>
      <presentationArc xlink:from="de-gaap-ci_bs.ass.fixAss.fin.sharesInAffil"
                       xlink:to="de-gaap-ci_bs.ass.fixAss.fin.sharesInAffil.partnerships"
                       order="0.5"
                       xlink:arcrole="http://www.xbrl.org/2003/arcrole/parent-child"
                       xlink:type="arc"/>
      <presentationArc xlink:from="de-gaap-ci_bs.ass.fixAss.fin.sharesInAffil"
                       xlink:to="de-gaap-ci_bs.ass.fixAss.fin.sharesInAffil.generalPartners"
                       order="1.5"
                       xlink:arcrole="http://www.xbrl.org/2003/arcrole/parent-child"
                       xlink:type="arc"/>
      <presentationArc xlink:from="de-gaap-ci_bs.ass.fixAss.fin.sharesInAffil"
                       xlink:to="de-gaap-ci_bs.ass.fixAss.fin.sharesInAffil.other"
                       order="0.7"
                       xlink:arcrole="http://www.xbrl.org/2003/arcrole/parent-child"
                       xlink:type="arc"/>
      <presentationArc xlink:from="de-gaap-ci_bs.ass.fixAss.fin.sharesInAffil"
                       xlink:to="de-gaap-ci_bs.ass.fixAss.fin.sharesInAffil.corporations"
                       order="0.6"
                       xlink:arcrole="http://www.xbrl.org/2003/arcrole/parent-child"
                       xlink:type="arc"/>
      <presentationArc xlink:from="de-gaap-ci_bs.ass.fixAss.fin.sharesInAffil"
                       xlink:to="de-gaap-ci_bs.ass.fixAss.fin.sharesInAffil.parentComp"
                       order="1"
                       xlink:arcrole="http://www.xbrl.org/2003/arcrole/parent-child"
                       xlink:type="arc"/>
      <presentationArc xlink:from="de-gaap-ci_bs.ass.fixAss.fin.sharesInAffil"
                       xlink:to="de-gaap-ci_bs.ass.fixAss.fin.sharesInAffilOtherForeign"
                       order="3"
                       xlink:arcrole="http://www.xbrl.org/2003/arcrole/parent-child"
                       xlink:type="arc"/>
      <presentationArc xlink:from="de-gaap-ci_bs.ass.fixAss.fin"
                       xlink:to="de-gaap-ci_bs.ass.fixAss.fin.loansToAffil"
                       order="3"
                       xlink:arcrole="http://www.xbrl.org/2003/arcrole/parent-child"
                       xlink:type="arc"/>
      <presentationArc xlink:from="de-gaap-ci_bs.ass.fixAss.fin.loansToAffil"
                       xlink:to="de-gaap-ci_bs.ass.fixAss.fin.loansToAffil.corporations"
                       order="2"
                       xlink:arcrole="http://www.xbrl.org/2003/arcrole/parent-child"
                       xlink:type="arc"/>
      <presentationArc xlink:from="de-gaap-ci_bs.ass.fixAss.fin.loansToAffil"
                       xlink:to="de-gaap-ci_bs.ass.fixAss.fin.loansToAffil.parentComp"
                       order="3"
                       xlink:arcrole="http://www.xbrl.org/2003/arcrole/parent-child"
                       xlink:type="arc"/>
      <presentationArc xlink:from="de-gaap-ci_bs.ass.fixAss.fin.loansToAffil"
                       xlink:to="de-gaap-ci_bs.ass.fixAss.fin.loansToAffil.partnerships"
                       order="1"
                       xlink:arcrole="http://www.xbrl.org/2003/arcrole/parent-child"
                       xlink:type="arc"/>
      <presentationArc xlink:from="de-gaap-ci_bs.ass.fixAss.fin.loansToAffil"
                       xlink:to="de-gaap-ci_bs.ass.fixAss.fin.loansToAffil.subsidiaries"
                       order="4"
                       xlink:arcrole="http://www.xbrl.org/2003/arcrole/parent-child"
                       xlink:type="arc"/>
      <presentationArc xlink:from="de-gaap-ci_bs.ass.fixAss.fin.loansToAffil"
                       xlink:to="de-gaap-ci_bs.ass.fixAss.fin.loansToAffilOtherForeign"
                       order="5"
                       xlink:arcrole="http://www.xbrl.org/2003/arcrole/parent-child"
                       xlink:type="arc"/>
      <presentationArc xlink:from="de-gaap-ci_bs.ass.fixAss.fin.loansToAffil"
                       xlink:to="de-gaap-ci_bs.ass.fixAss.fin.loansToAffil.other"
                       order="2.6"
                       xlink:arcrole="http://www.xbrl.org/2003/arcrole/parent-child"
                       xlink:type="arc"/>
      <presentationArc xlink:from="de-gaap-ci_bs.ass.fixAss.fin.loansToAffil"
                       xlink:to="de-gaap-ci_bs.ass.fixAss.fin.loansToAffil.soleProprietor"
                       order="2.5"
                       xlink:arcrole="http://www.xbrl.org/2003/arcrole/parent-child"
                       xlink:type="arc"/>
      <presentationArc xlink:from="de-gaap-ci_bs.ass.fixAss.fin"
                       xlink:to="de-gaap-ci_bs.ass.fixAss.fin.otherLoans"
                       order="7"
                       xlink:arcrole="http://www.xbrl.org/2003/arcrole/parent-child"
                       xlink:type="arc"/>
      <presentationArc xlink:from="de-gaap-ci_bs.ass.fixAss.fin.otherLoans"
                       xlink:to="de-gaap-ci_bs.ass.fixAss.fin.otherLoans.employees"
                       order="1"
                       xlink:arcrole="http://www.xbrl.org/2003/arcrole/parent-child"
                       xlink:type="arc"/>
      <presentationArc xlink:from="de-gaap-ci_bs.ass.fixAss.fin.otherLoans"
                       xlink:to="de-gaap-ci_bs.ass.fixAss.fin.otherLoansOtherForeign"
                       order="3"
                       xlink:arcrole="http://www.xbrl.org/2003/arcrole/parent-child"
                       xlink:type="arc"/>
      <presentationArc xlink:from="de-gaap-ci_bs.ass.fixAss.fin.otherLoans"
                       xlink:to="de-gaap-ci_bs.ass.fixAss.fin.otherLoans.other"
                       order="2"
                       xlink:arcrole="http://www.xbrl.org/2003/arcrole/parent-child"
                       xlink:type="arc"/>
      <presentationArc xlink:from="de-gaap-ci_bs.ass.fixAss.fin"
                       xlink:to="de-gaap-ci_bs.ass.fixAss.fin.loansToSharehold"
                       order="2"
                       xlink:arcrole="http://www.xbrl.org/2003/arcrole/parent-child"
                       xlink:type="arc"/>
      <presentationArc xlink:from="de-gaap-ci_bs.ass.fixAss.fin.loansToSharehold"
                       xlink:to="de-gaap-ci_bs.ass.fixAss.fin.loansToSharehold.limitedLiable"
                       order="3"
                       xlink:arcrole="http://www.xbrl.org/2003/arcrole/parent-child"
                       xlink:type="arc"/>
      <presentationArc xlink:from="de-gaap-ci_bs.ass.fixAss.fin.loansToSharehold"
                       xlink:to="de-gaap-ci_bs.ass.fixAss.fin.loansToSharehold.misc"
                       order="4"
                       xlink:arcrole="http://www.xbrl.org/2003/arcrole/parent-child"
                       xlink:type="arc"/>
      <presentationArc xlink:from="de-gaap-ci_bs.ass.fixAss.fin.loansToSharehold"
                       xlink:to="de-gaap-ci_bs.ass.fixAss.fin.loansToSharehold.unlimitedLiable"
                       order="2"
                       xlink:arcrole="http://www.xbrl.org/2003/arcrole/parent-child"
                       xlink:type="arc"/>
      <presentationArc xlink:from="de-gaap-ci_bs.ass.fixAss.fin.loansToSharehold"
                       xlink:to="de-gaap-ci_bs.ass.fixAss.fin.loansToSharehold.gmbhSilent"
                       order="1"
                       xlink:arcrole="http://www.xbrl.org/2003/arcrole/parent-child"
                       xlink:type="arc"/>
      <presentationArc xlink:from="de-gaap-ci_bs.ass.fixAss.fin"
                       xlink:to="de-gaap-ci_bs.ass.fixAss.fin.securities"
                       order="6"
                       xlink:arcrole="http://www.xbrl.org/2003/arcrole/parent-child"
                       xlink:type="arc"/>
      <presentationArc xlink:from="de-gaap-ci_bs.ass.fixAss.fin.securities"
                       xlink:to="de-gaap-ci_bs.ass.fixAss.fin.securities.partCertificate"
                       order="3"
                       xlink:arcrole="http://www.xbrl.org/2003/arcrole/parent-child"
                       xlink:type="arc"/>
      <presentationArc xlink:from="de-gaap-ci_bs.ass.fixAss.fin.securities"
                       xlink:to="de-gaap-ci_bs.ass.fixAss.fin.securities.shares"
                       order="1"
                       xlink:arcrole="http://www.xbrl.org/2003/arcrole/parent-child"
                       xlink:type="arc"/>
      <presentationArc xlink:from="de-gaap-ci_bs.ass.fixAss.fin.securities"
                       xlink:to="de-gaap-ci_bs.ass.fixAss.fin.securities.mutInvestm"
                       order="4"
                       xlink:arcrole="http://www.xbrl.org/2003/arcrole/parent-child"
                       xlink:type="arc"/>
      <presentationArc xlink:from="de-gaap-ci_bs.ass.fixAss.fin.securities"
                       xlink:to="de-gaap-ci_bs.ass.fixAss.fin.securitiesOtherForeign"
                       order="9"
                       xlink:arcrole="http://www.xbrl.org/2003/arcrole/parent-child"
                       xlink:type="arc"/>
      <presentationArc xlink:from="de-gaap-ci_bs.ass.fixAss.fin.securities"
                       xlink:to="de-gaap-ci_bs.ass.fixAss.fin.securities.warrants"
                       order="2"
                       xlink:arcrole="http://www.xbrl.org/2003/arcrole/parent-child"
                       xlink:type="arc"/>
      <presentationArc xlink:from="de-gaap-ci_bs.ass.fixAss.fin.securities"
                       xlink:to="de-gaap-ci_bs.ass.fixAss.fin.securities.convertBond"
                       order="6"
                       xlink:arcrole="http://www.xbrl.org/2003/arcrole/parent-child"
                       xlink:type="arc"/>
      <presentationArc xlink:from="de-gaap-ci_bs.ass.fixAss.fin.securities"
                       xlink:to="de-gaap-ci_bs.ass.fixAss.fin.securities.bonds"
                       order="5"
                       xlink:arcrole="http://www.xbrl.org/2003/arcrole/parent-child"
                       xlink:type="arc"/>
      <presentationArc xlink:from="de-gaap-ci_bs.ass.fixAss.fin.securities"
                       xlink:to="de-gaap-ci_bs.ass.fixAss.fin.securities.other"
                       order="8"
                       xlink:arcrole="http://www.xbrl.org/2003/arcrole/parent-child"
                       xlink:type="arc"/>
      <presentationArc xlink:from="de-gaap-ci_bs.ass.fixAss.fin.securities"
                       xlink:to="de-gaap-ci_bs.ass.fixAss.fin.securities.securities"
                       order="7"
                       xlink:arcrole="http://www.xbrl.org/2003/arcrole/parent-child"
                       xlink:type="arc"/>
      <presentationArc xlink:from="de-gaap-ci_bs.ass.fixAss.fin"
                       xlink:to="de-gaap-ci_bs.ass.fixAss.fin.LoansToShareholder"
                       order="0.1"
                       xlink:arcrole="http://www.xbrl.org/2003/arcrole/parent-child"
                       xlink:type="arc"/>
      <presentationArc xlink:from="de-gaap-ci_bs.ass.fixAss.fin"
                       xlink:to="de-gaap-ci_bs.ass.fixAss.fin.particip"
                       order="4"
                       xlink:arcrole="http://www.xbrl.org/2003/arcrole/parent-child"
                       xlink:type="arc"/>
      <presentationArc xlink:from="de-gaap-ci_bs.ass.fixAss.fin.particip"
                       xlink:to="de-gaap-ci_bs.ass.fixAss.fin.particip.jointVent"
                       order="0.6"
                       xlink:arcrole="http://www.xbrl.org/2003/arcrole/parent-child"
                       xlink:type="arc"/>
      <presentationArc xlink:from="de-gaap-ci_bs.ass.fixAss.fin.particip"
                       xlink:to="de-gaap-ci_bs.ass.fixAss.fin.particip.other"
                       order="4"
                       xlink:arcrole="http://www.xbrl.org/2003/arcrole/parent-child"
                       xlink:type="arc"/>
      <presentationArc xlink:from="de-gaap-ci_bs.ass.fixAss.fin.particip"
                       xlink:to="de-gaap-ci_bs.ass.fixAss.fin.participOtherForeign"
                       order="5"
                       xlink:arcrole="http://www.xbrl.org/2003/arcrole/parent-child"
                       xlink:type="arc"/>
      <presentationArc xlink:from="de-gaap-ci_bs.ass.fixAss.fin.particip"
                       xlink:to="de-gaap-ci_bs.ass.fixAss.fin.particip.corporations"
                       order="2"
                       xlink:arcrole="http://www.xbrl.org/2003/arcrole/parent-child"
                       xlink:type="arc"/>
      <presentationArc xlink:from="de-gaap-ci_bs.ass.fixAss.fin.particip"
                       xlink:to="de-gaap-ci_bs.ass.fixAss.fin.particip.silent"
                       order="3"
                       xlink:arcrole="http://www.xbrl.org/2003/arcrole/parent-child"
                       xlink:type="arc"/>
      <presentationArc xlink:from="de-gaap-ci_bs.ass.fixAss.fin.particip.silent"
                       xlink:to="de-gaap-ci_bs.ass.fixAss.fin.particip.silent.atypical"
                       order="2"
                       xlink:arcrole="http://www.xbrl.org/2003/arcrole/parent-child"
                       xlink:type="arc"/>
      <presentationArc xlink:from="de-gaap-ci_bs.ass.fixAss.fin.particip.silent"
                       xlink:to="de-gaap-ci_bs.ass.fixAss.fin.particip.silent.typical"
                       order="1"
                       xlink:arcrole="http://www.xbrl.org/2003/arcrole/parent-child"
                       xlink:type="arc"/>
      <presentationArc xlink:from="de-gaap-ci_bs.ass.fixAss.fin.particip"
                       xlink:to="de-gaap-ci_bs.ass.fixAss.fin.particip.assoc"
                       order="0.5"
                       xlink:arcrole="http://www.xbrl.org/2003/arcrole/parent-child"
                       xlink:type="arc"/>
      <presentationArc xlink:from="de-gaap-ci_bs.ass.fixAss.fin.particip"
                       xlink:to="de-gaap-ci_bs.ass.fixAss.fin.particip.partnerships"
                       order="1"
                       xlink:arcrole="http://www.xbrl.org/2003/arcrole/parent-child"
                       xlink:type="arc"/>
      <presentationArc xlink:from="de-gaap-ci_bs.ass.fixAss.fin.particip"
                       xlink:to="de-gaap-ci_bs.ass.fixAss.fin.particip.generalPartners"
                       order="0.55"
                       xlink:arcrole="http://www.xbrl.org/2003/arcrole/parent-child"
                       xlink:type="arc"/>
      <presentationArc xlink:from="de-gaap-ci_bs.ass.fixAss" xlink:to="de-gaap-ci_bs.ass.fixAss.tan"
                       order="2"
                       xlink:arcrole="http://www.xbrl.org/2003/arcrole/parent-child"
                       xlink:type="arc"/>
      <presentationArc xlink:from="de-gaap-ci_bs.ass.fixAss.tan"
                       xlink:to="de-gaap-ci_bs.ass.fixAss.tan.branche_kfz"
                       order="3.5"
                       xlink:arcrole="http://www.xbrl.org/2003/arcrole/parent-child"
                       xlink:type="arc"/>
      <presentationArc xlink:from="de-gaap-ci_bs.ass.fixAss.tan.branche_kfz"
                       xlink:to="de-gaap-ci_bs.ass.fixAss.tan.branche_kfz.compCar"
                       order="1"
                       xlink:arcrole="http://www.xbrl.org/2003/arcrole/parent-child"
                       xlink:type="arc"/>
      <presentationArc xlink:from="de-gaap-ci_bs.ass.fixAss.tan.branche_kfz"
                       xlink:to="de-gaap-ci_bs.ass.fixAss.tan.branche_kfz.demoModel"
                       order="2"
                       xlink:arcrole="http://www.xbrl.org/2003/arcrole/parent-child"
                       xlink:type="arc"/>
      <presentationArc xlink:from="de-gaap-ci_bs.ass.fixAss.tan"
                       xlink:to="de-gaap-ci_bs.ass.fixAss.tan.machinery"
                       order="2"
                       xlink:arcrole="http://www.xbrl.org/2003/arcrole/parent-child"
                       xlink:type="arc"/>
      <presentationArc xlink:from="de-gaap-ci_bs.ass.fixAss.tan.machinery"
                       xlink:to="de-gaap-ci_bs.ass.fixAss.tan.machinery.gwgsammelposten"
                       order="6"
                       xlink:arcrole="http://www.xbrl.org/2003/arcrole/parent-child"
                       xlink:type="arc"/>
      <presentationArc xlink:from="de-gaap-ci_bs.ass.fixAss.tan.machinery"
                       xlink:to="de-gaap-ci_bs.ass.fixAss.tan.machinery.machinery"
                       order="2"
                       xlink:arcrole="http://www.xbrl.org/2003/arcrole/parent-child"
                       xlink:type="arc"/>
      <presentationArc xlink:from="de-gaap-ci_bs.ass.fixAss.tan.machinery"
                       xlink:to="de-gaap-ci_bs.ass.fixAss.tan.machinery.gwg"
                       order="5"
                       xlink:arcrole="http://www.xbrl.org/2003/arcrole/parent-child"
                       xlink:type="arc"/>
      <presentationArc xlink:from="de-gaap-ci_bs.ass.fixAss.tan.machinery"
                       xlink:to="de-gaap-ci_bs.ass.fixAss.tan.machinery.otherForeign"
                       order="8"
                       xlink:arcrole="http://www.xbrl.org/2003/arcrole/parent-child"
                       xlink:type="arc"/>
      <presentationArc xlink:from="de-gaap-ci_bs.ass.fixAss.tan.machinery"
                       xlink:to="de-gaap-ci_bs.ass.fixAss.tan.machinery.othermachinery"
                       order="7"
                       xlink:arcrole="http://www.xbrl.org/2003/arcrole/parent-child"
                       xlink:type="arc"/>
      <presentationArc xlink:from="de-gaap-ci_bs.ass.fixAss.tan.machinery"
                       xlink:to="de-gaap-ci_bs.ass.fixAss.tan.machinery.installations"
                       order="3"
                       xlink:arcrole="http://www.xbrl.org/2003/arcrole/parent-child"
                       xlink:type="arc"/>
      <presentationArc xlink:from="de-gaap-ci_bs.ass.fixAss.tan.machinery"
                       xlink:to="de-gaap-ci_bs.ass.fixAss.tan.machinery.spareParts"
                       order="4"
                       xlink:arcrole="http://www.xbrl.org/2003/arcrole/parent-child"
                       xlink:type="arc"/>
      <presentationArc xlink:from="de-gaap-ci_bs.ass.fixAss.tan.machinery"
                       xlink:to="de-gaap-ci_bs.ass.fixAss.tan.machinery.technEquipm"
                       order="1"
                       xlink:arcrole="http://www.xbrl.org/2003/arcrole/parent-child"
                       xlink:type="arc"/>
      <presentationArc xlink:from="de-gaap-ci_bs.ass.fixAss.tan"
                       xlink:to="de-gaap-ci_bs.ass.fixAss.tan.other"
                       order="5"
                       xlink:arcrole="http://www.xbrl.org/2003/arcrole/parent-child"
                       xlink:type="arc"/>
      <presentationArc xlink:from="de-gaap-ci_bs.ass.fixAss.tan.other"
                       xlink:to="de-gaap-ci_bs.ass.fixAss.tan.other.leasedAss"
                       order="1"
                       xlink:arcrole="http://www.xbrl.org/2003/arcrole/parent-child"
                       xlink:type="arc"/>
      <presentationArc xlink:from="de-gaap-ci_bs.ass.fixAss.tan.other"
                       xlink:to="de-gaap-ci_bs.ass.fixAss.tan.other.other"
                       order="2"
                       xlink:arcrole="http://www.xbrl.org/2003/arcrole/parent-child"
                       xlink:type="arc"/>
      <presentationArc xlink:from="de-gaap-ci_bs.ass.fixAss.tan"
                       xlink:to="de-gaap-ci_bs.ass.fixAss.tan.inConstrAdvPaym"
                       order="4"
                       xlink:arcrole="http://www.xbrl.org/2003/arcrole/parent-child"
                       xlink:type="arc"/>
      <presentationArc xlink:from="de-gaap-ci_bs.ass.fixAss.tan.inConstrAdvPaym"
                       xlink:to="de-gaap-ci_bs.ass.fixAss.tan.inConstrAdvPaym.equipmUnderConstr"
                       order="3"
                       xlink:arcrole="http://www.xbrl.org/2003/arcrole/parent-child"
                       xlink:type="arc"/>
      <presentationArc xlink:from="de-gaap-ci_bs.ass.fixAss.tan.inConstrAdvPaym"
                       xlink:to="de-gaap-ci_bs.ass.fixAss.tan.inConstrAdvPaymOtherForeign"
                       order="4"
                       xlink:arcrole="http://www.xbrl.org/2003/arcrole/parent-child"
                       xlink:type="arc"/>
      <presentationArc xlink:from="de-gaap-ci_bs.ass.fixAss.tan.inConstrAdvPaym"
                       xlink:to="de-gaap-ci_bs.ass.fixAss.tan.inConstrAdvPaym.buildingUnderConstr"
                       order="2"
                       xlink:arcrole="http://www.xbrl.org/2003/arcrole/parent-child"
                       xlink:type="arc"/>
      <presentationArc xlink:from="de-gaap-ci_bs.ass.fixAss.tan.inConstrAdvPaym"
                       xlink:to="de-gaap-ci_bs.ass.fixAss.tan.inConstrAdvPaym.advPaym"
                       order="1"
                       xlink:arcrole="http://www.xbrl.org/2003/arcrole/parent-child"
                       xlink:type="arc"/>
      <presentationArc xlink:from="de-gaap-ci_bs.ass.fixAss.tan"
                       xlink:to="de-gaap-ci_bs.ass.fixAss.tan.otherEquipm"
                       order="3"
                       xlink:arcrole="http://www.xbrl.org/2003/arcrole/parent-child"
                       xlink:type="arc"/>
      <presentationArc xlink:from="de-gaap-ci_bs.ass.fixAss.tan.otherEquipm"
                       xlink:to="de-gaap-ci_bs.ass.fixAss.tan.otherEquipm.gwg"
                       order="4"
                       xlink:arcrole="http://www.xbrl.org/2003/arcrole/parent-child"
                       xlink:type="arc"/>
      <presentationArc xlink:from="de-gaap-ci_bs.ass.fixAss.tan.otherEquipm"
                       xlink:to="de-gaap-ci_bs.ass.fixAss.tan.otherEquipm.office"
                       order="3"
                       xlink:arcrole="http://www.xbrl.org/2003/arcrole/parent-child"
                       xlink:type="arc"/>
      <presentationArc xlink:from="de-gaap-ci_bs.ass.fixAss.tan.otherEquipm"
                       xlink:to="de-gaap-ci_bs.ass.fixAss.tan.otherEquipm.other"
                       order="1"
                       xlink:arcrole="http://www.xbrl.org/2003/arcrole/parent-child"
                       xlink:type="arc"/>
      <presentationArc xlink:from="de-gaap-ci_bs.ass.fixAss.tan.otherEquipm"
                       xlink:to="de-gaap-ci_bs.ass.fixAss.tan.otherEquipm.gwgsammelposten"
                       order="5"
                       xlink:arcrole="http://www.xbrl.org/2003/arcrole/parent-child"
                       xlink:type="arc"/>
      <presentationArc xlink:from="de-gaap-ci_bs.ass.fixAss.tan.otherEquipm"
                       xlink:to="de-gaap-ci_bs.ass.fixAss.tan.otherEquipm.otherbga"
                       order="6"
                       xlink:arcrole="http://www.xbrl.org/2003/arcrole/parent-child"
                       xlink:type="arc"/>
      <presentationArc xlink:from="de-gaap-ci_bs.ass.fixAss.tan.otherEquipm"
                       xlink:to="de-gaap-ci_bs.ass.fixAss.tan.otherEquipm.factory"
                       order="2"
                       xlink:arcrole="http://www.xbrl.org/2003/arcrole/parent-child"
                       xlink:type="arc"/>
      <presentationArc xlink:from="de-gaap-ci_bs.ass.fixAss.tan.otherEquipm"
                       xlink:to="de-gaap-ci_bs.ass.fixAss.tan.otherEquipmOtherForeign"
                       order="7"
                       xlink:arcrole="http://www.xbrl.org/2003/arcrole/parent-child"
                       xlink:type="arc"/>
      <presentationArc xlink:from="de-gaap-ci_bs.ass.fixAss.tan"
                       xlink:to="de-gaap-ci_bs.ass.fixAss.tan.landBuildings"
                       order="1"
                       xlink:arcrole="http://www.xbrl.org/2003/arcrole/parent-child"
                       xlink:type="arc"/>
      <presentationArc xlink:from="de-gaap-ci_bs.ass.fixAss.tan.landBuildings"
                       xlink:to="de-gaap-ci_bs.ass.fixAss.tan.landBuildingsOtherForeign"
                       order="16"
                       xlink:arcrole="http://www.xbrl.org/2003/arcrole/parent-child"
                       xlink:type="arc"/>
      <presentationArc xlink:from="de-gaap-ci_bs.ass.fixAss.tan.landBuildings"
                       xlink:to="de-gaap-ci_bs.ass.fixAss.tan.landBuildings.landWithoutBuildings"
                       order="1"
                       xlink:arcrole="http://www.xbrl.org/2003/arcrole/parent-child"
                       xlink:type="arc"/>
      <presentationArc xlink:from="de-gaap-ci_bs.ass.fixAss.tan.landBuildings"
                       xlink:to="de-gaap-ci_bs.ass.fixAss.tan.landBuildings.buildingsOnOwnLand"
                       order="3"
                       xlink:arcrole="http://www.xbrl.org/2003/arcrole/parent-child"
                       xlink:type="arc"/>
      <presentationArc xlink:from="de-gaap-ci_bs.ass.fixAss.tan.landBuildings.buildingsOnOwnLand"
                       xlink:to="de-gaap-ci_bs.ass.fixAss.tan.landBuildings.buildingsOnOwnLand.landValueShare"
                       order="1"
                       xlink:arcrole="http://www.xbrl.org/2003/arcrole/parent-child"
                       xlink:type="arc"/>
      <presentationArc xlink:from="de-gaap-ci_bs.ass.fixAss.tan.landBuildings"
                       xlink:to="de-gaap-ci_bs.ass.fixAss.tan.landBuildings.other"
                       order="5"
                       xlink:arcrole="http://www.xbrl.org/2003/arcrole/parent-child"
                       xlink:type="arc"/>
      <presentationArc xlink:from="de-gaap-ci_bs.ass.fixAss.tan.landBuildings"
                       xlink:to="de-gaap-ci_bs.ass.fixAss.tan.landBuildings.rightEquivalentToLandWithoutBuildings"
                       order="2"
                       xlink:arcrole="http://www.xbrl.org/2003/arcrole/parent-child"
                       xlink:type="arc"/>
      <presentationArc xlink:from="de-gaap-ci_bs.ass.fixAss.tan.landBuildings"
                       xlink:to="de-gaap-ci_bs.ass.fixAss.tan.landBuildings.costAllocItem"
                       order="4.5"
                       xlink:arcrole="http://www.xbrl.org/2003/arcrole/parent-child"
                       xlink:type="arc"/>
      <presentationArc xlink:from="de-gaap-ci_bs.ass.fixAss.tan.landBuildings"
                       xlink:to="de-gaap-ci_bs.ass.fixAss.tan.landBuildings.buildingsOnNonOwnedLand"
                       order="4"
                       xlink:arcrole="http://www.xbrl.org/2003/arcrole/parent-child"
                       xlink:type="arc"/>
      <presentationArc xlink:from="de-gaap-ci_bs.ass.fixAss" xlink:to="de-gaap-ci_bs.ass.fixAss.intan"
                       order="1"
                       xlink:arcrole="http://www.xbrl.org/2003/arcrole/parent-child"
                       xlink:type="arc"/>
      <presentationArc xlink:from="de-gaap-ci_bs.ass.fixAss.intan"
                       xlink:to="de-gaap-ci_bs.ass.fixAss.intan.goodwill"
                       order="2"
                       xlink:arcrole="http://www.xbrl.org/2003/arcrole/parent-child"
                       xlink:type="arc"/>
      <presentationArc xlink:from="de-gaap-ci_bs.ass.fixAss.intan.goodwill"
                       xlink:to="de-gaap-ci_bs.ass.fixAss.intan.goodwill.fromConsolidation"
                       order="3"
                       xlink:arcrole="http://www.xbrl.org/2003/arcrole/parent-child"
                       xlink:type="arc"/>
      <presentationArc xlink:from="de-gaap-ci_bs.ass.fixAss.intan.goodwill"
                       xlink:to="de-gaap-ci_bs.ass.fixAss.intan.goodwillOtherForeign"
                       order="2"
                       xlink:arcrole="http://www.xbrl.org/2003/arcrole/parent-child"
                       xlink:type="arc"/>
      <presentationArc xlink:from="de-gaap-ci_bs.ass.fixAss.intan.goodwill"
                       xlink:to="de-gaap-ci_bs.ass.fixAss.intan.goodwill.purchased"
                       order="1"
                       xlink:arcrole="http://www.xbrl.org/2003/arcrole/parent-child"
                       xlink:type="arc"/>
      <presentationArc xlink:from="de-gaap-ci_bs.ass.fixAss.intan"
                       xlink:to="de-gaap-ci_bs.ass.fixAss.intan.advPaym"
                       order="3"
                       xlink:arcrole="http://www.xbrl.org/2003/arcrole/parent-child"
                       xlink:type="arc"/>
      <presentationArc xlink:from="de-gaap-ci_bs.ass.fixAss.intan"
                       xlink:to="de-gaap-ci_bs.ass.fixAss.intan.other"
                       order="4"
                       xlink:arcrole="http://www.xbrl.org/2003/arcrole/parent-child"
                       xlink:type="arc"/>
      <presentationArc xlink:from="de-gaap-ci_bs.ass.fixAss.intan"
                       xlink:to="de-gaap-ci_bs.ass.fixAss.intan.concessionBrands"
                       order="1"
                       xlink:arcrole="http://www.xbrl.org/2003/arcrole/parent-child"
                       xlink:type="arc"/>
      <presentationArc xlink:from="de-gaap-ci_bs.ass.fixAss.intan.concessionBrands"
                       xlink:to="de-gaap-ci_bs.ass.fixAss.intan.concessionBrandsOtherForeign"
                       order="6"
                       xlink:arcrole="http://www.xbrl.org/2003/arcrole/parent-child"
                       xlink:type="arc"/>
      <presentationArc xlink:from="de-gaap-ci_bs.ass.fixAss.intan.concessionBrands"
                       xlink:to="de-gaap-ci_bs.ass.fixAss.intan.concessionBrands.other"
                       order="3"
                       xlink:arcrole="http://www.xbrl.org/2003/arcrole/parent-child"
                       xlink:type="arc"/>
      <presentationArc xlink:from="de-gaap-ci_bs.ass.fixAss.intan.concessionBrands"
                       xlink:to="de-gaap-ci_bs.ass.fixAss.intan.concessionBrands.software"
                       order="4"
                       xlink:arcrole="http://www.xbrl.org/2003/arcrole/parent-child"
                       xlink:type="arc"/>
      <presentationArc xlink:from="de-gaap-ci_bs.ass.fixAss.intan.concessionBrands"
                       xlink:to="de-gaap-ci_bs.ass.fixAss.intan.concessionBrands.concession"
                       order="1"
                       xlink:arcrole="http://www.xbrl.org/2003/arcrole/parent-child"
                       xlink:type="arc"/>
      <presentationArc xlink:from="de-gaap-ci_bs.ass.fixAss.intan.concessionBrands"
                       xlink:to="de-gaap-ci_bs.ass.fixAss.intan.concessionBrands.tradeMarks"
                       order="2"
                       xlink:arcrole="http://www.xbrl.org/2003/arcrole/parent-child"
                       xlink:type="arc"/>
      <presentationArc xlink:from="de-gaap-ci_bs.ass.fixAss.intan.concessionBrands"
                       xlink:to="de-gaap-ci_bs.ass.fixAss.intan.concessionBrands.licenses"
                       order="5"
                       xlink:arcrole="http://www.xbrl.org/2003/arcrole/parent-child"
                       xlink:type="arc"/>
      <presentationArc xlink:from="de-gaap-ci_bs.ass.fixAss.intan"
                       xlink:to="de-gaap-ci_bs.ass.fixAss.intan.freeConcession"
                       order="1.5"
                       xlink:arcrole="http://www.xbrl.org/2003/arcrole/parent-child"
                       xlink:type="arc"/>
      <presentationArc xlink:from="de-gaap-ci_bs.ass.fixAss.intan.freeConcession"
                       xlink:to="de-gaap-ci_bs.ass.fixAss.intan.freeConcession.otherForeign"
                       order="6"
                       xlink:arcrole="http://www.xbrl.org/2003/arcrole/parent-child"
                       xlink:type="arc"/>
      <presentationArc xlink:from="de-gaap-ci_bs.ass.fixAss.intan.freeConcession"
                       xlink:to="de-gaap-ci_bs.ass.fixAss.intan.freeConcession.otherRight"
                       order="3"
                       xlink:arcrole="http://www.xbrl.org/2003/arcrole/parent-child"
                       xlink:type="arc"/>
      <presentationArc xlink:from="de-gaap-ci_bs.ass.fixAss.intan.freeConcession"
                       xlink:to="de-gaap-ci_bs.ass.fixAss.intan.freeConcession.concession"
                       order="1"
                       xlink:arcrole="http://www.xbrl.org/2003/arcrole/parent-child"
                       xlink:type="arc"/>
      <presentationArc xlink:from="de-gaap-ci_bs.ass.fixAss.intan.freeConcession"
                       xlink:to="de-gaap-ci_bs.ass.fixAss.intan.freeConcession.licenses"
                       order="5"
                       xlink:arcrole="http://www.xbrl.org/2003/arcrole/parent-child"
                       xlink:type="arc"/>
      <presentationArc xlink:from="de-gaap-ci_bs.ass.fixAss.intan.freeConcession"
                       xlink:to="de-gaap-ci_bs.ass.fixAss.intan.freeConcession.propertyRight"
                       order="2"
                       xlink:arcrole="http://www.xbrl.org/2003/arcrole/parent-child"
                       xlink:type="arc"/>
      <presentationArc xlink:from="de-gaap-ci_bs.ass.fixAss.intan.freeConcession"
                       xlink:to="de-gaap-ci_bs.ass.fixAss.intan.freeConcession.software"
                       order="4"
                       xlink:arcrole="http://www.xbrl.org/2003/arcrole/parent-child"
                       xlink:type="arc"/>
      <presentationArc xlink:from="de-gaap-ci_bs.ass.fixAss.intan"
                       xlink:to="de-gaap-ci_bs.ass.fixAss.intan.freeAndPaidConcession"
                       order="1.6"
                       xlink:arcrole="http://www.xbrl.org/2003/arcrole/parent-child"
                       xlink:type="arc"/>
      <presentationArc xlink:from="de-gaap-ci_bs.ass.fixAss.intan.freeAndPaidConcession"
                       xlink:to="de-gaap-ci_bs.ass.fixAss.intan.freeAndPaidConcession.otherForeign"
                       order="7"
                       xlink:arcrole="http://www.xbrl.org/2003/arcrole/parent-child"
                       xlink:type="arc"/>
      <presentationArc xlink:from="de-gaap-ci_bs.ass.fixAss.intan.freeAndPaidConcession.otherForeign"
                       xlink:to="de-gaap-ci_bs.ass.fixAss.intan.freeAndPaidConcession.otherForeign.free"
                       order="1"
                       xlink:arcrole="http://www.xbrl.org/2003/arcrole/parent-child"
                       xlink:type="arc"/>
      <presentationArc xlink:from="de-gaap-ci_bs.ass.fixAss.intan.freeAndPaidConcession"
                       xlink:to="de-gaap-ci_bs.ass.fixAss.intan.freeAndPaidConcession.propertyRight"
                       order="3"
                       xlink:arcrole="http://www.xbrl.org/2003/arcrole/parent-child"
                       xlink:type="arc"/>
      <presentationArc xlink:from="de-gaap-ci_bs.ass.fixAss.intan.freeAndPaidConcession.propertyRight"
                       xlink:to="de-gaap-ci_bs.ass.fixAss.intan.freeAndPaidConcession.propertyRight.free"
                       order="1"
                       xlink:arcrole="http://www.xbrl.org/2003/arcrole/parent-child"
                       xlink:type="arc"/>
      <presentationArc xlink:from="de-gaap-ci_bs.ass.fixAss.intan.freeAndPaidConcession"
                       xlink:to="de-gaap-ci_bs.ass.fixAss.intan.freeAndPaidConcession.software"
                       order="5"
                       xlink:arcrole="http://www.xbrl.org/2003/arcrole/parent-child"
                       xlink:type="arc"/>
      <presentationArc xlink:from="de-gaap-ci_bs.ass.fixAss.intan.freeAndPaidConcession.software"
                       xlink:to="de-gaap-ci_bs.ass.fixAss.intan.freeAndPaidConcession.software.free"
                       order="1"
                       xlink:arcrole="http://www.xbrl.org/2003/arcrole/parent-child"
                       xlink:type="arc"/>
      <presentationArc xlink:from="de-gaap-ci_bs.ass.fixAss.intan.freeAndPaidConcession"
                       xlink:to="de-gaap-ci_bs.ass.fixAss.intan.freeAndPaidConcession.free"
                       order="1"
                       xlink:arcrole="http://www.xbrl.org/2003/arcrole/parent-child"
                       xlink:type="arc"/>
      <presentationArc xlink:from="de-gaap-ci_bs.ass.fixAss.intan.freeAndPaidConcession"
                       xlink:to="de-gaap-ci_bs.ass.fixAss.intan.freeAndPaidConcession.concession"
                       order="2"
                       xlink:arcrole="http://www.xbrl.org/2003/arcrole/parent-child"
                       xlink:type="arc"/>
      <presentationArc xlink:from="de-gaap-ci_bs.ass.fixAss.intan.freeAndPaidConcession.concession"
                       xlink:to="de-gaap-ci_bs.ass.fixAss.intan.freeAndPaidConcession.concession.free"
                       order="1"
                       xlink:arcrole="http://www.xbrl.org/2003/arcrole/parent-child"
                       xlink:type="arc"/>
      <presentationArc xlink:from="de-gaap-ci_bs.ass.fixAss.intan.freeAndPaidConcession"
                       xlink:to="de-gaap-ci_bs.ass.fixAss.intan.freeAndPaidConcession.otherRight"
                       order="4"
                       xlink:arcrole="http://www.xbrl.org/2003/arcrole/parent-child"
                       xlink:type="arc"/>
      <presentationArc xlink:from="de-gaap-ci_bs.ass.fixAss.intan.freeAndPaidConcession.otherRight"
                       xlink:to="de-gaap-ci_bs.ass.fixAss.intan.freeAndPaidConcession.otherRight.free"
                       order="1"
                       xlink:arcrole="http://www.xbrl.org/2003/arcrole/parent-child"
                       xlink:type="arc"/>
      <presentationArc xlink:from="de-gaap-ci_bs.ass.fixAss.intan.freeAndPaidConcession"
                       xlink:to="de-gaap-ci_bs.ass.fixAss.intan.freeAndPaidConcession.licenses"
                       order="6"
                       xlink:arcrole="http://www.xbrl.org/2003/arcrole/parent-child"
                       xlink:type="arc"/>
      <presentationArc xlink:from="de-gaap-ci_bs.ass.fixAss.intan.freeAndPaidConcession.licenses"
                       xlink:to="de-gaap-ci_bs.ass.fixAss.intan.freeAndPaidConcession.licenses.free"
                       order="1"
                       xlink:arcrole="http://www.xbrl.org/2003/arcrole/parent-child"
                       xlink:type="arc"/>
      <presentationArc xlink:from="de-gaap-ci_bs.ass.fixAss.intan"
                       xlink:to="de-gaap-ci_bs.ass.fixAss.intan.selfmade"
                       order="0.5"
                       xlink:arcrole="http://www.xbrl.org/2003/arcrole/parent-child"
                       xlink:type="arc"/>
      <presentationArc xlink:from="de-gaap-ci_bs.ass.fixAss.intan.selfmade"
                       xlink:to="de-gaap-ci_bs.ass.fixAss.intan.selfmade.finished"
                       order="1"
                       xlink:arcrole="http://www.xbrl.org/2003/arcrole/parent-child"
                       xlink:type="arc"/>
      <presentationArc xlink:from="de-gaap-ci_bs.ass.fixAss.intan.selfmade"
                       xlink:to="de-gaap-ci_bs.ass.fixAss.intan.selfmade.underConstr"
                       order="2"
                       xlink:arcrole="http://www.xbrl.org/2003/arcrole/parent-child"
                       xlink:type="arc"/>
      <presentationArc xlink:from="de-gaap-ci_bs.ass.fixAss.intan"
                       xlink:to="de-gaap-ci_bs.ass.fixAss.intan.development"
                       order="0.6"
                       xlink:arcrole="http://www.xbrl.org/2003/arcrole/parent-child"
                       xlink:type="arc"/>
   </presentationLink>
</linkbase>