<?xml version="1.0" encoding="utf-8"?>
<!--(c) XBRL Deutschland e.V. - see http://www.xbrl.de-->


<linkbase xmlns="http://www.xbrl.org/2003/linkbase"
          xmlns:xsi="http://www.w3.org/2001/XMLSchema-instance"
          xsi:schemaLocation="http://www.xbrl.org/2003/linkbase http://www.xbrl.org/2003/xbrl-linkbase-2003-12-31.xsd">
   <roleRef xmlns:xlink="http://www.w3.org/1999/xlink"
            roleURI="http://www.xbrl.de/taxonomies/de-gaap-ci/role/cashFlowStatementDRS21"
            xlink:href="de-gaap-ci-2018-04-01.xsd#role_cashFlowStatementDRS21"
            xlink:type="simple"/>
   <calculationLink xmlns:xlink="http://www.w3.org/1999/xlink"
                    xlink:role="http://www.xbrl.de/taxonomies/de-gaap-ci/role/cashFlowStatementDRS21"
                    xlink:type="extended">
      <loc xlink:type="locator"
           xlink:href="de-gaap-ci-2018-04-01.xsd#de-gaap-ci_cfsDRS21.cashEqu.cashChanges.cfFromInvestments"
           xlink:label="de-gaap-ci_cfsDRS21.cashEqu.cashChanges.cfFromInvestments"/>
      <loc xlink:type="locator"
           xlink:href="de-gaap-ci-2018-04-01.xsd#de-gaap-ci_cfsDRS21.cashEqu.cashChanges.cfFromInvestments.deposGroupComp"
           xlink:label="de-gaap-ci_cfsDRS21.cashEqu.cashChanges.cfFromInvestments.deposGroupComp"/>
      <loc xlink:type="locator"
           xlink:href="de-gaap-ci-2018-04-01.xsd#de-gaap-ci_cfsDRS21.cashEqu.cashChanges.cfFromInvestments.investmGroupComp"
           xlink:label="de-gaap-ci_cfsDRS21.cashEqu.cashChanges.cfFromInvestments.investmGroupComp"/>
      <loc xlink:type="locator"
           xlink:href="de-gaap-ci-2018-04-01.xsd#de-gaap-ci_cfsDRS21.cashEqu.cashChanges.cfFromFinancing"
           xlink:label="de-gaap-ci_cfsDRS21.cashEqu.cashChanges.cfFromFinancing"/>
      <loc xlink:type="locator"
           xlink:href="de-gaap-ci-2018-04-01.xsd#de-gaap-ci_cfsDRS21.cashEqu.cashChanges.cfFromFinancing.dividendsPaidParent"
           xlink:label="de-gaap-ci_cfsDRS21.cashEqu.cashChanges.cfFromFinancing.dividendsPaidParent"/>
      <loc xlink:type="locator"
           xlink:href="de-gaap-ci-2018-04-01.xsd#de-gaap-ci_cfsDRS21.cashEqu.cashChanges.cfFromFinancing.dividendsPaidMinority"
           xlink:label="de-gaap-ci_cfsDRS21.cashEqu.cashChanges.cfFromFinancing.dividendsPaidMinority"/>
      <loc xlink:type="locator"
           xlink:href="de-gaap-ci-2018-04-01.xsd#de-gaap-ci_cfsDRS21.cashEqu.cashChanges.cfFromFinancing.paidInCapParent"
           xlink:label="de-gaap-ci_cfsDRS21.cashEqu.cashChanges.cfFromFinancing.paidInCapParent"/>
      <loc xlink:type="locator"
           xlink:href="de-gaap-ci-2018-04-01.xsd#de-gaap-ci_cfsDRS21.cashEqu.cashChanges.cfFromFinancing.paymToShareholdParent"
           xlink:label="de-gaap-ci_cfsDRS21.cashEqu.cashChanges.cfFromFinancing.paymToShareholdParent"/>
      <loc xlink:type="locator"
           xlink:href="de-gaap-ci-2018-04-01.xsd#de-gaap-ci_cfsDRS21.cashEqu.cashChanges.cfFromFinancing.paymToShareholdMinority"
           xlink:label="de-gaap-ci_cfsDRS21.cashEqu.cashChanges.cfFromFinancing.paymToShareholdMinority"/>
      <loc xlink:type="locator"
           xlink:href="de-gaap-ci-2018-04-01.xsd#de-gaap-ci_cfsDRS21.cashEqu.cashChanges.cfFromFinancing.paidInCapMinority"
           xlink:label="de-gaap-ci_cfsDRS21.cashEqu.cashChanges.cfFromFinancing.paidInCapMinority"/>
      <loc xlink:type="locator"
           xlink:href="de-gaap-ci-2018-04-01.xsd#de-gaap-ci_cfsDRS21.cashEqu"
           xlink:label="de-gaap-ci_cfsDRS21.cashEqu"/>
      <loc xlink:type="locator"
           xlink:href="de-gaap-ci-2018-04-01.xsd#de-gaap-ci_cfsDRS21.cashEqu.changeConsol"
           xlink:label="de-gaap-ci_cfsDRS21.cashEqu.changeConsol"/>
      <calculationArc xlink:from="de-gaap-ci_cfsDRS21.cashEqu.cashChanges.cfFromInvestments"
                      xlink:to="de-gaap-ci_cfsDRS21.cashEqu.cashChanges.cfFromInvestments.deposGroupComp"
                      order="7"
                      weight="1"
                      xlink:arcrole="http://www.xbrl.org/2003/arcrole/summation-item"
                      xlink:type="arc"/>
      <calculationArc xlink:from="de-gaap-ci_cfsDRS21.cashEqu.cashChanges.cfFromInvestments"
                      xlink:to="de-gaap-ci_cfsDRS21.cashEqu.cashChanges.cfFromInvestments.investmGroupComp"
                      order="8"
                      weight="-1"
                      xlink:arcrole="http://www.xbrl.org/2003/arcrole/summation-item"
                      xlink:type="arc"/>
      <calculationArc xlink:from="de-gaap-ci_cfsDRS21.cashEqu.cashChanges.cfFromFinancing"
                      xlink:to="de-gaap-ci_cfsDRS21.cashEqu.cashChanges.cfFromFinancing.dividendsPaidParent"
                      order="14"
                      weight="-1"
                      xlink:arcrole="http://www.xbrl.org/2003/arcrole/summation-item"
                      xlink:type="arc"/>
      <calculationArc xlink:from="de-gaap-ci_cfsDRS21.cashEqu.cashChanges.cfFromFinancing"
                      xlink:to="de-gaap-ci_cfsDRS21.cashEqu.cashChanges.cfFromFinancing.dividendsPaidMinority"
                      order="15"
                      weight="-1"
                      xlink:arcrole="http://www.xbrl.org/2003/arcrole/summation-item"
                      xlink:type="arc"/>
      <calculationArc xlink:from="de-gaap-ci_cfsDRS21.cashEqu.cashChanges.cfFromFinancing"
                      xlink:to="de-gaap-ci_cfsDRS21.cashEqu.cashChanges.cfFromFinancing.paidInCapParent"
                      order="2"
                      weight="1"
                      xlink:arcrole="http://www.xbrl.org/2003/arcrole/summation-item"
                      xlink:type="arc"/>
      <calculationArc xlink:from="de-gaap-ci_cfsDRS21.cashEqu.cashChanges.cfFromFinancing"
                      xlink:to="de-gaap-ci_cfsDRS21.cashEqu.cashChanges.cfFromFinancing.paymToShareholdParent"
                      order="5"
                      weight="-1"
                      xlink:arcrole="http://www.xbrl.org/2003/arcrole/summation-item"
                      xlink:type="arc"/>
      <calculationArc xlink:from="de-gaap-ci_cfsDRS21.cashEqu.cashChanges.cfFromFinancing"
                      xlink:to="de-gaap-ci_cfsDRS21.cashEqu.cashChanges.cfFromFinancing.paymToShareholdMinority"
                      order="6"
                      weight="-1"
                      xlink:arcrole="http://www.xbrl.org/2003/arcrole/summation-item"
                      xlink:type="arc"/>
      <calculationArc xlink:from="de-gaap-ci_cfsDRS21.cashEqu.cashChanges.cfFromFinancing"
                      xlink:to="de-gaap-ci_cfsDRS21.cashEqu.cashChanges.cfFromFinancing.paidInCapMinority"
                      order="3"
                      weight="1"
                      xlink:arcrole="http://www.xbrl.org/2003/arcrole/summation-item"
                      xlink:type="arc"/>
      <calculationArc xlink:from="de-gaap-ci_cfsDRS21.cashEqu"
                      xlink:to="de-gaap-ci_cfsDRS21.cashEqu.changeConsol"
                      order="4"
                      weight="1"
                      xlink:arcrole="http://www.xbrl.org/2003/arcrole/summation-item"
                      xlink:type="arc"/>
   </calculationLink>
</linkbase>