<?xml version="1.0" encoding="utf-8"?>
<!--(c) XBRL Deutschland e.V. - see http://www.xbrl.de-->


<linkbase xmlns="http://www.xbrl.org/2003/linkbase"
          xmlns:xsi="http://www.w3.org/2001/XMLSchema-instance"
          xsi:schemaLocation="http://www.xbrl.org/2003/linkbase http://www.xbrl.org/2003/xbrl-linkbase-2003-12-31.xsd">
   <roleRef xmlns:xbrldt="http://xbrl.org/2005/xbrldt"
            xmlns:xlink="http://www.w3.org/1999/xlink"
            roleURI="http://www.xbrl.de/taxonomies/de-gaap-ci/role/notesBelowBalanceSheet"
            xlink:href="de-gaap-ci-2018-04-01.xsd#role_notesBelowBalanceSheet"
            xlink:type="simple"/>
   <presentationLink xmlns:xlink="http://www.w3.org/1999/xlink"
                     xlink:role="http://www.xbrl.de/taxonomies/de-gaap-ci/role/notesBelowBalanceSheet"
                     xlink:type="extended">
      <loc xlink:type="locator"
           xlink:href="de-gaap-ci-2018-04-01.xsd#de-gaap-ci_notesBelowBalanceSheet"
           xlink:label="de-gaap-ci_notesBelowBalanceSheet"/>
      <loc xlink:type="locator"
           xlink:href="de-gaap-ci-2018-04-01.xsd#de-gaap-ci_bs.contingLiab"
           xlink:label="de-gaap-ci_bs.contingLiab"/>
      <loc xlink:type="locator"
           xlink:href="de-gaap-ci-2018-04-01.xsd#de-gaap-ci_bs.contingLiab.notes"
           xlink:label="de-gaap-ci_bs.contingLiab.notes"/>
      <loc xlink:type="locator"
           xlink:href="de-gaap-ci-2018-04-01.xsd#de-gaap-ci_bs.contingLiab.guarantees"
           xlink:label="de-gaap-ci_bs.contingLiab.guarantees"/>
      <loc xlink:type="locator"
           xlink:href="de-gaap-ci-2018-04-01.xsd#de-gaap-ci_bs.contingLiab.guaranteesNotes"
           xlink:label="de-gaap-ci_bs.contingLiab.guaranteesNotes"/>
      <loc xlink:type="locator"
           xlink:href="de-gaap-ci-2018-04-01.xsd#de-gaap-ci_bs.contingLiab.warranty"
           xlink:label="de-gaap-ci_bs.contingLiab.warranty"/>
      <loc xlink:type="locator"
           xlink:href="de-gaap-ci-2018-04-01.xsd#de-gaap-ci_bs.contingLiab.collateralisation"
           xlink:label="de-gaap-ci_bs.contingLiab.collateralisation"/>
      <loc xlink:type="locator"
           xlink:href="de-gaap-ci-2018-04-01.xsd#de-gaap-ci_bs.contingLiab.limitedLiablePartners"
           xlink:label="de-gaap-ci_bs.contingLiab.limitedLiablePartners"/>
      <loc xlink:type="locator"
           xlink:href="de-gaap-ci-2018-04-01.xsd#de-gaap-ci_bs.contingLiab.upTo1year"
           xlink:label="de-gaap-ci_bs.contingLiab.upTo1year"/>
      <loc xlink:type="locator"
           xlink:href="de-gaap-ci-2018-04-01.xsd#de-gaap-ci_bs.contingLiab.above5years"
           xlink:label="de-gaap-ci_bs.contingLiab.above5years"/>
      <loc xlink:type="locator"
           xlink:href="de-gaap-ci-2018-04-01.xsd#de-gaap-ci_notesBelowBalanceSheet.geninfo"
           xlink:label="de-gaap-ci_notesBelowBalanceSheet.geninfo"/>
      <loc xlink:type="locator"
           xlink:href="de-gaap-ci-2018-04-01.xsd#de-gaap-ci_notesBelowBalanceSheet.geninfo.company"
           xlink:label="de-gaap-ci_notesBelowBalanceSheet.geninfo.company"/>
      <loc xlink:type="locator"
           xlink:href="de-gaap-ci-2018-04-01.xsd#de-gaap-ci_notesBelowBalanceSheet.geninfo.location"
           xlink:label="de-gaap-ci_notesBelowBalanceSheet.geninfo.location"/>
      <loc xlink:type="locator"
           xlink:href="de-gaap-ci-2018-04-01.xsd#de-gaap-ci_notesBelowBalanceSheet.geninfo.court"
           xlink:label="de-gaap-ci_notesBelowBalanceSheet.geninfo.court"/>
      <loc xlink:type="locator"
           xlink:href="de-gaap-ci-2018-04-01.xsd#de-gaap-ci_notesBelowBalanceSheet.geninfo.number"
           xlink:label="de-gaap-ci_notesBelowBalanceSheet.geninfo.number"/>
      <loc xlink:type="locator"
           xlink:href="de-gaap-ci-2018-04-01.xsd#de-gaap-ci_notesBelowBalanceSheet.geninfo.liquidationOrWindingUp"
           xlink:label="de-gaap-ci_notesBelowBalanceSheet.geninfo.liquidationOrWindingUp"/>
      <loc xlink:type="locator"
           xlink:href="de-gaap-ci-2018-04-01.xsd#de-gaap-ci_notesBelowBalanceSheet.SurplusFromPensionAccruals"
           xlink:label="de-gaap-ci_notesBelowBalanceSheet.SurplusFromPensionAccruals"/>
      <presentationArc xlink:from="de-gaap-ci_notesBelowBalanceSheet"
                       xlink:to="de-gaap-ci_bs.contingLiab"
                       order="1"
                       xlink:arcrole="http://www.xbrl.org/2003/arcrole/parent-child"
                       xlink:type="arc"/>
      <presentationArc xlink:from="de-gaap-ci_bs.contingLiab"
                       xlink:to="de-gaap-ci_bs.contingLiab.notes"
                       order="1"
                       xlink:arcrole="http://www.xbrl.org/2003/arcrole/parent-child"
                       xlink:type="arc"/>
      <presentationArc xlink:from="de-gaap-ci_bs.contingLiab"
                       xlink:to="de-gaap-ci_bs.contingLiab.guarantees"
                       order="2"
                       xlink:arcrole="http://www.xbrl.org/2003/arcrole/parent-child"
                       xlink:type="arc"/>
      <presentationArc xlink:from="de-gaap-ci_bs.contingLiab"
                       xlink:to="de-gaap-ci_bs.contingLiab.guaranteesNotes"
                       order="3"
                       xlink:arcrole="http://www.xbrl.org/2003/arcrole/parent-child"
                       xlink:type="arc"/>
      <presentationArc xlink:from="de-gaap-ci_bs.contingLiab"
                       xlink:to="de-gaap-ci_bs.contingLiab.warranty"
                       order="4"
                       xlink:arcrole="http://www.xbrl.org/2003/arcrole/parent-child"
                       xlink:type="arc"/>
      <presentationArc xlink:from="de-gaap-ci_bs.contingLiab"
                       xlink:to="de-gaap-ci_bs.contingLiab.collateralisation"
                       order="5"
                       xlink:arcrole="http://www.xbrl.org/2003/arcrole/parent-child"
                       xlink:type="arc"/>
      <presentationArc xlink:from="de-gaap-ci_bs.contingLiab"
                       xlink:to="de-gaap-ci_bs.contingLiab.limitedLiablePartners"
                       order="7"
                       xlink:arcrole="http://www.xbrl.org/2003/arcrole/parent-child"
                       xlink:type="arc"/>
      <presentationArc xlink:from="de-gaap-ci_bs.contingLiab"
                       xlink:to="de-gaap-ci_bs.contingLiab.upTo1year"
                       order="0.5"
                       xlink:arcrole="http://www.xbrl.org/2003/arcrole/parent-child"
                       xlink:type="arc"/>
      <presentationArc xlink:from="de-gaap-ci_bs.contingLiab"
                       xlink:to="de-gaap-ci_bs.contingLiab.above5years"
                       order="0.6"
                       xlink:arcrole="http://www.xbrl.org/2003/arcrole/parent-child"
                       xlink:type="arc"/>
      <presentationArc xlink:from="de-gaap-ci_notesBelowBalanceSheet"
                       xlink:to="de-gaap-ci_notesBelowBalanceSheet.geninfo"
                       order="0.5"
                       xlink:arcrole="http://www.xbrl.org/2003/arcrole/parent-child"
                       xlink:type="arc"/>
      <presentationArc xlink:from="de-gaap-ci_notesBelowBalanceSheet.geninfo"
                       xlink:to="de-gaap-ci_notesBelowBalanceSheet.geninfo.company"
                       order="1"
                       xlink:arcrole="http://www.xbrl.org/2003/arcrole/parent-child"
                       xlink:type="arc"/>
      <presentationArc xlink:from="de-gaap-ci_notesBelowBalanceSheet.geninfo"
                       xlink:to="de-gaap-ci_notesBelowBalanceSheet.geninfo.location"
                       order="2"
                       xlink:arcrole="http://www.xbrl.org/2003/arcrole/parent-child"
                       xlink:type="arc"/>
      <presentationArc xlink:from="de-gaap-ci_notesBelowBalanceSheet.geninfo"
                       xlink:to="de-gaap-ci_notesBelowBalanceSheet.geninfo.court"
                       order="3"
                       xlink:arcrole="http://www.xbrl.org/2003/arcrole/parent-child"
                       xlink:type="arc"/>
      <presentationArc xlink:from="de-gaap-ci_notesBelowBalanceSheet.geninfo"
                       xlink:to="de-gaap-ci_notesBelowBalanceSheet.geninfo.number"
                       order="4"
                       xlink:arcrole="http://www.xbrl.org/2003/arcrole/parent-child"
                       xlink:type="arc"/>
      <presentationArc xlink:from="de-gaap-ci_notesBelowBalanceSheet.geninfo"
                       xlink:to="de-gaap-ci_notesBelowBalanceSheet.geninfo.liquidationOrWindingUp"
                       order="5"
                       xlink:arcrole="http://www.xbrl.org/2003/arcrole/parent-child"
                       xlink:type="arc"/>
      <presentationArc xlink:from="de-gaap-ci_notesBelowBalanceSheet"
                       xlink:to="de-gaap-ci_notesBelowBalanceSheet.SurplusFromPensionAccruals"
                       order="1.5"
                       xlink:arcrole="http://www.xbrl.org/2003/arcrole/parent-child"
                       xlink:type="arc"/>
   </presentationLink>
   <presentationLink xmlns:xlink="http://www.w3.org/1999/xlink"
                     xlink:role="http://www.xbrl.de/taxonomies/de-gaap-ci/role/notesBelowBalanceSheet"
                     xlink:type="extended">
      <loc xlink:type="locator"
           xlink:href="de-gaap-ci-2018-04-01.xsd#de-gaap-ci_bs.contingLiab.notes"
           xlink:label="de-gaap-ci_bs.contingLiab.notes"/>
      <loc xlink:type="locator"
           xlink:href="de-gaap-ci-2018-04-01.xsd#de-gaap-ci_bs.contingLiab.notes.assoc"
           xlink:label="de-gaap-ci_bs.contingLiab.notes.assoc"/>
      <loc xlink:type="locator"
           xlink:href="de-gaap-ci-2018-04-01.xsd#de-gaap-ci_bs.contingLiab.notes.pension"
           xlink:label="de-gaap-ci_bs.contingLiab.notes.pension"/>
      <loc xlink:type="locator"
           xlink:href="de-gaap-ci-2018-04-01.xsd#de-gaap-ci_bs.contingLiab.warranty"
           xlink:label="de-gaap-ci_bs.contingLiab.warranty"/>
      <loc xlink:type="locator"
           xlink:href="de-gaap-ci-2018-04-01.xsd#de-gaap-ci_bs.contingLiab.warranty.assoc"
           xlink:label="de-gaap-ci_bs.contingLiab.warranty.assoc"/>
      <loc xlink:type="locator"
           xlink:href="de-gaap-ci-2018-04-01.xsd#de-gaap-ci_bs.contingLiab.warranty.pension"
           xlink:label="de-gaap-ci_bs.contingLiab.warranty.pension"/>
      <loc xlink:type="locator"
           xlink:href="de-gaap-ci-2018-04-01.xsd#de-gaap-ci_bs.contingLiab.collateralisation"
           xlink:label="de-gaap-ci_bs.contingLiab.collateralisation"/>
      <loc xlink:type="locator"
           xlink:href="de-gaap-ci-2018-04-01.xsd#de-gaap-ci_bs.contingLiab.collateralisation.assoc"
           xlink:label="de-gaap-ci_bs.contingLiab.collateralisation.assoc"/>
      <loc xlink:type="locator"
           xlink:href="de-gaap-ci-2018-04-01.xsd#de-gaap-ci_bs.contingLiab.collateralisation.pension"
           xlink:label="de-gaap-ci_bs.contingLiab.collateralisation.pension"/>
      <loc xlink:type="locator"
           xlink:href="de-gaap-ci-2018-04-01.xsd#de-gaap-ci_bs.contingLiab"
           xlink:label="de-gaap-ci_bs.contingLiab"/>
      <loc xlink:type="locator"
           xlink:href="de-gaap-ci-2018-04-01.xsd#de-gaap-ci_bs.contingLiab.guaranteesNotesCheques"
           xlink:label="de-gaap-ci_bs.contingLiab.guaranteesNotesCheques"/>
      <loc xlink:type="locator"
           xlink:href="de-gaap-ci-2018-04-01.xsd#de-gaap-ci_bs.contingLiab.guaranteesNotesCheques.assoc"
           xlink:label="de-gaap-ci_bs.contingLiab.guaranteesNotesCheques.assoc"/>
      <loc xlink:type="locator"
           xlink:href="de-gaap-ci-2018-04-01.xsd#de-gaap-ci_bs.contingLiab.guaranteesNotesCheques.pension"
           xlink:label="de-gaap-ci_bs.contingLiab.guaranteesNotesCheques.pension"/>
      <loc xlink:type="locator"
           xlink:href="de-gaap-ci-2018-04-01.xsd#de-gaap-ci_bs.contingLiab.trusteeship"
           xlink:label="de-gaap-ci_bs.contingLiab.trusteeship"/>
      <presentationArc xlink:from="de-gaap-ci_bs.contingLiab.notes"
                       xlink:to="de-gaap-ci_bs.contingLiab.notes.assoc"
                       order="1"
                       xlink:arcrole="http://www.xbrl.org/2003/arcrole/parent-child"
                       xlink:type="arc"/>
      <presentationArc xlink:from="de-gaap-ci_bs.contingLiab.notes"
                       xlink:to="de-gaap-ci_bs.contingLiab.notes.pension"
                       order="2"
                       xlink:arcrole="http://www.xbrl.org/2003/arcrole/parent-child"
                       xlink:type="arc"/>
      <presentationArc xlink:from="de-gaap-ci_bs.contingLiab.warranty"
                       xlink:to="de-gaap-ci_bs.contingLiab.warranty.assoc"
                       order="1"
                       xlink:arcrole="http://www.xbrl.org/2003/arcrole/parent-child"
                       xlink:type="arc"/>
      <presentationArc xlink:from="de-gaap-ci_bs.contingLiab.warranty"
                       xlink:to="de-gaap-ci_bs.contingLiab.warranty.pension"
                       order="2"
                       xlink:arcrole="http://www.xbrl.org/2003/arcrole/parent-child"
                       xlink:type="arc"/>
      <presentationArc xlink:from="de-gaap-ci_bs.contingLiab.collateralisation"
                       xlink:to="de-gaap-ci_bs.contingLiab.collateralisation.assoc"
                       order="1"
                       xlink:arcrole="http://www.xbrl.org/2003/arcrole/parent-child"
                       xlink:type="arc"/>
      <presentationArc xlink:from="de-gaap-ci_bs.contingLiab.collateralisation"
                       xlink:to="de-gaap-ci_bs.contingLiab.collateralisation.pension"
                       order="2"
                       xlink:arcrole="http://www.xbrl.org/2003/arcrole/parent-child"
                       xlink:type="arc"/>
      <presentationArc xlink:from="de-gaap-ci_bs.contingLiab"
                       xlink:to="de-gaap-ci_bs.contingLiab.guaranteesNotesCheques"
                       order="1.5"
                       xlink:arcrole="http://www.xbrl.org/2003/arcrole/parent-child"
                       xlink:type="arc"/>
      <presentationArc xlink:from="de-gaap-ci_bs.contingLiab.guaranteesNotesCheques"
                       xlink:to="de-gaap-ci_bs.contingLiab.guaranteesNotesCheques.assoc"
                       order="1"
                       xlink:arcrole="http://www.xbrl.org/2003/arcrole/parent-child"
                       xlink:type="arc"/>
      <presentationArc xlink:from="de-gaap-ci_bs.contingLiab.guaranteesNotesCheques"
                       xlink:to="de-gaap-ci_bs.contingLiab.guaranteesNotesCheques.pension"
                       order="2"
                       xlink:arcrole="http://www.xbrl.org/2003/arcrole/parent-child"
                       xlink:type="arc"/>
      <presentationArc xlink:from="de-gaap-ci_bs.contingLiab"
                       xlink:to="de-gaap-ci_bs.contingLiab.trusteeship"
                       order="6"
                       xlink:arcrole="http://www.xbrl.org/2003/arcrole/parent-child"
                       xlink:type="arc"/>
   </presentationLink>
</linkbase>