<?xml version="1.0" encoding="utf-8"?>
<!--(c) XBRL Deutschland e.V. - see http://www.xbrl.de-->


<linkbase xmlns="http://www.xbrl.org/2003/linkbase"
          xmlns:xsi="http://www.w3.org/2001/XMLSchema-instance"
          xsi:schemaLocation="http://www.xbrl.org/2003/linkbase http://www.xbrl.org/2003/xbrl-linkbase-2003-12-31.xsd">
   <roleRef xmlns:xbrldt="http://xbrl.org/2005/xbrldt"
            xmlns:xlink="http://www.w3.org/1999/xlink"
            roleURI="http://www.xbrl.de/taxonomies/de-fi/role/notesTableStatementOfChangesInFixedAssetsForBanksTanIntan"
            xlink:href="de-fi-2018-04-01.xsd#role_notesTableStatementOfChangesInFixedAssetsForBanksTanIntan"
            xlink:type="simple"/>
   <arcroleRef xmlns:xbrldt="http://xbrl.org/2005/xbrldt"
               xmlns:xlink="http://www.w3.org/1999/xlink"
               arcroleURI="http://xbrl.org/int/dim/arcrole/domain-member"
               xlink:href="http://www.xbrl.org/2005/xbrldt-2005.xsd#domain-member"
               xlink:type="simple"/>
   <definitionLink xmlns:xlink="http://www.w3.org/1999/xlink"
                   xlink:role="http://www.xbrl.de/taxonomies/de-fi/role/notesTableStatementOfChangesInFixedAssetsForBanksTanIntan"
                   xlink:type="extended">
      <loc xlink:type="locator" xlink:href="de-fi-2018-04-01.xsd#de-fi_bsBanks.ass.intan"
           xlink:label="de-fi_bsBanks.ass.intan"/>
      <loc xlink:type="locator"
           xlink:href="de-fi-2018-04-01.xsd#de-fi_bsBanks.ass.intan.advPaym"
           xlink:label="de-fi_bsBanks.ass.intan.advPaym"/>
      <loc xlink:type="locator"
           xlink:href="de-fi-2018-04-01.xsd#de-fi_bsBanks.ass.intan.goodwill"
           xlink:label="de-fi_bsBanks.ass.intan.goodwill"/>
      <loc xlink:type="locator"
           xlink:href="de-fi-2018-04-01.xsd#de-fi_bsBanks.ass.intan.concessionBrands"
           xlink:label="de-fi_bsBanks.ass.intan.concessionBrands"/>
      <loc xlink:type="locator"
           xlink:href="de-fi-2018-04-01.xsd#de-fi_bsBanks.ass.intan.selfmade"
           xlink:label="de-fi_bsBanks.ass.intan.selfmade"/>
      <loc xlink:type="locator" xlink:href="de-fi-2018-04-01.xsd#de-fi_bsBanks.ass.tan"
           xlink:label="de-fi_bsBanks.ass.tan"/>
      <loc xlink:type="locator"
           xlink:href="de-fi-2018-04-01.xsd#de-fi_bsBanks.ass.tan.otherEquipm"
           xlink:label="de-fi_bsBanks.ass.tan.otherEquipm"/>
      <loc xlink:type="locator"
           xlink:href="de-fi-2018-04-01.xsd#de-fi_bsBanks.ass.tan.inConstrAdvPaym"
           xlink:label="de-fi_bsBanks.ass.tan.inConstrAdvPaym"/>
      <loc xlink:type="locator"
           xlink:href="de-fi-2018-04-01.xsd#de-fi_bsBanks.ass.tan.landBuildings"
           xlink:label="de-fi_bsBanks.ass.tan.landBuildings"/>
      <loc xlink:type="locator"
           xlink:href="de-fi-2018-04-01.xsd#de-fi_bsBanks.ass.tan.landBuildings.other"
           xlink:label="de-fi_bsBanks.ass.tan.landBuildings.other"/>
      <loc xlink:type="locator"
           xlink:href="de-fi-2018-04-01.xsd#de-fi_bsBanks.ass.tan.landBuildings.buildingsOnOwnLand"
           xlink:label="de-fi_bsBanks.ass.tan.landBuildings.buildingsOnOwnLand"/>
      <loc xlink:type="locator"
           xlink:href="de-fi-2018-04-01.xsd#de-fi_bsBanks.ass.tan.landBuildings.buildingsOnOwnLand.land"
           xlink:label="de-fi_bsBanks.ass.tan.landBuildings.buildingsOnOwnLand.land"/>
      <loc xlink:type="locator"
           xlink:href="de-fi-2018-04-01.xsd#de-fi_bsBanks.ass.tan.landBuildings.landWithoutBuildings"
           xlink:label="de-fi_bsBanks.ass.tan.landBuildings.landWithoutBuildings"/>
      <loc xlink:type="locator"
           xlink:href="de-fi-2018-04-01.xsd#de-fi_bsBanks.ass.tan.landBuildings.rightEquivalentToLandWithoutBuildings"
           xlink:label="de-fi_bsBanks.ass.tan.landBuildings.rightEquivalentToLandWithoutBuildings"/>
      <loc xlink:type="locator"
           xlink:href="de-fi-2018-04-01.xsd#de-fi_bsBanks.ass.tan.landBuildings.buildingsOnNonOwnedLand"
           xlink:label="de-fi_bsBanks.ass.tan.landBuildings.buildingsOnNonOwnedLand"/>
      <loc xlink:type="locator"
           xlink:href="de-fi-2018-04-01.xsd#de-fi_bsBanks.ass.tanOtherForeign"
           xlink:label="de-fi_bsBanks.ass.tanOtherForeign"/>
      <loc xlink:type="locator"
           xlink:href="de-fi-2018-04-01.xsd#de-fi_bsBanks.ass.tan.other"
           xlink:label="de-fi_bsBanks.ass.tan.other"/>
      <loc xlink:type="locator"
           xlink:href="de-fi-2018-04-01.xsd#de-fi_bsBanks.ass.tan.machinery"
           xlink:label="de-fi_bsBanks.ass.tan.machinery"/>
      <definitionArc xlink:from="de-fi_bsBanks.ass.intan" xlink:to="de-fi_bsBanks.ass.intan.advPaym"
                     order="4"
                     xlink:arcrole="http://xbrl.org/int/dim/arcrole/domain-member"
                     xlink:type="arc"/>
      <definitionArc xlink:from="de-fi_bsBanks.ass.intan"
                     xlink:to="de-fi_bsBanks.ass.intan.goodwill"
                     order="3"
                     xlink:arcrole="http://xbrl.org/int/dim/arcrole/domain-member"
                     xlink:type="arc"/>
      <definitionArc xlink:from="de-fi_bsBanks.ass.intan"
                     xlink:to="de-fi_bsBanks.ass.intan.concessionBrands"
                     order="2"
                     xlink:arcrole="http://xbrl.org/int/dim/arcrole/domain-member"
                     xlink:type="arc"/>
      <definitionArc xlink:from="de-fi_bsBanks.ass.intan"
                     xlink:to="de-fi_bsBanks.ass.intan.selfmade"
                     order="1"
                     xlink:arcrole="http://xbrl.org/int/dim/arcrole/domain-member"
                     xlink:type="arc"/>
      <definitionArc xlink:from="de-fi_bsBanks.ass.tan" xlink:to="de-fi_bsBanks.ass.tan.otherEquipm"
                     order="3"
                     xlink:arcrole="http://xbrl.org/int/dim/arcrole/domain-member"
                     xlink:type="arc"/>
      <definitionArc xlink:from="de-fi_bsBanks.ass.tan"
                     xlink:to="de-fi_bsBanks.ass.tan.inConstrAdvPaym"
                     order="4"
                     xlink:arcrole="http://xbrl.org/int/dim/arcrole/domain-member"
                     xlink:type="arc"/>
      <definitionArc xlink:from="de-fi_bsBanks.ass.tan"
                     xlink:to="de-fi_bsBanks.ass.tan.landBuildings"
                     order="1"
                     xlink:arcrole="http://xbrl.org/int/dim/arcrole/domain-member"
                     xlink:type="arc"/>
      <definitionArc xlink:from="de-fi_bsBanks.ass.tan.landBuildings"
                     xlink:to="de-fi_bsBanks.ass.tan.landBuildings.other"
                     order="5"
                     xlink:arcrole="http://xbrl.org/int/dim/arcrole/domain-member"
                     xlink:type="arc"/>
      <definitionArc xlink:from="de-fi_bsBanks.ass.tan.landBuildings"
                     xlink:to="de-fi_bsBanks.ass.tan.landBuildings.buildingsOnOwnLand"
                     order="3"
                     xlink:arcrole="http://xbrl.org/int/dim/arcrole/domain-member"
                     xlink:type="arc"/>
      <definitionArc xlink:from="de-fi_bsBanks.ass.tan.landBuildings.buildingsOnOwnLand"
                     xlink:to="de-fi_bsBanks.ass.tan.landBuildings.buildingsOnOwnLand.land"
                     order="1"
                     xlink:arcrole="http://xbrl.org/int/dim/arcrole/domain-member"
                     xlink:type="arc"/>
      <definitionArc xlink:from="de-fi_bsBanks.ass.tan.landBuildings"
                     xlink:to="de-fi_bsBanks.ass.tan.landBuildings.landWithoutBuildings"
                     order="1"
                     xlink:arcrole="http://xbrl.org/int/dim/arcrole/domain-member"
                     xlink:type="arc"/>
      <definitionArc xlink:from="de-fi_bsBanks.ass.tan.landBuildings"
                     xlink:to="de-fi_bsBanks.ass.tan.landBuildings.rightEquivalentToLandWithoutBuildings"
                     order="2"
                     xlink:arcrole="http://xbrl.org/int/dim/arcrole/domain-member"
                     xlink:type="arc"/>
      <definitionArc xlink:from="de-fi_bsBanks.ass.tan.landBuildings"
                     xlink:to="de-fi_bsBanks.ass.tan.landBuildings.buildingsOnNonOwnedLand"
                     order="4"
                     xlink:arcrole="http://xbrl.org/int/dim/arcrole/domain-member"
                     xlink:type="arc"/>
      <definitionArc xlink:from="de-fi_bsBanks.ass.tan" xlink:to="de-fi_bsBanks.ass.tanOtherForeign"
                     order="7"
                     xlink:arcrole="http://xbrl.org/int/dim/arcrole/domain-member"
                     xlink:type="arc"/>
      <definitionArc xlink:from="de-fi_bsBanks.ass.tan" xlink:to="de-fi_bsBanks.ass.tan.other"
                     order="5"
                     xlink:arcrole="http://xbrl.org/int/dim/arcrole/domain-member"
                     xlink:type="arc"/>
      <definitionArc xlink:from="de-fi_bsBanks.ass.tan" xlink:to="de-fi_bsBanks.ass.tan.machinery"
                     order="2"
                     xlink:arcrole="http://xbrl.org/int/dim/arcrole/domain-member"
                     xlink:type="arc"/>
   </definitionLink>
</linkbase>