<?xml version="1.0" encoding="utf-8"?>
<!--(c) XBRL Deutschland e.V. - see http://www.xbrl.de-->


<linkbase xmlns="http://www.xbrl.org/2003/linkbase"
          xmlns:xsi="http://www.w3.org/2001/XMLSchema-instance"
          xsi:schemaLocation="http://www.xbrl.org/2003/linkbase http://www.xbrl.org/2003/xbrl-linkbase-2003-12-31.xsd">
   <roleRef xmlns:de-fi="http://www.xbrl.de/taxonomies/de-fi-2018-04-01"
            xmlns:xlink="http://www.w3.org/1999/xlink"
            roleURI="http://www.xbrl.de/taxonomies/de-fi/role/notes"
            xlink:href="de-fi-2018-04-01.xsd#role_notes"
            xlink:type="simple"/>
   <calculationLink xmlns:xlink="http://www.w3.org/1999/xlink"
                    xlink:role="http://www.xbrl.de/taxonomies/de-fi/role/notes"
                    xlink:type="extended">
      <loc xlink:type="locator"
           xlink:href="de-fi-2018-04-01-dimensions.xsd#de-fi_allBanks"
           xlink:label="de-fi_allBanks"/>
      <loc xlink:type="locator"
           xlink:href="de-fi-2018-04-01-dimensions.xsd#de-fi_grossBanks"
           xlink:label="de-fi_grossBanks"/>
      <loc xlink:type="locator"
           xlink:href="de-fi-2018-04-01-dimensions.xsd#de-fi_grossCostBanks.beginning"
           xlink:label="de-fi_grossCostBanks.beginning"/>
      <loc xlink:type="locator"
           xlink:href="de-fi-2018-04-01-dimensions.xsd#de-fi_grossBanks.diff"
           xlink:label="de-fi_grossBanks.diff"/>
      <loc xlink:type="locator"
           xlink:href="de-fi-2018-04-01-dimensions.xsd#de-fi_grossBanks.diff.currDiff"
           xlink:label="de-fi_grossBanks.diff.currDiff"/>
      <loc xlink:type="locator"
           xlink:href="de-fi-2018-04-01-dimensions.xsd#de-fi_grossBanks.diff.otherDiff"
           xlink:label="de-fi_grossBanks.diff.otherDiff"/>
      <loc xlink:type="locator"
           xlink:href="de-fi-2018-04-01-dimensions.xsd#de-fi_grossBanks.addition"
           xlink:label="de-fi_grossBanks.addition"/>
      <loc xlink:type="locator"
           xlink:href="de-fi-2018-04-01-dimensions.xsd#de-fi_grossBanks.release"
           xlink:label="de-fi_grossBanks.release"/>
      <loc xlink:type="locator"
           xlink:href="de-fi-2018-04-01-dimensions.xsd#de-fi_grossBanks.movements"
           xlink:label="de-fi_grossBanks.movements"/>
      <loc xlink:type="locator"
           xlink:href="de-fi-2018-04-01-dimensions.xsd#de-fi_grossBanks.currChanges"
           xlink:label="de-fi_grossBanks.currChanges"/>
      <loc xlink:type="locator"
           xlink:href="de-fi-2018-04-01-dimensions.xsd#de-fi_accDeprBanks"
           xlink:label="de-fi_accDeprBanks"/>
      <loc xlink:type="locator"
           xlink:href="de-fi-2018-04-01-dimensions.xsd#de-fi_accDeprBanks.beginning"
           xlink:label="de-fi_accDeprBanks.beginning"/>
      <loc xlink:type="locator"
           xlink:href="de-fi-2018-04-01-dimensions.xsd#de-fi_accDeprBanks.diff"
           xlink:label="de-fi_accDeprBanks.diff"/>
      <loc xlink:type="locator"
           xlink:href="de-fi-2018-04-01-dimensions.xsd#de-fi_accDeprBanks.diff.currDiff"
           xlink:label="de-fi_accDeprBanks.diff.currDiff"/>
      <loc xlink:type="locator"
           xlink:href="de-fi-2018-04-01-dimensions.xsd#de-fi_accDeprBanks.diff.otherDiff"
           xlink:label="de-fi_accDeprBanks.diff.otherDiff"/>
      <loc xlink:type="locator"
           xlink:href="de-fi-2018-04-01-dimensions.xsd#de-fi_accDeprBanks.DeprPeriod"
           xlink:label="de-fi_accDeprBanks.DeprPeriod"/>
      <loc xlink:type="locator"
           xlink:href="de-fi-2018-04-01-dimensions.xsd#de-fi_accDeprBanks.addition"
           xlink:label="de-fi_accDeprBanks.addition"/>
      <loc xlink:type="locator"
           xlink:href="de-fi-2018-04-01-dimensions.xsd#de-fi_accDeprBanks.release"
           xlink:label="de-fi_accDeprBanks.release"/>
      <loc xlink:type="locator"
           xlink:href="de-fi-2018-04-01-dimensions.xsd#de-fi_accDeprBanks.movements"
           xlink:label="de-fi_accDeprBanks.movements"/>
      <loc xlink:type="locator"
           xlink:href="de-fi-2018-04-01-dimensions.xsd#de-fi_accDeprBanks.currChanges"
           xlink:label="de-fi_accDeprBanks.currChanges"/>
      <loc xlink:type="locator"
           xlink:href="de-fi-2018-04-01-dimensions.xsd#de-fi_revaluationBanks"
           xlink:label="de-fi_revaluationBanks"/>
      <loc xlink:type="locator"
           xlink:href="../de-gaap-ci-2018-04-01/de-gaap-ci-2018-04-01-dimensions.xsd#de-gaap-ci_dim_taxBal"
           xlink:label="de-gaap-ci_dim_taxBal"/>
      <loc xlink:type="locator"
           xlink:href="../de-gaap-ci-2018-04-01/de-gaap-ci-2018-04-01-dimensions.xsd#de-gaap-ci_dim_comBal"
           xlink:label="de-gaap-ci_dim_comBal"/>
      <loc xlink:type="locator"
           xlink:href="../de-gaap-ci-2018-04-01/de-gaap-ci-2018-04-01-dimensions.xsd#de-gaap-ci_dim_diffComToTaxBal"
           xlink:label="de-gaap-ci_dim_diffComToTaxBal"/>
      <loc xlink:type="locator"
           xlink:href="de-fi-2018-04-01-dimensions.xsd#de-fi_allBanksTanIntan"
           xlink:label="de-fi_allBanksTanIntan"/>
      <loc xlink:type="locator"
           xlink:href="de-fi-2018-04-01-dimensions.xsd#de-fi_grossBanksTanIntan"
           xlink:label="de-fi_grossBanksTanIntan"/>
      <loc xlink:type="locator"
           xlink:href="de-fi-2018-04-01-dimensions.xsd#de-fi_grossCostBanksTanIntan.beginning"
           xlink:label="de-fi_grossCostBanksTanIntan.beginning"/>
      <loc xlink:type="locator"
           xlink:href="de-fi-2018-04-01-dimensions.xsd#de-fi_grossBanksTanIntan.diff"
           xlink:label="de-fi_grossBanksTanIntan.diff"/>
      <loc xlink:type="locator"
           xlink:href="de-fi-2018-04-01-dimensions.xsd#de-fi_grossBanksTanIntan.diff.currDiff"
           xlink:label="de-fi_grossBanksTanIntan.diff.currDiff"/>
      <loc xlink:type="locator"
           xlink:href="de-fi-2018-04-01-dimensions.xsd#de-fi_grossBanksTanIntan.diff.otherDiff"
           xlink:label="de-fi_grossBanksTanIntan.diff.otherDiff"/>
      <loc xlink:type="locator"
           xlink:href="de-fi-2018-04-01-dimensions.xsd#de-fi_grossBanksTanIntan.addition"
           xlink:label="de-fi_grossBanksTanIntan.addition"/>
      <loc xlink:type="locator"
           xlink:href="de-fi-2018-04-01-dimensions.xsd#de-fi_grossBanksTanIntan.release"
           xlink:label="de-fi_grossBanksTanIntan.release"/>
      <loc xlink:type="locator"
           xlink:href="de-fi-2018-04-01-dimensions.xsd#de-fi_grossBanksTanIntan.movements"
           xlink:label="de-fi_grossBanksTanIntan.movements"/>
      <loc xlink:type="locator"
           xlink:href="de-fi-2018-04-01-dimensions.xsd#de-fi_grossBanksTanIntan.currChanges"
           xlink:label="de-fi_grossBanksTanIntan.currChanges"/>
      <loc xlink:type="locator"
           xlink:href="de-fi-2018-04-01-dimensions.xsd#de-fi_accDeprBanksTanIntan"
           xlink:label="de-fi_accDeprBanksTanIntan"/>
      <loc xlink:type="locator"
           xlink:href="de-fi-2018-04-01-dimensions.xsd#de-fi_accDeprBanksTanIntan.beginning"
           xlink:label="de-fi_accDeprBanksTanIntan.beginning"/>
      <loc xlink:type="locator"
           xlink:href="de-fi-2018-04-01-dimensions.xsd#de-fi_accDeprBanksTanIntan.diff"
           xlink:label="de-fi_accDeprBanksTanIntan.diff"/>
      <loc xlink:type="locator"
           xlink:href="de-fi-2018-04-01-dimensions.xsd#de-fi_accDeprBanksTanIntan.diff.currDiff"
           xlink:label="de-fi_accDeprBanksTanIntan.diff.currDiff"/>
      <loc xlink:type="locator"
           xlink:href="de-fi-2018-04-01-dimensions.xsd#de-fi_accDeprBanksTanIntan.diff.otherDiff"
           xlink:label="de-fi_accDeprBanksTanIntan.diff.otherDiff"/>
      <loc xlink:type="locator"
           xlink:href="de-fi-2018-04-01-dimensions.xsd#de-fi_accDeprBanksTanIntan.DeprPeriod"
           xlink:label="de-fi_accDeprBanksTanIntan.DeprPeriod"/>
      <loc xlink:type="locator"
           xlink:href="de-fi-2018-04-01-dimensions.xsd#de-fi_accDeprBanksTanIntan.addition"
           xlink:label="de-fi_accDeprBanksTanIntan.addition"/>
      <loc xlink:type="locator"
           xlink:href="de-fi-2018-04-01-dimensions.xsd#de-fi_accDeprBanksTanIntan.release"
           xlink:label="de-fi_accDeprBanksTanIntan.release"/>
      <loc xlink:type="locator"
           xlink:href="de-fi-2018-04-01-dimensions.xsd#de-fi_accDeprBanksTanIntan.movements"
           xlink:label="de-fi_accDeprBanksTanIntan.movements"/>
      <loc xlink:type="locator"
           xlink:href="de-fi-2018-04-01-dimensions.xsd#de-fi_accDeprBanksTanIntan.currChanges"
           xlink:label="de-fi_accDeprBanksTanIntan.currChanges"/>
      <loc xlink:type="locator"
           xlink:href="de-fi-2018-04-01-dimensions.xsd#de-fi_revaluationBanksTanIntan"
           xlink:label="de-fi_revaluationBanksTanIntan"/>
      <calculationArc xlink:from="de-fi_allBanks" xlink:to="de-fi_grossBanks" order="2" weight="1"
                      xlink:arcrole="http://www.xbrl.org/2003/arcrole/summation-item"
                      xlink:type="arc"/>
      <calculationArc xlink:from="de-fi_grossBanks" xlink:to="de-fi_grossCostBanks.beginning"
                      order="1"
                      weight="1"
                      xlink:arcrole="http://www.xbrl.org/2003/arcrole/summation-item"
                      xlink:type="arc"/>
      <calculationArc xlink:from="de-fi_grossBanks" xlink:to="de-fi_grossBanks.diff" order="2"
                      weight="1"
                      xlink:arcrole="http://www.xbrl.org/2003/arcrole/summation-item"
                      xlink:type="arc"/>
      <calculationArc xlink:from="de-fi_grossBanks.diff" xlink:to="de-fi_grossBanks.diff.currDiff"
                      order="1"
                      weight="1"
                      xlink:arcrole="http://www.xbrl.org/2003/arcrole/summation-item"
                      xlink:type="arc"/>
      <calculationArc xlink:from="de-fi_grossBanks.diff" xlink:to="de-fi_grossBanks.diff.otherDiff"
                      order="2"
                      weight="1"
                      xlink:arcrole="http://www.xbrl.org/2003/arcrole/summation-item"
                      xlink:type="arc"/>
      <calculationArc xlink:from="de-fi_grossBanks" xlink:to="de-fi_grossBanks.addition" order="3"
                      weight="1"
                      xlink:arcrole="http://www.xbrl.org/2003/arcrole/summation-item"
                      xlink:type="arc"/>
      <calculationArc xlink:from="de-fi_grossBanks" xlink:to="de-fi_grossBanks.release" order="4"
                      weight="-1"
                      xlink:arcrole="http://www.xbrl.org/2003/arcrole/summation-item"
                      xlink:type="arc"/>
      <calculationArc xlink:from="de-fi_grossBanks" xlink:to="de-fi_grossBanks.movements" order="5"
                      weight="1"
                      xlink:arcrole="http://www.xbrl.org/2003/arcrole/summation-item"
                      xlink:type="arc"/>
      <calculationArc xlink:from="de-fi_grossBanks" xlink:to="de-fi_grossBanks.currChanges" order="6"
                      weight="1"
                      xlink:arcrole="http://www.xbrl.org/2003/arcrole/summation-item"
                      xlink:type="arc"/>
      <calculationArc xlink:from="de-fi_allBanks" xlink:to="de-fi_accDeprBanks" order="3" weight="-1"
                      xlink:arcrole="http://www.xbrl.org/2003/arcrole/summation-item"
                      xlink:type="arc"/>
      <calculationArc xlink:from="de-fi_accDeprBanks" xlink:to="de-fi_accDeprBanks.beginning"
                      order="1"
                      weight="1"
                      xlink:arcrole="http://www.xbrl.org/2003/arcrole/summation-item"
                      xlink:type="arc"/>
      <calculationArc xlink:from="de-fi_accDeprBanks" xlink:to="de-fi_accDeprBanks.diff" order="2"
                      weight="1"
                      xlink:arcrole="http://www.xbrl.org/2003/arcrole/summation-item"
                      xlink:type="arc"/>
      <calculationArc xlink:from="de-fi_accDeprBanks.diff"
                      xlink:to="de-fi_accDeprBanks.diff.currDiff"
                      order="1"
                      weight="1"
                      xlink:arcrole="http://www.xbrl.org/2003/arcrole/summation-item"
                      xlink:type="arc"/>
      <calculationArc xlink:from="de-fi_accDeprBanks.diff"
                      xlink:to="de-fi_accDeprBanks.diff.otherDiff"
                      order="2"
                      weight="1"
                      xlink:arcrole="http://www.xbrl.org/2003/arcrole/summation-item"
                      xlink:type="arc"/>
      <calculationArc xlink:from="de-fi_accDeprBanks" xlink:to="de-fi_accDeprBanks.DeprPeriod"
                      order="3"
                      weight="1"
                      xlink:arcrole="http://www.xbrl.org/2003/arcrole/summation-item"
                      xlink:type="arc"/>
      <calculationArc xlink:from="de-fi_accDeprBanks" xlink:to="de-fi_accDeprBanks.addition"
                      order="4"
                      weight="1"
                      xlink:arcrole="http://www.xbrl.org/2003/arcrole/summation-item"
                      xlink:type="arc"/>
      <calculationArc xlink:from="de-fi_accDeprBanks" xlink:to="de-fi_accDeprBanks.release" order="5"
                      weight="-1"
                      xlink:arcrole="http://www.xbrl.org/2003/arcrole/summation-item"
                      xlink:type="arc"/>
      <calculationArc xlink:from="de-fi_accDeprBanks" xlink:to="de-fi_accDeprBanks.movements"
                      order="6"
                      weight="1"
                      xlink:arcrole="http://www.xbrl.org/2003/arcrole/summation-item"
                      xlink:type="arc"/>
      <calculationArc xlink:from="de-fi_accDeprBanks" xlink:to="de-fi_accDeprBanks.currChanges"
                      order="7"
                      weight="1"
                      xlink:arcrole="http://www.xbrl.org/2003/arcrole/summation-item"
                      xlink:type="arc"/>
      <calculationArc xlink:from="de-fi_allBanks" xlink:to="de-fi_revaluationBanks" order="4"
                      weight="1"
                      xlink:arcrole="http://www.xbrl.org/2003/arcrole/summation-item"
                      xlink:type="arc"/>
      <calculationArc xlink:from="de-gaap-ci_dim_taxBal" xlink:to="de-gaap-ci_dim_comBal" order="1"
                      weight="1"
                      xlink:arcrole="http://www.xbrl.org/2003/arcrole/summation-item"
                      xlink:type="arc"/>
      <calculationArc xlink:from="de-gaap-ci_dim_taxBal" xlink:to="de-gaap-ci_dim_diffComToTaxBal"
                      order="2"
                      weight="1"
                      xlink:arcrole="http://www.xbrl.org/2003/arcrole/summation-item"
                      xlink:type="arc"/>
      <calculationArc xlink:from="de-fi_allBanksTanIntan" xlink:to="de-fi_grossBanksTanIntan"
                      order="2"
                      weight="1"
                      xlink:arcrole="http://www.xbrl.org/2003/arcrole/summation-item"
                      xlink:type="arc"/>
      <calculationArc xlink:from="de-fi_grossBanksTanIntan"
                      xlink:to="de-fi_grossCostBanksTanIntan.beginning"
                      order="1"
                      weight="1"
                      xlink:arcrole="http://www.xbrl.org/2003/arcrole/summation-item"
                      xlink:type="arc"/>
      <calculationArc xlink:from="de-fi_grossBanksTanIntan" xlink:to="de-fi_grossBanksTanIntan.diff"
                      order="2"
                      weight="1"
                      xlink:arcrole="http://www.xbrl.org/2003/arcrole/summation-item"
                      xlink:type="arc"/>
      <calculationArc xlink:from="de-fi_grossBanksTanIntan.diff"
                      xlink:to="de-fi_grossBanksTanIntan.diff.currDiff"
                      order="1"
                      weight="1"
                      xlink:arcrole="http://www.xbrl.org/2003/arcrole/summation-item"
                      xlink:type="arc"/>
      <calculationArc xlink:from="de-fi_grossBanksTanIntan.diff"
                      xlink:to="de-fi_grossBanksTanIntan.diff.otherDiff"
                      order="2"
                      weight="1"
                      xlink:arcrole="http://www.xbrl.org/2003/arcrole/summation-item"
                      xlink:type="arc"/>
      <calculationArc xlink:from="de-fi_grossBanksTanIntan"
                      xlink:to="de-fi_grossBanksTanIntan.addition"
                      order="3"
                      weight="1"
                      xlink:arcrole="http://www.xbrl.org/2003/arcrole/summation-item"
                      xlink:type="arc"/>
      <calculationArc xlink:from="de-fi_grossBanksTanIntan"
                      xlink:to="de-fi_grossBanksTanIntan.release"
                      order="4"
                      weight="-1"
                      xlink:arcrole="http://www.xbrl.org/2003/arcrole/summation-item"
                      xlink:type="arc"/>
      <calculationArc xlink:from="de-fi_grossBanksTanIntan"
                      xlink:to="de-fi_grossBanksTanIntan.movements"
                      order="5"
                      weight="1"
                      xlink:arcrole="http://www.xbrl.org/2003/arcrole/summation-item"
                      xlink:type="arc"/>
      <calculationArc xlink:from="de-fi_grossBanksTanIntan"
                      xlink:to="de-fi_grossBanksTanIntan.currChanges"
                      order="6"
                      weight="1"
                      xlink:arcrole="http://www.xbrl.org/2003/arcrole/summation-item"
                      xlink:type="arc"/>
      <calculationArc xlink:from="de-fi_allBanksTanIntan" xlink:to="de-fi_accDeprBanksTanIntan"
                      order="3"
                      weight="-1"
                      xlink:arcrole="http://www.xbrl.org/2003/arcrole/summation-item"
                      xlink:type="arc"/>
      <calculationArc xlink:from="de-fi_accDeprBanksTanIntan"
                      xlink:to="de-fi_accDeprBanksTanIntan.beginning"
                      order="1"
                      weight="1"
                      xlink:arcrole="http://www.xbrl.org/2003/arcrole/summation-item"
                      xlink:type="arc"/>
      <calculationArc xlink:from="de-fi_accDeprBanksTanIntan"
                      xlink:to="de-fi_accDeprBanksTanIntan.diff"
                      order="2"
                      weight="1"
                      xlink:arcrole="http://www.xbrl.org/2003/arcrole/summation-item"
                      xlink:type="arc"/>
      <calculationArc xlink:from="de-fi_accDeprBanksTanIntan.diff"
                      xlink:to="de-fi_accDeprBanksTanIntan.diff.currDiff"
                      order="1"
                      weight="1"
                      xlink:arcrole="http://www.xbrl.org/2003/arcrole/summation-item"
                      xlink:type="arc"/>
      <calculationArc xlink:from="de-fi_accDeprBanksTanIntan.diff"
                      xlink:to="de-fi_accDeprBanksTanIntan.diff.otherDiff"
                      order="2"
                      weight="1"
                      xlink:arcrole="http://www.xbrl.org/2003/arcrole/summation-item"
                      xlink:type="arc"/>
      <calculationArc xlink:from="de-fi_accDeprBanksTanIntan"
                      xlink:to="de-fi_accDeprBanksTanIntan.DeprPeriod"
                      order="3"
                      weight="1"
                      xlink:arcrole="http://www.xbrl.org/2003/arcrole/summation-item"
                      xlink:type="arc"/>
      <calculationArc xlink:from="de-fi_accDeprBanksTanIntan"
                      xlink:to="de-fi_accDeprBanksTanIntan.addition"
                      order="4"
                      weight="1"
                      xlink:arcrole="http://www.xbrl.org/2003/arcrole/summation-item"
                      xlink:type="arc"/>
      <calculationArc xlink:from="de-fi_accDeprBanksTanIntan"
                      xlink:to="de-fi_accDeprBanksTanIntan.release"
                      order="5"
                      weight="-1"
                      xlink:arcrole="http://www.xbrl.org/2003/arcrole/summation-item"
                      xlink:type="arc"/>
      <calculationArc xlink:from="de-fi_accDeprBanksTanIntan"
                      xlink:to="de-fi_accDeprBanksTanIntan.movements"
                      order="6"
                      weight="1"
                      xlink:arcrole="http://www.xbrl.org/2003/arcrole/summation-item"
                      xlink:type="arc"/>
      <calculationArc xlink:from="de-fi_accDeprBanksTanIntan"
                      xlink:to="de-fi_accDeprBanksTanIntan.currChanges"
                      order="7"
                      weight="1"
                      xlink:arcrole="http://www.xbrl.org/2003/arcrole/summation-item"
                      xlink:type="arc"/>
      <calculationArc xlink:from="de-fi_allBanksTanIntan" xlink:to="de-fi_revaluationBanksTanIntan"
                      order="4"
                      weight="1"
                      xlink:arcrole="http://www.xbrl.org/2003/arcrole/summation-item"
                      xlink:type="arc"/>
   </calculationLink>
</linkbase>