<?xml version="1.0" encoding="utf-8"?>
<!--(c) XBRL Deutschland e.V. - see http://www.xbrl.de-->


<linkbase xmlns="http://www.xbrl.org/2003/linkbase"
          xmlns:xsi="http://www.w3.org/2001/XMLSchema-instance"
          xsi:schemaLocation="http://www.xbrl.org/2003/linkbase http://www.xbrl.org/2003/xbrl-linkbase-2003-12-31.xsd">
   <roleRef xmlns:xbrldt="http://xbrl.org/2005/xbrldt"
            xmlns:xbrli="http://www.xbrl.org/2003/instance"
            xmlns:xlink="http://www.w3.org/1999/xlink"
            roleURI="http://www.xbrl.de/taxonomies/de-fi/role/notesTableStatementOfChangesInFixedAssetsForBanksTanIntan"
            xlink:href="de-fi-2018-04-01.xsd#role_notesTableStatementOfChangesInFixedAssetsForBanksTanIntan"
            xlink:type="simple"/>
   <arcroleRef xmlns:xbrldt="http://xbrl.org/2005/xbrldt"
               xmlns:xbrli="http://www.xbrl.org/2003/instance"
               xmlns:xlink="http://www.w3.org/1999/xlink"
               arcroleURI="http://xbrl.org/int/dim/arcrole/all"
               xlink:href="http://www.xbrl.org/2005/xbrldt-2005.xsd#all"
               xlink:type="simple"/>
   <arcroleRef xmlns:xbrldt="http://xbrl.org/2005/xbrldt"
               xmlns:xbrli="http://www.xbrl.org/2003/instance"
               xmlns:xlink="http://www.w3.org/1999/xlink"
               arcroleURI="http://xbrl.org/int/dim/arcrole/dimension-domain"
               xlink:href="http://www.xbrl.org/2005/xbrldt-2005.xsd#dimension-domain"
               xlink:type="simple"/>
   <arcroleRef xmlns:xbrldt="http://xbrl.org/2005/xbrldt"
               xmlns:xbrli="http://www.xbrl.org/2003/instance"
               xmlns:xlink="http://www.w3.org/1999/xlink"
               arcroleURI="http://xbrl.org/int/dim/arcrole/domain-member"
               xlink:href="http://www.xbrl.org/2005/xbrldt-2005.xsd#domain-member"
               xlink:type="simple"/>
   <arcroleRef xmlns:xbrldt="http://xbrl.org/2005/xbrldt"
               xmlns:xbrli="http://www.xbrl.org/2003/instance"
               xmlns:xlink="http://www.w3.org/1999/xlink"
               arcroleURI="http://xbrl.org/int/dim/arcrole/hypercube-dimension"
               xlink:href="http://www.xbrl.org/2005/xbrldt-2005.xsd#hypercube-dimension"
               xlink:type="simple"/>
   <definitionLink xmlns:xlink="http://www.w3.org/1999/xlink"
                   xlink:role="http://www.xbrl.de/taxonomies/de-fi/role/notesTableStatementOfChangesInFixedAssetsForBanksTanIntan"
                   xlink:type="extended">
      <loc xlink:type="locator"
           xlink:href="../de-gaap-ci-2018-04-01/de-gaap-ci-2018-04-01-dimensions.xsd#de-gaap-ci_dim_taxTrans"
           xlink:label="de-gaap-ci_dim_taxTrans"/>
      <loc xlink:type="locator"
           xlink:href="../de-gaap-ci-2018-04-01/de-gaap-ci-2018-04-01-dimensions.xsd#de-gaap-ci_dim_taxBal"
           xlink:label="de-gaap-ci_dim_taxBal"/>
      <loc xlink:type="locator"
           xlink:href="../de-gaap-ci-2018-04-01/de-gaap-ci-2018-04-01-dimensions.xsd#de-gaap-ci_dim_diffComToTaxBal"
           xlink:label="de-gaap-ci_dim_diffComToTaxBal"/>
      <loc xlink:type="locator"
           xlink:href="../de-gaap-ci-2018-04-01/de-gaap-ci-2018-04-01-dimensions.xsd#de-gaap-ci_dim_comBal"
           xlink:label="de-gaap-ci_dim_comBal"/>
      <loc xlink:type="locator"
           xlink:href="de-fi-2018-04-01-dimensions.xsd#de-fi_tableBanksTanIntan.nt.ass"
           xlink:label="de-fi_tableBanksTanIntan.nt.ass"/>
      <loc xlink:type="locator"
           xlink:href="de-fi-2018-04-01-dimensions.xsd#de-fi_cubeBanksTanIntan.nt.ass.gross"
           xlink:label="de-fi_cubeBanksTanIntan.nt.ass.gross"/>
      <loc xlink:type="locator"
           xlink:href="de-fi-2018-04-01-dimensions.xsd#de-fi_dim_changesBanksTanIntan.nt.ass"
           xlink:label="de-fi_dim_changesBanksTanIntan.nt.ass"/>
      <loc xlink:type="locator" xlink:href="de-fi-2018-04-01.xsd#de-fi_bsBanks.ass.intan"
           xlink:label="de-fi_bsBanks.ass.intan"/>
      <loc xlink:type="locator" xlink:href="de-fi-2018-04-01.xsd#de-fi_bsBanks.ass.tan"
           xlink:label="de-fi_bsBanks.ass.tan"/>
      <loc xlink:type="locator"
           xlink:href="de-fi-2018-04-01-dimensions.xsd#de-fi_piTitleBanksTanIntan.nt.ass.gross"
           xlink:label="de-fi_piTitleBanksTanIntan.nt.ass.gross"/>
      <loc xlink:type="locator"
           xlink:href="de-fi-2018-04-01-dimensions.xsd#de-fi_allBanksTanIntan"
           xlink:label="de-fi_allBanksTanIntan"/>
      <loc xlink:type="locator"
           xlink:href="de-fi-2018-04-01-dimensions.xsd#de-fi_allBanks_Prev_periodTanIntan"
           xlink:label="de-fi_allBanks_Prev_periodTanIntan"/>
      <loc xlink:type="locator"
           xlink:href="de-fi-2018-04-01-dimensions.xsd#de-fi_grossBanksTanIntan"
           xlink:label="de-fi_grossBanksTanIntan"/>
      <loc xlink:type="locator"
           xlink:href="de-fi-2018-04-01-dimensions.xsd#de-fi_grossCostBanksTanIntan.beginning"
           xlink:label="de-fi_grossCostBanksTanIntan.beginning"/>
      <loc xlink:type="locator"
           xlink:href="de-fi-2018-04-01-dimensions.xsd#de-fi_grossBanksTanIntan.diff"
           xlink:label="de-fi_grossBanksTanIntan.diff"/>
      <loc xlink:type="locator"
           xlink:href="de-fi-2018-04-01-dimensions.xsd#de-fi_grossBanksTanIntan.diff.currDiff"
           xlink:label="de-fi_grossBanksTanIntan.diff.currDiff"/>
      <loc xlink:type="locator"
           xlink:href="de-fi-2018-04-01-dimensions.xsd#de-fi_grossBanksTanIntan.diff.otherDiff"
           xlink:label="de-fi_grossBanksTanIntan.diff.otherDiff"/>
      <loc xlink:type="locator"
           xlink:href="de-fi-2018-04-01-dimensions.xsd#de-fi_grossBanksTanIntan.diff.otherDiff.comment"
           xlink:label="de-fi_grossBanksTanIntan.diff.otherDiff.comment"/>
      <loc xlink:type="locator"
           xlink:href="de-fi-2018-04-01-dimensions.xsd#de-fi_grossBanksTanIntan.addition"
           xlink:label="de-fi_grossBanksTanIntan.addition"/>
      <loc xlink:type="locator"
           xlink:href="de-fi-2018-04-01-dimensions.xsd#de-fi_grossBanksTanIntan.release"
           xlink:label="de-fi_grossBanksTanIntan.release"/>
      <loc xlink:type="locator"
           xlink:href="de-fi-2018-04-01-dimensions.xsd#de-fi_grossBanksTanIntan.movements"
           xlink:label="de-fi_grossBanksTanIntan.movements"/>
      <loc xlink:type="locator"
           xlink:href="de-fi-2018-04-01-dimensions.xsd#de-fi_grossBanksTanIntan.currChanges"
           xlink:label="de-fi_grossBanksTanIntan.currChanges"/>
      <loc xlink:type="locator"
           xlink:href="de-fi-2018-04-01-dimensions.xsd#de-fi_accDeprBanksTanIntan"
           xlink:label="de-fi_accDeprBanksTanIntan"/>
      <loc xlink:type="locator"
           xlink:href="de-fi-2018-04-01-dimensions.xsd#de-fi_accDeprBanksTanIntan.beginning"
           xlink:label="de-fi_accDeprBanksTanIntan.beginning"/>
      <loc xlink:type="locator"
           xlink:href="de-fi-2018-04-01-dimensions.xsd#de-fi_accDeprBanksTanIntan.diff"
           xlink:label="de-fi_accDeprBanksTanIntan.diff"/>
      <loc xlink:type="locator"
           xlink:href="de-fi-2018-04-01-dimensions.xsd#de-fi_accDeprBanksTanIntan.diff.currDiff"
           xlink:label="de-fi_accDeprBanksTanIntan.diff.currDiff"/>
      <loc xlink:type="locator"
           xlink:href="de-fi-2018-04-01-dimensions.xsd#de-fi_accDeprBanksTanIntan.diff.otherDiff"
           xlink:label="de-fi_accDeprBanksTanIntan.diff.otherDiff"/>
      <loc xlink:type="locator"
           xlink:href="de-fi-2018-04-01-dimensions.xsd#de-fi_accDeprBanksTanIntan.diff.otherDiff.comment"
           xlink:label="de-fi_accDeprBanksTanIntan.diff.otherDiff.comment"/>
      <loc xlink:type="locator"
           xlink:href="de-fi-2018-04-01-dimensions.xsd#de-fi_accDeprBanksTanIntan.DeprPeriod"
           xlink:label="de-fi_accDeprBanksTanIntan.DeprPeriod"/>
      <loc xlink:type="locator"
           xlink:href="de-fi-2018-04-01-dimensions.xsd#de-fi_accDeprBanksTanIntan.DeprPeriod.specific"
           xlink:label="de-fi_accDeprBanksTanIntan.DeprPeriod.specific"/>
      <loc xlink:type="locator"
           xlink:href="de-fi-2018-04-01-dimensions.xsd#de-fi_accDeprBanksTanIntan.addition"
           xlink:label="de-fi_accDeprBanksTanIntan.addition"/>
      <loc xlink:type="locator"
           xlink:href="de-fi-2018-04-01-dimensions.xsd#de-fi_accDeprBanksTanIntan.release"
           xlink:label="de-fi_accDeprBanksTanIntan.release"/>
      <loc xlink:type="locator"
           xlink:href="de-fi-2018-04-01-dimensions.xsd#de-fi_accDeprBanksTanIntan.movements"
           xlink:label="de-fi_accDeprBanksTanIntan.movements"/>
      <loc xlink:type="locator"
           xlink:href="de-fi-2018-04-01-dimensions.xsd#de-fi_accDeprBanksTanIntan.currChanges"
           xlink:label="de-fi_accDeprBanksTanIntan.currChanges"/>
      <loc xlink:type="locator"
           xlink:href="de-fi-2018-04-01-dimensions.xsd#de-fi_revaluationBanksTanIntan"
           xlink:label="de-fi_revaluationBanksTanIntan"/>
      <loc xlink:type="locator"
           xlink:href="de-fi-2018-04-01-dimensions.xsd#de-fi_revaluationBanksFixedAssets.comment"
           xlink:label="de-fi_revaluationBanksFixedAssets.comment"/>
      <definitionArc xlink:from="de-gaap-ci_dim_taxTrans" xlink:to="de-gaap-ci_dim_taxBal" order="1"
                     xlink:arcrole="http://xbrl.org/int/dim/arcrole/dimension-domain"
                     xlink:type="arc"/>
      <definitionArc xlink:from="de-gaap-ci_dim_taxBal" xlink:to="de-gaap-ci_dim_diffComToTaxBal"
                     order="2"
                     xlink:arcrole="http://xbrl.org/int/dim/arcrole/domain-member"
                     xlink:type="arc"/>
      <definitionArc xlink:from="de-gaap-ci_dim_taxBal" xlink:to="de-gaap-ci_dim_comBal" order="1"
                     xlink:arcrole="http://xbrl.org/int/dim/arcrole/domain-member"
                     xlink:type="arc"/>
      <definitionArc xmlns:xbrldt="http://xbrl.org/2005/xbrldt"
                     xlink:from="de-fi_tableBanksTanIntan.nt.ass"
                     xlink:to="de-fi_cubeBanksTanIntan.nt.ass.gross"
                     order="1"
                     xbrldt:contextElement="scenario"
                     xlink:arcrole="http://xbrl.org/int/dim/arcrole/all"
                     xlink:type="arc"/>
      <definitionArc xlink:from="de-fi_cubeBanksTanIntan.nt.ass.gross"
                     xlink:to="de-gaap-ci_dim_taxTrans"
                     order="1"
                     xlink:arcrole="http://xbrl.org/int/dim/arcrole/hypercube-dimension"
                     xlink:type="arc"/>
      <definitionArc xlink:from="de-fi_cubeBanksTanIntan.nt.ass.gross"
                     xlink:to="de-fi_dim_changesBanksTanIntan.nt.ass"
                     order="2"
                     xlink:arcrole="http://xbrl.org/int/dim/arcrole/hypercube-dimension"
                     xlink:type="arc"/>
      <definitionArc xlink:from="de-fi_dim_changesBanksTanIntan.nt.ass"
                     xlink:to="de-fi_bsBanks.ass.intan"
                     order="1"
                     xlink:arcrole="http://xbrl.org/int/dim/arcrole/dimension-domain"
                     xlink:type="arc"/>
      <definitionArc xlink:from="de-fi_dim_changesBanksTanIntan.nt.ass"
                     xlink:to="de-fi_bsBanks.ass.tan"
                     order="2"
                     xlink:arcrole="http://xbrl.org/int/dim/arcrole/dimension-domain"
                     xlink:type="arc"/>
      <definitionArc xlink:from="de-fi_tableBanksTanIntan.nt.ass"
                     xlink:to="de-fi_piTitleBanksTanIntan.nt.ass.gross"
                     order="2"
                     xlink:arcrole="http://xbrl.org/int/dim/arcrole/domain-member"
                     xlink:type="arc"/>
      <definitionArc xlink:from="de-fi_piTitleBanksTanIntan.nt.ass.gross"
                     xlink:to="de-fi_allBanksTanIntan"
                     order="1"
                     xlink:arcrole="http://xbrl.org/int/dim/arcrole/domain-member"
                     xlink:type="arc"/>
      <definitionArc xlink:from="de-fi_allBanksTanIntan"
                     xlink:to="de-fi_allBanks_Prev_periodTanIntan"
                     order="1"
                     xlink:arcrole="http://xbrl.org/int/dim/arcrole/domain-member"
                     xlink:type="arc"/>
      <definitionArc xlink:from="de-fi_allBanksTanIntan" xlink:to="de-fi_grossBanksTanIntan"
                     order="2"
                     xlink:arcrole="http://xbrl.org/int/dim/arcrole/domain-member"
                     xlink:type="arc"/>
      <definitionArc xlink:from="de-fi_grossBanksTanIntan"
                     xlink:to="de-fi_grossCostBanksTanIntan.beginning"
                     order="1"
                     xlink:arcrole="http://xbrl.org/int/dim/arcrole/domain-member"
                     xlink:type="arc"/>
      <definitionArc xlink:from="de-fi_grossBanksTanIntan" xlink:to="de-fi_grossBanksTanIntan.diff"
                     order="2"
                     xlink:arcrole="http://xbrl.org/int/dim/arcrole/domain-member"
                     xlink:type="arc"/>
      <definitionArc xlink:from="de-fi_grossBanksTanIntan.diff"
                     xlink:to="de-fi_grossBanksTanIntan.diff.currDiff"
                     order="1"
                     xlink:arcrole="http://xbrl.org/int/dim/arcrole/domain-member"
                     xlink:type="arc"/>
      <definitionArc xlink:from="de-fi_grossBanksTanIntan.diff"
                     xlink:to="de-fi_grossBanksTanIntan.diff.otherDiff"
                     order="2"
                     xlink:arcrole="http://xbrl.org/int/dim/arcrole/domain-member"
                     xlink:type="arc"/>
      <definitionArc xlink:from="de-fi_grossBanksTanIntan.diff.otherDiff"
                     xlink:to="de-fi_grossBanksTanIntan.diff.otherDiff.comment"
                     order="1"
                     xlink:arcrole="http://xbrl.org/int/dim/arcrole/domain-member"
                     xlink:type="arc"/>
      <definitionArc xlink:from="de-fi_grossBanksTanIntan"
                     xlink:to="de-fi_grossBanksTanIntan.addition"
                     order="3"
                     xlink:arcrole="http://xbrl.org/int/dim/arcrole/domain-member"
                     xlink:type="arc"/>
      <definitionArc xlink:from="de-fi_grossBanksTanIntan"
                     xlink:to="de-fi_grossBanksTanIntan.release"
                     order="4"
                     xlink:arcrole="http://xbrl.org/int/dim/arcrole/domain-member"
                     xlink:type="arc"/>
      <definitionArc xlink:from="de-fi_grossBanksTanIntan"
                     xlink:to="de-fi_grossBanksTanIntan.movements"
                     order="5"
                     xlink:arcrole="http://xbrl.org/int/dim/arcrole/domain-member"
                     xlink:type="arc"/>
      <definitionArc xlink:from="de-fi_grossBanksTanIntan"
                     xlink:to="de-fi_grossBanksTanIntan.currChanges"
                     order="6"
                     xlink:arcrole="http://xbrl.org/int/dim/arcrole/domain-member"
                     xlink:type="arc"/>
      <definitionArc xlink:from="de-fi_allBanksTanIntan" xlink:to="de-fi_accDeprBanksTanIntan"
                     order="3"
                     xlink:arcrole="http://xbrl.org/int/dim/arcrole/domain-member"
                     xlink:type="arc"/>
      <definitionArc xlink:from="de-fi_accDeprBanksTanIntan"
                     xlink:to="de-fi_accDeprBanksTanIntan.beginning"
                     order="1"
                     xlink:arcrole="http://xbrl.org/int/dim/arcrole/domain-member"
                     xlink:type="arc"/>
      <definitionArc xlink:from="de-fi_accDeprBanksTanIntan"
                     xlink:to="de-fi_accDeprBanksTanIntan.diff"
                     order="2"
                     xlink:arcrole="http://xbrl.org/int/dim/arcrole/domain-member"
                     xlink:type="arc"/>
      <definitionArc xlink:from="de-fi_accDeprBanksTanIntan.diff"
                     xlink:to="de-fi_accDeprBanksTanIntan.diff.currDiff"
                     order="1"
                     xlink:arcrole="http://xbrl.org/int/dim/arcrole/domain-member"
                     xlink:type="arc"/>
      <definitionArc xlink:from="de-fi_accDeprBanksTanIntan.diff"
                     xlink:to="de-fi_accDeprBanksTanIntan.diff.otherDiff"
                     order="2"
                     xlink:arcrole="http://xbrl.org/int/dim/arcrole/domain-member"
                     xlink:type="arc"/>
      <definitionArc xlink:from="de-fi_accDeprBanksTanIntan.diff.otherDiff"
                     xlink:to="de-fi_accDeprBanksTanIntan.diff.otherDiff.comment"
                     order="1"
                     xlink:arcrole="http://xbrl.org/int/dim/arcrole/domain-member"
                     xlink:type="arc"/>
      <definitionArc xlink:from="de-fi_accDeprBanksTanIntan"
                     xlink:to="de-fi_accDeprBanksTanIntan.DeprPeriod"
                     order="3"
                     xlink:arcrole="http://xbrl.org/int/dim/arcrole/domain-member"
                     xlink:type="arc"/>
      <definitionArc xlink:from="de-fi_accDeprBanksTanIntan.DeprPeriod"
                     xlink:to="de-fi_accDeprBanksTanIntan.DeprPeriod.specific"
                     order="1"
                     xlink:arcrole="http://xbrl.org/int/dim/arcrole/domain-member"
                     xlink:type="arc"/>
      <definitionArc xlink:from="de-fi_accDeprBanksTanIntan"
                     xlink:to="de-fi_accDeprBanksTanIntan.addition"
                     order="4"
                     xlink:arcrole="http://xbrl.org/int/dim/arcrole/domain-member"
                     xlink:type="arc"/>
      <definitionArc xlink:from="de-fi_accDeprBanksTanIntan"
                     xlink:to="de-fi_accDeprBanksTanIntan.release"
                     order="5"
                     xlink:arcrole="http://xbrl.org/int/dim/arcrole/domain-member"
                     xlink:type="arc"/>
      <definitionArc xlink:from="de-fi_accDeprBanksTanIntan"
                     xlink:to="de-fi_accDeprBanksTanIntan.movements"
                     order="6"
                     xlink:arcrole="http://xbrl.org/int/dim/arcrole/domain-member"
                     xlink:type="arc"/>
      <definitionArc xlink:from="de-fi_accDeprBanksTanIntan"
                     xlink:to="de-fi_accDeprBanksTanIntan.currChanges"
                     order="7"
                     xlink:arcrole="http://xbrl.org/int/dim/arcrole/domain-member"
                     xlink:type="arc"/>
      <definitionArc xlink:from="de-fi_allBanksTanIntan" xlink:to="de-fi_revaluationBanksTanIntan"
                     order="4"
                     xlink:arcrole="http://xbrl.org/int/dim/arcrole/domain-member"
                     xlink:type="arc"/>
      <definitionArc xlink:from="de-fi_revaluationBanksTanIntan"
                     xlink:to="de-fi_revaluationBanksFixedAssets.comment"
                     order="1"
                     xlink:arcrole="http://xbrl.org/int/dim/arcrole/domain-member"
                     xlink:type="arc"/>
   </definitionLink>
</linkbase>