<?xml version="1.0" encoding="utf-8"?>
<!--(c) XBRL Deutschland e.V. - see http://www.xbrl.de-->


<linkbase xmlns="http://www.xbrl.org/2003/linkbase"
          xmlns:xsi="http://www.w3.org/2001/XMLSchema-instance"
          xsi:schemaLocation="http://www.xbrl.org/2003/linkbase http://www.xbrl.org/2003/xbrl-linkbase-2003-12-31.xsd">
   <roleRef xmlns:de-fi="http://www.xbrl.de/taxonomies/de-fi-2018-04-01"
            xmlns:xbrldt="http://xbrl.org/2005/xbrldt"
            xmlns:xlink="http://www.w3.org/1999/xlink"
            roleURI="http://www.xbrl.de/taxonomies/de-fi/role/notes"
            xlink:href="de-fi-2018-04-01.xsd#role_notes"
            xlink:type="simple"/>
   <presentationLink xmlns:xlink="http://www.w3.org/1999/xlink"
                     xlink:role="http://www.xbrl.de/taxonomies/de-fi/role/notes"
                     xlink:type="extended">
      <loc xlink:type="locator" xlink:href="de-fi-2018-04-01.xsd#de-fi_ntBanks"
           xlink:label="de-fi_ntBanks"/>
      <loc xlink:type="locator"
           xlink:href="de-fi-2018-04-01.xsd#de-fi_ntBanks.trusteeship"
           xlink:label="de-fi_ntBanks.trusteeship"/>
      <loc xlink:type="locator"
           xlink:href="de-fi-2018-04-01.xsd#de-fi_ntBanks.trusteeship.comment"
           xlink:label="de-fi_ntBanks.trusteeship.comment"/>
      <loc xlink:type="locator"
           xlink:href="de-fi-2018-04-01.xsd#de-fi_ntBanks.trusteeship.value"
           xlink:label="de-fi_ntBanks.trusteeship.value"/>
      <loc xlink:type="locator"
           xlink:href="de-fi-2018-04-01.xsd#de-fi_ntBanks.maturityStructure"
           xlink:label="de-fi_ntBanks.maturityStructure"/>
      <loc xlink:type="locator"
           xlink:href="de-fi-2018-04-01.xsd#de-fi_ntBanks.maturityStructure.receivBanks"
           xlink:label="de-fi_ntBanks.maturityStructure.receivBanks"/>
      <loc xlink:type="locator"
           xlink:href="de-fi-2018-04-01.xsd#de-fi_ntBanks.maturityStructure.receivBanks.upTo3months"
           xlink:label="de-fi_ntBanks.maturityStructure.receivBanks.upTo3months"/>
      <loc xlink:type="locator"
           xlink:href="de-fi-2018-04-01.xsd#de-fi_ntBanks.maturityStructure.receivBanks.upTo1year"
           xlink:label="de-fi_ntBanks.maturityStructure.receivBanks.upTo1year"/>
      <loc xlink:type="locator"
           xlink:href="de-fi-2018-04-01.xsd#de-fi_ntBanks.maturityStructure.receivBanks.upTo5years"
           xlink:label="de-fi_ntBanks.maturityStructure.receivBanks.upTo5years"/>
      <loc xlink:type="locator"
           xlink:href="de-fi-2018-04-01.xsd#de-fi_ntBanks.maturityStructure.receivBanks.above5years"
           xlink:label="de-fi_ntBanks.maturityStructure.receivBanks.above5years"/>
      <loc xlink:type="locator"
           xlink:href="de-fi-2018-04-01.xsd#de-fi_ntBanks.maturityStructure.receivCustomers"
           xlink:label="de-fi_ntBanks.maturityStructure.receivCustomers"/>
      <loc xlink:type="locator"
           xlink:href="de-fi-2018-04-01.xsd#de-fi_ntBanks.maturityStructure.receivCustomers.upTo3months"
           xlink:label="de-fi_ntBanks.maturityStructure.receivCustomers.upTo3months"/>
      <loc xlink:type="locator"
           xlink:href="de-fi-2018-04-01.xsd#de-fi_ntBanks.maturityStructure.receivCustomers.upTo1year"
           xlink:label="de-fi_ntBanks.maturityStructure.receivCustomers.upTo1year"/>
      <loc xlink:type="locator"
           xlink:href="de-fi-2018-04-01.xsd#de-fi_ntBanks.maturityStructure.receivCustomers.upTo5years"
           xlink:label="de-fi_ntBanks.maturityStructure.receivCustomers.upTo5years"/>
      <loc xlink:type="locator"
           xlink:href="de-fi-2018-04-01.xsd#de-fi_ntBanks.maturityStructure.receivCustomers.above5years"
           xlink:label="de-fi_ntBanks.maturityStructure.receivCustomers.above5years"/>
      <loc xlink:type="locator"
           xlink:href="de-fi-2018-04-01.xsd#de-fi_ntBanks.maturityStructure.receivCustomers.noStatedMaturity"
           xlink:label="de-fi_ntBanks.maturityStructure.receivCustomers.noStatedMaturity"/>
      <loc xlink:type="locator"
           xlink:href="de-fi-2018-04-01.xsd#de-fi_ntBanks.maturityStructure.liabBanksAgreedMaturity"
           xlink:label="de-fi_ntBanks.maturityStructure.liabBanksAgreedMaturity"/>
      <loc xlink:type="locator"
           xlink:href="de-fi-2018-04-01.xsd#de-fi_ntBanks.maturityStructure.liabBanksAgreedMaturity.upTo3months"
           xlink:label="de-fi_ntBanks.maturityStructure.liabBanksAgreedMaturity.upTo3months"/>
      <loc xlink:type="locator"
           xlink:href="de-fi-2018-04-01.xsd#de-fi_ntBanks.maturityStructure.liabBanksAgreedMaturity.upTo1year"
           xlink:label="de-fi_ntBanks.maturityStructure.liabBanksAgreedMaturity.upTo1year"/>
      <loc xlink:type="locator"
           xlink:href="de-fi-2018-04-01.xsd#de-fi_ntBanks.maturityStructure.liabBanksAgreedMaturity.upTo5years"
           xlink:label="de-fi_ntBanks.maturityStructure.liabBanksAgreedMaturity.upTo5years"/>
      <loc xlink:type="locator"
           xlink:href="de-fi-2018-04-01.xsd#de-fi_ntBanks.maturityStructure.liabBanksAgreedMaturity.above5years"
           xlink:label="de-fi_ntBanks.maturityStructure.liabBanksAgreedMaturity.above5years"/>
      <loc xlink:type="locator"
           xlink:href="de-fi-2018-04-01.xsd#de-fi_ntBanks.maturityStructure.savingsMaturityAbove3months"
           xlink:label="de-fi_ntBanks.maturityStructure.savingsMaturityAbove3months"/>
      <loc xlink:type="locator"
           xlink:href="de-fi-2018-04-01.xsd#de-fi_ntBanks.maturityStructure.savingsMaturityAbove3months.upTo3months"
           xlink:label="de-fi_ntBanks.maturityStructure.savingsMaturityAbove3months.upTo3months"/>
      <loc xlink:type="locator"
           xlink:href="de-fi-2018-04-01.xsd#de-fi_ntBanks.maturityStructure.savingsMaturityAbove3months.upTo1year"
           xlink:label="de-fi_ntBanks.maturityStructure.savingsMaturityAbove3months.upTo1year"/>
      <loc xlink:type="locator"
           xlink:href="de-fi-2018-04-01.xsd#de-fi_ntBanks.maturityStructure.savingsMaturityAbove3months.upTo5years"
           xlink:label="de-fi_ntBanks.maturityStructure.savingsMaturityAbove3months.upTo5years"/>
      <loc xlink:type="locator"
           xlink:href="de-fi-2018-04-01.xsd#de-fi_ntBanks.maturityStructure.savingsMaturityAbove3months.above5years"
           xlink:label="de-fi_ntBanks.maturityStructure.savingsMaturityAbove3months.above5years"/>
      <loc xlink:type="locator"
           xlink:href="de-fi-2018-04-01.xsd#de-fi_ntBanks.maturityStructure.otherLiabAgreedMaturity"
           xlink:label="de-fi_ntBanks.maturityStructure.otherLiabAgreedMaturity"/>
      <loc xlink:type="locator"
           xlink:href="de-fi-2018-04-01.xsd#de-fi_ntBanks.maturityStructure.otherLiabAgreedMaturity.upTo3months"
           xlink:label="de-fi_ntBanks.maturityStructure.otherLiabAgreedMaturity.upTo3months"/>
      <loc xlink:type="locator"
           xlink:href="de-fi-2018-04-01.xsd#de-fi_ntBanks.maturityStructure.otherLiabAgreedMaturity.upTo1year"
           xlink:label="de-fi_ntBanks.maturityStructure.otherLiabAgreedMaturity.upTo1year"/>
      <loc xlink:type="locator"
           xlink:href="de-fi-2018-04-01.xsd#de-fi_ntBanks.maturityStructure.otherLiabAgreedMaturity.upTo5years"
           xlink:label="de-fi_ntBanks.maturityStructure.otherLiabAgreedMaturity.upTo5years"/>
      <loc xlink:type="locator"
           xlink:href="de-fi-2018-04-01.xsd#de-fi_ntBanks.maturityStructure.otherLiabAgreedMaturity.above5years"
           xlink:label="de-fi_ntBanks.maturityStructure.otherLiabAgreedMaturity.above5years"/>
      <loc xlink:type="locator"
           xlink:href="de-fi-2018-04-01.xsd#de-fi_ntBanks.maturityStructure.otherSecuritisedLiab"
           xlink:label="de-fi_ntBanks.maturityStructure.otherSecuritisedLiab"/>
      <loc xlink:type="locator"
           xlink:href="de-fi-2018-04-01.xsd#de-fi_ntBanks.maturityStructure.otherSecuritisedLiab.upTo3months"
           xlink:label="de-fi_ntBanks.maturityStructure.otherSecuritisedLiab.upTo3months"/>
      <loc xlink:type="locator"
           xlink:href="de-fi-2018-04-01.xsd#de-fi_ntBanks.maturityStructure.otherSecuritisedLiab.upTo1year"
           xlink:label="de-fi_ntBanks.maturityStructure.otherSecuritisedLiab.upTo1year"/>
      <loc xlink:type="locator"
           xlink:href="de-fi-2018-04-01.xsd#de-fi_ntBanks.maturityStructure.otherSecuritisedLiab.upTo5years"
           xlink:label="de-fi_ntBanks.maturityStructure.otherSecuritisedLiab.upTo5years"/>
      <loc xlink:type="locator"
           xlink:href="de-fi-2018-04-01.xsd#de-fi_ntBanks.maturityStructure.otherSecuritisedLiab.above5years"
           xlink:label="de-fi_ntBanks.maturityStructure.otherSecuritisedLiab.above5years"/>
      <loc xlink:type="locator"
           xlink:href="de-fi-2018-04-01.xsd#de-fi_ntBanks.maturityStructure.bonds"
           xlink:label="de-fi_ntBanks.maturityStructure.bonds"/>
      <loc xlink:type="locator"
           xlink:href="de-fi-2018-04-01.xsd#de-fi_ntBanks.maturityStructure.securitisedLiab"
           xlink:label="de-fi_ntBanks.maturityStructure.securitisedLiab"/>
      <loc xlink:type="locator"
           xlink:href="de-fi-2018-04-01.xsd#de-fi_ntBanks.maturityStructure.securitisedLiab.upTo1year"
           xlink:label="de-fi_ntBanks.maturityStructure.securitisedLiab.upTo1year"/>
      <loc xlink:type="locator" xlink:href="de-fi-2018-04-01.xsd#de-fi_ntBanks.segmGeo"
           xlink:label="de-fi_ntBanks.segmGeo"/>
      <loc xlink:type="locator"
           xlink:href="de-fi-2018-04-01.xsd#de-fi_ntBanks.segmGeo.name"
           xlink:label="de-fi_ntBanks.segmGeo.name"/>
      <loc xlink:type="locator"
           xlink:href="de-fi-2018-04-01.xsd#de-fi_ntBanks.segmGeo.interestIncome"
           xlink:label="de-fi_ntBanks.segmGeo.interestIncome"/>
      <loc xlink:type="locator"
           xlink:href="de-fi-2018-04-01.xsd#de-fi_ntBanks.segmGeo.currIncomeShares"
           xlink:label="de-fi_ntBanks.segmGeo.currIncomeShares"/>
      <loc xlink:type="locator"
           xlink:href="de-fi-2018-04-01.xsd#de-fi_ntBanks.segmGeo.feeIncome"
           xlink:label="de-fi_ntBanks.segmGeo.feeIncome"/>
      <loc xlink:type="locator"
           xlink:href="de-fi-2018-04-01.xsd#de-fi_ntBanks.segmGeo.netTradingIncome"
           xlink:label="de-fi_ntBanks.segmGeo.netTradingIncome"/>
      <loc xlink:type="locator"
           xlink:href="de-fi-2018-04-01.xsd#de-fi_ntBanks.segmGeo.otherOpRevenue"
           xlink:label="de-fi_ntBanks.segmGeo.otherOpRevenue"/>
      <loc xlink:type="locator"
           xlink:href="de-fi-2018-04-01.xsd#de-fi_ntBanks.boardMembers"
           xlink:label="de-fi_ntBanks.boardMembers"/>
      <loc xlink:type="locator"
           xlink:href="de-fi-2018-04-01.xsd#de-fi_ntBanks.boardMembers.type"
           xlink:label="de-fi_ntBanks.boardMembers.type"/>
      <loc xlink:type="locator"
           xlink:href="de-fi-2018-04-01.xsd#de-fi_ntBanks.boardMembers.loans"
           xlink:label="de-fi_ntBanks.boardMembers.loans"/>
      <loc xlink:type="locator"
           xlink:href="de-fi-2018-04-01.xsd#de-fi_ntBanks.boardMembers.contingLiab"
           xlink:label="de-fi_ntBanks.boardMembers.contingLiab"/>
      <loc xlink:type="locator"
           xlink:href="de-fi-2018-04-01.xsd#de-fi_ntBanks.addMandatoryDisclosures"
           xlink:label="de-fi_ntBanks.addMandatoryDisclosures"/>
      <loc xlink:type="locator"
           xlink:href="de-fi-2018-04-01.xsd#de-fi_ntBanks.addMandatoryDisclosures.analysisOfMarketableSecuritiesListing"
           xlink:label="de-fi_ntBanks.addMandatoryDisclosures.analysisOfMarketableSecuritiesListing"/>
      <loc xlink:type="locator"
           xlink:href="de-fi-2018-04-01.xsd#de-fi_ntBanks.addMandatoryDisclosures.analysisOfMarketableSecuritiesValuation"
           xlink:label="de-fi_ntBanks.addMandatoryDisclosures.analysisOfMarketableSecuritiesValuation"/>
      <loc xlink:type="locator"
           xlink:href="de-fi-2018-04-01.xsd#de-fi_ntBanks.addMandatoryDisclosures.leases"
           xlink:label="de-fi_ntBanks.addMandatoryDisclosures.leases"/>
      <loc xlink:type="locator"
           xlink:href="de-fi-2018-04-01.xsd#de-fi_ntBanks.addMandatoryDisclosures.significantIndividualAmounts"
           xlink:label="de-fi_ntBanks.addMandatoryDisclosures.significantIndividualAmounts"/>
      <loc xlink:type="locator"
           xlink:href="de-fi-2018-04-01.xsd#de-fi_ntBanks.addMandatoryDisclosures.servicesProvidedToThirdParties"
           xlink:label="de-fi_ntBanks.addMandatoryDisclosures.servicesProvidedToThirdParties"/>
      <loc xlink:type="locator"
           xlink:href="de-fi-2018-04-01.xsd#de-fi_ntBanks.addMandatoryDisclosures.foreignCurrencies"
           xlink:label="de-fi_ntBanks.addMandatoryDisclosures.foreignCurrencies"/>
      <loc xlink:type="locator"
           xlink:href="de-fi-2018-04-01.xsd#de-fi_ntBanks.addMandatoryDisclosures.coverCalculation"
           xlink:label="de-fi_ntBanks.addMandatoryDisclosures.coverCalculation"/>
      <loc xlink:type="locator"
           xlink:href="de-fi-2018-04-01.xsd#de-fi_ntBanks.addMandatoryDisclosures.pastDueInterestBuildingLoans"
           xlink:label="de-fi_ntBanks.addMandatoryDisclosures.pastDueInterestBuildingLoans"/>
      <loc xlink:type="locator"
           xlink:href="de-fi-2018-04-01.xsd#de-fi_ntBanks.addMandatoryDisclosures.changesInHomeLoanSavingsContracts"
           xlink:label="de-fi_ntBanks.addMandatoryDisclosures.changesInHomeLoanSavingsContracts"/>
      <loc xlink:type="locator"
           xlink:href="de-fi-2018-04-01.xsd#de-fi_ntBanks.addMandatoryDisclosures.amountsBorrowedGermanBuildingSocietiesAct"
           xlink:label="de-fi_ntBanks.addMandatoryDisclosures.amountsBorrowedGermanBuildingSocietiesAct"/>
      <loc xlink:type="locator"
           xlink:href="de-fi-2018-04-01.xsd#de-fi_ntBanks.addMandatoryDisclosures.changesInAmountAvailableForAllotment"
           xlink:label="de-fi_ntBanks.addMandatoryDisclosures.changesInAmountAvailableForAllotment"/>
      <loc xlink:type="locator"
           xlink:href="de-fi-2018-04-01.xsd#de-fi_ntBanks.addMandatoryDisclosures.receivOwnCentralGiroInstitution"
           xlink:label="de-fi_ntBanks.addMandatoryDisclosures.receivOwnCentralGiroInstitution"/>
      <loc xlink:type="locator"
           xlink:href="de-fi-2018-04-01.xsd#de-fi_ntBanks.addMandatoryDisclosures.liabOwnCentralGiroInstitution"
           xlink:label="de-fi_ntBanks.addMandatoryDisclosures.liabOwnCentralGiroInstitution"/>
      <loc xlink:type="locator"
           xlink:href="de-fi-2018-04-01.xsd#de-fi_ntBanks.addMandatoryDisclosures.receivAffilSavingsBanks"
           xlink:label="de-fi_ntBanks.addMandatoryDisclosures.receivAffilSavingsBanks"/>
      <loc xlink:type="locator"
           xlink:href="de-fi-2018-04-01.xsd#de-fi_ntBanks.addMandatoryDisclosures.liabAffilSavingsBanks"
           xlink:label="de-fi_ntBanks.addMandatoryDisclosures.liabAffilSavingsBanks"/>
      <loc xlink:type="locator"
           xlink:href="de-fi-2018-04-01.xsd#de-fi_ntBanks.addMandatoryDisclosures.receivOwnCooperativeCentralBank"
           xlink:label="de-fi_ntBanks.addMandatoryDisclosures.receivOwnCooperativeCentralBank"/>
      <loc xlink:type="locator"
           xlink:href="de-fi-2018-04-01.xsd#de-fi_ntBanks.addMandatoryDisclosures.liabOwnCooperativeCentralBank"
           xlink:label="de-fi_ntBanks.addMandatoryDisclosures.liabOwnCooperativeCentralBank"/>
      <loc xlink:type="locator"
           xlink:href="de-fi-2018-04-01.xsd#de-fi_ntBanks.addMandatoryDisclosures.receivDeutscheGenBank"
           xlink:label="de-fi_ntBanks.addMandatoryDisclosures.receivDeutscheGenBank"/>
      <loc xlink:type="locator"
           xlink:href="de-fi-2018-04-01.xsd#de-fi_ntBanks.addMandatoryDisclosures.liabDeutscheGenBank"
           xlink:label="de-fi_ntBanks.addMandatoryDisclosures.liabDeutscheGenBank"/>
      <loc xlink:type="locator"
           xlink:href="de-fi-2018-04-01.xsd#de-fi_ntBanks.addMandatoryDisclosures.receivAffilBanks"
           xlink:label="de-fi_ntBanks.addMandatoryDisclosures.receivAffilBanks"/>
      <loc xlink:type="locator"
           xlink:href="de-fi-2018-04-01.xsd#de-fi_ntBanks.addMandatoryDisclosures.liabAffilBanks"
           xlink:label="de-fi_ntBanks.addMandatoryDisclosures.liabAffilBanks"/>
      <loc xlink:type="locator"
           xlink:href="de-fi-2018-04-01.xsd#de-fi_ntBanks.addMandatoryDisclosures.landBuildingsOwnUse"
           xlink:label="de-fi_ntBanks.addMandatoryDisclosures.landBuildingsOwnUse"/>
      <loc xlink:type="locator"
           xlink:href="de-fi-2018-04-01.xsd#de-fi_ntBanks.addMandatoryDisclosures.operatingOfficeEquipm"
           xlink:label="de-fi_ntBanks.addMandatoryDisclosures.operatingOfficeEquipm"/>
      <loc xlink:type="locator"
           xlink:href="de-fi-2018-04-01.xsd#de-fi_ntBanks.addMandatoryDisclosures.expensesLastRangeLiab"
           xlink:label="de-fi_ntBanks.addMandatoryDisclosures.expensesLastRangeLiab"/>
      <loc xlink:type="locator"
           xlink:href="de-fi-2018-04-01.xsd#de-fi_ntBanks.addMandatoryDisclosures.materialLastRangeLiab"
           xlink:label="de-fi_ntBanks.addMandatoryDisclosures.materialLastRangeLiab"/>
      <loc xlink:type="locator"
           xlink:href="de-fi-2018-04-01.xsd#de-fi_ntBanks.addMandatoryDisclosures.materialTermsOfOtherBorrowings"
           xlink:label="de-fi_ntBanks.addMandatoryDisclosures.materialTermsOfOtherBorrowings"/>
      <loc xlink:type="locator"
           xlink:href="de-fi-2018-04-01.xsd#de-fi_ntBanks.addMandatoryDisclosures.materialContingLiab"
           xlink:label="de-fi_ntBanks.addMandatoryDisclosures.materialContingLiab"/>
      <loc xlink:type="locator"
           xlink:href="de-fi-2018-04-01.xsd#de-fi_ntBanks.addMandatoryDisclosures.assAssignedAsSecurity"
           xlink:label="de-fi_ntBanks.addMandatoryDisclosures.assAssignedAsSecurity"/>
      <loc xlink:type="locator"
           xlink:href="de-fi-2018-04-01.xsd#de-fi_ntBanks.addMandatoryDisclosures.materialOtherLiab"
           xlink:label="de-fi_ntBanks.addMandatoryDisclosures.materialOtherLiab"/>
      <loc xlink:type="locator"
           xlink:href="de-fi-2018-04-01.xsd#de-fi_ntBanks.addMandatoryDisclosures.analysisOfTradingPortfolio"
           xlink:label="de-fi_ntBanks.addMandatoryDisclosures.analysisOfTradingPortfolio"/>
      <loc xlink:type="locator"
           xlink:href="de-fi-2018-04-01.xsd#de-fi_ntBanks.addMandatoryDisclosures.riskAllowance"
           xlink:label="de-fi_ntBanks.addMandatoryDisclosures.riskAllowance"/>
      <loc xlink:type="locator"
           xlink:href="de-fi-2018-04-01.xsd#de-fi_ntBanks.addMandatoryDisclosures.reclassifications"
           xlink:label="de-fi_ntBanks.addMandatoryDisclosures.reclassifications"/>
      <loc xlink:type="locator"
           xlink:href="de-fi-2018-04-01.xsd#de-fi_ntBanks.addMandatoryDisclosures.changeOfCriteria"
           xlink:label="de-fi_ntBanks.addMandatoryDisclosures.changeOfCriteria"/>
      <loc xlink:type="locator"
           xlink:href="de-fi-2018-04-01.xsd#de-fi_ntBanks.derivativeTransactions"
           xlink:label="de-fi_ntBanks.derivativeTransactions"/>
      <loc xlink:type="locator"
           xlink:href="de-fi-2018-04-01.xsd#de-fi_ntBanks.derivativeTransactions.foreignCurrency"
           xlink:label="de-fi_ntBanks.derivativeTransactions.foreignCurrency"/>
      <loc xlink:type="locator"
           xlink:href="de-fi-2018-04-01.xsd#de-fi_ntBanks.derivativeTransactions.interestRelated"
           xlink:label="de-fi_ntBanks.derivativeTransactions.interestRelated"/>
      <loc xlink:type="locator"
           xlink:href="de-fi-2018-04-01.xsd#de-fi_ntBanks.derivativeTransactions.otherPriceRisks"
           xlink:label="de-fi_ntBanks.derivativeTransactions.otherPriceRisks"/>
      <loc xlink:type="locator"
           xlink:href="de-fi-2018-04-01.xsd#de-fi_ntBanks.addMandatoryDisclosuresPfandBG28"
           xlink:label="de-fi_ntBanks.addMandatoryDisclosuresPfandBG28"/>
      <loc xlink:type="locator"
           xlink:href="de-fi-2018-04-01.xsd#de-fi_ntBanks.addMandatoryDisclosuresPfandBG28.PfandbriefeOutstanding"
           xlink:label="de-fi_ntBanks.addMandatoryDisclosuresPfandBG28.PfandbriefeOutstanding"/>
      <loc xlink:type="locator"
           xlink:href="de-fi-2018-04-01.xsd#de-fi_ntBanks.addMandatoryDisclosuresPfandBG28.analysisOfAssetsUsedToCoverMortgagePfandbriefe"
           xlink:label="de-fi_ntBanks.addMandatoryDisclosuresPfandBG28.analysisOfAssetsUsedToCoverMortgagePfandbriefe"/>
      <loc xlink:type="locator"
           xlink:href="de-fi-2018-04-01.xsd#de-fi_ntBanks.addMandatoryDisclosuresPfandBG28.analysisOfAssetsUsedToCoverPublPfandbriefe"
           xlink:label="de-fi_ntBanks.addMandatoryDisclosuresPfandBG28.analysisOfAssetsUsedToCoverPublPfandbriefe"/>
      <loc xlink:type="locator"
           xlink:href="de-fi-2018-04-01.xsd#de-fi_ntBanks.addMandatoryDisclosuresPfandBG28.analysisOfAssetsUsedToCoverShipPfandbriefe"
           xlink:label="de-fi_ntBanks.addMandatoryDisclosuresPfandBG28.analysisOfAssetsUsedToCoverShipPfandbriefe"/>
      <loc xlink:type="locator"
           xlink:href="de-fi-2018-04-01.xsd#de-fi_ntBanks.analysisOfCombinedHeadings"
           xlink:label="de-fi_ntBanks.analysisOfCombinedHeadings"/>
      <loc xlink:type="locator"
           xlink:href="de-fi-2018-04-01.xsd#de-fi_ntBanks.repurchaseTransactions"
           xlink:label="de-fi_ntBanks.repurchaseTransactions"/>
      <loc xlink:type="locator"
           xlink:href="de-fi-2018-04-01.xsd#de-fi_ntBanks.unrealisedReserves"
           xlink:label="de-fi_ntBanks.unrealisedReserves"/>
      <loc xlink:type="locator"
           xlink:href="de-fi-2018-04-01.xsd#de-fi_ntBanks.assetSideItemForPremium"
           xlink:label="de-fi_ntBanks.assetSideItemForPremium"/>
      <loc xlink:type="locator"
           xlink:href="de-fi-2018-04-01.xsd#de-fi_ntBanks.liabilitySideItemForDiscount"
           xlink:label="de-fi_ntBanks.liabilitySideItemForDiscount"/>
      <loc xlink:type="locator"
           xlink:href="de-fi-2018-04-01.xsd#de-fi_ntBanks.atypicalSilentCapitalContributions"
           xlink:label="de-fi_ntBanks.atypicalSilentCapitalContributions"/>
      <loc xlink:type="locator"
           xlink:href="de-fi-2018-04-01.xsd#de-fi_ntBanks.disclosuresReasonsRiskContingLiab"
           xlink:label="de-fi_ntBanks.disclosuresReasonsRiskContingLiab"/>
      <loc xlink:type="locator"
           xlink:href="../de-gaap-ci-2018-04-01/de-gaap-ci-2018-04-01.xsd#de-gaap-ci_nt.taxReport"
           xlink:label="de-gaap-ci_nt.taxReport"/>
      <loc xlink:type="locator"
           xlink:href="../de-gaap-ci-2018-04-01/de-gaap-ci-2018-04-01.xsd#de-gaap-ci_nt.ass"
           xlink:label="de-gaap-ci_nt.ass"/>
      <loc xlink:type="locator"
           xlink:href="de-fi-2018-04-01-dimensions.xsd#de-fi_tableBanks.nt.ass"
           xlink:label="de-fi_tableBanks.nt.ass"/>
      <loc xlink:type="locator"
           xlink:href="de-fi-2018-04-01-dimensions.xsd#de-fi_cubeBanks.nt.ass.gross"
           xlink:label="de-fi_cubeBanks.nt.ass.gross"/>
      <loc xlink:type="locator"
           xlink:href="de-fi-2018-04-01-dimensions.xsd#de-fi_dim_changesBanks.nt.ass"
           xlink:label="de-fi_dim_changesBanks.nt.ass"/>
      <loc xlink:type="locator"
           xlink:href="de-fi-2018-04-01.xsd#de-fi_bsBanks.ass.receivBanks"
           xlink:label="de-fi_bsBanks.ass.receivBanks"/>
      <loc xlink:type="locator"
           xlink:href="de-fi-2018-04-01.xsd#de-fi_bsBanks.ass.receivCustomers"
           xlink:label="de-fi_bsBanks.ass.receivCustomers"/>
      <loc xlink:type="locator"
           xlink:href="de-fi-2018-04-01.xsd#de-fi_bsBanks.ass.debtInstruments"
           xlink:label="de-fi_bsBanks.ass.debtInstruments"/>
      <loc xlink:type="locator" xlink:href="de-fi-2018-04-01.xsd#de-fi_bsBanks.ass.shares"
           xlink:label="de-fi_bsBanks.ass.shares"/>
      <loc xlink:type="locator"
           xlink:href="de-fi-2018-04-01.xsd#de-fi_bsBanks.ass.particip"
           xlink:label="de-fi_bsBanks.ass.particip"/>
      <loc xlink:type="locator"
           xlink:href="de-fi-2018-04-01.xsd#de-fi_bsBanks.ass.sharesInAffil"
           xlink:label="de-fi_bsBanks.ass.sharesInAffil"/>
      <loc xlink:type="locator"
           xlink:href="../de-gaap-ci-2018-04-01/de-gaap-ci-2018-04-01-dimensions.xsd#de-gaap-ci_dim_taxTrans"
           xlink:label="de-gaap-ci_dim_taxTrans"/>
      <loc xlink:type="locator"
           xlink:href="../de-gaap-ci-2018-04-01/de-gaap-ci-2018-04-01-dimensions.xsd#de-gaap-ci_dim_taxBal"
           xlink:label="de-gaap-ci_dim_taxBal"/>
      <loc xlink:type="locator"
           xlink:href="../de-gaap-ci-2018-04-01/de-gaap-ci-2018-04-01-dimensions.xsd#de-gaap-ci_dim_comBal"
           xlink:label="de-gaap-ci_dim_comBal"/>
      <loc xlink:type="locator"
           xlink:href="../de-gaap-ci-2018-04-01/de-gaap-ci-2018-04-01-dimensions.xsd#de-gaap-ci_dim_diffComToTaxBal"
           xlink:label="de-gaap-ci_dim_diffComToTaxBal"/>
      <loc xlink:type="locator"
           xlink:href="de-fi-2018-04-01-dimensions.xsd#de-fi_piTitleBanks.nt.ass.gross"
           xlink:label="de-fi_piTitleBanks.nt.ass.gross"/>
      <loc xlink:type="locator"
           xlink:href="de-fi-2018-04-01-dimensions.xsd#de-fi_allBanks"
           xlink:label="de-fi_allBanks"/>
      <loc xlink:type="locator"
           xlink:href="de-fi-2018-04-01-dimensions.xsd#de-fi_allBanks_Prev_period"
           xlink:label="de-fi_allBanks_Prev_period"/>
      <loc xlink:type="locator"
           xlink:href="de-fi-2018-04-01-dimensions.xsd#de-fi_grossBanks"
           xlink:label="de-fi_grossBanks"/>
      <loc xlink:type="locator"
           xlink:href="de-fi-2018-04-01-dimensions.xsd#de-fi_grossCostBanks.beginning"
           xlink:label="de-fi_grossCostBanks.beginning"/>
      <loc xlink:type="locator"
           xlink:href="de-fi-2018-04-01-dimensions.xsd#de-fi_grossBanks.diff"
           xlink:label="de-fi_grossBanks.diff"/>
      <loc xlink:type="locator"
           xlink:href="de-fi-2018-04-01-dimensions.xsd#de-fi_grossBanks.diff.currDiff"
           xlink:label="de-fi_grossBanks.diff.currDiff"/>
      <loc xlink:type="locator"
           xlink:href="de-fi-2018-04-01-dimensions.xsd#de-fi_grossBanks.diff.otherDiff"
           xlink:label="de-fi_grossBanks.diff.otherDiff"/>
      <loc xlink:type="locator"
           xlink:href="de-fi-2018-04-01-dimensions.xsd#de-fi_grossBanks.diff.otherDiff.comment"
           xlink:label="de-fi_grossBanks.diff.otherDiff.comment"/>
      <loc xlink:type="locator"
           xlink:href="de-fi-2018-04-01-dimensions.xsd#de-fi_grossBanks.addition"
           xlink:label="de-fi_grossBanks.addition"/>
      <loc xlink:type="locator"
           xlink:href="de-fi-2018-04-01-dimensions.xsd#de-fi_grossBanks.release"
           xlink:label="de-fi_grossBanks.release"/>
      <loc xlink:type="locator"
           xlink:href="de-fi-2018-04-01-dimensions.xsd#de-fi_grossBanks.movements"
           xlink:label="de-fi_grossBanks.movements"/>
      <loc xlink:type="locator"
           xlink:href="de-fi-2018-04-01-dimensions.xsd#de-fi_grossBanks.currChanges"
           xlink:label="de-fi_grossBanks.currChanges"/>
      <loc xlink:type="locator"
           xlink:href="de-fi-2018-04-01-dimensions.xsd#de-fi_accDeprBanks"
           xlink:label="de-fi_accDeprBanks"/>
      <loc xlink:type="locator"
           xlink:href="de-fi-2018-04-01-dimensions.xsd#de-fi_accDeprBanks.beginning"
           xlink:label="de-fi_accDeprBanks.beginning"/>
      <loc xlink:type="locator"
           xlink:href="de-fi-2018-04-01-dimensions.xsd#de-fi_accDeprBanks.diff"
           xlink:label="de-fi_accDeprBanks.diff"/>
      <loc xlink:type="locator"
           xlink:href="de-fi-2018-04-01-dimensions.xsd#de-fi_accDeprBanks.diff.currDiff"
           xlink:label="de-fi_accDeprBanks.diff.currDiff"/>
      <loc xlink:type="locator"
           xlink:href="de-fi-2018-04-01-dimensions.xsd#de-fi_accDeprBanks.diff.otherDiff"
           xlink:label="de-fi_accDeprBanks.diff.otherDiff"/>
      <loc xlink:type="locator"
           xlink:href="de-fi-2018-04-01-dimensions.xsd#de-fi_accDeprBanks.diff.otherDiff.comment"
           xlink:label="de-fi_accDeprBanks.diff.otherDiff.comment"/>
      <loc xlink:type="locator"
           xlink:href="de-fi-2018-04-01-dimensions.xsd#de-fi_accDeprBanks.DeprPeriod"
           xlink:label="de-fi_accDeprBanks.DeprPeriod"/>
      <loc xlink:type="locator"
           xlink:href="de-fi-2018-04-01-dimensions.xsd#de-fi_accDeprBanks.DeprPeriod.specific"
           xlink:label="de-fi_accDeprBanks.DeprPeriod.specific"/>
      <loc xlink:type="locator"
           xlink:href="de-fi-2018-04-01-dimensions.xsd#de-fi_accDeprBanks.addition"
           xlink:label="de-fi_accDeprBanks.addition"/>
      <loc xlink:type="locator"
           xlink:href="de-fi-2018-04-01-dimensions.xsd#de-fi_accDeprBanks.release"
           xlink:label="de-fi_accDeprBanks.release"/>
      <loc xlink:type="locator"
           xlink:href="de-fi-2018-04-01-dimensions.xsd#de-fi_accDeprBanks.movements"
           xlink:label="de-fi_accDeprBanks.movements"/>
      <loc xlink:type="locator"
           xlink:href="de-fi-2018-04-01-dimensions.xsd#de-fi_accDeprBanks.currChanges"
           xlink:label="de-fi_accDeprBanks.currChanges"/>
      <loc xlink:type="locator"
           xlink:href="de-fi-2018-04-01-dimensions.xsd#de-fi_revaluationBanks"
           xlink:label="de-fi_revaluationBanks"/>
      <loc xlink:type="locator"
           xlink:href="de-fi-2018-04-01-dimensions.xsd#de-fi_revaluationBanks.comment"
           xlink:label="de-fi_revaluationBanks.comment"/>
      <loc xlink:type="locator"
           xlink:href="de-fi-2018-04-01-dimensions.xsd#de-fi_tableBanksTanIntan.nt.ass"
           xlink:label="de-fi_tableBanksTanIntan.nt.ass"/>
      <loc xlink:type="locator"
           xlink:href="de-fi-2018-04-01-dimensions.xsd#de-fi_cubeBanksTanIntan.nt.ass.gross"
           xlink:label="de-fi_cubeBanksTanIntan.nt.ass.gross"/>
      <loc xlink:type="locator"
           xlink:href="de-fi-2018-04-01-dimensions.xsd#de-fi_dim_changesBanksTanIntan.nt.ass"
           xlink:label="de-fi_dim_changesBanksTanIntan.nt.ass"/>
      <loc xlink:type="locator" xlink:href="de-fi-2018-04-01.xsd#de-fi_bsBanks.ass.intan"
           xlink:label="de-fi_bsBanks.ass.intan"/>
      <loc xlink:type="locator" xlink:href="de-fi-2018-04-01.xsd#de-fi_bsBanks.ass.tan"
           xlink:label="de-fi_bsBanks.ass.tan"/>
      <loc xlink:type="locator"
           xlink:href="de-fi-2018-04-01-dimensions.xsd#de-fi_piTitleBanksTanIntan.nt.ass.gross"
           xlink:label="de-fi_piTitleBanksTanIntan.nt.ass.gross"/>
      <loc xlink:type="locator"
           xlink:href="de-fi-2018-04-01-dimensions.xsd#de-fi_allBanksTanIntan"
           xlink:label="de-fi_allBanksTanIntan"/>
      <loc xlink:type="locator"
           xlink:href="de-fi-2018-04-01-dimensions.xsd#de-fi_allBanks_Prev_periodTanIntan"
           xlink:label="de-fi_allBanks_Prev_periodTanIntan"/>
      <loc xlink:type="locator"
           xlink:href="de-fi-2018-04-01-dimensions.xsd#de-fi_grossBanksTanIntan"
           xlink:label="de-fi_grossBanksTanIntan"/>
      <loc xlink:type="locator"
           xlink:href="de-fi-2018-04-01-dimensions.xsd#de-fi_grossCostBanksTanIntan.beginning"
           xlink:label="de-fi_grossCostBanksTanIntan.beginning"/>
      <loc xlink:type="locator"
           xlink:href="de-fi-2018-04-01-dimensions.xsd#de-fi_grossBanksTanIntan.diff"
           xlink:label="de-fi_grossBanksTanIntan.diff"/>
      <loc xlink:type="locator"
           xlink:href="de-fi-2018-04-01-dimensions.xsd#de-fi_grossBanksTanIntan.diff.currDiff"
           xlink:label="de-fi_grossBanksTanIntan.diff.currDiff"/>
      <loc xlink:type="locator"
           xlink:href="de-fi-2018-04-01-dimensions.xsd#de-fi_grossBanksTanIntan.diff.otherDiff"
           xlink:label="de-fi_grossBanksTanIntan.diff.otherDiff"/>
      <loc xlink:type="locator"
           xlink:href="de-fi-2018-04-01-dimensions.xsd#de-fi_grossBanksTanIntan.diff.otherDiff.comment"
           xlink:label="de-fi_grossBanksTanIntan.diff.otherDiff.comment"/>
      <loc xlink:type="locator"
           xlink:href="de-fi-2018-04-01-dimensions.xsd#de-fi_grossBanksTanIntan.addition"
           xlink:label="de-fi_grossBanksTanIntan.addition"/>
      <loc xlink:type="locator"
           xlink:href="de-fi-2018-04-01-dimensions.xsd#de-fi_grossBanksTanIntan.release"
           xlink:label="de-fi_grossBanksTanIntan.release"/>
      <loc xlink:type="locator"
           xlink:href="de-fi-2018-04-01-dimensions.xsd#de-fi_grossBanksTanIntan.movements"
           xlink:label="de-fi_grossBanksTanIntan.movements"/>
      <loc xlink:type="locator"
           xlink:href="de-fi-2018-04-01-dimensions.xsd#de-fi_grossBanksTanIntan.currChanges"
           xlink:label="de-fi_grossBanksTanIntan.currChanges"/>
      <loc xlink:type="locator"
           xlink:href="de-fi-2018-04-01-dimensions.xsd#de-fi_accDeprBanksTanIntan"
           xlink:label="de-fi_accDeprBanksTanIntan"/>
      <loc xlink:type="locator"
           xlink:href="de-fi-2018-04-01-dimensions.xsd#de-fi_accDeprBanksTanIntan.beginning"
           xlink:label="de-fi_accDeprBanksTanIntan.beginning"/>
      <loc xlink:type="locator"
           xlink:href="de-fi-2018-04-01-dimensions.xsd#de-fi_accDeprBanksTanIntan.diff"
           xlink:label="de-fi_accDeprBanksTanIntan.diff"/>
      <loc xlink:type="locator"
           xlink:href="de-fi-2018-04-01-dimensions.xsd#de-fi_accDeprBanksTanIntan.diff.currDiff"
           xlink:label="de-fi_accDeprBanksTanIntan.diff.currDiff"/>
      <loc xlink:type="locator"
           xlink:href="de-fi-2018-04-01-dimensions.xsd#de-fi_accDeprBanksTanIntan.diff.otherDiff"
           xlink:label="de-fi_accDeprBanksTanIntan.diff.otherDiff"/>
      <loc xlink:type="locator"
           xlink:href="de-fi-2018-04-01-dimensions.xsd#de-fi_accDeprBanksTanIntan.diff.otherDiff.comment"
           xlink:label="de-fi_accDeprBanksTanIntan.diff.otherDiff.comment"/>
      <loc xlink:type="locator"
           xlink:href="de-fi-2018-04-01-dimensions.xsd#de-fi_accDeprBanksTanIntan.DeprPeriod"
           xlink:label="de-fi_accDeprBanksTanIntan.DeprPeriod"/>
      <loc xlink:type="locator"
           xlink:href="de-fi-2018-04-01-dimensions.xsd#de-fi_accDeprBanksTanIntan.DeprPeriod.specific"
           xlink:label="de-fi_accDeprBanksTanIntan.DeprPeriod.specific"/>
      <loc xlink:type="locator"
           xlink:href="de-fi-2018-04-01-dimensions.xsd#de-fi_accDeprBanksTanIntan.addition"
           xlink:label="de-fi_accDeprBanksTanIntan.addition"/>
      <loc xlink:type="locator"
           xlink:href="de-fi-2018-04-01-dimensions.xsd#de-fi_accDeprBanksTanIntan.release"
           xlink:label="de-fi_accDeprBanksTanIntan.release"/>
      <loc xlink:type="locator"
           xlink:href="de-fi-2018-04-01-dimensions.xsd#de-fi_accDeprBanksTanIntan.movements"
           xlink:label="de-fi_accDeprBanksTanIntan.movements"/>
      <loc xlink:type="locator"
           xlink:href="de-fi-2018-04-01-dimensions.xsd#de-fi_accDeprBanksTanIntan.currChanges"
           xlink:label="de-fi_accDeprBanksTanIntan.currChanges"/>
      <loc xlink:type="locator"
           xlink:href="de-fi-2018-04-01-dimensions.xsd#de-fi_revaluationBanksTanIntan"
           xlink:label="de-fi_revaluationBanksTanIntan"/>
      <loc xlink:type="locator"
           xlink:href="de-fi-2018-04-01-dimensions.xsd#de-fi_revaluationBanksFixedAssets.comment"
           xlink:label="de-fi_revaluationBanksFixedAssets.comment"/>
      <loc xlink:type="locator"
           xlink:href="../de-gaap-ci-2018-04-01/de-gaap-ci-2018-04-01.xsd#de-gaap-ci_nt.particip"
           xlink:label="de-gaap-ci_nt.particip"/>
      <loc xlink:type="locator"
           xlink:href="../de-gaap-ci-2018-04-01/de-gaap-ci-2018-04-01.xsd#de-gaap-ci_nt.particip.listDepos"
           xlink:label="de-gaap-ci_nt.particip.listDepos"/>
      <loc xlink:type="locator"
           xlink:href="../de-gaap-ci-2018-04-01/de-gaap-ci-2018-04-01.xsd#de-gaap-ci_nt.particip.listRow"
           xlink:label="de-gaap-ci_nt.particip.listRow"/>
      <loc xlink:type="locator"
           xlink:href="../de-gaap-ci-2018-04-01/de-gaap-ci-2018-04-01.xsd#de-gaap-ci_nt.particip.listRow.compName"
           xlink:label="de-gaap-ci_nt.particip.listRow.compName"/>
      <loc xlink:type="locator"
           xlink:href="../de-gaap-ci-2018-04-01/de-gaap-ci-2018-04-01.xsd#de-gaap-ci_nt.particip.listRow.compLocation"
           xlink:label="de-gaap-ci_nt.particip.listRow.compLocation"/>
      <loc xlink:type="locator"
           xlink:href="../de-gaap-ci-2018-04-01/de-gaap-ci-2018-04-01.xsd#de-gaap-ci_nt.particip.listRow.compCountry"
           xlink:label="de-gaap-ci_nt.particip.listRow.compCountry"/>
      <loc xlink:type="locator"
           xlink:href="../de-gaap-ci-2018-04-01/de-gaap-ci-2018-04-01.xsd#de-gaap-ci_nt.particip.listRow.quota"
           xlink:label="de-gaap-ci_nt.particip.listRow.quota"/>
      <loc xlink:type="locator"
           xlink:href="../de-gaap-ci-2018-04-01/de-gaap-ci-2018-04-01.xsd#de-gaap-ci_nt.particip.listRow.quota.direct"
           xlink:label="de-gaap-ci_nt.particip.listRow.quota.direct"/>
      <loc xlink:type="locator"
           xlink:href="../de-gaap-ci-2018-04-01/de-gaap-ci-2018-04-01.xsd#de-gaap-ci_nt.particip.listRow.quota.indirect"
           xlink:label="de-gaap-ci_nt.particip.listRow.quota.indirect"/>
      <loc xlink:type="locator"
           xlink:href="../de-gaap-ci-2018-04-01/de-gaap-ci-2018-04-01.xsd#de-gaap-ci_nt.particip.listRow.votes"
           xlink:label="de-gaap-ci_nt.particip.listRow.votes"/>
      <loc xlink:type="locator"
           xlink:href="../de-gaap-ci-2018-04-01/de-gaap-ci-2018-04-01.xsd#de-gaap-ci_nt.particip.listRow.equity"
           xlink:label="de-gaap-ci_nt.particip.listRow.equity"/>
      <loc xlink:type="locator"
           xlink:href="../de-gaap-ci-2018-04-01/de-gaap-ci-2018-04-01.xsd#de-gaap-ci_nt.particip.listRow.result"
           xlink:label="de-gaap-ci_nt.particip.listRow.result"/>
      <loc xlink:type="locator"
           xlink:href="../de-gaap-ci-2018-04-01/de-gaap-ci-2018-04-01.xsd#de-gaap-ci_nt.particip.listRow.consolFlag"
           xlink:label="de-gaap-ci_nt.particip.listRow.consolFlag"/>
      <loc xlink:type="locator"
           xlink:href="../de-gaap-ci-2018-04-01/de-gaap-ci-2018-04-01.xsd#de-gaap-ci_nt.particip.listRow.subgroup"
           xlink:label="de-gaap-ci_nt.particip.listRow.subgroup"/>
      <loc xlink:type="locator"
           xlink:href="../de-gaap-ci-2018-04-01/de-gaap-ci-2018-04-01.xsd#de-gaap-ci_nt.particip.listRow.remark"
           xlink:label="de-gaap-ci_nt.particip.listRow.remark"/>
      <loc xlink:type="locator"
           xlink:href="../de-gaap-ci-2018-04-01/de-gaap-ci-2018-04-01.xsd#de-gaap-ci_nt.particip.listRow.typeOfConsolidation"
           xlink:label="de-gaap-ci_nt.particip.listRow.typeOfConsolidation"/>
      <presentationArc xlink:from="de-fi_ntBanks" xlink:to="de-fi_ntBanks.trusteeship" order="7"
                       xlink:arcrole="http://www.xbrl.org/2003/arcrole/parent-child"
                       xlink:type="arc"/>
      <presentationArc xlink:from="de-fi_ntBanks.trusteeship"
                       xlink:to="de-fi_ntBanks.trusteeship.comment"
                       order="1"
                       xlink:arcrole="http://www.xbrl.org/2003/arcrole/parent-child"
                       xlink:type="arc"/>
      <presentationArc xlink:from="de-fi_ntBanks.trusteeship"
                       xlink:to="de-fi_ntBanks.trusteeship.value"
                       order="2"
                       xlink:arcrole="http://www.xbrl.org/2003/arcrole/parent-child"
                       xlink:type="arc"/>
      <presentationArc xlink:from="de-fi_ntBanks" xlink:to="de-fi_ntBanks.maturityStructure" order="8"
                       xlink:arcrole="http://www.xbrl.org/2003/arcrole/parent-child"
                       xlink:type="arc"/>
      <presentationArc xlink:from="de-fi_ntBanks.maturityStructure"
                       xlink:to="de-fi_ntBanks.maturityStructure.receivBanks"
                       order="1"
                       xlink:arcrole="http://www.xbrl.org/2003/arcrole/parent-child"
                       xlink:type="arc"/>
      <presentationArc xlink:from="de-fi_ntBanks.maturityStructure.receivBanks"
                       xlink:to="de-fi_ntBanks.maturityStructure.receivBanks.upTo3months"
                       order="1"
                       xlink:arcrole="http://www.xbrl.org/2003/arcrole/parent-child"
                       xlink:type="arc"/>
      <presentationArc xlink:from="de-fi_ntBanks.maturityStructure.receivBanks"
                       xlink:to="de-fi_ntBanks.maturityStructure.receivBanks.upTo1year"
                       order="2"
                       xlink:arcrole="http://www.xbrl.org/2003/arcrole/parent-child"
                       xlink:type="arc"/>
      <presentationArc xlink:from="de-fi_ntBanks.maturityStructure.receivBanks"
                       xlink:to="de-fi_ntBanks.maturityStructure.receivBanks.upTo5years"
                       order="3"
                       xlink:arcrole="http://www.xbrl.org/2003/arcrole/parent-child"
                       xlink:type="arc"/>
      <presentationArc xlink:from="de-fi_ntBanks.maturityStructure.receivBanks"
                       xlink:to="de-fi_ntBanks.maturityStructure.receivBanks.above5years"
                       order="4"
                       xlink:arcrole="http://www.xbrl.org/2003/arcrole/parent-child"
                       xlink:type="arc"/>
      <presentationArc xlink:from="de-fi_ntBanks.maturityStructure"
                       xlink:to="de-fi_ntBanks.maturityStructure.receivCustomers"
                       order="2"
                       xlink:arcrole="http://www.xbrl.org/2003/arcrole/parent-child"
                       xlink:type="arc"/>
      <presentationArc xlink:from="de-fi_ntBanks.maturityStructure.receivCustomers"
                       xlink:to="de-fi_ntBanks.maturityStructure.receivCustomers.upTo3months"
                       order="1"
                       xlink:arcrole="http://www.xbrl.org/2003/arcrole/parent-child"
                       xlink:type="arc"/>
      <presentationArc xlink:from="de-fi_ntBanks.maturityStructure.receivCustomers"
                       xlink:to="de-fi_ntBanks.maturityStructure.receivCustomers.upTo1year"
                       order="2"
                       xlink:arcrole="http://www.xbrl.org/2003/arcrole/parent-child"
                       xlink:type="arc"/>
      <presentationArc xlink:from="de-fi_ntBanks.maturityStructure.receivCustomers"
                       xlink:to="de-fi_ntBanks.maturityStructure.receivCustomers.upTo5years"
                       order="3"
                       xlink:arcrole="http://www.xbrl.org/2003/arcrole/parent-child"
                       xlink:type="arc"/>
      <presentationArc xlink:from="de-fi_ntBanks.maturityStructure.receivCustomers"
                       xlink:to="de-fi_ntBanks.maturityStructure.receivCustomers.above5years"
                       order="4"
                       xlink:arcrole="http://www.xbrl.org/2003/arcrole/parent-child"
                       xlink:type="arc"/>
      <presentationArc xlink:from="de-fi_ntBanks.maturityStructure.receivCustomers"
                       xlink:to="de-fi_ntBanks.maturityStructure.receivCustomers.noStatedMaturity"
                       order="5"
                       xlink:arcrole="http://www.xbrl.org/2003/arcrole/parent-child"
                       xlink:type="arc"/>
      <presentationArc xlink:from="de-fi_ntBanks.maturityStructure"
                       xlink:to="de-fi_ntBanks.maturityStructure.liabBanksAgreedMaturity"
                       order="3"
                       xlink:arcrole="http://www.xbrl.org/2003/arcrole/parent-child"
                       xlink:type="arc"/>
      <presentationArc xlink:from="de-fi_ntBanks.maturityStructure.liabBanksAgreedMaturity"
                       xlink:to="de-fi_ntBanks.maturityStructure.liabBanksAgreedMaturity.upTo3months"
                       order="1"
                       xlink:arcrole="http://www.xbrl.org/2003/arcrole/parent-child"
                       xlink:type="arc"/>
      <presentationArc xlink:from="de-fi_ntBanks.maturityStructure.liabBanksAgreedMaturity"
                       xlink:to="de-fi_ntBanks.maturityStructure.liabBanksAgreedMaturity.upTo1year"
                       order="2"
                       xlink:arcrole="http://www.xbrl.org/2003/arcrole/parent-child"
                       xlink:type="arc"/>
      <presentationArc xlink:from="de-fi_ntBanks.maturityStructure.liabBanksAgreedMaturity"
                       xlink:to="de-fi_ntBanks.maturityStructure.liabBanksAgreedMaturity.upTo5years"
                       order="3"
                       xlink:arcrole="http://www.xbrl.org/2003/arcrole/parent-child"
                       xlink:type="arc"/>
      <presentationArc xlink:from="de-fi_ntBanks.maturityStructure.liabBanksAgreedMaturity"
                       xlink:to="de-fi_ntBanks.maturityStructure.liabBanksAgreedMaturity.above5years"
                       order="4"
                       xlink:arcrole="http://www.xbrl.org/2003/arcrole/parent-child"
                       xlink:type="arc"/>
      <presentationArc xlink:from="de-fi_ntBanks.maturityStructure"
                       xlink:to="de-fi_ntBanks.maturityStructure.savingsMaturityAbove3months"
                       order="4"
                       xlink:arcrole="http://www.xbrl.org/2003/arcrole/parent-child"
                       xlink:type="arc"/>
      <presentationArc xlink:from="de-fi_ntBanks.maturityStructure.savingsMaturityAbove3months"
                       xlink:to="de-fi_ntBanks.maturityStructure.savingsMaturityAbove3months.upTo3months"
                       order="1"
                       xlink:arcrole="http://www.xbrl.org/2003/arcrole/parent-child"
                       xlink:type="arc"/>
      <presentationArc xlink:from="de-fi_ntBanks.maturityStructure.savingsMaturityAbove3months"
                       xlink:to="de-fi_ntBanks.maturityStructure.savingsMaturityAbove3months.upTo1year"
                       order="2"
                       xlink:arcrole="http://www.xbrl.org/2003/arcrole/parent-child"
                       xlink:type="arc"/>
      <presentationArc xlink:from="de-fi_ntBanks.maturityStructure.savingsMaturityAbove3months"
                       xlink:to="de-fi_ntBanks.maturityStructure.savingsMaturityAbove3months.upTo5years"
                       order="3"
                       xlink:arcrole="http://www.xbrl.org/2003/arcrole/parent-child"
                       xlink:type="arc"/>
      <presentationArc xlink:from="de-fi_ntBanks.maturityStructure.savingsMaturityAbove3months"
                       xlink:to="de-fi_ntBanks.maturityStructure.savingsMaturityAbove3months.above5years"
                       order="4"
                       xlink:arcrole="http://www.xbrl.org/2003/arcrole/parent-child"
                       xlink:type="arc"/>
      <presentationArc xlink:from="de-fi_ntBanks.maturityStructure"
                       xlink:to="de-fi_ntBanks.maturityStructure.otherLiabAgreedMaturity"
                       order="5"
                       xlink:arcrole="http://www.xbrl.org/2003/arcrole/parent-child"
                       xlink:type="arc"/>
      <presentationArc xlink:from="de-fi_ntBanks.maturityStructure.otherLiabAgreedMaturity"
                       xlink:to="de-fi_ntBanks.maturityStructure.otherLiabAgreedMaturity.upTo3months"
                       order="1"
                       xlink:arcrole="http://www.xbrl.org/2003/arcrole/parent-child"
                       xlink:type="arc"/>
      <presentationArc xlink:from="de-fi_ntBanks.maturityStructure.otherLiabAgreedMaturity"
                       xlink:to="de-fi_ntBanks.maturityStructure.otherLiabAgreedMaturity.upTo1year"
                       order="2"
                       xlink:arcrole="http://www.xbrl.org/2003/arcrole/parent-child"
                       xlink:type="arc"/>
      <presentationArc xlink:from="de-fi_ntBanks.maturityStructure.otherLiabAgreedMaturity"
                       xlink:to="de-fi_ntBanks.maturityStructure.otherLiabAgreedMaturity.upTo5years"
                       order="3"
                       xlink:arcrole="http://www.xbrl.org/2003/arcrole/parent-child"
                       xlink:type="arc"/>
      <presentationArc xlink:from="de-fi_ntBanks.maturityStructure.otherLiabAgreedMaturity"
                       xlink:to="de-fi_ntBanks.maturityStructure.otherLiabAgreedMaturity.above5years"
                       order="4"
                       xlink:arcrole="http://www.xbrl.org/2003/arcrole/parent-child"
                       xlink:type="arc"/>
      <presentationArc xlink:from="de-fi_ntBanks.maturityStructure"
                       xlink:to="de-fi_ntBanks.maturityStructure.otherSecuritisedLiab"
                       order="6"
                       xlink:arcrole="http://www.xbrl.org/2003/arcrole/parent-child"
                       xlink:type="arc"/>
      <presentationArc xlink:from="de-fi_ntBanks.maturityStructure.otherSecuritisedLiab"
                       xlink:to="de-fi_ntBanks.maturityStructure.otherSecuritisedLiab.upTo3months"
                       order="1"
                       xlink:arcrole="http://www.xbrl.org/2003/arcrole/parent-child"
                       xlink:type="arc"/>
      <presentationArc xlink:from="de-fi_ntBanks.maturityStructure.otherSecuritisedLiab"
                       xlink:to="de-fi_ntBanks.maturityStructure.otherSecuritisedLiab.upTo1year"
                       order="2"
                       xlink:arcrole="http://www.xbrl.org/2003/arcrole/parent-child"
                       xlink:type="arc"/>
      <presentationArc xlink:from="de-fi_ntBanks.maturityStructure.otherSecuritisedLiab"
                       xlink:to="de-fi_ntBanks.maturityStructure.otherSecuritisedLiab.upTo5years"
                       order="3"
                       xlink:arcrole="http://www.xbrl.org/2003/arcrole/parent-child"
                       xlink:type="arc"/>
      <presentationArc xlink:from="de-fi_ntBanks.maturityStructure.otherSecuritisedLiab"
                       xlink:to="de-fi_ntBanks.maturityStructure.otherSecuritisedLiab.above5years"
                       order="4"
                       xlink:arcrole="http://www.xbrl.org/2003/arcrole/parent-child"
                       xlink:type="arc"/>
      <presentationArc xlink:from="de-fi_ntBanks.maturityStructure"
                       xlink:to="de-fi_ntBanks.maturityStructure.bonds"
                       order="2.5"
                       xlink:arcrole="http://www.xbrl.org/2003/arcrole/parent-child"
                       xlink:type="arc"/>
      <presentationArc xlink:from="de-fi_ntBanks.maturityStructure"
                       xlink:to="de-fi_ntBanks.maturityStructure.securitisedLiab"
                       order="5.5"
                       xlink:arcrole="http://www.xbrl.org/2003/arcrole/parent-child"
                       xlink:type="arc"/>
      <presentationArc xlink:from="de-fi_ntBanks.maturityStructure.securitisedLiab"
                       xlink:to="de-fi_ntBanks.maturityStructure.securitisedLiab.upTo1year"
                       order="1"
                       xlink:arcrole="http://www.xbrl.org/2003/arcrole/parent-child"
                       xlink:type="arc"/>
      <presentationArc xlink:from="de-fi_ntBanks" xlink:to="de-fi_ntBanks.segmGeo" order="9"
                       xlink:arcrole="http://www.xbrl.org/2003/arcrole/parent-child"
                       xlink:type="arc"/>
      <presentationArc xlink:from="de-fi_ntBanks.segmGeo" xlink:to="de-fi_ntBanks.segmGeo.name"
                       order="1"
                       xlink:arcrole="http://www.xbrl.org/2003/arcrole/parent-child"
                       xlink:type="arc"/>
      <presentationArc xlink:from="de-fi_ntBanks.segmGeo"
                       xlink:to="de-fi_ntBanks.segmGeo.interestIncome"
                       order="2"
                       xlink:arcrole="http://www.xbrl.org/2003/arcrole/parent-child"
                       xlink:type="arc"/>
      <presentationArc xlink:from="de-fi_ntBanks.segmGeo"
                       xlink:to="de-fi_ntBanks.segmGeo.currIncomeShares"
                       order="3"
                       xlink:arcrole="http://www.xbrl.org/2003/arcrole/parent-child"
                       xlink:type="arc"/>
      <presentationArc xlink:from="de-fi_ntBanks.segmGeo" xlink:to="de-fi_ntBanks.segmGeo.feeIncome"
                       order="4"
                       xlink:arcrole="http://www.xbrl.org/2003/arcrole/parent-child"
                       xlink:type="arc"/>
      <presentationArc xlink:from="de-fi_ntBanks.segmGeo"
                       xlink:to="de-fi_ntBanks.segmGeo.netTradingIncome"
                       order="5"
                       xlink:arcrole="http://www.xbrl.org/2003/arcrole/parent-child"
                       xlink:type="arc"/>
      <presentationArc xlink:from="de-fi_ntBanks.segmGeo"
                       xlink:to="de-fi_ntBanks.segmGeo.otherOpRevenue"
                       order="6"
                       xlink:arcrole="http://www.xbrl.org/2003/arcrole/parent-child"
                       xlink:type="arc"/>
      <presentationArc xlink:from="de-fi_ntBanks" xlink:to="de-fi_ntBanks.boardMembers" order="10"
                       xlink:arcrole="http://www.xbrl.org/2003/arcrole/parent-child"
                       xlink:type="arc"/>
      <presentationArc xlink:from="de-fi_ntBanks.boardMembers"
                       xlink:to="de-fi_ntBanks.boardMembers.type"
                       order="1"
                       xlink:arcrole="http://www.xbrl.org/2003/arcrole/parent-child"
                       xlink:type="arc"/>
      <presentationArc xlink:from="de-fi_ntBanks.boardMembers"
                       xlink:to="de-fi_ntBanks.boardMembers.loans"
                       order="2"
                       xlink:arcrole="http://www.xbrl.org/2003/arcrole/parent-child"
                       xlink:type="arc"/>
      <presentationArc xlink:from="de-fi_ntBanks.boardMembers"
                       xlink:to="de-fi_ntBanks.boardMembers.contingLiab"
                       order="3"
                       xlink:arcrole="http://www.xbrl.org/2003/arcrole/parent-child"
                       xlink:type="arc"/>
      <presentationArc xlink:from="de-fi_ntBanks" xlink:to="de-fi_ntBanks.addMandatoryDisclosures"
                       order="11"
                       xlink:arcrole="http://www.xbrl.org/2003/arcrole/parent-child"
                       xlink:type="arc"/>
      <presentationArc xlink:from="de-fi_ntBanks.addMandatoryDisclosures"
                       xlink:to="de-fi_ntBanks.addMandatoryDisclosures.analysisOfMarketableSecuritiesListing"
                       order="1"
                       xlink:arcrole="http://www.xbrl.org/2003/arcrole/parent-child"
                       xlink:type="arc"/>
      <presentationArc xlink:from="de-fi_ntBanks.addMandatoryDisclosures"
                       xlink:to="de-fi_ntBanks.addMandatoryDisclosures.analysisOfMarketableSecuritiesValuation"
                       order="2"
                       xlink:arcrole="http://www.xbrl.org/2003/arcrole/parent-child"
                       xlink:type="arc"/>
      <presentationArc xlink:from="de-fi_ntBanks.addMandatoryDisclosures"
                       xlink:to="de-fi_ntBanks.addMandatoryDisclosures.leases"
                       order="3"
                       xlink:arcrole="http://www.xbrl.org/2003/arcrole/parent-child"
                       xlink:type="arc"/>
      <presentationArc xlink:from="de-fi_ntBanks.addMandatoryDisclosures"
                       xlink:to="de-fi_ntBanks.addMandatoryDisclosures.significantIndividualAmounts"
                       order="4"
                       xlink:arcrole="http://www.xbrl.org/2003/arcrole/parent-child"
                       xlink:type="arc"/>
      <presentationArc xlink:from="de-fi_ntBanks.addMandatoryDisclosures"
                       xlink:to="de-fi_ntBanks.addMandatoryDisclosures.servicesProvidedToThirdParties"
                       order="5"
                       xlink:arcrole="http://www.xbrl.org/2003/arcrole/parent-child"
                       xlink:type="arc"/>
      <presentationArc xlink:from="de-fi_ntBanks.addMandatoryDisclosures"
                       xlink:to="de-fi_ntBanks.addMandatoryDisclosures.foreignCurrencies"
                       order="6"
                       xlink:arcrole="http://www.xbrl.org/2003/arcrole/parent-child"
                       xlink:type="arc"/>
      <presentationArc xlink:from="de-fi_ntBanks.addMandatoryDisclosures"
                       xlink:to="de-fi_ntBanks.addMandatoryDisclosures.coverCalculation"
                       order="7"
                       xlink:arcrole="http://www.xbrl.org/2003/arcrole/parent-child"
                       xlink:type="arc"/>
      <presentationArc xlink:from="de-fi_ntBanks.addMandatoryDisclosures"
                       xlink:to="de-fi_ntBanks.addMandatoryDisclosures.pastDueInterestBuildingLoans"
                       order="8"
                       xlink:arcrole="http://www.xbrl.org/2003/arcrole/parent-child"
                       xlink:type="arc"/>
      <presentationArc xlink:from="de-fi_ntBanks.addMandatoryDisclosures"
                       xlink:to="de-fi_ntBanks.addMandatoryDisclosures.changesInHomeLoanSavingsContracts"
                       order="9"
                       xlink:arcrole="http://www.xbrl.org/2003/arcrole/parent-child"
                       xlink:type="arc"/>
      <presentationArc xlink:from="de-fi_ntBanks.addMandatoryDisclosures"
                       xlink:to="de-fi_ntBanks.addMandatoryDisclosures.amountsBorrowedGermanBuildingSocietiesAct"
                       order="10"
                       xlink:arcrole="http://www.xbrl.org/2003/arcrole/parent-child"
                       xlink:type="arc"/>
      <presentationArc xlink:from="de-fi_ntBanks.addMandatoryDisclosures"
                       xlink:to="de-fi_ntBanks.addMandatoryDisclosures.changesInAmountAvailableForAllotment"
                       order="11"
                       xlink:arcrole="http://www.xbrl.org/2003/arcrole/parent-child"
                       xlink:type="arc"/>
      <presentationArc xlink:from="de-fi_ntBanks.addMandatoryDisclosures"
                       xlink:to="de-fi_ntBanks.addMandatoryDisclosures.receivOwnCentralGiroInstitution"
                       order="12"
                       xlink:arcrole="http://www.xbrl.org/2003/arcrole/parent-child"
                       xlink:type="arc"/>
      <presentationArc xlink:from="de-fi_ntBanks.addMandatoryDisclosures"
                       xlink:to="de-fi_ntBanks.addMandatoryDisclosures.liabOwnCentralGiroInstitution"
                       order="13"
                       xlink:arcrole="http://www.xbrl.org/2003/arcrole/parent-child"
                       xlink:type="arc"/>
      <presentationArc xlink:from="de-fi_ntBanks.addMandatoryDisclosures"
                       xlink:to="de-fi_ntBanks.addMandatoryDisclosures.receivAffilSavingsBanks"
                       order="14"
                       xlink:arcrole="http://www.xbrl.org/2003/arcrole/parent-child"
                       xlink:type="arc"/>
      <presentationArc xlink:from="de-fi_ntBanks.addMandatoryDisclosures"
                       xlink:to="de-fi_ntBanks.addMandatoryDisclosures.liabAffilSavingsBanks"
                       order="15"
                       xlink:arcrole="http://www.xbrl.org/2003/arcrole/parent-child"
                       xlink:type="arc"/>
      <presentationArc xlink:from="de-fi_ntBanks.addMandatoryDisclosures"
                       xlink:to="de-fi_ntBanks.addMandatoryDisclosures.receivOwnCooperativeCentralBank"
                       order="16"
                       xlink:arcrole="http://www.xbrl.org/2003/arcrole/parent-child"
                       xlink:type="arc"/>
      <presentationArc xlink:from="de-fi_ntBanks.addMandatoryDisclosures"
                       xlink:to="de-fi_ntBanks.addMandatoryDisclosures.liabOwnCooperativeCentralBank"
                       order="17"
                       xlink:arcrole="http://www.xbrl.org/2003/arcrole/parent-child"
                       xlink:type="arc"/>
      <presentationArc xlink:from="de-fi_ntBanks.addMandatoryDisclosures"
                       xlink:to="de-fi_ntBanks.addMandatoryDisclosures.receivDeutscheGenBank"
                       order="18"
                       xlink:arcrole="http://www.xbrl.org/2003/arcrole/parent-child"
                       xlink:type="arc"/>
      <presentationArc xlink:from="de-fi_ntBanks.addMandatoryDisclosures"
                       xlink:to="de-fi_ntBanks.addMandatoryDisclosures.liabDeutscheGenBank"
                       order="19"
                       xlink:arcrole="http://www.xbrl.org/2003/arcrole/parent-child"
                       xlink:type="arc"/>
      <presentationArc xlink:from="de-fi_ntBanks.addMandatoryDisclosures"
                       xlink:to="de-fi_ntBanks.addMandatoryDisclosures.receivAffilBanks"
                       order="20"
                       xlink:arcrole="http://www.xbrl.org/2003/arcrole/parent-child"
                       xlink:type="arc"/>
      <presentationArc xlink:from="de-fi_ntBanks.addMandatoryDisclosures"
                       xlink:to="de-fi_ntBanks.addMandatoryDisclosures.liabAffilBanks"
                       order="21"
                       xlink:arcrole="http://www.xbrl.org/2003/arcrole/parent-child"
                       xlink:type="arc"/>
      <presentationArc xlink:from="de-fi_ntBanks.addMandatoryDisclosures"
                       xlink:to="de-fi_ntBanks.addMandatoryDisclosures.landBuildingsOwnUse"
                       order="22"
                       xlink:arcrole="http://www.xbrl.org/2003/arcrole/parent-child"
                       xlink:type="arc"/>
      <presentationArc xlink:from="de-fi_ntBanks.addMandatoryDisclosures"
                       xlink:to="de-fi_ntBanks.addMandatoryDisclosures.operatingOfficeEquipm"
                       order="23"
                       xlink:arcrole="http://www.xbrl.org/2003/arcrole/parent-child"
                       xlink:type="arc"/>
      <presentationArc xlink:from="de-fi_ntBanks.addMandatoryDisclosures"
                       xlink:to="de-fi_ntBanks.addMandatoryDisclosures.expensesLastRangeLiab"
                       order="24"
                       xlink:arcrole="http://www.xbrl.org/2003/arcrole/parent-child"
                       xlink:type="arc"/>
      <presentationArc xlink:from="de-fi_ntBanks.addMandatoryDisclosures"
                       xlink:to="de-fi_ntBanks.addMandatoryDisclosures.materialLastRangeLiab"
                       order="25"
                       xlink:arcrole="http://www.xbrl.org/2003/arcrole/parent-child"
                       xlink:type="arc"/>
      <presentationArc xlink:from="de-fi_ntBanks.addMandatoryDisclosures"
                       xlink:to="de-fi_ntBanks.addMandatoryDisclosures.materialTermsOfOtherBorrowings"
                       order="26"
                       xlink:arcrole="http://www.xbrl.org/2003/arcrole/parent-child"
                       xlink:type="arc"/>
      <presentationArc xlink:from="de-fi_ntBanks.addMandatoryDisclosures"
                       xlink:to="de-fi_ntBanks.addMandatoryDisclosures.materialContingLiab"
                       order="27"
                       xlink:arcrole="http://www.xbrl.org/2003/arcrole/parent-child"
                       xlink:type="arc"/>
      <presentationArc xlink:from="de-fi_ntBanks.addMandatoryDisclosures"
                       xlink:to="de-fi_ntBanks.addMandatoryDisclosures.assAssignedAsSecurity"
                       order="28"
                       xlink:arcrole="http://www.xbrl.org/2003/arcrole/parent-child"
                       xlink:type="arc"/>
      <presentationArc xlink:from="de-fi_ntBanks.addMandatoryDisclosures"
                       xlink:to="de-fi_ntBanks.addMandatoryDisclosures.materialOtherLiab"
                       order="29"
                       xlink:arcrole="http://www.xbrl.org/2003/arcrole/parent-child"
                       xlink:type="arc"/>
      <presentationArc xlink:from="de-fi_ntBanks.addMandatoryDisclosures"
                       xlink:to="de-fi_ntBanks.addMandatoryDisclosures.analysisOfTradingPortfolio"
                       order="1.5"
                       xlink:arcrole="http://www.xbrl.org/2003/arcrole/parent-child"
                       xlink:type="arc"/>
      <presentationArc xlink:from="de-fi_ntBanks.addMandatoryDisclosures"
                       xlink:to="de-fi_ntBanks.addMandatoryDisclosures.riskAllowance"
                       order="6.3"
                       xlink:arcrole="http://www.xbrl.org/2003/arcrole/parent-child"
                       xlink:type="arc"/>
      <presentationArc xlink:from="de-fi_ntBanks.addMandatoryDisclosures"
                       xlink:to="de-fi_ntBanks.addMandatoryDisclosures.reclassifications"
                       order="6.6"
                       xlink:arcrole="http://www.xbrl.org/2003/arcrole/parent-child"
                       xlink:type="arc"/>
      <presentationArc xlink:from="de-fi_ntBanks.addMandatoryDisclosures"
                       xlink:to="de-fi_ntBanks.addMandatoryDisclosures.changeOfCriteria"
                       order="6.9"
                       xlink:arcrole="http://www.xbrl.org/2003/arcrole/parent-child"
                       xlink:type="arc"/>
      <presentationArc xlink:from="de-fi_ntBanks" xlink:to="de-fi_ntBanks.derivativeTransactions"
                       order="13"
                       xlink:arcrole="http://www.xbrl.org/2003/arcrole/parent-child"
                       xlink:type="arc"/>
      <presentationArc xlink:from="de-fi_ntBanks.derivativeTransactions"
                       xlink:to="de-fi_ntBanks.derivativeTransactions.foreignCurrency"
                       order="1"
                       xlink:arcrole="http://www.xbrl.org/2003/arcrole/parent-child"
                       xlink:type="arc"/>
      <presentationArc xlink:from="de-fi_ntBanks.derivativeTransactions"
                       xlink:to="de-fi_ntBanks.derivativeTransactions.interestRelated"
                       order="2"
                       xlink:arcrole="http://www.xbrl.org/2003/arcrole/parent-child"
                       xlink:type="arc"/>
      <presentationArc xlink:from="de-fi_ntBanks.derivativeTransactions"
                       xlink:to="de-fi_ntBanks.derivativeTransactions.otherPriceRisks"
                       order="3"
                       xlink:arcrole="http://www.xbrl.org/2003/arcrole/parent-child"
                       xlink:type="arc"/>
      <presentationArc xlink:from="de-fi_ntBanks"
                       xlink:to="de-fi_ntBanks.addMandatoryDisclosuresPfandBG28"
                       order="12"
                       xlink:arcrole="http://www.xbrl.org/2003/arcrole/parent-child"
                       xlink:type="arc"/>
      <presentationArc xlink:from="de-fi_ntBanks.addMandatoryDisclosuresPfandBG28"
                       xlink:to="de-fi_ntBanks.addMandatoryDisclosuresPfandBG28.PfandbriefeOutstanding"
                       order="1"
                       xlink:arcrole="http://www.xbrl.org/2003/arcrole/parent-child"
                       xlink:type="arc"/>
      <presentationArc xlink:from="de-fi_ntBanks.addMandatoryDisclosuresPfandBG28"
                       xlink:to="de-fi_ntBanks.addMandatoryDisclosuresPfandBG28.analysisOfAssetsUsedToCoverMortgagePfandbriefe"
                       order="2"
                       xlink:arcrole="http://www.xbrl.org/2003/arcrole/parent-child"
                       xlink:type="arc"/>
      <presentationArc xlink:from="de-fi_ntBanks.addMandatoryDisclosuresPfandBG28"
                       xlink:to="de-fi_ntBanks.addMandatoryDisclosuresPfandBG28.analysisOfAssetsUsedToCoverPublPfandbriefe"
                       order="3"
                       xlink:arcrole="http://www.xbrl.org/2003/arcrole/parent-child"
                       xlink:type="arc"/>
      <presentationArc xlink:from="de-fi_ntBanks.addMandatoryDisclosuresPfandBG28"
                       xlink:to="de-fi_ntBanks.addMandatoryDisclosuresPfandBG28.analysisOfAssetsUsedToCoverShipPfandbriefe"
                       order="4"
                       xlink:arcrole="http://www.xbrl.org/2003/arcrole/parent-child"
                       xlink:type="arc"/>
      <presentationArc xlink:from="de-fi_ntBanks" xlink:to="de-fi_ntBanks.analysisOfCombinedHeadings"
                       order="1"
                       xlink:arcrole="http://www.xbrl.org/2003/arcrole/parent-child"
                       xlink:type="arc"/>
      <presentationArc xlink:from="de-fi_ntBanks" xlink:to="de-fi_ntBanks.repurchaseTransactions"
                       order="2"
                       xlink:arcrole="http://www.xbrl.org/2003/arcrole/parent-child"
                       xlink:type="arc"/>
      <presentationArc xlink:from="de-fi_ntBanks" xlink:to="de-fi_ntBanks.unrealisedReserves"
                       order="3"
                       xlink:arcrole="http://www.xbrl.org/2003/arcrole/parent-child"
                       xlink:type="arc"/>
      <presentationArc xlink:from="de-fi_ntBanks" xlink:to="de-fi_ntBanks.assetSideItemForPremium"
                       order="4"
                       xlink:arcrole="http://www.xbrl.org/2003/arcrole/parent-child"
                       xlink:type="arc"/>
      <presentationArc xlink:from="de-fi_ntBanks"
                       xlink:to="de-fi_ntBanks.liabilitySideItemForDiscount"
                       order="5"
                       xlink:arcrole="http://www.xbrl.org/2003/arcrole/parent-child"
                       xlink:type="arc"/>
      <presentationArc xlink:from="de-fi_ntBanks"
                       xlink:to="de-fi_ntBanks.atypicalSilentCapitalContributions"
                       order="6"
                       xlink:arcrole="http://www.xbrl.org/2003/arcrole/parent-child"
                       xlink:type="arc"/>
      <presentationArc xlink:from="de-fi_ntBanks"
                       xlink:to="de-fi_ntBanks.disclosuresReasonsRiskContingLiab"
                       order="10.5"
                       xlink:arcrole="http://www.xbrl.org/2003/arcrole/parent-child"
                       xlink:type="arc"/>
      <presentationArc xlink:from="de-fi_ntBanks" xlink:to="de-gaap-ci_nt.taxReport" order="14"
                       xlink:arcrole="http://www.xbrl.org/2003/arcrole/parent-child"
                       xlink:type="arc"/>
      <presentationArc xlink:from="de-fi_ntBanks" xlink:to="de-gaap-ci_nt.ass" order="15"
                       xlink:arcrole="http://www.xbrl.org/2003/arcrole/parent-child"
                       xlink:type="arc"/>
      <presentationArc xlink:from="de-gaap-ci_nt.ass" xlink:to="de-fi_tableBanks.nt.ass" order="1"
                       xlink:arcrole="http://www.xbrl.org/2003/arcrole/parent-child"
                       xlink:type="arc"/>
      <presentationArc xmlns:xbrldt="http://xbrl.org/2005/xbrldt" xlink:from="de-fi_tableBanks.nt.ass"
                       xlink:to="de-fi_cubeBanks.nt.ass.gross"
                       order="1"
                       xbrldt:contextElement="scenario"
                       xlink:arcrole="http://www.xbrl.org/2003/arcrole/parent-child"
                       xlink:type="arc"/>
      <presentationArc xlink:from="de-fi_cubeBanks.nt.ass.gross"
                       xlink:to="de-fi_dim_changesBanks.nt.ass"
                       order="2"
                       xlink:arcrole="http://www.xbrl.org/2003/arcrole/parent-child"
                       xlink:type="arc"/>
      <presentationArc xlink:from="de-fi_dim_changesBanks.nt.ass"
                       xlink:to="de-fi_bsBanks.ass.receivBanks"
                       order="9"
                       xlink:arcrole="http://www.xbrl.org/2003/arcrole/parent-child"
                       xlink:type="arc"/>
      <presentationArc xlink:from="de-fi_dim_changesBanks.nt.ass"
                       xlink:to="de-fi_bsBanks.ass.receivCustomers"
                       order="10"
                       xlink:arcrole="http://www.xbrl.org/2003/arcrole/parent-child"
                       xlink:type="arc"/>
      <presentationArc xlink:from="de-fi_dim_changesBanks.nt.ass"
                       xlink:to="de-fi_bsBanks.ass.debtInstruments"
                       order="11"
                       xlink:arcrole="http://www.xbrl.org/2003/arcrole/parent-child"
                       xlink:type="arc"/>
      <presentationArc xlink:from="de-fi_dim_changesBanks.nt.ass" xlink:to="de-fi_bsBanks.ass.shares"
                       order="12"
                       xlink:arcrole="http://www.xbrl.org/2003/arcrole/parent-child"
                       xlink:type="arc"/>
      <presentationArc xlink:from="de-fi_dim_changesBanks.nt.ass"
                       xlink:to="de-fi_bsBanks.ass.particip"
                       order="13"
                       xlink:arcrole="http://www.xbrl.org/2003/arcrole/parent-child"
                       xlink:type="arc"/>
      <presentationArc xlink:from="de-fi_dim_changesBanks.nt.ass"
                       xlink:to="de-fi_bsBanks.ass.sharesInAffil"
                       order="14"
                       xlink:arcrole="http://www.xbrl.org/2003/arcrole/parent-child"
                       xlink:type="arc"/>
      <presentationArc xlink:from="de-fi_cubeBanks.nt.ass.gross" xlink:to="de-gaap-ci_dim_taxTrans"
                       order="1"
                       xlink:arcrole="http://www.xbrl.org/2003/arcrole/parent-child"
                       xlink:type="arc"/>
      <presentationArc xlink:from="de-gaap-ci_dim_taxTrans" xlink:to="de-gaap-ci_dim_taxBal" order="1"
                       xlink:arcrole="http://www.xbrl.org/2003/arcrole/parent-child"
                       xlink:type="arc"/>
      <presentationArc xlink:from="de-gaap-ci_dim_taxBal" xlink:to="de-gaap-ci_dim_comBal" order="1"
                       xlink:arcrole="http://www.xbrl.org/2003/arcrole/parent-child"
                       xlink:type="arc"/>
      <presentationArc xlink:from="de-gaap-ci_dim_taxBal" xlink:to="de-gaap-ci_dim_diffComToTaxBal"
                       order="2"
                       xlink:arcrole="http://www.xbrl.org/2003/arcrole/parent-child"
                       xlink:type="arc"/>
      <presentationArc xlink:from="de-fi_tableBanks.nt.ass" xlink:to="de-fi_piTitleBanks.nt.ass.gross"
                       order="2"
                       xlink:arcrole="http://www.xbrl.org/2003/arcrole/parent-child"
                       xlink:type="arc"/>
      <presentationArc xlink:from="de-fi_piTitleBanks.nt.ass.gross" xlink:to="de-fi_allBanks"
                       order="1"
                       xlink:arcrole="http://www.xbrl.org/2003/arcrole/parent-child"
                       xlink:type="arc"/>
      <presentationArc xlink:from="de-fi_allBanks" xlink:to="de-fi_allBanks_Prev_period" order="1"
                       xlink:arcrole="http://www.xbrl.org/2003/arcrole/parent-child"
                       xlink:type="arc"/>
      <presentationArc xlink:from="de-fi_allBanks" xlink:to="de-fi_grossBanks" order="2"
                       xlink:arcrole="http://www.xbrl.org/2003/arcrole/parent-child"
                       xlink:type="arc"/>
      <presentationArc xlink:from="de-fi_grossBanks" xlink:to="de-fi_grossCostBanks.beginning"
                       order="1"
                       xlink:arcrole="http://www.xbrl.org/2003/arcrole/parent-child"
                       xlink:type="arc"/>
      <presentationArc xlink:from="de-fi_grossBanks" xlink:to="de-fi_grossBanks.diff" order="2"
                       xlink:arcrole="http://www.xbrl.org/2003/arcrole/parent-child"
                       xlink:type="arc"/>
      <presentationArc xlink:from="de-fi_grossBanks.diff" xlink:to="de-fi_grossBanks.diff.currDiff"
                       order="1"
                       xlink:arcrole="http://www.xbrl.org/2003/arcrole/parent-child"
                       xlink:type="arc"/>
      <presentationArc xlink:from="de-fi_grossBanks.diff" xlink:to="de-fi_grossBanks.diff.otherDiff"
                       order="2"
                       xlink:arcrole="http://www.xbrl.org/2003/arcrole/parent-child"
                       xlink:type="arc"/>
      <presentationArc xlink:from="de-fi_grossBanks.diff.otherDiff"
                       xlink:to="de-fi_grossBanks.diff.otherDiff.comment"
                       order="1"
                       xlink:arcrole="http://www.xbrl.org/2003/arcrole/parent-child"
                       xlink:type="arc"/>
      <presentationArc xlink:from="de-fi_grossBanks" xlink:to="de-fi_grossBanks.addition" order="3"
                       xlink:arcrole="http://www.xbrl.org/2003/arcrole/parent-child"
                       xlink:type="arc"/>
      <presentationArc xlink:from="de-fi_grossBanks" xlink:to="de-fi_grossBanks.release" order="4"
                       xlink:arcrole="http://www.xbrl.org/2003/arcrole/parent-child"
                       xlink:type="arc"/>
      <presentationArc xlink:from="de-fi_grossBanks" xlink:to="de-fi_grossBanks.movements" order="5"
                       xlink:arcrole="http://www.xbrl.org/2003/arcrole/parent-child"
                       xlink:type="arc"/>
      <presentationArc xlink:from="de-fi_grossBanks" xlink:to="de-fi_grossBanks.currChanges" order="6"
                       xlink:arcrole="http://www.xbrl.org/2003/arcrole/parent-child"
                       xlink:type="arc"/>
      <presentationArc xlink:from="de-fi_allBanks" xlink:to="de-fi_accDeprBanks" order="3"
                       xlink:arcrole="http://www.xbrl.org/2003/arcrole/parent-child"
                       xlink:type="arc"/>
      <presentationArc xlink:from="de-fi_accDeprBanks" xlink:to="de-fi_accDeprBanks.beginning"
                       order="1"
                       xlink:arcrole="http://www.xbrl.org/2003/arcrole/parent-child"
                       xlink:type="arc"/>
      <presentationArc xlink:from="de-fi_accDeprBanks" xlink:to="de-fi_accDeprBanks.diff" order="2"
                       xlink:arcrole="http://www.xbrl.org/2003/arcrole/parent-child"
                       xlink:type="arc"/>
      <presentationArc xlink:from="de-fi_accDeprBanks.diff"
                       xlink:to="de-fi_accDeprBanks.diff.currDiff"
                       order="1"
                       xlink:arcrole="http://www.xbrl.org/2003/arcrole/parent-child"
                       xlink:type="arc"/>
      <presentationArc xlink:from="de-fi_accDeprBanks.diff"
                       xlink:to="de-fi_accDeprBanks.diff.otherDiff"
                       order="2"
                       xlink:arcrole="http://www.xbrl.org/2003/arcrole/parent-child"
                       xlink:type="arc"/>
      <presentationArc xlink:from="de-fi_accDeprBanks.diff.otherDiff"
                       xlink:to="de-fi_accDeprBanks.diff.otherDiff.comment"
                       order="1"
                       xlink:arcrole="http://www.xbrl.org/2003/arcrole/parent-child"
                       xlink:type="arc"/>
      <presentationArc xlink:from="de-fi_accDeprBanks" xlink:to="de-fi_accDeprBanks.DeprPeriod"
                       order="3"
                       xlink:arcrole="http://www.xbrl.org/2003/arcrole/parent-child"
                       xlink:type="arc"/>
      <presentationArc xlink:from="de-fi_accDeprBanks.DeprPeriod"
                       xlink:to="de-fi_accDeprBanks.DeprPeriod.specific"
                       order="1"
                       xlink:arcrole="http://www.xbrl.org/2003/arcrole/parent-child"
                       xlink:type="arc"/>
      <presentationArc xlink:from="de-fi_accDeprBanks" xlink:to="de-fi_accDeprBanks.addition"
                       order="4"
                       xlink:arcrole="http://www.xbrl.org/2003/arcrole/parent-child"
                       xlink:type="arc"/>
      <presentationArc xlink:from="de-fi_accDeprBanks" xlink:to="de-fi_accDeprBanks.release" order="5"
                       xlink:arcrole="http://www.xbrl.org/2003/arcrole/parent-child"
                       xlink:type="arc"/>
      <presentationArc xlink:from="de-fi_accDeprBanks" xlink:to="de-fi_accDeprBanks.movements"
                       order="6"
                       xlink:arcrole="http://www.xbrl.org/2003/arcrole/parent-child"
                       xlink:type="arc"/>
      <presentationArc xlink:from="de-fi_accDeprBanks" xlink:to="de-fi_accDeprBanks.currChanges"
                       order="7"
                       xlink:arcrole="http://www.xbrl.org/2003/arcrole/parent-child"
                       xlink:type="arc"/>
      <presentationArc xlink:from="de-fi_allBanks" xlink:to="de-fi_revaluationBanks" order="4"
                       xlink:arcrole="http://www.xbrl.org/2003/arcrole/parent-child"
                       xlink:type="arc"/>
      <presentationArc xlink:from="de-fi_revaluationBanks" xlink:to="de-fi_revaluationBanks.comment"
                       order="1"
                       xlink:arcrole="http://www.xbrl.org/2003/arcrole/parent-child"
                       xlink:type="arc"/>
      <presentationArc xlink:from="de-gaap-ci_nt.ass" xlink:to="de-fi_tableBanksTanIntan.nt.ass"
                       order="2"
                       xlink:arcrole="http://www.xbrl.org/2003/arcrole/parent-child"
                       xlink:type="arc"/>
      <presentationArc xmlns:xbrldt="http://xbrl.org/2005/xbrldt"
                       xlink:from="de-fi_tableBanksTanIntan.nt.ass"
                       xlink:to="de-fi_cubeBanksTanIntan.nt.ass.gross"
                       order="1"
                       xbrldt:contextElement="scenario"
                       xlink:arcrole="http://www.xbrl.org/2003/arcrole/parent-child"
                       xlink:type="arc"/>
      <presentationArc xlink:from="de-fi_cubeBanksTanIntan.nt.ass.gross"
                       xlink:to="de-gaap-ci_dim_taxTrans"
                       order="1"
                       xlink:arcrole="http://www.xbrl.org/2003/arcrole/parent-child"
                       xlink:type="arc"/>
      <presentationArc xlink:from="de-fi_cubeBanksTanIntan.nt.ass.gross"
                       xlink:to="de-fi_dim_changesBanksTanIntan.nt.ass"
                       order="2"
                       xlink:arcrole="http://www.xbrl.org/2003/arcrole/parent-child"
                       xlink:type="arc"/>
      <presentationArc xlink:from="de-fi_dim_changesBanksTanIntan.nt.ass"
                       xlink:to="de-fi_bsBanks.ass.intan"
                       order="1"
                       xlink:arcrole="http://www.xbrl.org/2003/arcrole/parent-child"
                       xlink:type="arc"/>
      <presentationArc xlink:from="de-fi_dim_changesBanksTanIntan.nt.ass"
                       xlink:to="de-fi_bsBanks.ass.tan"
                       order="2"
                       xlink:arcrole="http://www.xbrl.org/2003/arcrole/parent-child"
                       xlink:type="arc"/>
      <presentationArc xlink:from="de-fi_tableBanksTanIntan.nt.ass"
                       xlink:to="de-fi_piTitleBanksTanIntan.nt.ass.gross"
                       order="2"
                       xlink:arcrole="http://www.xbrl.org/2003/arcrole/parent-child"
                       xlink:type="arc"/>
      <presentationArc xlink:from="de-fi_piTitleBanksTanIntan.nt.ass.gross"
                       xlink:to="de-fi_allBanksTanIntan"
                       order="1"
                       xlink:arcrole="http://www.xbrl.org/2003/arcrole/parent-child"
                       xlink:type="arc"/>
      <presentationArc xlink:from="de-fi_allBanksTanIntan"
                       xlink:to="de-fi_allBanks_Prev_periodTanIntan"
                       order="1"
                       xlink:arcrole="http://www.xbrl.org/2003/arcrole/parent-child"
                       xlink:type="arc"/>
      <presentationArc xlink:from="de-fi_allBanksTanIntan" xlink:to="de-fi_grossBanksTanIntan"
                       order="2"
                       xlink:arcrole="http://www.xbrl.org/2003/arcrole/parent-child"
                       xlink:type="arc"/>
      <presentationArc xlink:from="de-fi_grossBanksTanIntan"
                       xlink:to="de-fi_grossCostBanksTanIntan.beginning"
                       order="1"
                       xlink:arcrole="http://www.xbrl.org/2003/arcrole/parent-child"
                       xlink:type="arc"/>
      <presentationArc xlink:from="de-fi_grossBanksTanIntan" xlink:to="de-fi_grossBanksTanIntan.diff"
                       order="2"
                       xlink:arcrole="http://www.xbrl.org/2003/arcrole/parent-child"
                       xlink:type="arc"/>
      <presentationArc xlink:from="de-fi_grossBanksTanIntan.diff"
                       xlink:to="de-fi_grossBanksTanIntan.diff.currDiff"
                       order="1"
                       xlink:arcrole="http://www.xbrl.org/2003/arcrole/parent-child"
                       xlink:type="arc"/>
      <presentationArc xlink:from="de-fi_grossBanksTanIntan.diff"
                       xlink:to="de-fi_grossBanksTanIntan.diff.otherDiff"
                       order="2"
                       xlink:arcrole="http://www.xbrl.org/2003/arcrole/parent-child"
                       xlink:type="arc"/>
      <presentationArc xlink:from="de-fi_grossBanksTanIntan.diff.otherDiff"
                       xlink:to="de-fi_grossBanksTanIntan.diff.otherDiff.comment"
                       order="1"
                       xlink:arcrole="http://www.xbrl.org/2003/arcrole/parent-child"
                       xlink:type="arc"/>
      <presentationArc xlink:from="de-fi_grossBanksTanIntan"
                       xlink:to="de-fi_grossBanksTanIntan.addition"
                       order="3"
                       xlink:arcrole="http://www.xbrl.org/2003/arcrole/parent-child"
                       xlink:type="arc"/>
      <presentationArc xlink:from="de-fi_grossBanksTanIntan"
                       xlink:to="de-fi_grossBanksTanIntan.release"
                       order="4"
                       xlink:arcrole="http://www.xbrl.org/2003/arcrole/parent-child"
                       xlink:type="arc"/>
      <presentationArc xlink:from="de-fi_grossBanksTanIntan"
                       xlink:to="de-fi_grossBanksTanIntan.movements"
                       order="5"
                       xlink:arcrole="http://www.xbrl.org/2003/arcrole/parent-child"
                       xlink:type="arc"/>
      <presentationArc xlink:from="de-fi_grossBanksTanIntan"
                       xlink:to="de-fi_grossBanksTanIntan.currChanges"
                       order="6"
                       xlink:arcrole="http://www.xbrl.org/2003/arcrole/parent-child"
                       xlink:type="arc"/>
      <presentationArc xlink:from="de-fi_allBanksTanIntan" xlink:to="de-fi_accDeprBanksTanIntan"
                       order="3"
                       xlink:arcrole="http://www.xbrl.org/2003/arcrole/parent-child"
                       xlink:type="arc"/>
      <presentationArc xlink:from="de-fi_accDeprBanksTanIntan"
                       xlink:to="de-fi_accDeprBanksTanIntan.beginning"
                       order="1"
                       xlink:arcrole="http://www.xbrl.org/2003/arcrole/parent-child"
                       xlink:type="arc"/>
      <presentationArc xlink:from="de-fi_accDeprBanksTanIntan"
                       xlink:to="de-fi_accDeprBanksTanIntan.diff"
                       order="2"
                       xlink:arcrole="http://www.xbrl.org/2003/arcrole/parent-child"
                       xlink:type="arc"/>
      <presentationArc xlink:from="de-fi_accDeprBanksTanIntan.diff"
                       xlink:to="de-fi_accDeprBanksTanIntan.diff.currDiff"
                       order="1"
                       xlink:arcrole="http://www.xbrl.org/2003/arcrole/parent-child"
                       xlink:type="arc"/>
      <presentationArc xlink:from="de-fi_accDeprBanksTanIntan.diff"
                       xlink:to="de-fi_accDeprBanksTanIntan.diff.otherDiff"
                       order="2"
                       xlink:arcrole="http://www.xbrl.org/2003/arcrole/parent-child"
                       xlink:type="arc"/>
      <presentationArc xlink:from="de-fi_accDeprBanksTanIntan.diff.otherDiff"
                       xlink:to="de-fi_accDeprBanksTanIntan.diff.otherDiff.comment"
                       order="1"
                       xlink:arcrole="http://www.xbrl.org/2003/arcrole/parent-child"
                       xlink:type="arc"/>
      <presentationArc xlink:from="de-fi_accDeprBanksTanIntan"
                       xlink:to="de-fi_accDeprBanksTanIntan.DeprPeriod"
                       order="3"
                       xlink:arcrole="http://www.xbrl.org/2003/arcrole/parent-child"
                       xlink:type="arc"/>
      <presentationArc xlink:from="de-fi_accDeprBanksTanIntan.DeprPeriod"
                       xlink:to="de-fi_accDeprBanksTanIntan.DeprPeriod.specific"
                       order="1"
                       xlink:arcrole="http://www.xbrl.org/2003/arcrole/parent-child"
                       xlink:type="arc"/>
      <presentationArc xlink:from="de-fi_accDeprBanksTanIntan"
                       xlink:to="de-fi_accDeprBanksTanIntan.addition"
                       order="4"
                       xlink:arcrole="http://www.xbrl.org/2003/arcrole/parent-child"
                       xlink:type="arc"/>
      <presentationArc xlink:from="de-fi_accDeprBanksTanIntan"
                       xlink:to="de-fi_accDeprBanksTanIntan.release"
                       order="5"
                       xlink:arcrole="http://www.xbrl.org/2003/arcrole/parent-child"
                       xlink:type="arc"/>
      <presentationArc xlink:from="de-fi_accDeprBanksTanIntan"
                       xlink:to="de-fi_accDeprBanksTanIntan.movements"
                       order="6"
                       xlink:arcrole="http://www.xbrl.org/2003/arcrole/parent-child"
                       xlink:type="arc"/>
      <presentationArc xlink:from="de-fi_accDeprBanksTanIntan"
                       xlink:to="de-fi_accDeprBanksTanIntan.currChanges"
                       order="7"
                       xlink:arcrole="http://www.xbrl.org/2003/arcrole/parent-child"
                       xlink:type="arc"/>
      <presentationArc xlink:from="de-fi_allBanksTanIntan" xlink:to="de-fi_revaluationBanksTanIntan"
                       order="4"
                       xlink:arcrole="http://www.xbrl.org/2003/arcrole/parent-child"
                       xlink:type="arc"/>
      <presentationArc xlink:from="de-fi_revaluationBanksTanIntan"
                       xlink:to="de-fi_revaluationBanksFixedAssets.comment"
                       order="1"
                       xlink:arcrole="http://www.xbrl.org/2003/arcrole/parent-child"
                       xlink:type="arc"/>
      <presentationArc xlink:from="de-fi_ntBanks" xlink:to="de-gaap-ci_nt.particip" order="19"
                       xlink:arcrole="http://www.xbrl.org/2003/arcrole/parent-child"
                       xlink:type="arc"/>
      <presentationArc xlink:from="de-gaap-ci_nt.particip" xlink:to="de-gaap-ci_nt.particip.listDepos"
                       order="1"
                       xlink:arcrole="http://www.xbrl.org/2003/arcrole/parent-child"
                       xlink:type="arc"/>
      <presentationArc xlink:from="de-gaap-ci_nt.particip" xlink:to="de-gaap-ci_nt.particip.listRow"
                       order="2"
                       xlink:arcrole="http://www.xbrl.org/2003/arcrole/parent-child"
                       xlink:type="arc"/>
      <presentationArc xlink:from="de-gaap-ci_nt.particip.listRow"
                       xlink:to="de-gaap-ci_nt.particip.listRow.compName"
                       order="1"
                       xlink:arcrole="http://www.xbrl.org/2003/arcrole/parent-child"
                       xlink:type="arc"/>
      <presentationArc xlink:from="de-gaap-ci_nt.particip.listRow"
                       xlink:to="de-gaap-ci_nt.particip.listRow.compLocation"
                       order="2"
                       xlink:arcrole="http://www.xbrl.org/2003/arcrole/parent-child"
                       xlink:type="arc"/>
      <presentationArc xlink:from="de-gaap-ci_nt.particip.listRow"
                       xlink:to="de-gaap-ci_nt.particip.listRow.compCountry"
                       order="3"
                       xlink:arcrole="http://www.xbrl.org/2003/arcrole/parent-child"
                       xlink:type="arc"/>
      <presentationArc xlink:from="de-gaap-ci_nt.particip.listRow"
                       xlink:to="de-gaap-ci_nt.particip.listRow.quota"
                       order="4"
                       xlink:arcrole="http://www.xbrl.org/2003/arcrole/parent-child"
                       xlink:type="arc"/>
      <presentationArc xlink:from="de-gaap-ci_nt.particip.listRow.quota"
                       xlink:to="de-gaap-ci_nt.particip.listRow.quota.direct"
                       order="1"
                       xlink:arcrole="http://www.xbrl.org/2003/arcrole/parent-child"
                       xlink:type="arc"/>
      <presentationArc xlink:from="de-gaap-ci_nt.particip.listRow.quota"
                       xlink:to="de-gaap-ci_nt.particip.listRow.quota.indirect"
                       order="2"
                       xlink:arcrole="http://www.xbrl.org/2003/arcrole/parent-child"
                       xlink:type="arc"/>
      <presentationArc xlink:from="de-gaap-ci_nt.particip.listRow"
                       xlink:to="de-gaap-ci_nt.particip.listRow.votes"
                       order="5"
                       xlink:arcrole="http://www.xbrl.org/2003/arcrole/parent-child"
                       xlink:type="arc"/>
      <presentationArc xlink:from="de-gaap-ci_nt.particip.listRow"
                       xlink:to="de-gaap-ci_nt.particip.listRow.equity"
                       order="6"
                       xlink:arcrole="http://www.xbrl.org/2003/arcrole/parent-child"
                       xlink:type="arc"/>
      <presentationArc xlink:from="de-gaap-ci_nt.particip.listRow"
                       xlink:to="de-gaap-ci_nt.particip.listRow.result"
                       order="7"
                       xlink:arcrole="http://www.xbrl.org/2003/arcrole/parent-child"
                       xlink:type="arc"/>
      <presentationArc xlink:from="de-gaap-ci_nt.particip.listRow"
                       xlink:to="de-gaap-ci_nt.particip.listRow.consolFlag"
                       order="8"
                       xlink:arcrole="http://www.xbrl.org/2003/arcrole/parent-child"
                       xlink:type="arc"/>
      <presentationArc xlink:from="de-gaap-ci_nt.particip.listRow"
                       xlink:to="de-gaap-ci_nt.particip.listRow.subgroup"
                       order="9"
                       xlink:arcrole="http://www.xbrl.org/2003/arcrole/parent-child"
                       xlink:type="arc"/>
      <presentationArc xlink:from="de-gaap-ci_nt.particip.listRow"
                       xlink:to="de-gaap-ci_nt.particip.listRow.remark"
                       order="10"
                       xlink:arcrole="http://www.xbrl.org/2003/arcrole/parent-child"
                       xlink:type="arc"/>
      <presentationArc xlink:from="de-gaap-ci_nt.particip.listRow"
                       xlink:to="de-gaap-ci_nt.particip.listRow.typeOfConsolidation"
                       order="11"
                       xlink:arcrole="http://www.xbrl.org/2003/arcrole/parent-child"
                       xlink:type="arc"/>
   </presentationLink>
</linkbase>