<?xml version="1.0" encoding="utf-8"?>
<!--(c) XBRL Deutschland e.V. - see http://www.xbrl.de-->


<linkbase xmlns="http://www.xbrl.org/2003/linkbase"
          xmlns:hgbref="http://www.xbrl.de/taxonomies/de-ref-2010-02-19"
          xmlns:ref="http://www.xbrl.org/2006/ref"
          xmlns:xbrli="http://www.xbrl.org/2003/instance"
          xmlns:xlink="http://www.w3.org/1999/xlink"
          xmlns:xsi="http://www.w3.org/2001/XMLSchema-instance"
          xsi:schemaLocation="http://www.xbrl.de/taxonomies/de-ref-2010-02-19 ../de-gcd-2018-04-01/hgbref-2018-04-01.xsd">
   <referenceLink xlink:type="extended" xlink:role="http://www.xbrl.org/2003/role/link">
      <loc xlink:type="locator"
           xlink:href="de-fi-2018-04-01-dimensions.xsd#de-fi_tableBanks.nt.ass"
           xlink:label="de-fi_tableBanks.nt.ass"/>
      <referenceArc xlink:type="arc"
                    xlink:arcrole="http://www.xbrl.org/2003/arcrole/concept-reference"
                    xlink:from="de-fi_tableBanks.nt.ass"
                    xlink:to="reference_de-fi_tableBanks.nt.ass"/>
      <reference xlink:type="resource" xlink:label="reference_de-fi_tableBanks.nt.ass"
                 xlink:role="http://www.xbrl.org/2003/role/mandatoryDisclosureRef"
                 id="reference_de-fi_tableBanks.nt.ass">
         <hgbref:legalFormPG>true</hgbref:legalFormPG>
         <hgbref:legalFormKSt>true</hgbref:legalFormKSt>
      </reference>
      <loc xlink:type="locator"
           xlink:href="de-fi-2018-04-01-dimensions.xsd#de-fi_cubeBanks.nt.ass.gross"
           xlink:label="de-fi_cubeBanks.nt.ass.gross"/>
      <referenceArc xlink:type="arc"
                    xlink:arcrole="http://www.xbrl.org/2003/arcrole/concept-reference"
                    xlink:from="de-fi_cubeBanks.nt.ass.gross"
                    xlink:to="reference_de-fi_cubeBanks.nt.ass.gross"/>
      <reference xlink:type="resource" xlink:label="reference_de-fi_cubeBanks.nt.ass.gross"
                 xlink:role="http://www.xbrl.org/2003/role/mandatoryDisclosureRef"
                 id="reference_de-fi_cubeBanks.nt.ass.gross">
         <hgbref:legalFormPG>true</hgbref:legalFormPG>
         <hgbref:legalFormKSt>true</hgbref:legalFormKSt>
      </reference>
      <loc xlink:type="locator"
           xlink:href="de-fi-2018-04-01-dimensions.xsd#de-fi_dim_changesBanks.nt.ass"
           xlink:label="de-fi_dim_changesBanks.nt.ass"/>
      <referenceArc xlink:type="arc"
                    xlink:arcrole="http://www.xbrl.org/2003/arcrole/concept-reference"
                    xlink:from="de-fi_dim_changesBanks.nt.ass"
                    xlink:to="reference_de-fi_dim_changesBanks.nt.ass"/>
      <reference xlink:type="resource" xlink:label="reference_de-fi_dim_changesBanks.nt.ass"
                 xlink:role="http://www.xbrl.org/2003/role/mandatoryDisclosureRef"
                 id="reference_de-fi_dim_changesBanks.nt.ass">
         <hgbref:legalFormPG>true</hgbref:legalFormPG>
         <hgbref:legalFormKSt>true</hgbref:legalFormKSt>
      </reference>
      <loc xlink:type="locator"
           xlink:href="de-fi-2018-04-01-dimensions.xsd#de-fi_piTitleBanks.nt.ass.gross"
           xlink:label="de-fi_piTitleBanks.nt.ass.gross"/>
      <referenceArc xlink:type="arc"
                    xlink:arcrole="http://www.xbrl.org/2003/arcrole/concept-reference"
                    xlink:from="de-fi_piTitleBanks.nt.ass.gross"
                    xlink:to="reference_de-fi_piTitleBanks.nt.ass.gross"/>
      <reference xlink:type="resource" xlink:label="reference_de-fi_piTitleBanks.nt.ass.gross"
                 xlink:role="http://www.xbrl.org/2003/role/mandatoryDisclosureRef"
                 id="reference_de-fi_piTitleBanks.nt.ass.gross">
         <hgbref:legalFormPG>true</hgbref:legalFormPG>
         <hgbref:legalFormKSt>true</hgbref:legalFormKSt>
      </reference>
      <loc xlink:type="locator"
           xlink:href="de-fi-2018-04-01-dimensions.xsd#de-fi_allBanks"
           xlink:label="de-fi_allBanks"/>
      <referenceArc xlink:type="arc"
                    xlink:arcrole="http://www.xbrl.org/2003/arcrole/concept-reference"
                    xlink:from="de-fi_allBanks"
                    xlink:to="reference_de-fi_allBanks"/>
      <reference xlink:type="resource" xlink:label="reference_de-fi_allBanks"
                 xlink:role="http://www.xbrl.org/2003/role/mandatoryDisclosureRef"
                 id="reference_de-fi_allBanks">
         <hgbref:legalFormPG>true</hgbref:legalFormPG>
         <hgbref:legalFormKSt>true</hgbref:legalFormKSt>
      </reference>
      <loc xlink:type="locator"
           xlink:href="de-fi-2018-04-01-dimensions.xsd#de-fi_allBanks_Prev_period"
           xlink:label="de-fi_allBanks_Prev_period"/>
      <referenceArc xlink:type="arc"
                    xlink:arcrole="http://www.xbrl.org/2003/arcrole/concept-reference"
                    xlink:from="de-fi_allBanks_Prev_period"
                    xlink:to="reference_de-fi_allBanks_Prev_period"/>
      <reference xlink:type="resource" xlink:label="reference_de-fi_allBanks_Prev_period"
                 xlink:role="http://www.xbrl.org/2003/role/mandatoryDisclosureRef"
                 id="reference_de-fi_allBanks_Prev_period">
         <hgbref:legalFormPG>true</hgbref:legalFormPG>
         <hgbref:legalFormKSt>true</hgbref:legalFormKSt>
      </reference>
      <loc xlink:type="locator"
           xlink:href="de-fi-2018-04-01-dimensions.xsd#de-fi_grossBanks"
           xlink:label="de-fi_grossBanks"/>
      <referenceArc xlink:type="arc"
                    xlink:arcrole="http://www.xbrl.org/2003/arcrole/concept-reference"
                    xlink:from="de-fi_grossBanks"
                    xlink:to="reference_de-fi_grossBanks"/>
      <reference xlink:type="resource" xlink:label="reference_de-fi_grossBanks"
                 xlink:role="http://www.xbrl.org/2003/role/mandatoryDisclosureRef"
                 id="reference_de-fi_grossBanks">
         <hgbref:legalFormPG>true</hgbref:legalFormPG>
         <hgbref:legalFormKSt>true</hgbref:legalFormKSt>
      </reference>
      <loc xlink:type="locator"
           xlink:href="de-fi-2018-04-01-dimensions.xsd#de-fi_grossCostBanks.beginning"
           xlink:label="de-fi_grossCostBanks.beginning"/>
      <referenceArc xlink:type="arc"
                    xlink:arcrole="http://www.xbrl.org/2003/arcrole/concept-reference"
                    xlink:from="de-fi_grossCostBanks.beginning"
                    xlink:to="reference_de-fi_grossCostBanks.beginning"/>
      <reference xlink:type="resource" xlink:label="reference_de-fi_grossCostBanks.beginning"
                 xlink:role="http://www.xbrl.org/2003/role/mandatoryDisclosureRef"
                 id="reference_de-fi_grossCostBanks.beginning">
         <hgbref:legalFormPG>true</hgbref:legalFormPG>
         <hgbref:legalFormKSt>true</hgbref:legalFormKSt>
      </reference>
      <loc xlink:type="locator"
           xlink:href="de-fi-2018-04-01-dimensions.xsd#de-fi_grossBanks.diff"
           xlink:label="de-fi_grossBanks.diff"/>
      <referenceArc xlink:type="arc"
                    xlink:arcrole="http://www.xbrl.org/2003/arcrole/concept-reference"
                    xlink:from="de-fi_grossBanks.diff"
                    xlink:to="reference_de-fi_grossBanks.diff"/>
      <reference xlink:type="resource" xlink:label="reference_de-fi_grossBanks.diff"
                 xlink:role="http://www.xbrl.org/2003/role/mandatoryDisclosureRef"
                 id="reference_de-fi_grossBanks.diff">
         <hgbref:legalFormPG>true</hgbref:legalFormPG>
         <hgbref:legalFormKSt>true</hgbref:legalFormKSt>
      </reference>
      <loc xlink:type="locator"
           xlink:href="de-fi-2018-04-01-dimensions.xsd#de-fi_grossBanks.diff.currDiff"
           xlink:label="de-fi_grossBanks.diff.currDiff"/>
      <referenceArc xlink:type="arc"
                    xlink:arcrole="http://www.xbrl.org/2003/arcrole/concept-reference"
                    xlink:from="de-fi_grossBanks.diff.currDiff"
                    xlink:to="reference_de-fi_grossBanks.diff.currDiff"/>
      <reference xlink:type="resource" xlink:label="reference_de-fi_grossBanks.diff.currDiff"
                 xlink:role="http://www.xbrl.org/2003/role/mandatoryDisclosureRef"
                 id="reference_de-fi_grossBanks.diff.currDiff">
         <hgbref:legalFormPG>true</hgbref:legalFormPG>
         <hgbref:legalFormKSt>true</hgbref:legalFormKSt>
      </reference>
      <loc xlink:type="locator"
           xlink:href="de-fi-2018-04-01-dimensions.xsd#de-fi_grossBanks.diff.otherDiff"
           xlink:label="de-fi_grossBanks.diff.otherDiff"/>
      <referenceArc xlink:type="arc"
                    xlink:arcrole="http://www.xbrl.org/2003/arcrole/concept-reference"
                    xlink:from="de-fi_grossBanks.diff.otherDiff"
                    xlink:to="reference_de-fi_grossBanks.diff.otherDiff"/>
      <reference xlink:type="resource" xlink:label="reference_de-fi_grossBanks.diff.otherDiff"
                 xlink:role="http://www.xbrl.org/2003/role/mandatoryDisclosureRef"
                 id="reference_de-fi_grossBanks.diff.otherDiff">
         <hgbref:legalFormPG>true</hgbref:legalFormPG>
         <hgbref:legalFormKSt>true</hgbref:legalFormKSt>
      </reference>
      <loc xlink:type="locator"
           xlink:href="de-fi-2018-04-01-dimensions.xsd#de-fi_grossBanks.diff.otherDiff.comment"
           xlink:label="de-fi_grossBanks.diff.otherDiff.comment"/>
      <referenceArc xlink:type="arc"
                    xlink:arcrole="http://www.xbrl.org/2003/arcrole/concept-reference"
                    xlink:from="de-fi_grossBanks.diff.otherDiff.comment"
                    xlink:to="reference_de-fi_grossBanks.diff.otherDiff.comment"/>
      <reference xlink:type="resource"
                 xlink:label="reference_de-fi_grossBanks.diff.otherDiff.comment"
                 xlink:role="http://www.xbrl.org/2003/role/mandatoryDisclosureRef"
                 id="reference_de-fi_grossBanks.diff.otherDiff.comment">
         <hgbref:legalFormPG>true</hgbref:legalFormPG>
         <hgbref:legalFormKSt>true</hgbref:legalFormKSt>
      </reference>
      <loc xlink:type="locator"
           xlink:href="de-fi-2018-04-01-dimensions.xsd#de-fi_grossBanks.addition"
           xlink:label="de-fi_grossBanks.addition"/>
      <referenceArc xlink:type="arc"
                    xlink:arcrole="http://www.xbrl.org/2003/arcrole/concept-reference"
                    xlink:from="de-fi_grossBanks.addition"
                    xlink:to="reference_de-fi_grossBanks.addition"/>
      <reference xlink:type="resource" xlink:label="reference_de-fi_grossBanks.addition"
                 xlink:role="http://www.xbrl.org/2003/role/mandatoryDisclosureRef"
                 id="reference_de-fi_grossBanks.addition">
         <hgbref:legalFormPG>true</hgbref:legalFormPG>
         <hgbref:legalFormKSt>true</hgbref:legalFormKSt>
      </reference>
      <loc xlink:type="locator"
           xlink:href="de-fi-2018-04-01-dimensions.xsd#de-fi_grossBanks.release"
           xlink:label="de-fi_grossBanks.release"/>
      <referenceArc xlink:type="arc"
                    xlink:arcrole="http://www.xbrl.org/2003/arcrole/concept-reference"
                    xlink:from="de-fi_grossBanks.release"
                    xlink:to="reference_de-fi_grossBanks.release"/>
      <reference xlink:type="resource" xlink:label="reference_de-fi_grossBanks.release"
                 xlink:role="http://www.xbrl.org/2003/role/mandatoryDisclosureRef"
                 id="reference_de-fi_grossBanks.release">
         <hgbref:legalFormPG>true</hgbref:legalFormPG>
         <hgbref:legalFormKSt>true</hgbref:legalFormKSt>
      </reference>
      <loc xlink:type="locator"
           xlink:href="de-fi-2018-04-01-dimensions.xsd#de-fi_grossBanks.movements"
           xlink:label="de-fi_grossBanks.movements"/>
      <referenceArc xlink:type="arc"
                    xlink:arcrole="http://www.xbrl.org/2003/arcrole/concept-reference"
                    xlink:from="de-fi_grossBanks.movements"
                    xlink:to="reference_de-fi_grossBanks.movements"/>
      <reference xlink:type="resource" xlink:label="reference_de-fi_grossBanks.movements"
                 xlink:role="http://www.xbrl.org/2003/role/mandatoryDisclosureRef"
                 id="reference_de-fi_grossBanks.movements">
         <hgbref:legalFormPG>true</hgbref:legalFormPG>
         <hgbref:legalFormKSt>true</hgbref:legalFormKSt>
      </reference>
      <loc xlink:type="locator"
           xlink:href="de-fi-2018-04-01-dimensions.xsd#de-fi_grossBanks.currChanges"
           xlink:label="de-fi_grossBanks.currChanges"/>
      <referenceArc xlink:type="arc"
                    xlink:arcrole="http://www.xbrl.org/2003/arcrole/concept-reference"
                    xlink:from="de-fi_grossBanks.currChanges"
                    xlink:to="reference_de-fi_grossBanks.currChanges"/>
      <reference xlink:type="resource" xlink:label="reference_de-fi_grossBanks.currChanges"
                 xlink:role="http://www.xbrl.org/2003/role/mandatoryDisclosureRef"
                 id="reference_de-fi_grossBanks.currChanges">
         <hgbref:legalFormPG>true</hgbref:legalFormPG>
         <hgbref:legalFormKSt>true</hgbref:legalFormKSt>
      </reference>
      <loc xlink:type="locator"
           xlink:href="de-fi-2018-04-01-dimensions.xsd#de-fi_accDeprBanks"
           xlink:label="de-fi_accDeprBanks"/>
      <referenceArc xlink:type="arc"
                    xlink:arcrole="http://www.xbrl.org/2003/arcrole/concept-reference"
                    xlink:from="de-fi_accDeprBanks"
                    xlink:to="reference_de-fi_accDeprBanks"/>
      <reference xlink:type="resource" xlink:label="reference_de-fi_accDeprBanks"
                 xlink:role="http://www.xbrl.org/2003/role/mandatoryDisclosureRef"
                 id="reference_de-fi_accDeprBanks">
         <hgbref:legalFormPG>true</hgbref:legalFormPG>
         <hgbref:legalFormKSt>true</hgbref:legalFormKSt>
      </reference>
      <loc xlink:type="locator"
           xlink:href="de-fi-2018-04-01-dimensions.xsd#de-fi_accDeprBanks.beginning"
           xlink:label="de-fi_accDeprBanks.beginning"/>
      <referenceArc xlink:type="arc"
                    xlink:arcrole="http://www.xbrl.org/2003/arcrole/concept-reference"
                    xlink:from="de-fi_accDeprBanks.beginning"
                    xlink:to="reference_de-fi_accDeprBanks.beginning"/>
      <reference xlink:type="resource" xlink:label="reference_de-fi_accDeprBanks.beginning"
                 xlink:role="http://www.xbrl.org/2003/role/mandatoryDisclosureRef"
                 id="reference_de-fi_accDeprBanks.beginning">
         <hgbref:legalFormPG>true</hgbref:legalFormPG>
         <hgbref:legalFormKSt>true</hgbref:legalFormKSt>
      </reference>
      <loc xlink:type="locator"
           xlink:href="de-fi-2018-04-01-dimensions.xsd#de-fi_accDeprBanks.diff"
           xlink:label="de-fi_accDeprBanks.diff"/>
      <referenceArc xlink:type="arc"
                    xlink:arcrole="http://www.xbrl.org/2003/arcrole/concept-reference"
                    xlink:from="de-fi_accDeprBanks.diff"
                    xlink:to="reference_de-fi_accDeprBanks.diff"/>
      <reference xlink:type="resource" xlink:label="reference_de-fi_accDeprBanks.diff"
                 xlink:role="http://www.xbrl.org/2003/role/mandatoryDisclosureRef"
                 id="reference_de-fi_accDeprBanks.diff">
         <hgbref:legalFormPG>true</hgbref:legalFormPG>
         <hgbref:legalFormKSt>true</hgbref:legalFormKSt>
      </reference>
      <loc xlink:type="locator"
           xlink:href="de-fi-2018-04-01-dimensions.xsd#de-fi_accDeprBanks.diff.currDiff"
           xlink:label="de-fi_accDeprBanks.diff.currDiff"/>
      <referenceArc xlink:type="arc"
                    xlink:arcrole="http://www.xbrl.org/2003/arcrole/concept-reference"
                    xlink:from="de-fi_accDeprBanks.diff.currDiff"
                    xlink:to="reference_de-fi_accDeprBanks.diff.currDiff"/>
      <reference xlink:type="resource" xlink:label="reference_de-fi_accDeprBanks.diff.currDiff"
                 xlink:role="http://www.xbrl.org/2003/role/mandatoryDisclosureRef"
                 id="reference_de-fi_accDeprBanks.diff.currDiff">
         <hgbref:legalFormPG>true</hgbref:legalFormPG>
         <hgbref:legalFormKSt>true</hgbref:legalFormKSt>
      </reference>
      <loc xlink:type="locator"
           xlink:href="de-fi-2018-04-01-dimensions.xsd#de-fi_accDeprBanks.diff.otherDiff"
           xlink:label="de-fi_accDeprBanks.diff.otherDiff"/>
      <referenceArc xlink:type="arc"
                    xlink:arcrole="http://www.xbrl.org/2003/arcrole/concept-reference"
                    xlink:from="de-fi_accDeprBanks.diff.otherDiff"
                    xlink:to="reference_de-fi_accDeprBanks.diff.otherDiff"/>
      <reference xlink:type="resource" xlink:label="reference_de-fi_accDeprBanks.diff.otherDiff"
                 xlink:role="http://www.xbrl.org/2003/role/mandatoryDisclosureRef"
                 id="reference_de-fi_accDeprBanks.diff.otherDiff">
         <hgbref:legalFormPG>true</hgbref:legalFormPG>
         <hgbref:legalFormKSt>true</hgbref:legalFormKSt>
      </reference>
      <loc xlink:type="locator"
           xlink:href="de-fi-2018-04-01-dimensions.xsd#de-fi_accDeprBanks.diff.otherDiff.comment"
           xlink:label="de-fi_accDeprBanks.diff.otherDiff.comment"/>
      <referenceArc xlink:type="arc"
                    xlink:arcrole="http://www.xbrl.org/2003/arcrole/concept-reference"
                    xlink:from="de-fi_accDeprBanks.diff.otherDiff.comment"
                    xlink:to="reference_de-fi_accDeprBanks.diff.otherDiff.comment"/>
      <reference xlink:type="resource"
                 xlink:label="reference_de-fi_accDeprBanks.diff.otherDiff.comment"
                 xlink:role="http://www.xbrl.org/2003/role/mandatoryDisclosureRef"
                 id="reference_de-fi_accDeprBanks.diff.otherDiff.comment">
         <hgbref:legalFormPG>true</hgbref:legalFormPG>
         <hgbref:legalFormKSt>true</hgbref:legalFormKSt>
      </reference>
      <loc xlink:type="locator"
           xlink:href="de-fi-2018-04-01-dimensions.xsd#de-fi_accDeprBanks.DeprPeriod"
           xlink:label="de-fi_accDeprBanks.DeprPeriod"/>
      <referenceArc xlink:type="arc"
                    xlink:arcrole="http://www.xbrl.org/2003/arcrole/concept-reference"
                    xlink:from="de-fi_accDeprBanks.DeprPeriod"
                    xlink:to="reference_de-fi_accDeprBanks.DeprPeriod"/>
      <reference xlink:type="resource" xlink:label="reference_de-fi_accDeprBanks.DeprPeriod"
                 xlink:role="http://www.xbrl.org/2003/role/mandatoryDisclosureRef"
                 id="reference_de-fi_accDeprBanks.DeprPeriod">
         <hgbref:legalFormPG>true</hgbref:legalFormPG>
         <hgbref:legalFormKSt>true</hgbref:legalFormKSt>
      </reference>
      <loc xlink:type="locator"
           xlink:href="de-fi-2018-04-01-dimensions.xsd#de-fi_accDeprBanks.DeprPeriod.specific"
           xlink:label="de-fi_accDeprBanks.DeprPeriod.specific"/>
      <referenceArc xlink:type="arc"
                    xlink:arcrole="http://www.xbrl.org/2003/arcrole/concept-reference"
                    xlink:from="de-fi_accDeprBanks.DeprPeriod.specific"
                    xlink:to="reference_de-fi_accDeprBanks.DeprPeriod.specific"/>
      <reference xlink:type="resource"
                 xlink:label="reference_de-fi_accDeprBanks.DeprPeriod.specific"
                 xlink:role="http://www.xbrl.org/2003/role/mandatoryDisclosureRef"
                 id="reference_de-fi_accDeprBanks.DeprPeriod.specific">
         <hgbref:legalFormPG>true</hgbref:legalFormPG>
         <hgbref:legalFormKSt>true</hgbref:legalFormKSt>
      </reference>
      <loc xlink:type="locator"
           xlink:href="de-fi-2018-04-01-dimensions.xsd#de-fi_accDeprBanks.addition"
           xlink:label="de-fi_accDeprBanks.addition"/>
      <referenceArc xlink:type="arc"
                    xlink:arcrole="http://www.xbrl.org/2003/arcrole/concept-reference"
                    xlink:from="de-fi_accDeprBanks.addition"
                    xlink:to="reference_de-fi_accDeprBanks.addition"/>
      <reference xlink:type="resource" xlink:label="reference_de-fi_accDeprBanks.addition"
                 xlink:role="http://www.xbrl.org/2003/role/mandatoryDisclosureRef"
                 id="reference_de-fi_accDeprBanks.addition">
         <hgbref:legalFormPG>true</hgbref:legalFormPG>
         <hgbref:legalFormKSt>true</hgbref:legalFormKSt>
      </reference>
      <loc xlink:type="locator"
           xlink:href="de-fi-2018-04-01-dimensions.xsd#de-fi_accDeprBanks.release"
           xlink:label="de-fi_accDeprBanks.release"/>
      <referenceArc xlink:type="arc"
                    xlink:arcrole="http://www.xbrl.org/2003/arcrole/concept-reference"
                    xlink:from="de-fi_accDeprBanks.release"
                    xlink:to="reference_de-fi_accDeprBanks.release"/>
      <reference xlink:type="resource" xlink:label="reference_de-fi_accDeprBanks.release"
                 xlink:role="http://www.xbrl.org/2003/role/mandatoryDisclosureRef"
                 id="reference_de-fi_accDeprBanks.release">
         <hgbref:legalFormPG>true</hgbref:legalFormPG>
         <hgbref:legalFormKSt>true</hgbref:legalFormKSt>
      </reference>
      <loc xlink:type="locator"
           xlink:href="de-fi-2018-04-01-dimensions.xsd#de-fi_accDeprBanks.movements"
           xlink:label="de-fi_accDeprBanks.movements"/>
      <referenceArc xlink:type="arc"
                    xlink:arcrole="http://www.xbrl.org/2003/arcrole/concept-reference"
                    xlink:from="de-fi_accDeprBanks.movements"
                    xlink:to="reference_de-fi_accDeprBanks.movements"/>
      <reference xlink:type="resource" xlink:label="reference_de-fi_accDeprBanks.movements"
                 xlink:role="http://www.xbrl.org/2003/role/mandatoryDisclosureRef"
                 id="reference_de-fi_accDeprBanks.movements">
         <hgbref:legalFormPG>true</hgbref:legalFormPG>
         <hgbref:legalFormKSt>true</hgbref:legalFormKSt>
      </reference>
      <loc xlink:type="locator"
           xlink:href="de-fi-2018-04-01-dimensions.xsd#de-fi_accDeprBanks.currChanges"
           xlink:label="de-fi_accDeprBanks.currChanges"/>
      <referenceArc xlink:type="arc"
                    xlink:arcrole="http://www.xbrl.org/2003/arcrole/concept-reference"
                    xlink:from="de-fi_accDeprBanks.currChanges"
                    xlink:to="reference_de-fi_accDeprBanks.currChanges"/>
      <reference xlink:type="resource" xlink:label="reference_de-fi_accDeprBanks.currChanges"
                 xlink:role="http://www.xbrl.org/2003/role/mandatoryDisclosureRef"
                 id="reference_de-fi_accDeprBanks.currChanges">
         <hgbref:legalFormPG>true</hgbref:legalFormPG>
         <hgbref:legalFormKSt>true</hgbref:legalFormKSt>
      </reference>
      <loc xlink:type="locator"
           xlink:href="de-fi-2018-04-01-dimensions.xsd#de-fi_revaluationBanks"
           xlink:label="de-fi_revaluationBanks"/>
      <referenceArc xlink:type="arc"
                    xlink:arcrole="http://www.xbrl.org/2003/arcrole/concept-reference"
                    xlink:from="de-fi_revaluationBanks"
                    xlink:to="reference_de-fi_revaluationBanks"/>
      <reference xlink:type="resource" xlink:label="reference_de-fi_revaluationBanks"
                 xlink:role="http://www.xbrl.org/2003/role/mandatoryDisclosureRef"
                 id="reference_de-fi_revaluationBanks">
         <hgbref:legalFormPG>true</hgbref:legalFormPG>
         <hgbref:legalFormKSt>true</hgbref:legalFormKSt>
      </reference>
      <loc xlink:type="locator"
           xlink:href="de-fi-2018-04-01-dimensions.xsd#de-fi_revaluationBanks.comment"
           xlink:label="de-fi_revaluationBanks.comment"/>
      <referenceArc xlink:type="arc"
                    xlink:arcrole="http://www.xbrl.org/2003/arcrole/concept-reference"
                    xlink:from="de-fi_revaluationBanks.comment"
                    xlink:to="reference_de-fi_revaluationBanks.comment"/>
      <reference xlink:type="resource" xlink:label="reference_de-fi_revaluationBanks.comment"
                 xlink:role="http://www.xbrl.org/2003/role/mandatoryDisclosureRef"
                 id="reference_de-fi_revaluationBanks.comment">
         <hgbref:legalFormPG>true</hgbref:legalFormPG>
         <hgbref:legalFormKSt>true</hgbref:legalFormKSt>
      </reference>
      <loc xlink:type="locator"
           xlink:href="de-fi-2018-04-01-dimensions.xsd#de-fi_tableBanksTanIntan.nt.ass"
           xlink:label="de-fi_tableBanksTanIntan.nt.ass"/>
      <referenceArc xlink:type="arc"
                    xlink:arcrole="http://www.xbrl.org/2003/arcrole/concept-reference"
                    xlink:from="de-fi_tableBanksTanIntan.nt.ass"
                    xlink:to="reference_de-fi_tableBanksTanIntan.nt.ass"/>
      <reference xlink:type="resource" xlink:label="reference_de-fi_tableBanksTanIntan.nt.ass"
                 xlink:role="http://www.xbrl.org/2003/role/mandatoryDisclosureRef"
                 id="reference_de-fi_tableBanksTanIntan.nt.ass">
         <hgbref:legalFormPG>true</hgbref:legalFormPG>
         <hgbref:legalFormKSt>true</hgbref:legalFormKSt>
      </reference>
      <loc xlink:type="locator"
           xlink:href="de-fi-2018-04-01-dimensions.xsd#de-fi_cubeBanksTanIntan.nt.ass.gross"
           xlink:label="de-fi_cubeBanksTanIntan.nt.ass.gross"/>
      <referenceArc xlink:type="arc"
                    xlink:arcrole="http://www.xbrl.org/2003/arcrole/concept-reference"
                    xlink:from="de-fi_cubeBanksTanIntan.nt.ass.gross"
                    xlink:to="reference_de-fi_cubeBanksTanIntan.nt.ass.gross"/>
      <reference xlink:type="resource"
                 xlink:label="reference_de-fi_cubeBanksTanIntan.nt.ass.gross"
                 xlink:role="http://www.xbrl.org/2003/role/mandatoryDisclosureRef"
                 id="reference_de-fi_cubeBanksTanIntan.nt.ass.gross">
         <hgbref:legalFormPG>true</hgbref:legalFormPG>
         <hgbref:legalFormKSt>true</hgbref:legalFormKSt>
      </reference>
      <loc xlink:type="locator"
           xlink:href="de-fi-2018-04-01-dimensions.xsd#de-fi_dim_changesBanksTanIntan.nt.ass"
           xlink:label="de-fi_dim_changesBanksTanIntan.nt.ass"/>
      <referenceArc xlink:type="arc"
                    xlink:arcrole="http://www.xbrl.org/2003/arcrole/concept-reference"
                    xlink:from="de-fi_dim_changesBanksTanIntan.nt.ass"
                    xlink:to="reference_de-fi_dim_changesBanksTanIntan.nt.ass"/>
      <reference xlink:type="resource"
                 xlink:label="reference_de-fi_dim_changesBanksTanIntan.nt.ass"
                 xlink:role="http://www.xbrl.org/2003/role/mandatoryDisclosureRef"
                 id="reference_de-fi_dim_changesBanksTanIntan.nt.ass">
         <hgbref:legalFormPG>true</hgbref:legalFormPG>
         <hgbref:legalFormKSt>true</hgbref:legalFormKSt>
      </reference>
      <loc xlink:type="locator"
           xlink:href="de-fi-2018-04-01-dimensions.xsd#de-fi_piTitleBanksTanIntan.nt.ass.gross"
           xlink:label="de-fi_piTitleBanksTanIntan.nt.ass.gross"/>
      <referenceArc xlink:type="arc"
                    xlink:arcrole="http://www.xbrl.org/2003/arcrole/concept-reference"
                    xlink:from="de-fi_piTitleBanksTanIntan.nt.ass.gross"
                    xlink:to="reference_de-fi_piTitleBanksTanIntan.nt.ass.gross"/>
      <reference xlink:type="resource"
                 xlink:label="reference_de-fi_piTitleBanksTanIntan.nt.ass.gross"
                 xlink:role="http://www.xbrl.org/2003/role/mandatoryDisclosureRef"
                 id="reference_de-fi_piTitleBanksTanIntan.nt.ass.gross">
         <hgbref:legalFormPG>true</hgbref:legalFormPG>
         <hgbref:legalFormKSt>true</hgbref:legalFormKSt>
      </reference>
      <loc xlink:type="locator"
           xlink:href="de-fi-2018-04-01-dimensions.xsd#de-fi_allBanksTanIntan"
           xlink:label="de-fi_allBanksTanIntan"/>
      <referenceArc xlink:type="arc"
                    xlink:arcrole="http://www.xbrl.org/2003/arcrole/concept-reference"
                    xlink:from="de-fi_allBanksTanIntan"
                    xlink:to="reference_de-fi_allBanksTanIntan"/>
      <reference xlink:type="resource" xlink:label="reference_de-fi_allBanksTanIntan"
                 xlink:role="http://www.xbrl.org/2003/role/mandatoryDisclosureRef"
                 id="reference_de-fi_allBanksTanIntan">
         <hgbref:legalFormPG>true</hgbref:legalFormPG>
         <hgbref:legalFormKSt>true</hgbref:legalFormKSt>
         <hgbref:fiscalRequirement>Summenmussfeld</hgbref:fiscalRequirement>
      </reference>
      <loc xlink:type="locator"
           xlink:href="de-fi-2018-04-01-dimensions.xsd#de-fi_allBanks_Prev_periodTanIntan"
           xlink:label="de-fi_allBanks_Prev_periodTanIntan"/>
      <referenceArc xlink:type="arc"
                    xlink:arcrole="http://www.xbrl.org/2003/arcrole/concept-reference"
                    xlink:from="de-fi_allBanks_Prev_periodTanIntan"
                    xlink:to="reference_de-fi_allBanks_Prev_periodTanIntan"/>
      <reference xlink:type="resource"
                 xlink:label="reference_de-fi_allBanks_Prev_periodTanIntan"
                 xlink:role="http://www.xbrl.org/2003/role/mandatoryDisclosureRef"
                 id="reference_de-fi_allBanks_Prev_periodTanIntan">
         <hgbref:legalFormPG>true</hgbref:legalFormPG>
         <hgbref:legalFormKSt>true</hgbref:legalFormKSt>
         <hgbref:fiscalRequirement>Mussfeld</hgbref:fiscalRequirement>
      </reference>
      <loc xlink:type="locator"
           xlink:href="de-fi-2018-04-01-dimensions.xsd#de-fi_grossBanksTanIntan"
           xlink:label="de-fi_grossBanksTanIntan"/>
      <referenceArc xlink:type="arc"
                    xlink:arcrole="http://www.xbrl.org/2003/arcrole/concept-reference"
                    xlink:from="de-fi_grossBanksTanIntan"
                    xlink:to="reference_de-fi_grossBanksTanIntan"/>
      <reference xlink:type="resource" xlink:label="reference_de-fi_grossBanksTanIntan"
                 xlink:role="http://www.xbrl.org/2003/role/mandatoryDisclosureRef"
                 id="reference_de-fi_grossBanksTanIntan">
         <hgbref:legalFormPG>true</hgbref:legalFormPG>
         <hgbref:legalFormKSt>true</hgbref:legalFormKSt>
         <hgbref:fiscalRequirement>Summenmussfeld</hgbref:fiscalRequirement>
      </reference>
      <loc xlink:type="locator"
           xlink:href="de-fi-2018-04-01-dimensions.xsd#de-fi_grossCostBanksTanIntan.beginning"
           xlink:label="de-fi_grossCostBanksTanIntan.beginning"/>
      <referenceArc xlink:type="arc"
                    xlink:arcrole="http://www.xbrl.org/2003/arcrole/concept-reference"
                    xlink:from="de-fi_grossCostBanksTanIntan.beginning"
                    xlink:to="reference_de-fi_grossCostBanksTanIntan.beginning"/>
      <reference xlink:type="resource"
                 xlink:label="reference_de-fi_grossCostBanksTanIntan.beginning"
                 xlink:role="http://www.xbrl.org/2003/role/mandatoryDisclosureRef"
                 id="reference_de-fi_grossCostBanksTanIntan.beginning">
         <hgbref:legalFormPG>true</hgbref:legalFormPG>
         <hgbref:legalFormKSt>true</hgbref:legalFormKSt>
         <hgbref:fiscalRequirement>Mussfeld</hgbref:fiscalRequirement>
      </reference>
      <loc xlink:type="locator"
           xlink:href="de-fi-2018-04-01-dimensions.xsd#de-fi_grossBanksTanIntan.diff"
           xlink:label="de-fi_grossBanksTanIntan.diff"/>
      <referenceArc xlink:type="arc"
                    xlink:arcrole="http://www.xbrl.org/2003/arcrole/concept-reference"
                    xlink:from="de-fi_grossBanksTanIntan.diff"
                    xlink:to="reference_de-fi_grossBanksTanIntan.diff"/>
      <reference xlink:type="resource" xlink:label="reference_de-fi_grossBanksTanIntan.diff"
                 xlink:role="http://www.xbrl.org/2003/role/mandatoryDisclosureRef"
                 id="reference_de-fi_grossBanksTanIntan.diff">
         <hgbref:legalFormPG>true</hgbref:legalFormPG>
         <hgbref:legalFormKSt>true</hgbref:legalFormKSt>
         <hgbref:fiscalRequirement>Rechnerisch notwendig, soweit vorhanden</hgbref:fiscalRequirement>
      </reference>
      <loc xlink:type="locator"
           xlink:href="de-fi-2018-04-01-dimensions.xsd#de-fi_grossBanksTanIntan.diff.currDiff"
           xlink:label="de-fi_grossBanksTanIntan.diff.currDiff"/>
      <referenceArc xlink:type="arc"
                    xlink:arcrole="http://www.xbrl.org/2003/arcrole/concept-reference"
                    xlink:from="de-fi_grossBanksTanIntan.diff.currDiff"
                    xlink:to="reference_de-fi_grossBanksTanIntan.diff.currDiff"/>
      <reference xlink:type="resource"
                 xlink:label="reference_de-fi_grossBanksTanIntan.diff.currDiff"
                 xlink:role="http://www.xbrl.org/2003/role/mandatoryDisclosureRef"
                 id="reference_de-fi_grossBanksTanIntan.diff.currDiff">
         <hgbref:legalFormPG>true</hgbref:legalFormPG>
         <hgbref:legalFormKSt>true</hgbref:legalFormKSt>
      </reference>
      <loc xlink:type="locator"
           xlink:href="de-fi-2018-04-01-dimensions.xsd#de-fi_grossBanksTanIntan.diff.otherDiff"
           xlink:label="de-fi_grossBanksTanIntan.diff.otherDiff"/>
      <referenceArc xlink:type="arc"
                    xlink:arcrole="http://www.xbrl.org/2003/arcrole/concept-reference"
                    xlink:from="de-fi_grossBanksTanIntan.diff.otherDiff"
                    xlink:to="reference_de-fi_grossBanksTanIntan.diff.otherDiff"/>
      <reference xlink:type="resource"
                 xlink:label="reference_de-fi_grossBanksTanIntan.diff.otherDiff"
                 xlink:role="http://www.xbrl.org/2003/role/mandatoryDisclosureRef"
                 id="reference_de-fi_grossBanksTanIntan.diff.otherDiff">
         <hgbref:legalFormPG>true</hgbref:legalFormPG>
         <hgbref:legalFormKSt>true</hgbref:legalFormKSt>
      </reference>
      <loc xlink:type="locator"
           xlink:href="de-fi-2018-04-01-dimensions.xsd#de-fi_grossBanksTanIntan.diff.otherDiff.comment"
           xlink:label="de-fi_grossBanksTanIntan.diff.otherDiff.comment"/>
      <referenceArc xlink:type="arc"
                    xlink:arcrole="http://www.xbrl.org/2003/arcrole/concept-reference"
                    xlink:from="de-fi_grossBanksTanIntan.diff.otherDiff.comment"
                    xlink:to="reference_de-fi_grossBanksTanIntan.diff.otherDiff.comment"/>
      <reference xlink:type="resource"
                 xlink:label="reference_de-fi_grossBanksTanIntan.diff.otherDiff.comment"
                 xlink:role="http://www.xbrl.org/2003/role/mandatoryDisclosureRef"
                 id="reference_de-fi_grossBanksTanIntan.diff.otherDiff.comment">
         <hgbref:legalFormPG>true</hgbref:legalFormPG>
         <hgbref:legalFormKSt>true</hgbref:legalFormKSt>
      </reference>
      <loc xlink:type="locator"
           xlink:href="de-fi-2018-04-01-dimensions.xsd#de-fi_grossBanksTanIntan.addition"
           xlink:label="de-fi_grossBanksTanIntan.addition"/>
      <referenceArc xlink:type="arc"
                    xlink:arcrole="http://www.xbrl.org/2003/arcrole/concept-reference"
                    xlink:from="de-fi_grossBanksTanIntan.addition"
                    xlink:to="reference_de-fi_grossBanksTanIntan.addition"/>
      <reference xlink:type="resource" xlink:label="reference_de-fi_grossBanksTanIntan.addition"
                 xlink:role="http://www.xbrl.org/2003/role/mandatoryDisclosureRef"
                 id="reference_de-fi_grossBanksTanIntan.addition">
         <hgbref:legalFormPG>true</hgbref:legalFormPG>
         <hgbref:legalFormKSt>true</hgbref:legalFormKSt>
         <hgbref:fiscalRequirement>Mussfeld</hgbref:fiscalRequirement>
      </reference>
      <loc xlink:type="locator"
           xlink:href="de-fi-2018-04-01-dimensions.xsd#de-fi_grossBanksTanIntan.release"
           xlink:label="de-fi_grossBanksTanIntan.release"/>
      <referenceArc xlink:type="arc"
                    xlink:arcrole="http://www.xbrl.org/2003/arcrole/concept-reference"
                    xlink:from="de-fi_grossBanksTanIntan.release"
                    xlink:to="reference_de-fi_grossBanksTanIntan.release"/>
      <reference xlink:type="resource" xlink:label="reference_de-fi_grossBanksTanIntan.release"
                 xlink:role="http://www.xbrl.org/2003/role/mandatoryDisclosureRef"
                 id="reference_de-fi_grossBanksTanIntan.release">
         <hgbref:legalFormPG>true</hgbref:legalFormPG>
         <hgbref:legalFormKSt>true</hgbref:legalFormKSt>
         <hgbref:fiscalRequirement>Mussfeld</hgbref:fiscalRequirement>
      </reference>
      <loc xlink:type="locator"
           xlink:href="de-fi-2018-04-01-dimensions.xsd#de-fi_grossBanksTanIntan.movements"
           xlink:label="de-fi_grossBanksTanIntan.movements"/>
      <referenceArc xlink:type="arc"
                    xlink:arcrole="http://www.xbrl.org/2003/arcrole/concept-reference"
                    xlink:from="de-fi_grossBanksTanIntan.movements"
                    xlink:to="reference_de-fi_grossBanksTanIntan.movements"/>
      <reference xlink:type="resource"
                 xlink:label="reference_de-fi_grossBanksTanIntan.movements"
                 xlink:role="http://www.xbrl.org/2003/role/mandatoryDisclosureRef"
                 id="reference_de-fi_grossBanksTanIntan.movements">
         <hgbref:legalFormPG>true</hgbref:legalFormPG>
         <hgbref:legalFormKSt>true</hgbref:legalFormKSt>
         <hgbref:fiscalRequirement>Mussfeld</hgbref:fiscalRequirement>
      </reference>
      <loc xlink:type="locator"
           xlink:href="de-fi-2018-04-01-dimensions.xsd#de-fi_grossBanksTanIntan.currChanges"
           xlink:label="de-fi_grossBanksTanIntan.currChanges"/>
      <referenceArc xlink:type="arc"
                    xlink:arcrole="http://www.xbrl.org/2003/arcrole/concept-reference"
                    xlink:from="de-fi_grossBanksTanIntan.currChanges"
                    xlink:to="reference_de-fi_grossBanksTanIntan.currChanges"/>
      <reference xlink:type="resource"
                 xlink:label="reference_de-fi_grossBanksTanIntan.currChanges"
                 xlink:role="http://www.xbrl.org/2003/role/mandatoryDisclosureRef"
                 id="reference_de-fi_grossBanksTanIntan.currChanges">
         <hgbref:legalFormPG>true</hgbref:legalFormPG>
         <hgbref:legalFormKSt>true</hgbref:legalFormKSt>
         <hgbref:fiscalRequirement>Rechnerisch notwendig, soweit vorhanden</hgbref:fiscalRequirement>
      </reference>
      <loc xlink:type="locator"
           xlink:href="de-fi-2018-04-01-dimensions.xsd#de-fi_accDeprBanksTanIntan"
           xlink:label="de-fi_accDeprBanksTanIntan"/>
      <referenceArc xlink:type="arc"
                    xlink:arcrole="http://www.xbrl.org/2003/arcrole/concept-reference"
                    xlink:from="de-fi_accDeprBanksTanIntan"
                    xlink:to="reference_de-fi_accDeprBanksTanIntan"/>
      <reference xlink:type="resource" xlink:label="reference_de-fi_accDeprBanksTanIntan"
                 xlink:role="http://www.xbrl.org/2003/role/mandatoryDisclosureRef"
                 id="reference_de-fi_accDeprBanksTanIntan">
         <hgbref:legalFormPG>true</hgbref:legalFormPG>
         <hgbref:legalFormKSt>true</hgbref:legalFormKSt>
         <hgbref:fiscalRequirement>Summenmussfeld</hgbref:fiscalRequirement>
      </reference>
      <loc xlink:type="locator"
           xlink:href="de-fi-2018-04-01-dimensions.xsd#de-fi_accDeprBanksTanIntan.beginning"
           xlink:label="de-fi_accDeprBanksTanIntan.beginning"/>
      <referenceArc xlink:type="arc"
                    xlink:arcrole="http://www.xbrl.org/2003/arcrole/concept-reference"
                    xlink:from="de-fi_accDeprBanksTanIntan.beginning"
                    xlink:to="reference_de-fi_accDeprBanksTanIntan.beginning"/>
      <reference xlink:type="resource"
                 xlink:label="reference_de-fi_accDeprBanksTanIntan.beginning"
                 xlink:role="http://www.xbrl.org/2003/role/mandatoryDisclosureRef"
                 id="reference_de-fi_accDeprBanksTanIntan.beginning">
         <hgbref:legalFormPG>true</hgbref:legalFormPG>
         <hgbref:legalFormKSt>true</hgbref:legalFormKSt>
         <hgbref:fiscalRequirement>Mussfeld</hgbref:fiscalRequirement>
      </reference>
      <loc xlink:type="locator"
           xlink:href="de-fi-2018-04-01-dimensions.xsd#de-fi_accDeprBanksTanIntan.diff"
           xlink:label="de-fi_accDeprBanksTanIntan.diff"/>
      <referenceArc xlink:type="arc"
                    xlink:arcrole="http://www.xbrl.org/2003/arcrole/concept-reference"
                    xlink:from="de-fi_accDeprBanksTanIntan.diff"
                    xlink:to="reference_de-fi_accDeprBanksTanIntan.diff"/>
      <reference xlink:type="resource" xlink:label="reference_de-fi_accDeprBanksTanIntan.diff"
                 xlink:role="http://www.xbrl.org/2003/role/mandatoryDisclosureRef"
                 id="reference_de-fi_accDeprBanksTanIntan.diff">
         <hgbref:legalFormPG>true</hgbref:legalFormPG>
         <hgbref:legalFormKSt>true</hgbref:legalFormKSt>
         <hgbref:fiscalRequirement>Rechnerisch notwendig, soweit vorhanden</hgbref:fiscalRequirement>
      </reference>
      <loc xlink:type="locator"
           xlink:href="de-fi-2018-04-01-dimensions.xsd#de-fi_accDeprBanksTanIntan.diff.currDiff"
           xlink:label="de-fi_accDeprBanksTanIntan.diff.currDiff"/>
      <referenceArc xlink:type="arc"
                    xlink:arcrole="http://www.xbrl.org/2003/arcrole/concept-reference"
                    xlink:from="de-fi_accDeprBanksTanIntan.diff.currDiff"
                    xlink:to="reference_de-fi_accDeprBanksTanIntan.diff.currDiff"/>
      <reference xlink:type="resource"
                 xlink:label="reference_de-fi_accDeprBanksTanIntan.diff.currDiff"
                 xlink:role="http://www.xbrl.org/2003/role/mandatoryDisclosureRef"
                 id="reference_de-fi_accDeprBanksTanIntan.diff.currDiff">
         <hgbref:legalFormPG>true</hgbref:legalFormPG>
         <hgbref:legalFormKSt>true</hgbref:legalFormKSt>
      </reference>
      <loc xlink:type="locator"
           xlink:href="de-fi-2018-04-01-dimensions.xsd#de-fi_accDeprBanksTanIntan.diff.otherDiff"
           xlink:label="de-fi_accDeprBanksTanIntan.diff.otherDiff"/>
      <referenceArc xlink:type="arc"
                    xlink:arcrole="http://www.xbrl.org/2003/arcrole/concept-reference"
                    xlink:from="de-fi_accDeprBanksTanIntan.diff.otherDiff"
                    xlink:to="reference_de-fi_accDeprBanksTanIntan.diff.otherDiff"/>
      <reference xlink:type="resource"
                 xlink:label="reference_de-fi_accDeprBanksTanIntan.diff.otherDiff"
                 xlink:role="http://www.xbrl.org/2003/role/mandatoryDisclosureRef"
                 id="reference_de-fi_accDeprBanksTanIntan.diff.otherDiff">
         <hgbref:legalFormPG>true</hgbref:legalFormPG>
         <hgbref:legalFormKSt>true</hgbref:legalFormKSt>
      </reference>
      <loc xlink:type="locator"
           xlink:href="de-fi-2018-04-01-dimensions.xsd#de-fi_accDeprBanksTanIntan.diff.otherDiff.comment"
           xlink:label="de-fi_accDeprBanksTanIntan.diff.otherDiff.comment"/>
      <referenceArc xlink:type="arc"
                    xlink:arcrole="http://www.xbrl.org/2003/arcrole/concept-reference"
                    xlink:from="de-fi_accDeprBanksTanIntan.diff.otherDiff.comment"
                    xlink:to="reference_de-fi_accDeprBanksTanIntan.diff.otherDiff.comment"/>
      <reference xlink:type="resource"
                 xlink:label="reference_de-fi_accDeprBanksTanIntan.diff.otherDiff.comment"
                 xlink:role="http://www.xbrl.org/2003/role/mandatoryDisclosureRef"
                 id="reference_de-fi_accDeprBanksTanIntan.diff.otherDiff.comment">
         <hgbref:legalFormPG>true</hgbref:legalFormPG>
         <hgbref:legalFormKSt>true</hgbref:legalFormKSt>
      </reference>
      <loc xlink:type="locator"
           xlink:href="de-fi-2018-04-01-dimensions.xsd#de-fi_accDeprBanksTanIntan.DeprPeriod"
           xlink:label="de-fi_accDeprBanksTanIntan.DeprPeriod"/>
      <referenceArc xlink:type="arc"
                    xlink:arcrole="http://www.xbrl.org/2003/arcrole/concept-reference"
                    xlink:from="de-fi_accDeprBanksTanIntan.DeprPeriod"
                    xlink:to="reference_de-fi_accDeprBanksTanIntan.DeprPeriod"/>
      <reference xlink:type="resource"
                 xlink:label="reference_de-fi_accDeprBanksTanIntan.DeprPeriod"
                 xlink:role="http://www.xbrl.org/2003/role/mandatoryDisclosureRef"
                 id="reference_de-fi_accDeprBanksTanIntan.DeprPeriod">
         <hgbref:legalFormPG>true</hgbref:legalFormPG>
         <hgbref:legalFormKSt>true</hgbref:legalFormKSt>
         <hgbref:fiscalRequirement>Mussfeld</hgbref:fiscalRequirement>
      </reference>
      <loc xlink:type="locator"
           xlink:href="de-fi-2018-04-01-dimensions.xsd#de-fi_accDeprBanksTanIntan.DeprPeriod.specific"
           xlink:label="de-fi_accDeprBanksTanIntan.DeprPeriod.specific"/>
      <referenceArc xlink:type="arc"
                    xlink:arcrole="http://www.xbrl.org/2003/arcrole/concept-reference"
                    xlink:from="de-fi_accDeprBanksTanIntan.DeprPeriod.specific"
                    xlink:to="reference_de-fi_accDeprBanksTanIntan.DeprPeriod.specific"/>
      <reference xlink:type="resource"
                 xlink:label="reference_de-fi_accDeprBanksTanIntan.DeprPeriod.specific"
                 xlink:role="http://www.xbrl.org/2003/role/mandatoryDisclosureRef"
                 id="reference_de-fi_accDeprBanksTanIntan.DeprPeriod.specific">
         <hgbref:legalFormPG>true</hgbref:legalFormPG>
         <hgbref:legalFormKSt>true</hgbref:legalFormKSt>
         <hgbref:fiscalRequirement>Mussfeld</hgbref:fiscalRequirement>
      </reference>
      <loc xlink:type="locator"
           xlink:href="de-fi-2018-04-01-dimensions.xsd#de-fi_accDeprBanksTanIntan.addition"
           xlink:label="de-fi_accDeprBanksTanIntan.addition"/>
      <referenceArc xlink:type="arc"
                    xlink:arcrole="http://www.xbrl.org/2003/arcrole/concept-reference"
                    xlink:from="de-fi_accDeprBanksTanIntan.addition"
                    xlink:to="reference_de-fi_accDeprBanksTanIntan.addition"/>
      <reference xlink:type="resource"
                 xlink:label="reference_de-fi_accDeprBanksTanIntan.addition"
                 xlink:role="http://www.xbrl.org/2003/role/mandatoryDisclosureRef"
                 id="reference_de-fi_accDeprBanksTanIntan.addition">
         <hgbref:legalFormPG>true</hgbref:legalFormPG>
         <hgbref:legalFormKSt>true</hgbref:legalFormKSt>
         <hgbref:fiscalRequirement>Mussfeld</hgbref:fiscalRequirement>
      </reference>
      <loc xlink:type="locator"
           xlink:href="de-fi-2018-04-01-dimensions.xsd#de-fi_accDeprBanksTanIntan.release"
           xlink:label="de-fi_accDeprBanksTanIntan.release"/>
      <referenceArc xlink:type="arc"
                    xlink:arcrole="http://www.xbrl.org/2003/arcrole/concept-reference"
                    xlink:from="de-fi_accDeprBanksTanIntan.release"
                    xlink:to="reference_de-fi_accDeprBanksTanIntan.release"/>
      <reference xlink:type="resource"
                 xlink:label="reference_de-fi_accDeprBanksTanIntan.release"
                 xlink:role="http://www.xbrl.org/2003/role/mandatoryDisclosureRef"
                 id="reference_de-fi_accDeprBanksTanIntan.release">
         <hgbref:legalFormPG>true</hgbref:legalFormPG>
         <hgbref:legalFormKSt>true</hgbref:legalFormKSt>
         <hgbref:fiscalRequirement>Mussfeld</hgbref:fiscalRequirement>
      </reference>
      <loc xlink:type="locator"
           xlink:href="de-fi-2018-04-01-dimensions.xsd#de-fi_accDeprBanksTanIntan.movements"
           xlink:label="de-fi_accDeprBanksTanIntan.movements"/>
      <referenceArc xlink:type="arc"
                    xlink:arcrole="http://www.xbrl.org/2003/arcrole/concept-reference"
                    xlink:from="de-fi_accDeprBanksTanIntan.movements"
                    xlink:to="reference_de-fi_accDeprBanksTanIntan.movements"/>
      <reference xlink:type="resource"
                 xlink:label="reference_de-fi_accDeprBanksTanIntan.movements"
                 xlink:role="http://www.xbrl.org/2003/role/mandatoryDisclosureRef"
                 id="reference_de-fi_accDeprBanksTanIntan.movements">
         <hgbref:legalFormPG>true</hgbref:legalFormPG>
         <hgbref:legalFormKSt>true</hgbref:legalFormKSt>
         <hgbref:fiscalRequirement>Mussfeld</hgbref:fiscalRequirement>
      </reference>
      <loc xlink:type="locator"
           xlink:href="de-fi-2018-04-01-dimensions.xsd#de-fi_accDeprBanksTanIntan.currChanges"
           xlink:label="de-fi_accDeprBanksTanIntan.currChanges"/>
      <referenceArc xlink:type="arc"
                    xlink:arcrole="http://www.xbrl.org/2003/arcrole/concept-reference"
                    xlink:from="de-fi_accDeprBanksTanIntan.currChanges"
                    xlink:to="reference_de-fi_accDeprBanksTanIntan.currChanges"/>
      <reference xlink:type="resource"
                 xlink:label="reference_de-fi_accDeprBanksTanIntan.currChanges"
                 xlink:role="http://www.xbrl.org/2003/role/mandatoryDisclosureRef"
                 id="reference_de-fi_accDeprBanksTanIntan.currChanges">
         <hgbref:legalFormPG>true</hgbref:legalFormPG>
         <hgbref:legalFormKSt>true</hgbref:legalFormKSt>
         <hgbref:fiscalRequirement>Rechnerisch notwendig, soweit vorhanden</hgbref:fiscalRequirement>
      </reference>
      <loc xlink:type="locator"
           xlink:href="de-fi-2018-04-01-dimensions.xsd#de-fi_revaluationBanksTanIntan"
           xlink:label="de-fi_revaluationBanksTanIntan"/>
      <referenceArc xlink:type="arc"
                    xlink:arcrole="http://www.xbrl.org/2003/arcrole/concept-reference"
                    xlink:from="de-fi_revaluationBanksTanIntan"
                    xlink:to="reference_de-fi_revaluationBanksTanIntan"/>
      <reference xlink:type="resource" xlink:label="reference_de-fi_revaluationBanksTanIntan"
                 xlink:role="http://www.xbrl.org/2003/role/mandatoryDisclosureRef"
                 id="reference_de-fi_revaluationBanksTanIntan">
         <hgbref:legalFormPG>true</hgbref:legalFormPG>
         <hgbref:legalFormKSt>true</hgbref:legalFormKSt>
         <hgbref:fiscalRequirement>Mussfeld</hgbref:fiscalRequirement>
      </reference>
      <loc xlink:type="locator"
           xlink:href="de-fi-2018-04-01-dimensions.xsd#de-fi_revaluationBanksFixedAssets.comment"
           xlink:label="de-fi_revaluationBanksFixedAssets.comment"/>
      <referenceArc xlink:type="arc"
                    xlink:arcrole="http://www.xbrl.org/2003/arcrole/concept-reference"
                    xlink:from="de-fi_revaluationBanksFixedAssets.comment"
                    xlink:to="reference_de-fi_revaluationBanksFixedAssets.comment"/>
      <reference xlink:type="resource"
                 xlink:label="reference_de-fi_revaluationBanksFixedAssets.comment"
                 xlink:role="http://www.xbrl.org/2003/role/mandatoryDisclosureRef"
                 id="reference_de-fi_revaluationBanksFixedAssets.comment">
         <hgbref:legalFormPG>true</hgbref:legalFormPG>
         <hgbref:legalFormKSt>true</hgbref:legalFormKSt>
      </reference>
   </referenceLink>
</linkbase>