<?xml version="1.0" encoding="utf-8"?>
<!--(c) XBRL Deutschland e.V. - see http://www.xbrl.de-->


<linkbase xmlns="http://www.xbrl.org/2003/linkbase"
          xmlns:xsi="http://www.w3.org/2001/XMLSchema-instance"
          xsi:schemaLocation="http://www.xbrl.org/2003/linkbase http://www.xbrl.org/2003/xbrl-linkbase-2003-12-31.xsd">
   <labelLink xmlns:xlink="http://www.w3.org/1999/xlink"
              xlink:role="http://www.xbrl.org/2003/role/link"
              xlink:type="extended">
      <loc xlink:type="locator"
           xlink:href="de-fi-2018-04-01-dimensions.xsd#de-fi_tableBanks.nt.ass"
           xlink:label="de-fi_tableBanks.nt.ass"/>
      <loc xlink:type="locator"
           xlink:href="de-fi-2018-04-01-dimensions.xsd#de-fi_cubeBanks.nt.ass.gross"
           xlink:label="de-fi_cubeBanks.nt.ass.gross"/>
      <loc xlink:type="locator"
           xlink:href="de-fi-2018-04-01-dimensions.xsd#de-fi_dim_changesBanks.nt.ass"
           xlink:label="de-fi_dim_changesBanks.nt.ass"/>
      <loc xlink:type="locator"
           xlink:href="de-fi-2018-04-01-dimensions.xsd#de-fi_allBanks"
           xlink:label="de-fi_allBanks"/>
      <loc xlink:type="locator"
           xlink:href="de-fi-2018-04-01-dimensions.xsd#de-fi_allBanks_Prev_period"
           xlink:label="de-fi_allBanks_Prev_period"/>
      <loc xlink:type="locator"
           xlink:href="de-fi-2018-04-01-dimensions.xsd#de-fi_grossBanks"
           xlink:label="de-fi_grossBanks"/>
      <loc xlink:type="locator"
           xlink:href="de-fi-2018-04-01-dimensions.xsd#de-fi_grossCostBanks.beginning"
           xlink:label="de-fi_grossCostBanks.beginning"/>
      <loc xlink:type="locator"
           xlink:href="de-fi-2018-04-01-dimensions.xsd#de-fi_grossBanks.diff"
           xlink:label="de-fi_grossBanks.diff"/>
      <loc xlink:type="locator"
           xlink:href="de-fi-2018-04-01-dimensions.xsd#de-fi_grossBanks.diff.currDiff"
           xlink:label="de-fi_grossBanks.diff.currDiff"/>
      <loc xlink:type="locator"
           xlink:href="de-fi-2018-04-01-dimensions.xsd#de-fi_grossBanks.diff.otherDiff"
           xlink:label="de-fi_grossBanks.diff.otherDiff"/>
      <loc xlink:type="locator"
           xlink:href="de-fi-2018-04-01-dimensions.xsd#de-fi_accDeprBanks.DeprPeriod"
           xlink:label="de-fi_accDeprBanks.DeprPeriod"/>
      <loc xlink:type="locator"
           xlink:href="de-fi-2018-04-01-dimensions.xsd#de-fi_accDeprBanks.addition"
           xlink:label="de-fi_accDeprBanks.addition"/>
      <loc xlink:type="locator"
           xlink:href="de-fi-2018-04-01-dimensions.xsd#de-fi_grossBanks.diff.otherDiff.comment"
           xlink:label="de-fi_grossBanks.diff.otherDiff.comment"/>
      <loc xlink:type="locator"
           xlink:href="de-fi-2018-04-01-dimensions.xsd#de-fi_grossBanks.addition"
           xlink:label="de-fi_grossBanks.addition"/>
      <loc xlink:type="locator"
           xlink:href="de-fi-2018-04-01-dimensions.xsd#de-fi_grossBanks.release"
           xlink:label="de-fi_grossBanks.release"/>
      <loc xlink:type="locator"
           xlink:href="de-fi-2018-04-01-dimensions.xsd#de-fi_grossBanks.movements"
           xlink:label="de-fi_grossBanks.movements"/>
      <loc xlink:type="locator"
           xlink:href="de-fi-2018-04-01-dimensions.xsd#de-fi_grossBanks.currChanges"
           xlink:label="de-fi_grossBanks.currChanges"/>
      <loc xlink:type="locator"
           xlink:href="de-fi-2018-04-01-dimensions.xsd#de-fi_accDeprBanks"
           xlink:label="de-fi_accDeprBanks"/>
      <loc xlink:type="locator"
           xlink:href="de-fi-2018-04-01-dimensions.xsd#de-fi_accDeprBanks.beginning"
           xlink:label="de-fi_accDeprBanks.beginning"/>
      <loc xlink:type="locator"
           xlink:href="de-fi-2018-04-01-dimensions.xsd#de-fi_accDeprBanks.diff"
           xlink:label="de-fi_accDeprBanks.diff"/>
      <loc xlink:type="locator"
           xlink:href="de-fi-2018-04-01-dimensions.xsd#de-fi_accDeprBanks.diff.currDiff"
           xlink:label="de-fi_accDeprBanks.diff.currDiff"/>
      <loc xlink:type="locator"
           xlink:href="de-fi-2018-04-01-dimensions.xsd#de-fi_accDeprBanks.diff.otherDiff"
           xlink:label="de-fi_accDeprBanks.diff.otherDiff"/>
      <loc xlink:type="locator"
           xlink:href="de-fi-2018-04-01-dimensions.xsd#de-fi_accDeprBanks.diff.otherDiff.comment"
           xlink:label="de-fi_accDeprBanks.diff.otherDiff.comment"/>
      <loc xlink:type="locator"
           xlink:href="de-fi-2018-04-01-dimensions.xsd#de-fi_accDeprBanks.DeprPeriod.specific"
           xlink:label="de-fi_accDeprBanks.DeprPeriod.specific"/>
      <loc xlink:type="locator"
           xlink:href="de-fi-2018-04-01-dimensions.xsd#de-fi_accDeprBanks.release"
           xlink:label="de-fi_accDeprBanks.release"/>
      <loc xlink:type="locator"
           xlink:href="de-fi-2018-04-01-dimensions.xsd#de-fi_accDeprBanks.movements"
           xlink:label="de-fi_accDeprBanks.movements"/>
      <loc xlink:type="locator"
           xlink:href="de-fi-2018-04-01-dimensions.xsd#de-fi_accDeprBanks.currChanges"
           xlink:label="de-fi_accDeprBanks.currChanges"/>
      <loc xlink:type="locator"
           xlink:href="de-fi-2018-04-01-dimensions.xsd#de-fi_revaluationBanks"
           xlink:label="de-fi_revaluationBanks"/>
      <loc xlink:type="locator"
           xlink:href="de-fi-2018-04-01-dimensions.xsd#de-fi_revaluationBanks.comment"
           xlink:label="de-fi_revaluationBanks.comment"/>
      <loc xlink:type="locator"
           xlink:href="de-fi-2018-04-01-dimensions.xsd#de-fi_piTitleBanks.nt.ass.gross"
           xlink:label="de-fi_piTitleBanks.nt.ass.gross"/>
      <loc xlink:type="locator"
           xlink:href="de-fi-2018-04-01-dimensions.xsd#de-fi_tableBanksTanIntan.nt.ass"
           xlink:label="de-fi_tableBanksTanIntan.nt.ass"/>
      <loc xlink:type="locator"
           xlink:href="de-fi-2018-04-01-dimensions.xsd#de-fi_cubeBanksTanIntan.nt.ass.gross"
           xlink:label="de-fi_cubeBanksTanIntan.nt.ass.gross"/>
      <loc xlink:type="locator"
           xlink:href="de-fi-2018-04-01-dimensions.xsd#de-fi_dim_changesBanksTanIntan.nt.ass"
           xlink:label="de-fi_dim_changesBanksTanIntan.nt.ass"/>
      <loc xlink:type="locator"
           xlink:href="de-fi-2018-04-01-dimensions.xsd#de-fi_piTitleBanksTanIntan.nt.ass.gross"
           xlink:label="de-fi_piTitleBanksTanIntan.nt.ass.gross"/>
      <loc xlink:type="locator"
           xlink:href="de-fi-2018-04-01-dimensions.xsd#de-fi_allBanksTanIntan"
           xlink:label="de-fi_allBanksTanIntan"/>
      <loc xlink:type="locator"
           xlink:href="de-fi-2018-04-01-dimensions.xsd#de-fi_allBanks_Prev_periodTanIntan"
           xlink:label="de-fi_allBanks_Prev_periodTanIntan"/>
      <loc xlink:type="locator"
           xlink:href="de-fi-2018-04-01-dimensions.xsd#de-fi_grossBanksTanIntan"
           xlink:label="de-fi_grossBanksTanIntan"/>
      <loc xlink:type="locator"
           xlink:href="de-fi-2018-04-01-dimensions.xsd#de-fi_grossCostBanksTanIntan.beginning"
           xlink:label="de-fi_grossCostBanksTanIntan.beginning"/>
      <loc xlink:type="locator"
           xlink:href="de-fi-2018-04-01-dimensions.xsd#de-fi_grossBanksTanIntan.diff"
           xlink:label="de-fi_grossBanksTanIntan.diff"/>
      <loc xlink:type="locator"
           xlink:href="de-fi-2018-04-01-dimensions.xsd#de-fi_grossBanksTanIntan.diff.currDiff"
           xlink:label="de-fi_grossBanksTanIntan.diff.currDiff"/>
      <loc xlink:type="locator"
           xlink:href="de-fi-2018-04-01-dimensions.xsd#de-fi_grossBanksTanIntan.diff.otherDiff"
           xlink:label="de-fi_grossBanksTanIntan.diff.otherDiff"/>
      <loc xlink:type="locator"
           xlink:href="de-fi-2018-04-01-dimensions.xsd#de-fi_grossBanksTanIntan.diff.otherDiff.comment"
           xlink:label="de-fi_grossBanksTanIntan.diff.otherDiff.comment"/>
      <loc xlink:type="locator"
           xlink:href="de-fi-2018-04-01-dimensions.xsd#de-fi_grossBanksTanIntan.addition"
           xlink:label="de-fi_grossBanksTanIntan.addition"/>
      <loc xlink:type="locator"
           xlink:href="de-fi-2018-04-01-dimensions.xsd#de-fi_grossBanksTanIntan.release"
           xlink:label="de-fi_grossBanksTanIntan.release"/>
      <loc xlink:type="locator"
           xlink:href="de-fi-2018-04-01-dimensions.xsd#de-fi_grossBanksTanIntan.movements"
           xlink:label="de-fi_grossBanksTanIntan.movements"/>
      <loc xlink:type="locator"
           xlink:href="de-fi-2018-04-01-dimensions.xsd#de-fi_grossBanksTanIntan.currChanges"
           xlink:label="de-fi_grossBanksTanIntan.currChanges"/>
      <loc xlink:type="locator"
           xlink:href="de-fi-2018-04-01-dimensions.xsd#de-fi_accDeprBanksTanIntan"
           xlink:label="de-fi_accDeprBanksTanIntan"/>
      <loc xlink:type="locator"
           xlink:href="de-fi-2018-04-01-dimensions.xsd#de-fi_accDeprBanksTanIntan.beginning"
           xlink:label="de-fi_accDeprBanksTanIntan.beginning"/>
      <loc xlink:type="locator"
           xlink:href="de-fi-2018-04-01-dimensions.xsd#de-fi_accDeprBanksTanIntan.diff"
           xlink:label="de-fi_accDeprBanksTanIntan.diff"/>
      <loc xlink:type="locator"
           xlink:href="de-fi-2018-04-01-dimensions.xsd#de-fi_accDeprBanksTanIntan.diff.currDiff"
           xlink:label="de-fi_accDeprBanksTanIntan.diff.currDiff"/>
      <loc xlink:type="locator"
           xlink:href="de-fi-2018-04-01-dimensions.xsd#de-fi_accDeprBanksTanIntan.diff.otherDiff"
           xlink:label="de-fi_accDeprBanksTanIntan.diff.otherDiff"/>
      <loc xlink:type="locator"
           xlink:href="de-fi-2018-04-01-dimensions.xsd#de-fi_accDeprBanksTanIntan.diff.otherDiff.comment"
           xlink:label="de-fi_accDeprBanksTanIntan.diff.otherDiff.comment"/>
      <loc xlink:type="locator"
           xlink:href="de-fi-2018-04-01-dimensions.xsd#de-fi_accDeprBanksTanIntan.DeprPeriod"
           xlink:label="de-fi_accDeprBanksTanIntan.DeprPeriod"/>
      <loc xlink:type="locator"
           xlink:href="de-fi-2018-04-01-dimensions.xsd#de-fi_accDeprBanksTanIntan.DeprPeriod.specific"
           xlink:label="de-fi_accDeprBanksTanIntan.DeprPeriod.specific"/>
      <loc xlink:type="locator"
           xlink:href="de-fi-2018-04-01-dimensions.xsd#de-fi_accDeprBanksTanIntan.addition"
           xlink:label="de-fi_accDeprBanksTanIntan.addition"/>
      <loc xlink:type="locator"
           xlink:href="de-fi-2018-04-01-dimensions.xsd#de-fi_accDeprBanksTanIntan.release"
           xlink:label="de-fi_accDeprBanksTanIntan.release"/>
      <loc xlink:type="locator"
           xlink:href="de-fi-2018-04-01-dimensions.xsd#de-fi_accDeprBanksTanIntan.movements"
           xlink:label="de-fi_accDeprBanksTanIntan.movements"/>
      <loc xlink:type="locator"
           xlink:href="de-fi-2018-04-01-dimensions.xsd#de-fi_accDeprBanksTanIntan.currChanges"
           xlink:label="de-fi_accDeprBanksTanIntan.currChanges"/>
      <loc xlink:type="locator"
           xlink:href="de-fi-2018-04-01-dimensions.xsd#de-fi_revaluationBanksTanIntan"
           xlink:label="de-fi_revaluationBanksTanIntan"/>
      <loc xlink:type="locator"
           xlink:href="de-fi-2018-04-01-dimensions.xsd#de-fi_revaluationBanksFixedAssets.comment"
           xlink:label="de-fi_revaluationBanksFixedAssets.comment"/>
      <!--
internal labels
--><labelArc xlink:from="de-fi_accDeprBanksTanIntan"
                xlink:to="label_de-fi_accDeprBanksTanIntan_1"
                xlink:arcrole="http://www.xbrl.org/2003/arcrole/concept-label"
                xlink:type="arc"/>
      <label xlink:label="label_de-fi_accDeprBanksTanIntan_1"
             id="label_de-fi_accDeprBanksTanIntan_1"
             xlink:role="http://www.xbrl.org/2003/role/label"
             xlink:type="resource"
             xml:lang="de">Kumulierte Abschreibungen zum Ende der Periode</label>
      <labelArc xlink:from="de-fi_accDeprBanksTanIntan.DeprPeriod"
                xlink:to="label_de-fi_accDeprBanksTanIntan.DeprPeriod"
                xlink:arcrole="http://www.xbrl.org/2003/arcrole/concept-label"
                xlink:type="arc"/>
      <label xlink:label="label_de-fi_accDeprBanksTanIntan.DeprPeriod"
             id="label_de-fi_accDeprBanksTanIntan.DeprPeriod"
             xlink:role="http://www.xbrl.org/2003/role/label"
             xlink:type="resource"
             xml:lang="de">Abschreibungen der Periode</label>
      <labelArc xlink:from="de-fi_accDeprBanksTanIntan.DeprPeriod.specific"
                xlink:to="label_de-fi_accDeprBanksTanIntan.DeprPeriod.specific"
                xlink:arcrole="http://www.xbrl.org/2003/arcrole/concept-label"
                xlink:type="arc"/>
      <label xlink:label="label_de-fi_accDeprBanksTanIntan.DeprPeriod.specific"
             id="label_de-fi_accDeprBanksTanIntan.DeprPeriod.specific"
             xlink:role="http://www.xbrl.org/2003/role/label"
             xlink:type="resource"
             xml:lang="de">davon außerplanmäßige, Sonderabschreibungen, sonstige Abzüge</label>
      <labelArc xlink:from="de-fi_accDeprBanksTanIntan.addition"
                xlink:to="label_de-fi_accDeprBanksTanIntan.addition"
                xlink:arcrole="http://www.xbrl.org/2003/arcrole/concept-label"
                xlink:type="arc"/>
      <label xlink:label="label_de-fi_accDeprBanksTanIntan.addition"
             id="label_de-fi_accDeprBanksTanIntan.addition"
             xlink:role="http://www.xbrl.org/2003/role/label"
             xlink:type="resource"
             xml:lang="de">Zugänge</label>
      <labelArc xlink:from="de-fi_accDeprBanksTanIntan.beginning"
                xlink:to="label_de-fi_accDeprBanksTanIntan.beginning"
                xlink:arcrole="http://www.xbrl.org/2003/arcrole/concept-label"
                xlink:type="arc"/>
      <label xlink:label="label_de-fi_accDeprBanksTanIntan.beginning"
             id="label_de-fi_accDeprBanksTanIntan.beginning"
             xlink:role="http://www.xbrl.org/2003/role/label"
             xlink:type="resource"
             xml:lang="de">Kumulierte Abschreibungen zum Anfang der Periode</label>
      <labelArc xlink:from="de-fi_accDeprBanksTanIntan.currChanges"
                xlink:to="label_de-fi_accDeprBanksTanIntan.currChanges"
                xlink:arcrole="http://www.xbrl.org/2003/arcrole/concept-label"
                xlink:type="arc"/>
      <label xlink:label="label_de-fi_accDeprBanksTanIntan.currChanges"
             id="label_de-fi_accDeprBanksTanIntan.currChanges"
             xlink:role="http://www.xbrl.org/2003/role/label"
             xlink:type="resource"
             xml:lang="de">Änderung durch Währungsdifferenzen</label>
      <labelArc xlink:from="de-fi_accDeprBanksTanIntan.diff"
                xlink:to="label_de-fi_accDeprBanksTanIntan.diff"
                xlink:arcrole="http://www.xbrl.org/2003/arcrole/concept-label"
                xlink:type="arc"/>
      <label xlink:label="label_de-fi_accDeprBanksTanIntan.diff"
             id="label_de-fi_accDeprBanksTanIntan.diff"
             xlink:role="http://www.xbrl.org/2003/role/label"
             xlink:type="resource"
             xml:lang="de">Differenzen zum Endstand Vorperiode</label>
      <labelArc xlink:from="de-fi_accDeprBanksTanIntan.diff.currDiff"
                xlink:to="label_de-fi_accDeprBanksTanIntan.diff.currDiff"
                xlink:arcrole="http://www.xbrl.org/2003/arcrole/concept-label"
                xlink:type="arc"/>
      <label xlink:label="label_de-fi_accDeprBanksTanIntan.diff.currDiff"
             id="label_de-fi_accDeprBanksTanIntan.diff.currDiff"
             xlink:role="http://www.xbrl.org/2003/role/label"
             xlink:type="resource"
             xml:lang="de">Währungsdifferenz gegenüber Endstand Vorperiode</label>
      <labelArc xlink:from="de-fi_accDeprBanksTanIntan.diff.otherDiff"
                xlink:to="label_de-fi_accDeprBanksTanIntan.diff.otherDiff"
                xlink:arcrole="http://www.xbrl.org/2003/arcrole/concept-label"
                xlink:type="arc"/>
      <label xlink:label="label_de-fi_accDeprBanksTanIntan.diff.otherDiff"
             id="label_de-fi_accDeprBanksTanIntan.diff.otherDiff"
             xlink:role="http://www.xbrl.org/2003/role/label"
             xlink:type="resource"
             xml:lang="de">andere Differenzen gegenüber Endstand Vorperiode</label>
      <labelArc xlink:from="de-fi_accDeprBanksTanIntan.diff.otherDiff.comment"
                xlink:to="label_de-fi_accDeprBanksTanIntan.diff.otherDiff.comment"
                xlink:arcrole="http://www.xbrl.org/2003/arcrole/concept-label"
                xlink:type="arc"/>
      <label xlink:label="label_de-fi_accDeprBanksTanIntan.diff.otherDiff.comment"
             id="label_de-fi_accDeprBanksTanIntan.diff.otherDiff.comment"
             xlink:role="http://www.xbrl.org/2003/role/label"
             xlink:type="resource"
             xml:lang="de">Erläuterungen der anderen Differenzen gegenüber Endstand Vorperiode</label>
      <labelArc xlink:from="de-fi_accDeprBanksTanIntan.movements"
                xlink:to="label_de-fi_accDeprBanksTanIntan.movements"
                xlink:arcrole="http://www.xbrl.org/2003/arcrole/concept-label"
                xlink:type="arc"/>
      <label xlink:label="label_de-fi_accDeprBanksTanIntan.movements"
             id="label_de-fi_accDeprBanksTanIntan.movements"
             xlink:role="http://www.xbrl.org/2003/role/label"
             xlink:type="resource"
             xml:lang="de">Umbuchungen</label>
      <labelArc xlink:from="de-fi_accDeprBanksTanIntan.release"
                xlink:to="label_de-fi_accDeprBanksTanIntan.release"
                xlink:arcrole="http://www.xbrl.org/2003/arcrole/concept-label"
                xlink:type="arc"/>
      <label xlink:label="label_de-fi_accDeprBanksTanIntan.release"
             id="label_de-fi_accDeprBanksTanIntan.release"
             xlink:role="http://www.xbrl.org/2003/role/label"
             xlink:type="resource"
             xml:lang="de">Abgänge</label>
      <labelArc xlink:from="de-fi_accDeprBanksTanIntan"
                xlink:to="label_de-fi_accDeprBanksTanIntan_2"
                xlink:arcrole="http://www.xbrl.org/2003/arcrole/concept-label"
                xlink:type="arc"/>
      <label xlink:label="label_de-fi_accDeprBanksTanIntan_2"
             id="label_de-fi_accDeprBanksTanIntan_2"
             xlink:role="http://www.xbrl.org/2003/role/terseLabel"
             xlink:type="resource"
             xml:lang="de">Kumulierte Abschreibungen</label>
      <labelArc xlink:from="de-fi_allBanksTanIntan" xlink:to="label_de-fi_allBanksTanIntan"
                xlink:arcrole="http://www.xbrl.org/2003/arcrole/concept-label"
                xlink:type="arc"/>
      <label xlink:label="label_de-fi_allBanksTanIntan" id="label_de-fi_allBanksTanIntan"
             xlink:role="http://www.xbrl.org/2003/role/label"
             xlink:type="resource"
             xml:lang="de">Buchwert zum Ende der Periode</label>
      <labelArc xlink:from="de-fi_allBanks_Prev_periodTanIntan"
                xlink:to="label_de-fi_allBanks_Prev_periodTanIntan"
                xlink:arcrole="http://www.xbrl.org/2003/arcrole/concept-label"
                xlink:type="arc"/>
      <label xlink:label="label_de-fi_allBanks_Prev_periodTanIntan"
             id="label_de-fi_allBanks_Prev_periodTanIntan"
             xlink:role="http://www.xbrl.org/2003/role/label"
             xlink:type="resource"
             xml:lang="de">Buchwert zum Ende der Vorperiode</label>
      <labelArc xlink:from="de-fi_cubeBanksTanIntan.nt.ass.gross"
                xlink:to="label_de-fi_cubeBanksTanIntan.nt.ass.gross_1"
                xlink:arcrole="http://www.xbrl.org/2003/arcrole/concept-label"
                xlink:type="arc"/>
      <label xlink:label="label_de-fi_cubeBanksTanIntan.nt.ass.gross_1"
             id="label_de-fi_cubeBanksTanIntan.nt.ass.gross_1"
             xlink:role="http://www.xbrl.org/2003/role/documentation"
             xlink:type="resource"
             xml:lang="de">Tabelle, bestehend aus einer werthaltigen (Primärdimension) und einer oder mehreren Sekundärdimensionen</label>
      <labelArc xlink:from="de-fi_cubeBanksTanIntan.nt.ass.gross"
                xlink:to="label_de-fi_cubeBanksTanIntan.nt.ass.gross_2"
                xlink:arcrole="http://www.xbrl.org/2003/arcrole/concept-label"
                xlink:type="arc"/>
      <label xlink:label="label_de-fi_cubeBanksTanIntan.nt.ass.gross_2"
             id="label_de-fi_cubeBanksTanIntan.nt.ass.gross_2"
             xlink:role="http://www.xbrl.org/2003/role/label"
             xlink:type="resource"
             xml:lang="de">Anlagenspiegel für Banken - Immaterielle Anlagewerte und Sachanlagen [Tabelle]</label>
      <labelArc xlink:from="de-fi_cubeBanksTanIntan.nt.ass.gross"
                xlink:to="label_de-fi_cubeBanksTanIntan.nt.ass.gross_3"
                xlink:arcrole="http://www.xbrl.org/2003/arcrole/concept-label"
                xlink:type="arc"/>
      <label xlink:label="label_de-fi_cubeBanksTanIntan.nt.ass.gross_3"
             id="label_de-fi_cubeBanksTanIntan.nt.ass.gross_3"
             xlink:role="http://www.xbrl.org/2003/role/terseLabel"
             xlink:type="resource"
             xml:lang="de">Tabelle</label>
      <labelArc xlink:from="de-fi_dim_changesBanksTanIntan.nt.ass"
                xlink:to="label_de-fi_dim_changesBanksTanIntan.nt.ass_1"
                xlink:arcrole="http://www.xbrl.org/2003/arcrole/concept-label"
                xlink:type="arc"/>
      <label xlink:label="label_de-fi_dim_changesBanksTanIntan.nt.ass_1"
             id="label_de-fi_dim_changesBanksTanIntan.nt.ass_1"
             xlink:role="http://www.xbrl.org/2003/role/label"
             xlink:type="resource"
             xml:lang="de">Positionen des Anlagevermögens [Dimension]</label>
      <labelArc xlink:from="de-fi_dim_changesBanksTanIntan.nt.ass"
                xlink:to="label_de-fi_dim_changesBanksTanIntan.nt.ass_2"
                xlink:arcrole="http://www.xbrl.org/2003/arcrole/concept-label"
                xlink:type="arc"/>
      <label xlink:label="label_de-fi_dim_changesBanksTanIntan.nt.ass_2"
             id="label_de-fi_dim_changesBanksTanIntan.nt.ass_2"
             xlink:role="http://www.xbrl.org/2003/role/documentation"
             xlink:type="resource"
             xml:lang="de">Sekundäre Dimension</label>
      <labelArc xlink:from="de-fi_dim_changesBanksTanIntan.nt.ass"
                xlink:to="label_de-fi_dim_changesBanksTanIntan.nt.ass_3"
                xlink:arcrole="http://www.xbrl.org/2003/arcrole/concept-label"
                xlink:type="arc"/>
      <label xlink:label="label_de-fi_dim_changesBanksTanIntan.nt.ass_3"
             id="label_de-fi_dim_changesBanksTanIntan.nt.ass_3"
             xlink:role="http://www.xbrl.org/2003/role/terseLabel"
             xlink:type="resource"
             xml:lang="de">Positionen des Anlagevermögens</label>
      <labelArc xlink:from="de-fi_grossBanksTanIntan" xlink:to="label_de-fi_grossBanksTanIntan"
                xlink:arcrole="http://www.xbrl.org/2003/arcrole/concept-label"
                xlink:type="arc"/>
      <label xlink:label="label_de-fi_grossBanksTanIntan"
             id="label_de-fi_grossBanksTanIntan"
             xlink:role="http://www.xbrl.org/2003/role/label"
             xlink:type="resource"
             xml:lang="de">Anschaffungs- und Herstellungskosten zum Ende der Periode</label>
      <labelArc xlink:from="de-fi_grossBanksTanIntan.addition"
                xlink:to="label_de-fi_grossBanksTanIntan.addition"
                xlink:arcrole="http://www.xbrl.org/2003/arcrole/concept-label"
                xlink:type="arc"/>
      <label xlink:label="label_de-fi_grossBanksTanIntan.addition"
             id="label_de-fi_grossBanksTanIntan.addition"
             xlink:role="http://www.xbrl.org/2003/role/label"
             xlink:type="resource"
             xml:lang="de">Zugänge</label>
      <labelArc xlink:from="de-fi_grossBanksTanIntan.currChanges"
                xlink:to="label_de-fi_grossBanksTanIntan.currChanges"
                xlink:arcrole="http://www.xbrl.org/2003/arcrole/concept-label"
                xlink:type="arc"/>
      <label xlink:label="label_de-fi_grossBanksTanIntan.currChanges"
             id="label_de-fi_grossBanksTanIntan.currChanges"
             xlink:role="http://www.xbrl.org/2003/role/label"
             xlink:type="resource"
             xml:lang="de">Änderung durch Währungsdifferenzen</label>
      <labelArc xlink:from="de-fi_grossBanksTanIntan.diff"
                xlink:to="label_de-fi_grossBanksTanIntan.diff"
                xlink:arcrole="http://www.xbrl.org/2003/arcrole/concept-label"
                xlink:type="arc"/>
      <label xlink:label="label_de-fi_grossBanksTanIntan.diff"
             id="label_de-fi_grossBanksTanIntan.diff"
             xlink:role="http://www.xbrl.org/2003/role/label"
             xlink:type="resource"
             xml:lang="de">Differenzen zum Endstand Vorperiode</label>
      <labelArc xlink:from="de-fi_grossBanksTanIntan.diff.currDiff"
                xlink:to="label_de-fi_grossBanksTanIntan.diff.currDiff"
                xlink:arcrole="http://www.xbrl.org/2003/arcrole/concept-label"
                xlink:type="arc"/>
      <label xlink:label="label_de-fi_grossBanksTanIntan.diff.currDiff"
             id="label_de-fi_grossBanksTanIntan.diff.currDiff"
             xlink:role="http://www.xbrl.org/2003/role/label"
             xlink:type="resource"
             xml:lang="de">Währungsdifferenz gegenüber Endstand Vorperiode</label>
      <labelArc xlink:from="de-fi_grossBanksTanIntan.diff.otherDiff"
                xlink:to="label_de-fi_grossBanksTanIntan.diff.otherDiff"
                xlink:arcrole="http://www.xbrl.org/2003/arcrole/concept-label"
                xlink:type="arc"/>
      <label xlink:label="label_de-fi_grossBanksTanIntan.diff.otherDiff"
             id="label_de-fi_grossBanksTanIntan.diff.otherDiff"
             xlink:role="http://www.xbrl.org/2003/role/label"
             xlink:type="resource"
             xml:lang="de">Andere Differenzen gegenüber Endstand Vorperiode</label>
      <labelArc xlink:from="de-fi_grossBanksTanIntan.diff.otherDiff.comment"
                xlink:to="label_de-fi_grossBanksTanIntan.diff.otherDiff.comment"
                xlink:arcrole="http://www.xbrl.org/2003/arcrole/concept-label"
                xlink:type="arc"/>
      <label xlink:label="label_de-fi_grossBanksTanIntan.diff.otherDiff.comment"
             id="label_de-fi_grossBanksTanIntan.diff.otherDiff.comment"
             xlink:role="http://www.xbrl.org/2003/role/label"
             xlink:type="resource"
             xml:lang="de">Erläuterungen der anderen Differenzen gegenüber Endstand Vorperiode</label>
      <labelArc xlink:from="de-fi_grossBanksTanIntan.movements"
                xlink:to="label_de-fi_grossBanksTanIntan.movements"
                xlink:arcrole="http://www.xbrl.org/2003/arcrole/concept-label"
                xlink:type="arc"/>
      <label xlink:label="label_de-fi_grossBanksTanIntan.movements"
             id="label_de-fi_grossBanksTanIntan.movements"
             xlink:role="http://www.xbrl.org/2003/role/label"
             xlink:type="resource"
             xml:lang="de">Umbuchungen</label>
      <labelArc xlink:from="de-fi_grossBanksTanIntan.release"
                xlink:to="label_de-fi_grossBanksTanIntan.release"
                xlink:arcrole="http://www.xbrl.org/2003/arcrole/concept-label"
                xlink:type="arc"/>
      <label xlink:label="label_de-fi_grossBanksTanIntan.release"
             id="label_de-fi_grossBanksTanIntan.release"
             xlink:role="http://www.xbrl.org/2003/role/label"
             xlink:type="resource"
             xml:lang="de">Abgänge</label>
      <labelArc xlink:from="de-fi_grossCostBanksTanIntan.beginning"
                xlink:to="label_de-fi_grossCostBanksTanIntan.beginning"
                xlink:arcrole="http://www.xbrl.org/2003/arcrole/concept-label"
                xlink:type="arc"/>
      <label xlink:label="label_de-fi_grossCostBanksTanIntan.beginning"
             id="label_de-fi_grossCostBanksTanIntan.beginning"
             xlink:role="http://www.xbrl.org/2003/role/label"
             xlink:type="resource"
             xml:lang="de">Anschaffungs- und Herstellungskosten zum Anfang der Periode</label>
      <labelArc xlink:from="de-fi_piTitleBanksTanIntan.nt.ass.gross"
                xlink:to="label_de-fi_piTitleBanksTanIntan.nt.ass.gross_1"
                xlink:arcrole="http://www.xbrl.org/2003/arcrole/concept-label"
                xlink:type="arc"/>
      <label xlink:label="label_de-fi_piTitleBanksTanIntan.nt.ass.gross_1"
             id="label_de-fi_piTitleBanksTanIntan.nt.ass.gross_1"
             xlink:role="http://www.xbrl.org/2003/role/label"
             xlink:type="resource"
             xml:lang="de">Wertentwicklung des Anlagenspiegels für Banken [Dimension]</label>
      <labelArc xlink:from="de-fi_piTitleBanksTanIntan.nt.ass.gross"
                xlink:to="label_de-fi_piTitleBanksTanIntan.nt.ass.gross_2"
                xlink:arcrole="http://www.xbrl.org/2003/arcrole/concept-label"
                xlink:type="arc"/>
      <label xlink:label="label_de-fi_piTitleBanksTanIntan.nt.ass.gross_2"
             id="label_de-fi_piTitleBanksTanIntan.nt.ass.gross_2"
             xlink:role="http://www.xbrl.org/2003/role/documentation"
             xlink:type="resource"
             xml:lang="de">Primäre (werthaltige) Dimension</label>
      <labelArc xlink:from="de-fi_piTitleBanksTanIntan.nt.ass.gross"
                xlink:to="label_de-fi_piTitleBanksTanIntan.nt.ass.gross_3"
                xlink:arcrole="http://www.xbrl.org/2003/arcrole/concept-label"
                xlink:type="arc"/>
      <label xlink:label="label_de-fi_piTitleBanksTanIntan.nt.ass.gross_3"
             id="label_de-fi_piTitleBanksTanIntan.nt.ass.gross_3"
             xlink:role="http://www.xbrl.org/2003/role/terseLabel"
             xlink:type="resource"
             xml:lang="de">Wertentwicklung</label>
      <labelArc xlink:from="de-fi_revaluationBanksTanIntan"
                xlink:to="label_de-fi_revaluationBanksTanIntan"
                xlink:arcrole="http://www.xbrl.org/2003/arcrole/concept-label"
                xlink:type="arc"/>
      <label xlink:label="label_de-fi_revaluationBanksTanIntan"
             id="label_de-fi_revaluationBanksTanIntan"
             xlink:role="http://www.xbrl.org/2003/role/label"
             xlink:type="resource"
             xml:lang="de">Zuschreibungen</label>
      <labelArc xlink:from="de-fi_revaluationBanksFixedAssets.comment"
                xlink:to="label_de-fi_revaluationBanksFixedAssets.comment"
                xlink:arcrole="http://www.xbrl.org/2003/arcrole/concept-label"
                xlink:type="arc"/>
      <label xlink:label="label_de-fi_revaluationBanksFixedAssets.comment"
             id="label_de-fi_revaluationBanksFixedAssets.comment"
             xlink:role="http://www.xbrl.org/2003/role/label"
             xlink:type="resource"
             xml:lang="de">Begründung der Zuschreibungen</label>
      <labelArc xlink:from="de-fi_accDeprBanks.DeprPeriod"
                xlink:to="label_de-fi_accDeprBanks.DeprPeriod"
                xlink:arcrole="http://www.xbrl.org/2003/arcrole/concept-label"
                xlink:type="arc"/>
      <label xlink:label="label_de-fi_accDeprBanks.DeprPeriod"
             id="label_de-fi_accDeprBanks.DeprPeriod"
             xlink:role="http://www.xbrl.org/2003/role/label"
             xlink:type="resource"
             xml:lang="de">Abschreibungen der Periode</label>
      <labelArc xlink:from="de-fi_accDeprBanks.DeprPeriod.specific"
                xlink:to="label_de-fi_accDeprBanks.DeprPeriod.specific"
                xlink:arcrole="http://www.xbrl.org/2003/arcrole/concept-label"
                xlink:type="arc"/>
      <label xlink:label="label_de-fi_accDeprBanks.DeprPeriod.specific"
             id="label_de-fi_accDeprBanks.DeprPeriod.specific"
             xlink:role="http://www.xbrl.org/2003/role/label"
             xlink:type="resource"
             xml:lang="de">davon außerplanmäßige, Sonderabschreibungen, sonstige Abzüge</label>
      <labelArc xlink:from="de-fi_accDeprBanks.addition"
                xlink:to="label_de-fi_accDeprBanks.addition"
                xlink:arcrole="http://www.xbrl.org/2003/arcrole/concept-label"
                xlink:type="arc"/>
      <label xlink:label="label_de-fi_accDeprBanks.addition"
             id="label_de-fi_accDeprBanks.addition"
             xlink:role="http://www.xbrl.org/2003/role/label"
             xlink:type="resource"
             xml:lang="de">Zugänge</label>
      <labelArc xlink:from="de-fi_accDeprBanks.beginning"
                xlink:to="label_de-fi_accDeprBanks.beginning"
                xlink:arcrole="http://www.xbrl.org/2003/arcrole/concept-label"
                xlink:type="arc"/>
      <label xlink:label="label_de-fi_accDeprBanks.beginning"
             id="label_de-fi_accDeprBanks.beginning"
             xlink:role="http://www.xbrl.org/2003/role/label"
             xlink:type="resource"
             xml:lang="de">Kumulierte Abschreibungen zum Anfang der Periode</label>
      <labelArc xlink:from="de-fi_accDeprBanks.currChanges"
                xlink:to="label_de-fi_accDeprBanks.currChanges"
                xlink:arcrole="http://www.xbrl.org/2003/arcrole/concept-label"
                xlink:type="arc"/>
      <label xlink:label="label_de-fi_accDeprBanks.currChanges"
             id="label_de-fi_accDeprBanks.currChanges"
             xlink:role="http://www.xbrl.org/2003/role/label"
             xlink:type="resource"
             xml:lang="de">Änderung durch Währungsdifferenzen</label>
      <labelArc xlink:from="de-fi_accDeprBanks.diff" xlink:to="label_de-fi_accDeprBanks.diff"
                xlink:arcrole="http://www.xbrl.org/2003/arcrole/concept-label"
                xlink:type="arc"/>
      <label xlink:label="label_de-fi_accDeprBanks.diff" id="label_de-fi_accDeprBanks.diff"
             xlink:role="http://www.xbrl.org/2003/role/label"
             xlink:type="resource"
             xml:lang="de">Differenzen zum Endstand Vorperiode</label>
      <labelArc xlink:from="de-fi_accDeprBanks.diff.currDiff"
                xlink:to="label_de-fi_accDeprBanks.diff.currDiff"
                xlink:arcrole="http://www.xbrl.org/2003/arcrole/concept-label"
                xlink:type="arc"/>
      <label xlink:label="label_de-fi_accDeprBanks.diff.currDiff"
             id="label_de-fi_accDeprBanks.diff.currDiff"
             xlink:role="http://www.xbrl.org/2003/role/label"
             xlink:type="resource"
             xml:lang="de">Währungsdifferenz gegenüber Endstand Vorperiode</label>
      <labelArc xlink:from="de-fi_accDeprBanks.diff.otherDiff"
                xlink:to="label_de-fi_accDeprBanks.diff.otherDiff"
                xlink:arcrole="http://www.xbrl.org/2003/arcrole/concept-label"
                xlink:type="arc"/>
      <label xlink:label="label_de-fi_accDeprBanks.diff.otherDiff"
             id="label_de-fi_accDeprBanks.diff.otherDiff"
             xlink:role="http://www.xbrl.org/2003/role/label"
             xlink:type="resource"
             xml:lang="de">andere Differenzen gegenüber Endstand Vorperiode</label>
      <labelArc xlink:from="de-fi_accDeprBanks.diff.otherDiff.comment"
                xlink:to="label_de-fi_accDeprBanks.diff.otherDiff.comment"
                xlink:arcrole="http://www.xbrl.org/2003/arcrole/concept-label"
                xlink:type="arc"/>
      <label xlink:label="label_de-fi_accDeprBanks.diff.otherDiff.comment"
             id="label_de-fi_accDeprBanks.diff.otherDiff.comment"
             xlink:role="http://www.xbrl.org/2003/role/label"
             xlink:type="resource"
             xml:lang="de">Erläuterungen der anderen Differenzen gegenüber Endstand Vorperiode</label>
      <labelArc xlink:from="de-fi_accDeprBanks.movements"
                xlink:to="label_de-fi_accDeprBanks.movements"
                xlink:arcrole="http://www.xbrl.org/2003/arcrole/concept-label"
                xlink:type="arc"/>
      <label xlink:label="label_de-fi_accDeprBanks.movements"
             id="label_de-fi_accDeprBanks.movements"
             xlink:role="http://www.xbrl.org/2003/role/label"
             xlink:type="resource"
             xml:lang="de">Umbuchungen</label>
      <labelArc xlink:from="de-fi_accDeprBanks.release"
                xlink:to="label_de-fi_accDeprBanks.release"
                xlink:arcrole="http://www.xbrl.org/2003/arcrole/concept-label"
                xlink:type="arc"/>
      <label xlink:label="label_de-fi_accDeprBanks.release"
             id="label_de-fi_accDeprBanks.release"
             xlink:role="http://www.xbrl.org/2003/role/label"
             xlink:type="resource"
             xml:lang="de">Abgänge</label>
      <labelArc xlink:from="de-fi_accDeprBanks" xlink:to="label_de-fi_accDeprBanks_1"
                xlink:arcrole="http://www.xbrl.org/2003/arcrole/concept-label"
                xlink:type="arc"/>
      <label xlink:label="label_de-fi_accDeprBanks_1" id="label_de-fi_accDeprBanks_1"
             xlink:role="http://www.xbrl.org/2003/role/label"
             xlink:type="resource"
             xml:lang="de">Kumulierte Abschreibungen zum Ende der Periode</label>
      <labelArc xlink:from="de-fi_accDeprBanks" xlink:to="label_de-fi_accDeprBanks_2"
                xlink:arcrole="http://www.xbrl.org/2003/arcrole/concept-label"
                xlink:type="arc"/>
      <label xlink:label="label_de-fi_accDeprBanks_2" id="label_de-fi_accDeprBanks_2"
             xlink:role="http://www.xbrl.org/2003/role/terseLabel"
             xlink:type="resource"
             xml:lang="de">Kumulierte Abschreibungen</label>
      <labelArc xlink:from="de-fi_allBanks" xlink:to="label_de-fi_allBanks"
                xlink:arcrole="http://www.xbrl.org/2003/arcrole/concept-label"
                xlink:type="arc"/>
      <label xlink:label="label_de-fi_allBanks" id="label_de-fi_allBanks"
             xlink:role="http://www.xbrl.org/2003/role/label"
             xlink:type="resource"
             xml:lang="de">Buchwert zum Ende der Periode</label>
      <labelArc xlink:from="de-fi_allBanks_Prev_period"
                xlink:to="label_de-fi_allBanks_Prev_period"
                xlink:arcrole="http://www.xbrl.org/2003/arcrole/concept-label"
                xlink:type="arc"/>
      <label xlink:label="label_de-fi_allBanks_Prev_period"
             id="label_de-fi_allBanks_Prev_period"
             xlink:role="http://www.xbrl.org/2003/role/label"
             xlink:type="resource"
             xml:lang="de">Buchwert zum Ende der Vorperiode</label>
      <labelArc xlink:from="de-fi_cubeBanks.nt.ass.gross"
                xlink:to="label_de-fi_cubeBanks.nt.ass.gross_1"
                xlink:arcrole="http://www.xbrl.org/2003/arcrole/concept-label"
                xlink:type="arc"/>
      <label xlink:label="label_de-fi_cubeBanks.nt.ass.gross_1"
             id="label_de-fi_cubeBanks.nt.ass.gross_1"
             xlink:role="http://www.xbrl.org/2003/role/documentation"
             xlink:type="resource"
             xml:lang="de">Tabelle, bestehend aus einer werthaltigen (Primärdimension) und einer oder mehreren Sekundärdimensionen</label>
      <labelArc xlink:from="de-fi_cubeBanks.nt.ass.gross"
                xlink:to="label_de-fi_cubeBanks.nt.ass.gross_2"
                xlink:arcrole="http://www.xbrl.org/2003/arcrole/concept-label"
                xlink:type="arc"/>
      <label xlink:label="label_de-fi_cubeBanks.nt.ass.gross_2"
             id="label_de-fi_cubeBanks.nt.ass.gross_2"
             xlink:role="http://www.xbrl.org/2003/role/label"
             xlink:type="resource"
             xml:lang="de">Anlagenspiegel für Banken - ohne Immaterielle Anlagewerte und Sachanlagen [Tabelle]</label>
      <labelArc xlink:from="de-fi_cubeBanks.nt.ass.gross"
                xlink:to="label_de-fi_cubeBanks.nt.ass.gross_3"
                xlink:arcrole="http://www.xbrl.org/2003/arcrole/concept-label"
                xlink:type="arc"/>
      <label xlink:label="label_de-fi_cubeBanks.nt.ass.gross_3"
             id="label_de-fi_cubeBanks.nt.ass.gross_3"
             xlink:role="http://www.xbrl.org/2003/role/terseLabel"
             xlink:type="resource"
             xml:lang="de">Tabelle</label>
      <labelArc xlink:from="de-fi_dim_changesBanks.nt.ass"
                xlink:to="label_de-fi_dim_changesBanks.nt.ass_1"
                xlink:arcrole="http://www.xbrl.org/2003/arcrole/concept-label"
                xlink:type="arc"/>
      <label xlink:label="label_de-fi_dim_changesBanks.nt.ass_1"
             id="label_de-fi_dim_changesBanks.nt.ass_1"
             xlink:role="http://www.xbrl.org/2003/role/label"
             xlink:type="resource"
             xml:lang="de">Positionen des Anlagevermögens [Dimension]</label>
      <labelArc xlink:from="de-fi_dim_changesBanks.nt.ass"
                xlink:to="label_de-fi_dim_changesBanks.nt.ass_2"
                xlink:arcrole="http://www.xbrl.org/2003/arcrole/concept-label"
                xlink:type="arc"/>
      <label xlink:label="label_de-fi_dim_changesBanks.nt.ass_2"
             id="label_de-fi_dim_changesBanks.nt.ass_2"
             xlink:role="http://www.xbrl.org/2003/role/documentation"
             xlink:type="resource"
             xml:lang="de">Sekundäre Dimension</label>
      <labelArc xlink:from="de-fi_dim_changesBanks.nt.ass"
                xlink:to="label_de-fi_dim_changesBanks.nt.ass_3"
                xlink:arcrole="http://www.xbrl.org/2003/arcrole/concept-label"
                xlink:type="arc"/>
      <label xlink:label="label_de-fi_dim_changesBanks.nt.ass_3"
             id="label_de-fi_dim_changesBanks.nt.ass_3"
             xlink:role="http://www.xbrl.org/2003/role/terseLabel"
             xlink:type="resource"
             xml:lang="de">Positionen des Anlagevermögens</label>
      <labelArc xlink:from="de-fi_grossBanks" xlink:to="label_de-fi_grossBanks"
                xlink:arcrole="http://www.xbrl.org/2003/arcrole/concept-label"
                xlink:type="arc"/>
      <label xlink:label="label_de-fi_grossBanks" id="label_de-fi_grossBanks"
             xlink:role="http://www.xbrl.org/2003/role/label"
             xlink:type="resource"
             xml:lang="de">Anschaffungs- und Herstellungskosten zum Ende der Periode</label>
      <labelArc xlink:from="de-fi_grossBanks.addition"
                xlink:to="label_de-fi_grossBanks.addition"
                xlink:arcrole="http://www.xbrl.org/2003/arcrole/concept-label"
                xlink:type="arc"/>
      <label xlink:label="label_de-fi_grossBanks.addition"
             id="label_de-fi_grossBanks.addition"
             xlink:role="http://www.xbrl.org/2003/role/label"
             xlink:type="resource"
             xml:lang="de">Zugänge</label>
      <labelArc xlink:from="de-fi_grossBanks.currChanges"
                xlink:to="label_de-fi_grossBanks.currChanges"
                xlink:arcrole="http://www.xbrl.org/2003/arcrole/concept-label"
                xlink:type="arc"/>
      <label xlink:label="label_de-fi_grossBanks.currChanges"
             id="label_de-fi_grossBanks.currChanges"
             xlink:role="http://www.xbrl.org/2003/role/label"
             xlink:type="resource"
             xml:lang="de">Änderung durch Währungsdifferenzen</label>
      <labelArc xlink:from="de-fi_grossBanks.diff" xlink:to="label_de-fi_grossBanks.diff"
                xlink:arcrole="http://www.xbrl.org/2003/arcrole/concept-label"
                xlink:type="arc"/>
      <label xlink:label="label_de-fi_grossBanks.diff" id="label_de-fi_grossBanks.diff"
             xlink:role="http://www.xbrl.org/2003/role/label"
             xlink:type="resource"
             xml:lang="de">Differenzen zum Endstand Vorperiode</label>
      <labelArc xlink:from="de-fi_grossBanks.diff.currDiff"
                xlink:to="label_de-fi_grossBanks.diff.currDiff"
                xlink:arcrole="http://www.xbrl.org/2003/arcrole/concept-label"
                xlink:type="arc"/>
      <label xlink:label="label_de-fi_grossBanks.diff.currDiff"
             id="label_de-fi_grossBanks.diff.currDiff"
             xlink:role="http://www.xbrl.org/2003/role/label"
             xlink:type="resource"
             xml:lang="de">Währungsdifferenz gegenüber Endstand Vorperiode</label>
      <labelArc xlink:from="de-fi_grossBanks.diff.otherDiff"
                xlink:to="label_de-fi_grossBanks.diff.otherDiff"
                xlink:arcrole="http://www.xbrl.org/2003/arcrole/concept-label"
                xlink:type="arc"/>
      <label xlink:label="label_de-fi_grossBanks.diff.otherDiff"
             id="label_de-fi_grossBanks.diff.otherDiff"
             xlink:role="http://www.xbrl.org/2003/role/label"
             xlink:type="resource"
             xml:lang="de">Andere Differenzen gegenüber Endstand Vorperiode</label>
      <labelArc xlink:from="de-fi_grossBanks.diff.otherDiff.comment"
                xlink:to="label_de-fi_grossBanks.diff.otherDiff.comment"
                xlink:arcrole="http://www.xbrl.org/2003/arcrole/concept-label"
                xlink:type="arc"/>
      <label xlink:label="label_de-fi_grossBanks.diff.otherDiff.comment"
             id="label_de-fi_grossBanks.diff.otherDiff.comment"
             xlink:role="http://www.xbrl.org/2003/role/label"
             xlink:type="resource"
             xml:lang="de">Erläuterungen der anderen Differenzen gegenüber Endstand Vorperiode</label>
      <labelArc xlink:from="de-fi_grossBanks.movements"
                xlink:to="label_de-fi_grossBanks.movements"
                xlink:arcrole="http://www.xbrl.org/2003/arcrole/concept-label"
                xlink:type="arc"/>
      <label xlink:label="label_de-fi_grossBanks.movements"
             id="label_de-fi_grossBanks.movements"
             xlink:role="http://www.xbrl.org/2003/role/label"
             xlink:type="resource"
             xml:lang="de">Umbuchungen</label>
      <labelArc xlink:from="de-fi_grossBanks.release" xlink:to="label_de-fi_grossBanks.release"
                xlink:arcrole="http://www.xbrl.org/2003/arcrole/concept-label"
                xlink:type="arc"/>
      <label xlink:label="label_de-fi_grossBanks.release"
             id="label_de-fi_grossBanks.release"
             xlink:role="http://www.xbrl.org/2003/role/label"
             xlink:type="resource"
             xml:lang="de">Abgänge</label>
      <labelArc xlink:from="de-fi_grossCostBanks.beginning"
                xlink:to="label_de-fi_grossCostBanks.beginning"
                xlink:arcrole="http://www.xbrl.org/2003/arcrole/concept-label"
                xlink:type="arc"/>
      <label xlink:label="label_de-fi_grossCostBanks.beginning"
             id="label_de-fi_grossCostBanks.beginning"
             xlink:role="http://www.xbrl.org/2003/role/label"
             xlink:type="resource"
             xml:lang="de">Anschaffungs- und Herstellungskosten zum Anfang der Periode</label>
      <labelArc xlink:from="de-fi_piTitleBanks.nt.ass.gross"
                xlink:to="label_de-fi_piTitleBanks.nt.ass.gross_1"
                xlink:arcrole="http://www.xbrl.org/2003/arcrole/concept-label"
                xlink:type="arc"/>
      <label xlink:label="label_de-fi_piTitleBanks.nt.ass.gross_1"
             id="label_de-fi_piTitleBanks.nt.ass.gross_1"
             xlink:role="http://www.xbrl.org/2003/role/label"
             xlink:type="resource"
             xml:lang="de">Wertentwicklung des Anlagenspiegels für Banken [Dimension]</label>
      <labelArc xlink:from="de-fi_piTitleBanks.nt.ass.gross"
                xlink:to="label_de-fi_piTitleBanks.nt.ass.gross_2"
                xlink:arcrole="http://www.xbrl.org/2003/arcrole/concept-label"
                xlink:type="arc"/>
      <label xlink:label="label_de-fi_piTitleBanks.nt.ass.gross_2"
             id="label_de-fi_piTitleBanks.nt.ass.gross_2"
             xlink:role="http://www.xbrl.org/2003/role/documentation"
             xlink:type="resource"
             xml:lang="de">Primäre (werthaltige) Dimension</label>
      <labelArc xlink:from="de-fi_piTitleBanks.nt.ass.gross"
                xlink:to="label_de-fi_piTitleBanks.nt.ass.gross_3"
                xlink:arcrole="http://www.xbrl.org/2003/arcrole/concept-label"
                xlink:type="arc"/>
      <label xlink:label="label_de-fi_piTitleBanks.nt.ass.gross_3"
             id="label_de-fi_piTitleBanks.nt.ass.gross_3"
             xlink:role="http://www.xbrl.org/2003/role/terseLabel"
             xlink:type="resource"
             xml:lang="de">Wertentwicklung</label>
      <labelArc xlink:from="de-fi_revaluationBanks" xlink:to="label_de-fi_revaluationBanks"
                xlink:arcrole="http://www.xbrl.org/2003/arcrole/concept-label"
                xlink:type="arc"/>
      <label xlink:label="label_de-fi_revaluationBanks" id="label_de-fi_revaluationBanks"
             xlink:role="http://www.xbrl.org/2003/role/label"
             xlink:type="resource"
             xml:lang="de">Zuschreibungen</label>
      <labelArc xlink:from="de-fi_revaluationBanks.comment"
                xlink:to="label_de-fi_revaluationBanks.comment"
                xlink:arcrole="http://www.xbrl.org/2003/arcrole/concept-label"
                xlink:type="arc"/>
      <label xlink:label="label_de-fi_revaluationBanks.comment"
             id="label_de-fi_revaluationBanks.comment"
             xlink:role="http://www.xbrl.org/2003/role/label"
             xlink:type="resource"
             xml:lang="de">Begründung der Zuschreibungen</label>
      <labelArc xlink:from="de-fi_tableBanks.nt.ass" xlink:to="label_de-fi_tableBanks.nt.ass_1"
                xlink:arcrole="http://www.xbrl.org/2003/arcrole/concept-label"
                xlink:type="arc"/>
      <label xlink:label="label_de-fi_tableBanks.nt.ass_1"
             id="label_de-fi_tableBanks.nt.ass_1"
             xlink:role="http://www.xbrl.org/2003/role/label"
             xlink:type="resource"
             xml:lang="de">Anlagenspiegel für Banken - ohne Immaterielle Anlagewerte und Sachanlagen</label>
      <labelArc xlink:from="de-fi_tableBanks.nt.ass" xlink:to="label_de-fi_tableBanks.nt.ass_2"
                xlink:arcrole="http://www.xbrl.org/2003/arcrole/concept-label"
                xlink:type="arc"/>
      <label xlink:label="label_de-fi_tableBanks.nt.ass_2"
             id="label_de-fi_tableBanks.nt.ass_2"
             xlink:role="http://www.xbrl.org/2003/role/documentation"
             xlink:type="resource"
             xml:lang="de">Tabellenbereich</label>
      <labelArc xlink:from="de-fi_tableBanksTanIntan.nt.ass"
                xlink:to="label_de-fi_tableBanksTanIntan.nt.ass_1"
                xlink:arcrole="http://www.xbrl.org/2003/arcrole/concept-label"
                xlink:type="arc"/>
      <label xlink:label="label_de-fi_tableBanksTanIntan.nt.ass_1"
             id="label_de-fi_tableBanksTanIntan.nt.ass_1"
             xlink:role="http://www.xbrl.org/2003/role/label"
             xlink:type="resource"
             xml:lang="de">Anlagenspiegel für Banken - Immaterielle Anlagewerte und Sachanlagen</label>
      <labelArc xlink:from="de-fi_tableBanksTanIntan.nt.ass"
                xlink:to="label_de-fi_tableBanksTanIntan.nt.ass_2"
                xlink:arcrole="http://www.xbrl.org/2003/arcrole/concept-label"
                xlink:type="arc"/>
      <label xlink:label="label_de-fi_tableBanksTanIntan.nt.ass_2"
             id="label_de-fi_tableBanksTanIntan.nt.ass_2"
             xlink:role="http://www.xbrl.org/2003/role/documentation"
             xlink:type="resource"
             xml:lang="de">Tabellenbereich</label>
      <!--
external labels
--></labelLink>
</linkbase>