<?xml version="1.0" encoding="utf-8"?>
<!--(c) XBRL Deutschland e.V. - see http://www.xbrl.de-->


<linkbase xmlns="http://www.xbrl.org/2003/linkbase"
          xmlns:xsi="http://www.w3.org/2001/XMLSchema-instance"
          xsi:schemaLocation="http://www.xbrl.org/2003/linkbase http://www.xbrl.org/2003/xbrl-linkbase-2003-12-31.xsd">
   <roleRef xmlns:xbrldt="http://xbrl.org/2005/xbrldt"
            xmlns:xbrli="http://www.xbrl.org/2003/instance"
            xmlns:xlink="http://www.w3.org/1999/xlink"
            roleURI="http://www.xbrl.de/taxonomies/de-fi/role/notesTableStatementOfChangesInFixedAssetsForBanks"
            xlink:href="de-fi-2018-04-01.xsd#role_notesTableStatementOfChangesInFixedAssetsForBanks"
            xlink:type="simple"/>
   <arcroleRef xmlns:xbrldt="http://xbrl.org/2005/xbrldt"
               xmlns:xbrli="http://www.xbrl.org/2003/instance"
               xmlns:xlink="http://www.w3.org/1999/xlink"
               arcroleURI="http://xbrl.org/int/dim/arcrole/all"
               xlink:href="http://www.xbrl.org/2005/xbrldt-2005.xsd#all"
               xlink:type="simple"/>
   <arcroleRef xmlns:xbrldt="http://xbrl.org/2005/xbrldt"
               xmlns:xbrli="http://www.xbrl.org/2003/instance"
               xmlns:xlink="http://www.w3.org/1999/xlink"
               arcroleURI="http://xbrl.org/int/dim/arcrole/dimension-domain"
               xlink:href="http://www.xbrl.org/2005/xbrldt-2005.xsd#dimension-domain"
               xlink:type="simple"/>
   <arcroleRef xmlns:xbrldt="http://xbrl.org/2005/xbrldt"
               xmlns:xbrli="http://www.xbrl.org/2003/instance"
               xmlns:xlink="http://www.w3.org/1999/xlink"
               arcroleURI="http://xbrl.org/int/dim/arcrole/domain-member"
               xlink:href="http://www.xbrl.org/2005/xbrldt-2005.xsd#domain-member"
               xlink:type="simple"/>
   <arcroleRef xmlns:xbrldt="http://xbrl.org/2005/xbrldt"
               xmlns:xbrli="http://www.xbrl.org/2003/instance"
               xmlns:xlink="http://www.w3.org/1999/xlink"
               arcroleURI="http://xbrl.org/int/dim/arcrole/hypercube-dimension"
               xlink:href="http://www.xbrl.org/2005/xbrldt-2005.xsd#hypercube-dimension"
               xlink:type="simple"/>
   <definitionLink xmlns:xlink="http://www.w3.org/1999/xlink"
                   xlink:role="http://www.xbrl.de/taxonomies/de-fi/role/notesTableStatementOfChangesInFixedAssetsForBanks"
                   xlink:type="extended">
      <loc xlink:type="locator"
           xlink:href="../de-gaap-ci-2018-04-01/de-gaap-ci-2018-04-01-dimensions.xsd#de-gaap-ci_dim_taxTrans"
           xlink:label="de-gaap-ci_dim_taxTrans"/>
      <loc xlink:type="locator"
           xlink:href="../de-gaap-ci-2018-04-01/de-gaap-ci-2018-04-01-dimensions.xsd#de-gaap-ci_dim_taxBal"
           xlink:label="de-gaap-ci_dim_taxBal"/>
      <loc xlink:type="locator"
           xlink:href="../de-gaap-ci-2018-04-01/de-gaap-ci-2018-04-01-dimensions.xsd#de-gaap-ci_dim_diffComToTaxBal"
           xlink:label="de-gaap-ci_dim_diffComToTaxBal"/>
      <loc xlink:type="locator"
           xlink:href="../de-gaap-ci-2018-04-01/de-gaap-ci-2018-04-01-dimensions.xsd#de-gaap-ci_dim_comBal"
           xlink:label="de-gaap-ci_dim_comBal"/>
      <loc xlink:type="locator"
           xlink:href="de-fi-2018-04-01-dimensions.xsd#de-fi_tableBanks.nt.ass"
           xlink:label="de-fi_tableBanks.nt.ass"/>
      <loc xlink:type="locator"
           xlink:href="de-fi-2018-04-01-dimensions.xsd#de-fi_cubeBanks.nt.ass.gross"
           xlink:label="de-fi_cubeBanks.nt.ass.gross"/>
      <loc xlink:type="locator"
           xlink:href="de-fi-2018-04-01-dimensions.xsd#de-fi_dim_changesBanks.nt.ass"
           xlink:label="de-fi_dim_changesBanks.nt.ass"/>
      <loc xlink:type="locator"
           xlink:href="de-fi-2018-04-01.xsd#de-fi_bsBanks.ass.receivBanks"
           xlink:label="de-fi_bsBanks.ass.receivBanks"/>
      <loc xlink:type="locator"
           xlink:href="de-fi-2018-04-01.xsd#de-fi_bsBanks.ass.receivCustomers"
           xlink:label="de-fi_bsBanks.ass.receivCustomers"/>
      <loc xlink:type="locator"
           xlink:href="de-fi-2018-04-01.xsd#de-fi_bsBanks.ass.debtInstruments"
           xlink:label="de-fi_bsBanks.ass.debtInstruments"/>
      <loc xlink:type="locator" xlink:href="de-fi-2018-04-01.xsd#de-fi_bsBanks.ass.shares"
           xlink:label="de-fi_bsBanks.ass.shares"/>
      <loc xlink:type="locator"
           xlink:href="de-fi-2018-04-01.xsd#de-fi_bsBanks.ass.particip"
           xlink:label="de-fi_bsBanks.ass.particip"/>
      <loc xlink:type="locator"
           xlink:href="de-fi-2018-04-01.xsd#de-fi_bsBanks.ass.sharesInAffil"
           xlink:label="de-fi_bsBanks.ass.sharesInAffil"/>
      <loc xlink:type="locator"
           xlink:href="de-fi-2018-04-01-dimensions.xsd#de-fi_piTitleBanks.nt.ass.gross"
           xlink:label="de-fi_piTitleBanks.nt.ass.gross"/>
      <loc xlink:type="locator"
           xlink:href="de-fi-2018-04-01-dimensions.xsd#de-fi_allBanks"
           xlink:label="de-fi_allBanks"/>
      <loc xlink:type="locator"
           xlink:href="de-fi-2018-04-01-dimensions.xsd#de-fi_allBanks_Prev_period"
           xlink:label="de-fi_allBanks_Prev_period"/>
      <loc xlink:type="locator"
           xlink:href="de-fi-2018-04-01-dimensions.xsd#de-fi_grossBanks"
           xlink:label="de-fi_grossBanks"/>
      <loc xlink:type="locator"
           xlink:href="de-fi-2018-04-01-dimensions.xsd#de-fi_grossCostBanks.beginning"
           xlink:label="de-fi_grossCostBanks.beginning"/>
      <loc xlink:type="locator"
           xlink:href="de-fi-2018-04-01-dimensions.xsd#de-fi_grossBanks.diff"
           xlink:label="de-fi_grossBanks.diff"/>
      <loc xlink:type="locator"
           xlink:href="de-fi-2018-04-01-dimensions.xsd#de-fi_grossBanks.diff.currDiff"
           xlink:label="de-fi_grossBanks.diff.currDiff"/>
      <loc xlink:type="locator"
           xlink:href="de-fi-2018-04-01-dimensions.xsd#de-fi_grossBanks.diff.otherDiff"
           xlink:label="de-fi_grossBanks.diff.otherDiff"/>
      <loc xlink:type="locator"
           xlink:href="de-fi-2018-04-01-dimensions.xsd#de-fi_grossBanks.diff.otherDiff.comment"
           xlink:label="de-fi_grossBanks.diff.otherDiff.comment"/>
      <loc xlink:type="locator"
           xlink:href="de-fi-2018-04-01-dimensions.xsd#de-fi_grossBanks.addition"
           xlink:label="de-fi_grossBanks.addition"/>
      <loc xlink:type="locator"
           xlink:href="de-fi-2018-04-01-dimensions.xsd#de-fi_grossBanks.release"
           xlink:label="de-fi_grossBanks.release"/>
      <loc xlink:type="locator"
           xlink:href="de-fi-2018-04-01-dimensions.xsd#de-fi_grossBanks.movements"
           xlink:label="de-fi_grossBanks.movements"/>
      <loc xlink:type="locator"
           xlink:href="de-fi-2018-04-01-dimensions.xsd#de-fi_grossBanks.currChanges"
           xlink:label="de-fi_grossBanks.currChanges"/>
      <loc xlink:type="locator"
           xlink:href="de-fi-2018-04-01-dimensions.xsd#de-fi_accDeprBanks"
           xlink:label="de-fi_accDeprBanks"/>
      <loc xlink:type="locator"
           xlink:href="de-fi-2018-04-01-dimensions.xsd#de-fi_accDeprBanks.beginning"
           xlink:label="de-fi_accDeprBanks.beginning"/>
      <loc xlink:type="locator"
           xlink:href="de-fi-2018-04-01-dimensions.xsd#de-fi_accDeprBanks.diff"
           xlink:label="de-fi_accDeprBanks.diff"/>
      <loc xlink:type="locator"
           xlink:href="de-fi-2018-04-01-dimensions.xsd#de-fi_accDeprBanks.diff.currDiff"
           xlink:label="de-fi_accDeprBanks.diff.currDiff"/>
      <loc xlink:type="locator"
           xlink:href="de-fi-2018-04-01-dimensions.xsd#de-fi_accDeprBanks.diff.otherDiff"
           xlink:label="de-fi_accDeprBanks.diff.otherDiff"/>
      <loc xlink:type="locator"
           xlink:href="de-fi-2018-04-01-dimensions.xsd#de-fi_accDeprBanks.diff.otherDiff.comment"
           xlink:label="de-fi_accDeprBanks.diff.otherDiff.comment"/>
      <loc xlink:type="locator"
           xlink:href="de-fi-2018-04-01-dimensions.xsd#de-fi_accDeprBanks.DeprPeriod"
           xlink:label="de-fi_accDeprBanks.DeprPeriod"/>
      <loc xlink:type="locator"
           xlink:href="de-fi-2018-04-01-dimensions.xsd#de-fi_accDeprBanks.DeprPeriod.specific"
           xlink:label="de-fi_accDeprBanks.DeprPeriod.specific"/>
      <loc xlink:type="locator"
           xlink:href="de-fi-2018-04-01-dimensions.xsd#de-fi_accDeprBanks.addition"
           xlink:label="de-fi_accDeprBanks.addition"/>
      <loc xlink:type="locator"
           xlink:href="de-fi-2018-04-01-dimensions.xsd#de-fi_accDeprBanks.release"
           xlink:label="de-fi_accDeprBanks.release"/>
      <loc xlink:type="locator"
           xlink:href="de-fi-2018-04-01-dimensions.xsd#de-fi_accDeprBanks.movements"
           xlink:label="de-fi_accDeprBanks.movements"/>
      <loc xlink:type="locator"
           xlink:href="de-fi-2018-04-01-dimensions.xsd#de-fi_accDeprBanks.currChanges"
           xlink:label="de-fi_accDeprBanks.currChanges"/>
      <loc xlink:type="locator"
           xlink:href="de-fi-2018-04-01-dimensions.xsd#de-fi_revaluationBanks"
           xlink:label="de-fi_revaluationBanks"/>
      <loc xlink:type="locator"
           xlink:href="de-fi-2018-04-01-dimensions.xsd#de-fi_revaluationBanks.comment"
           xlink:label="de-fi_revaluationBanks.comment"/>
      <definitionArc xlink:from="de-gaap-ci_dim_taxTrans" xlink:to="de-gaap-ci_dim_taxBal" order="1"
                     xlink:arcrole="http://xbrl.org/int/dim/arcrole/dimension-domain"
                     xlink:type="arc"/>
      <definitionArc xlink:from="de-gaap-ci_dim_taxBal" xlink:to="de-gaap-ci_dim_diffComToTaxBal"
                     order="2"
                     xlink:arcrole="http://xbrl.org/int/dim/arcrole/domain-member"
                     xlink:type="arc"/>
      <definitionArc xlink:from="de-gaap-ci_dim_taxBal" xlink:to="de-gaap-ci_dim_comBal" order="1"
                     xlink:arcrole="http://xbrl.org/int/dim/arcrole/domain-member"
                     xlink:type="arc"/>
      <definitionArc xmlns:xbrldt="http://xbrl.org/2005/xbrldt" xlink:from="de-fi_tableBanks.nt.ass"
                     xlink:to="de-fi_cubeBanks.nt.ass.gross"
                     order="1"
                     xbrldt:contextElement="scenario"
                     xlink:arcrole="http://xbrl.org/int/dim/arcrole/all"
                     xlink:type="arc"/>
      <definitionArc xlink:from="de-fi_cubeBanks.nt.ass.gross" xlink:to="de-gaap-ci_dim_taxTrans"
                     order="1"
                     xlink:arcrole="http://xbrl.org/int/dim/arcrole/hypercube-dimension"
                     xlink:type="arc"/>
      <definitionArc xlink:from="de-fi_cubeBanks.nt.ass.gross"
                     xlink:to="de-fi_dim_changesBanks.nt.ass"
                     order="2"
                     xlink:arcrole="http://xbrl.org/int/dim/arcrole/hypercube-dimension"
                     xlink:type="arc"/>
      <definitionArc xlink:from="de-fi_dim_changesBanks.nt.ass"
                     xlink:to="de-fi_bsBanks.ass.receivBanks"
                     order="9"
                     xlink:arcrole="http://xbrl.org/int/dim/arcrole/dimension-domain"
                     xlink:type="arc"/>
      <definitionArc xlink:from="de-fi_dim_changesBanks.nt.ass"
                     xlink:to="de-fi_bsBanks.ass.receivCustomers"
                     order="10"
                     xlink:arcrole="http://xbrl.org/int/dim/arcrole/dimension-domain"
                     xlink:type="arc"/>
      <definitionArc xlink:from="de-fi_dim_changesBanks.nt.ass"
                     xlink:to="de-fi_bsBanks.ass.debtInstruments"
                     order="11"
                     xlink:arcrole="http://xbrl.org/int/dim/arcrole/dimension-domain"
                     xlink:type="arc"/>
      <definitionArc xlink:from="de-fi_dim_changesBanks.nt.ass" xlink:to="de-fi_bsBanks.ass.shares"
                     order="12"
                     xlink:arcrole="http://xbrl.org/int/dim/arcrole/dimension-domain"
                     xlink:type="arc"/>
      <definitionArc xlink:from="de-fi_dim_changesBanks.nt.ass"
                     xlink:to="de-fi_bsBanks.ass.particip"
                     order="13"
                     xlink:arcrole="http://xbrl.org/int/dim/arcrole/dimension-domain"
                     xlink:type="arc"/>
      <definitionArc xlink:from="de-fi_dim_changesBanks.nt.ass"
                     xlink:to="de-fi_bsBanks.ass.sharesInAffil"
                     order="14"
                     xlink:arcrole="http://xbrl.org/int/dim/arcrole/dimension-domain"
                     xlink:type="arc"/>
      <definitionArc xlink:from="de-fi_tableBanks.nt.ass" xlink:to="de-fi_piTitleBanks.nt.ass.gross"
                     order="2"
                     xlink:arcrole="http://xbrl.org/int/dim/arcrole/domain-member"
                     xlink:type="arc"/>
      <definitionArc xlink:from="de-fi_piTitleBanks.nt.ass.gross" xlink:to="de-fi_allBanks"
                     order="1"
                     xlink:arcrole="http://xbrl.org/int/dim/arcrole/domain-member"
                     xlink:type="arc"/>
      <definitionArc xlink:from="de-fi_allBanks" xlink:to="de-fi_allBanks_Prev_period" order="1"
                     xlink:arcrole="http://xbrl.org/int/dim/arcrole/domain-member"
                     xlink:type="arc"/>
      <definitionArc xlink:from="de-fi_allBanks" xlink:to="de-fi_grossBanks" order="2"
                     xlink:arcrole="http://xbrl.org/int/dim/arcrole/domain-member"
                     xlink:type="arc"/>
      <definitionArc xlink:from="de-fi_grossBanks" xlink:to="de-fi_grossCostBanks.beginning"
                     order="1"
                     xlink:arcrole="http://xbrl.org/int/dim/arcrole/domain-member"
                     xlink:type="arc"/>
      <definitionArc xlink:from="de-fi_grossBanks" xlink:to="de-fi_grossBanks.diff" order="2"
                     xlink:arcrole="http://xbrl.org/int/dim/arcrole/domain-member"
                     xlink:type="arc"/>
      <definitionArc xlink:from="de-fi_grossBanks.diff" xlink:to="de-fi_grossBanks.diff.currDiff"
                     order="1"
                     xlink:arcrole="http://xbrl.org/int/dim/arcrole/domain-member"
                     xlink:type="arc"/>
      <definitionArc xlink:from="de-fi_grossBanks.diff" xlink:to="de-fi_grossBanks.diff.otherDiff"
                     order="2"
                     xlink:arcrole="http://xbrl.org/int/dim/arcrole/domain-member"
                     xlink:type="arc"/>
      <definitionArc xlink:from="de-fi_grossBanks.diff.otherDiff"
                     xlink:to="de-fi_grossBanks.diff.otherDiff.comment"
                     order="1"
                     xlink:arcrole="http://xbrl.org/int/dim/arcrole/domain-member"
                     xlink:type="arc"/>
      <definitionArc xlink:from="de-fi_grossBanks" xlink:to="de-fi_grossBanks.addition" order="3"
                     xlink:arcrole="http://xbrl.org/int/dim/arcrole/domain-member"
                     xlink:type="arc"/>
      <definitionArc xlink:from="de-fi_grossBanks" xlink:to="de-fi_grossBanks.release" order="4"
                     xlink:arcrole="http://xbrl.org/int/dim/arcrole/domain-member"
                     xlink:type="arc"/>
      <definitionArc xlink:from="de-fi_grossBanks" xlink:to="de-fi_grossBanks.movements" order="5"
                     xlink:arcrole="http://xbrl.org/int/dim/arcrole/domain-member"
                     xlink:type="arc"/>
      <definitionArc xlink:from="de-fi_grossBanks" xlink:to="de-fi_grossBanks.currChanges" order="6"
                     xlink:arcrole="http://xbrl.org/int/dim/arcrole/domain-member"
                     xlink:type="arc"/>
      <definitionArc xlink:from="de-fi_allBanks" xlink:to="de-fi_accDeprBanks" order="3"
                     xlink:arcrole="http://xbrl.org/int/dim/arcrole/domain-member"
                     xlink:type="arc"/>
      <definitionArc xlink:from="de-fi_accDeprBanks" xlink:to="de-fi_accDeprBanks.beginning"
                     order="1"
                     xlink:arcrole="http://xbrl.org/int/dim/arcrole/domain-member"
                     xlink:type="arc"/>
      <definitionArc xlink:from="de-fi_accDeprBanks" xlink:to="de-fi_accDeprBanks.diff" order="2"
                     xlink:arcrole="http://xbrl.org/int/dim/arcrole/domain-member"
                     xlink:type="arc"/>
      <definitionArc xlink:from="de-fi_accDeprBanks.diff"
                     xlink:to="de-fi_accDeprBanks.diff.currDiff"
                     order="1"
                     xlink:arcrole="http://xbrl.org/int/dim/arcrole/domain-member"
                     xlink:type="arc"/>
      <definitionArc xlink:from="de-fi_accDeprBanks.diff"
                     xlink:to="de-fi_accDeprBanks.diff.otherDiff"
                     order="2"
                     xlink:arcrole="http://xbrl.org/int/dim/arcrole/domain-member"
                     xlink:type="arc"/>
      <definitionArc xlink:from="de-fi_accDeprBanks.diff.otherDiff"
                     xlink:to="de-fi_accDeprBanks.diff.otherDiff.comment"
                     order="1"
                     xlink:arcrole="http://xbrl.org/int/dim/arcrole/domain-member"
                     xlink:type="arc"/>
      <definitionArc xlink:from="de-fi_accDeprBanks" xlink:to="de-fi_accDeprBanks.DeprPeriod"
                     order="3"
                     xlink:arcrole="http://xbrl.org/int/dim/arcrole/domain-member"
                     xlink:type="arc"/>
      <definitionArc xlink:from="de-fi_accDeprBanks.DeprPeriod"
                     xlink:to="de-fi_accDeprBanks.DeprPeriod.specific"
                     order="1"
                     xlink:arcrole="http://xbrl.org/int/dim/arcrole/domain-member"
                     xlink:type="arc"/>
      <definitionArc xlink:from="de-fi_accDeprBanks" xlink:to="de-fi_accDeprBanks.addition"
                     order="4"
                     xlink:arcrole="http://xbrl.org/int/dim/arcrole/domain-member"
                     xlink:type="arc"/>
      <definitionArc xlink:from="de-fi_accDeprBanks" xlink:to="de-fi_accDeprBanks.release" order="5"
                     xlink:arcrole="http://xbrl.org/int/dim/arcrole/domain-member"
                     xlink:type="arc"/>
      <definitionArc xlink:from="de-fi_accDeprBanks" xlink:to="de-fi_accDeprBanks.movements"
                     order="6"
                     xlink:arcrole="http://xbrl.org/int/dim/arcrole/domain-member"
                     xlink:type="arc"/>
      <definitionArc xlink:from="de-fi_accDeprBanks" xlink:to="de-fi_accDeprBanks.currChanges"
                     order="7"
                     xlink:arcrole="http://xbrl.org/int/dim/arcrole/domain-member"
                     xlink:type="arc"/>
      <definitionArc xlink:from="de-fi_allBanks" xlink:to="de-fi_revaluationBanks" order="4"
                     xlink:arcrole="http://xbrl.org/int/dim/arcrole/domain-member"
                     xlink:type="arc"/>
      <definitionArc xlink:from="de-fi_revaluationBanks" xlink:to="de-fi_revaluationBanks.comment"
                     order="1"
                     xlink:arcrole="http://xbrl.org/int/dim/arcrole/domain-member"
                     xlink:type="arc"/>
   </definitionLink>
</linkbase>