<?xml version="1.0" encoding="utf-8"?>
<!--(c) XBRL Deutschland e.V. - see http://www.xbrl.de-->


<linkbase xmlns="http://www.xbrl.org/2003/linkbase"
          xmlns:xsi="http://www.w3.org/2001/XMLSchema-instance"
          xsi:schemaLocation="http://www.xbrl.org/2003/linkbase http://www.xbrl.org/2003/xbrl-linkbase-2003-12-31.xsd">
   <roleRef xmlns:xbrldt="http://xbrl.org/2005/xbrldt"
            xmlns:xlink="http://www.w3.org/1999/xlink"
            roleURI="http://www.xbrl.de/taxonomies/de-fi/role/notesTableStatementOfChangesInFixedAssetsForBanks"
            xlink:href="de-fi-2018-04-01.xsd#role_notesTableStatementOfChangesInFixedAssetsForBanks"
            xlink:type="simple"/>
   <arcroleRef xmlns:xbrldt="http://xbrl.org/2005/xbrldt"
               xmlns:xlink="http://www.w3.org/1999/xlink"
               arcroleURI="http://xbrl.org/int/dim/arcrole/domain-member"
               xlink:href="http://www.xbrl.org/2005/xbrldt-2005.xsd#domain-member"
               xlink:type="simple"/>
   <definitionLink xmlns:xlink="http://www.w3.org/1999/xlink"
                   xlink:role="http://www.xbrl.de/taxonomies/de-fi/role/notesTableStatementOfChangesInFixedAssetsForBanks"
                   xlink:type="extended">
      <loc xlink:type="locator"
           xlink:href="de-fi-2018-04-01.xsd#de-fi_bsBanks.ass.receivBanks"
           xlink:label="de-fi_bsBanks.ass.receivBanks"/>
      <loc xlink:type="locator"
           xlink:href="de-fi-2018-04-01.xsd#de-fi_bsBanks.ass.receivBanks.mortgageLoans"
           xlink:label="de-fi_bsBanks.ass.receivBanks.mortgageLoans"/>
      <loc xlink:type="locator"
           xlink:href="de-fi-2018-04-01.xsd#de-fi_bsBanks.ass.receivBanks.otherBuildingSocieties"
           xlink:label="de-fi_bsBanks.ass.receivBanks.otherBuildingSocieties"/>
      <loc xlink:type="locator"
           xlink:href="de-fi-2018-04-01.xsd#de-fi_bsBanks.ass.receivBanks.dueOnDemandBuildingSocieties"
           xlink:label="de-fi_bsBanks.ass.receivBanks.dueOnDemandBuildingSocieties"/>
      <loc xlink:type="locator"
           xlink:href="de-fi-2018-04-01.xsd#de-fi_bsBanks.ass.receivBanks.otherMortgageCompanies"
           xlink:label="de-fi_bsBanks.ass.receivBanks.otherMortgageCompanies"/>
      <loc xlink:type="locator"
           xlink:href="de-fi-2018-04-01.xsd#de-fi_bsBanks.ass.receivBanks.otherMortgageCompanies.mortgagingSecurities"
           xlink:label="de-fi_bsBanks.ass.receivBanks.otherMortgageCompanies.mortgagingSecurities"/>
      <loc xlink:type="locator"
           xlink:href="de-fi-2018-04-01.xsd#de-fi_bsBanks.ass.receivBanks.otherMortgageCompanies.dueOnDemand"
           xlink:label="de-fi_bsBanks.ass.receivBanks.otherMortgageCompanies.dueOnDemand"/>
      <loc xlink:type="locator"
           xlink:href="de-fi-2018-04-01.xsd#de-fi_bsBanks.ass.receivBanks.affil"
           xlink:label="de-fi_bsBanks.ass.receivBanks.affil"/>
      <loc xlink:type="locator"
           xlink:href="de-fi-2018-04-01.xsd#de-fi_bsBanks.ass.receivBanks.affil.partnerships"
           xlink:label="de-fi_bsBanks.ass.receivBanks.affil.partnerships"/>
      <loc xlink:type="locator"
           xlink:href="de-fi-2018-04-01.xsd#de-fi_bsBanks.ass.receivBanks.other"
           xlink:label="de-fi_bsBanks.ass.receivBanks.other"/>
      <loc xlink:type="locator"
           xlink:href="de-fi-2018-04-01.xsd#de-fi_bsBanks.ass.receivBanks.fundsForGeneralBankRisksHGB340f"
           xlink:label="de-fi_bsBanks.ass.receivBanks.fundsForGeneralBankRisksHGB340f"/>
      <loc xlink:type="locator"
           xlink:href="de-fi-2018-04-01.xsd#de-fi_bsBanks.ass.receivBanks.homeSavingsLoans"
           xlink:label="de-fi_bsBanks.ass.receivBanks.homeSavingsLoans"/>
      <loc xlink:type="locator"
           xlink:href="de-fi-2018-04-01.xsd#de-fi_bsBanks.ass.receivBanks.dueOnDemand"
           xlink:label="de-fi_bsBanks.ass.receivBanks.dueOnDemand"/>
      <loc xlink:type="locator"
           xlink:href="de-fi-2018-04-01.xsd#de-fi_bsBanks.ass.receivBanks.interimLoans"
           xlink:label="de-fi_bsBanks.ass.receivBanks.interimLoans"/>
      <loc xlink:type="locator"
           xlink:href="de-fi-2018-04-01.xsd#de-fi_bsBanks.ass.receivBanks.particip"
           xlink:label="de-fi_bsBanks.ass.receivBanks.particip"/>
      <loc xlink:type="locator"
           xlink:href="de-fi-2018-04-01.xsd#de-fi_bsBanks.ass.receivBanks.particip.partnerships"
           xlink:label="de-fi_bsBanks.ass.receivBanks.particip.partnerships"/>
      <loc xlink:type="locator"
           xlink:href="de-fi-2018-04-01.xsd#de-fi_bsBanks.ass.receivBanks.lastRange"
           xlink:label="de-fi_bsBanks.ass.receivBanks.lastRange"/>
      <loc xlink:type="locator"
           xlink:href="de-fi-2018-04-01.xsd#de-fi_bsBanks.ass.receivBanks.publLoans"
           xlink:label="de-fi_bsBanks.ass.receivBanks.publLoans"/>
      <loc xlink:type="locator"
           xlink:href="de-fi-2018-04-01.xsd#de-fi_bsBanks.ass.receivBanks.otherBuildingLoans"
           xlink:label="de-fi_bsBanks.ass.receivBanks.otherBuildingLoans"/>
      <loc xlink:type="locator"
           xlink:href="de-fi-2018-04-01.xsd#de-fi_bsBanks.ass.receivCustomers"
           xlink:label="de-fi_bsBanks.ass.receivCustomers"/>
      <loc xlink:type="locator"
           xlink:href="de-fi-2018-04-01.xsd#de-fi_bsBanks.ass.receivCustomers.buildingLoans"
           xlink:label="de-fi_bsBanks.ass.receivCustomers.buildingLoans"/>
      <loc xlink:type="locator"
           xlink:href="de-fi-2018-04-01.xsd#de-fi_bsBanks.ass.receivCustomers.buildingLoans.interim"
           xlink:label="de-fi_bsBanks.ass.receivCustomers.buildingLoans.interim"/>
      <loc xlink:type="locator"
           xlink:href="de-fi-2018-04-01.xsd#de-fi_bsBanks.ass.receivCustomers.buildingLoans.allotments"
           xlink:label="de-fi_bsBanks.ass.receivCustomers.buildingLoans.allotments"/>
      <loc xlink:type="locator"
           xlink:href="de-fi-2018-04-01.xsd#de-fi_bsBanks.ass.receivCustomers.buildingLoans.other"
           xlink:label="de-fi_bsBanks.ass.receivCustomers.buildingLoans.other"/>
      <loc xlink:type="locator"
           xlink:href="de-fi-2018-04-01.xsd#de-fi_bsBanks.ass.receivCustomers.buildingLoans.other.securedByMortgages"
           xlink:label="de-fi_bsBanks.ass.receivCustomers.buildingLoans.other.securedByMortgages"/>
      <loc xlink:type="locator"
           xlink:href="de-fi-2018-04-01.xsd#de-fi_bsBanks.ass.receivCustomers.otherBuildingSocieties"
           xlink:label="de-fi_bsBanks.ass.receivCustomers.otherBuildingSocieties"/>
      <loc xlink:type="locator"
           xlink:href="de-fi-2018-04-01.xsd#de-fi_bsBanks.ass.receivCustomers.securedByShipMortgages"
           xlink:label="de-fi_bsBanks.ass.receivCustomers.securedByShipMortgages"/>
      <loc xlink:type="locator"
           xlink:href="de-fi-2018-04-01.xsd#de-fi_bsBanks.ass.receivCustomers.otherMortgageCompanies"
           xlink:label="de-fi_bsBanks.ass.receivCustomers.otherMortgageCompanies"/>
      <loc xlink:type="locator"
           xlink:href="de-fi-2018-04-01.xsd#de-fi_bsBanks.ass.receivCustomers.otherMortgageCompanies.collaterisedBySecurities"
           xlink:label="de-fi_bsBanks.ass.receivCustomers.otherMortgageCompanies.collaterisedBySecurities"/>
      <loc xlink:type="locator"
           xlink:href="de-fi-2018-04-01.xsd#de-fi_bsBanks.ass.receivCustomers.affil"
           xlink:label="de-fi_bsBanks.ass.receivCustomers.affil"/>
      <loc xlink:type="locator"
           xlink:href="de-fi-2018-04-01.xsd#de-fi_bsBanks.ass.receivCustomers.affil.partnerships"
           xlink:label="de-fi_bsBanks.ass.receivCustomers.affil.partnerships"/>
      <loc xlink:type="locator"
           xlink:href="de-fi-2018-04-01.xsd#de-fi_bsBanks.ass.receivCustomers.publLoansMortgage.Companies"
           xlink:label="de-fi_bsBanks.ass.receivCustomers.publLoansMortgage.Companies"/>
      <loc xlink:type="locator"
           xlink:href="de-fi-2018-04-01.xsd#de-fi_bsBanks.ass.receivCustomers.fundsForGeneralBankRisksHGB340f"
           xlink:label="de-fi_bsBanks.ass.receivCustomers.fundsForGeneralBankRisksHGB340f"/>
      <loc xlink:type="locator"
           xlink:href="de-fi-2018-04-01.xsd#de-fi_bsBanks.ass.receivCustomers.lastRange"
           xlink:label="de-fi_bsBanks.ass.receivCustomers.lastRange"/>
      <loc xlink:type="locator"
           xlink:href="de-fi-2018-04-01.xsd#de-fi_bsBanks.ass.receivCustomers.financialServicesInstitutions"
           xlink:label="de-fi_bsBanks.ass.receivCustomers.financialServicesInstitutions"/>
      <loc xlink:type="locator"
           xlink:href="de-fi-2018-04-01.xsd#de-fi_bsBanks.ass.receivCustomers.securedByMortgages"
           xlink:label="de-fi_bsBanks.ass.receivCustomers.securedByMortgages"/>
      <loc xlink:type="locator"
           xlink:href="de-fi-2018-04-01.xsd#de-fi_bsBanks.ass.receivCustomers.particip"
           xlink:label="de-fi_bsBanks.ass.receivCustomers.particip"/>
      <loc xlink:type="locator"
           xlink:href="de-fi-2018-04-01.xsd#de-fi_bsBanks.ass.receivCustomers.particip.partnerships"
           xlink:label="de-fi_bsBanks.ass.receivCustomers.particip.partnerships"/>
      <loc xlink:type="locator"
           xlink:href="de-fi-2018-04-01.xsd#de-fi_bsBanks.ass.receivCustomers.publLoans"
           xlink:label="de-fi_bsBanks.ass.receivCustomers.publLoans"/>
      <loc xlink:type="locator"
           xlink:href="de-fi-2018-04-01.xsd#de-fi_bsBanks.ass.receivCustomers.mortgageLoans"
           xlink:label="de-fi_bsBanks.ass.receivCustomers.mortgageLoans"/>
      <loc xlink:type="locator"
           xlink:href="de-fi-2018-04-01.xsd#de-fi_bsBanks.ass.receivCustomers.relatingToGoods"
           xlink:label="de-fi_bsBanks.ass.receivCustomers.relatingToGoods"/>
      <loc xlink:type="locator"
           xlink:href="de-fi-2018-04-01.xsd#de-fi_bsBanks.ass.debtInstruments"
           xlink:label="de-fi_bsBanks.ass.debtInstruments"/>
      <loc xlink:type="locator"
           xlink:href="de-fi-2018-04-01.xsd#de-fi_bsBanks.ass.debtInstruments.moneyMarketPapers"
           xlink:label="de-fi_bsBanks.ass.debtInstruments.moneyMarketPapers"/>
      <loc xlink:type="locator"
           xlink:href="de-fi-2018-04-01.xsd#de-fi_bsBanks.ass.debtInstruments.moneyMarketPapers.otherIssuers"
           xlink:label="de-fi_bsBanks.ass.debtInstruments.moneyMarketPapers.otherIssuers"/>
      <loc xlink:type="locator"
           xlink:href="de-fi-2018-04-01.xsd#de-fi_bsBanks.ass.debtInstruments.moneyMarketPapers.otherIssuers.BuBa"
           xlink:label="de-fi_bsBanks.ass.debtInstruments.moneyMarketPapers.otherIssuers.BuBa"/>
      <loc xlink:type="locator"
           xlink:href="de-fi-2018-04-01.xsd#de-fi_bsBanks.ass.debtInstruments.moneyMarketPapers.publIssuers"
           xlink:label="de-fi_bsBanks.ass.debtInstruments.moneyMarketPapers.publIssuers"/>
      <loc xlink:type="locator"
           xlink:href="de-fi-2018-04-01.xsd#de-fi_bsBanks.ass.debtInstruments.moneyMarketPapers.publIssuers.BuBa"
           xlink:label="de-fi_bsBanks.ass.debtInstruments.moneyMarketPapers.publIssuers.BuBa"/>
      <loc xlink:type="locator"
           xlink:href="de-fi-2018-04-01.xsd#de-fi_bsBanks.ass.debtInstruments.particip"
           xlink:label="de-fi_bsBanks.ass.debtInstruments.particip"/>
      <loc xlink:type="locator"
           xlink:href="de-fi-2018-04-01.xsd#de-fi_bsBanks.ass.debtInstruments.affil"
           xlink:label="de-fi_bsBanks.ass.debtInstruments.affil"/>
      <loc xlink:type="locator"
           xlink:href="de-fi-2018-04-01.xsd#de-fi_bsBanks.ass.debtInstruments.ownDebtInstruments"
           xlink:label="de-fi_bsBanks.ass.debtInstruments.ownDebtInstruments"/>
      <loc xlink:type="locator"
           xlink:href="de-fi-2018-04-01.xsd#de-fi_bsBanks.ass.debtInstruments.ownDebtInstruments.parValue"
           xlink:label="de-fi_bsBanks.ass.debtInstruments.ownDebtInstruments.parValue"/>
      <loc xlink:type="locator"
           xlink:href="de-fi-2018-04-01.xsd#de-fi_bsBanks.ass.debtInstruments.bonds"
           xlink:label="de-fi_bsBanks.ass.debtInstruments.bonds"/>
      <loc xlink:type="locator"
           xlink:href="de-fi-2018-04-01.xsd#de-fi_bsBanks.ass.debtInstruments.bonds.otherIssuers"
           xlink:label="de-fi_bsBanks.ass.debtInstruments.bonds.otherIssuers"/>
      <loc xlink:type="locator"
           xlink:href="de-fi-2018-04-01.xsd#de-fi_bsBanks.ass.debtInstruments.bonds.otherIssuers.BuBa"
           xlink:label="de-fi_bsBanks.ass.debtInstruments.bonds.otherIssuers.BuBa"/>
      <loc xlink:type="locator"
           xlink:href="de-fi-2018-04-01.xsd#de-fi_bsBanks.ass.debtInstruments.bonds.publIssuers"
           xlink:label="de-fi_bsBanks.ass.debtInstruments.bonds.publIssuers"/>
      <loc xlink:type="locator"
           xlink:href="de-fi-2018-04-01.xsd#de-fi_bsBanks.ass.debtInstruments.bonds.publIssuers.BuBa"
           xlink:label="de-fi_bsBanks.ass.debtInstruments.bonds.publIssuers.BuBa"/>
      <loc xlink:type="locator"
           xlink:href="de-fi-2018-04-01.xsd#de-fi_bsBanks.ass.debtInstruments.fundsForGeneralBankRisksHGB340f"
           xlink:label="de-fi_bsBanks.ass.debtInstruments.fundsForGeneralBankRisksHGB340f"/>
      <loc xlink:type="locator" xlink:href="de-fi-2018-04-01.xsd#de-fi_bsBanks.ass.shares"
           xlink:label="de-fi_bsBanks.ass.shares"/>
      <loc xlink:type="locator"
           xlink:href="de-fi-2018-04-01.xsd#de-fi_bsBanks.ass.shares.fundsForGeneralBankRisksHGB340f"
           xlink:label="de-fi_bsBanks.ass.shares.fundsForGeneralBankRisksHGB340f"/>
      <loc xlink:type="locator"
           xlink:href="de-fi-2018-04-01.xsd#de-fi_bsBanks.ass.shares.liquidityReserve"
           xlink:label="de-fi_bsBanks.ass.shares.liquidityReserve"/>
      <loc xlink:type="locator"
           xlink:href="de-fi-2018-04-01.xsd#de-fi_bsBanks.ass.shares.liquidityReserve.bankingBook"
           xlink:label="de-fi_bsBanks.ass.shares.liquidityReserve.bankingBook"/>
      <loc xlink:type="locator"
           xlink:href="de-fi-2018-04-01.xsd#de-fi_bsBanks.ass.shares.liquidityReserve.tradingBook"
           xlink:label="de-fi_bsBanks.ass.shares.liquidityReserve.tradingBook"/>
      <loc xlink:type="locator"
           xlink:href="de-fi-2018-04-01.xsd#de-fi_bsBanks.ass.shares.lastRange"
           xlink:label="de-fi_bsBanks.ass.shares.lastRange"/>
      <loc xlink:type="locator"
           xlink:href="de-fi-2018-04-01.xsd#de-fi_bsBanks.ass.shares.investmentPortfolio"
           xlink:label="de-fi_bsBanks.ass.shares.investmentPortfolio"/>
      <loc xlink:type="locator"
           xlink:href="de-fi-2018-04-01.xsd#de-fi_bsBanks.ass.shares.investmentPortfolio.bankingBook"
           xlink:label="de-fi_bsBanks.ass.shares.investmentPortfolio.bankingBook"/>
      <loc xlink:type="locator"
           xlink:href="de-fi-2018-04-01.xsd#de-fi_bsBanks.ass.shares.investmentPortfolio.tradingBook"
           xlink:label="de-fi_bsBanks.ass.shares.investmentPortfolio.tradingBook"/>
      <loc xlink:type="locator"
           xlink:href="de-fi-2018-04-01.xsd#de-fi_bsBanks.ass.sharesOtherForeign"
           xlink:label="de-fi_bsBanks.ass.sharesOtherForeign"/>
      <loc xlink:type="locator"
           xlink:href="de-fi-2018-04-01.xsd#de-fi_bsBanks.ass.particip"
           xlink:label="de-fi_bsBanks.ass.particip"/>
      <loc xlink:type="locator"
           xlink:href="de-fi-2018-04-01.xsd#de-fi_bsBanks.ass.particip.partnerships"
           xlink:label="de-fi_bsBanks.ass.particip.partnerships"/>
      <loc xlink:type="locator"
           xlink:href="de-fi-2018-04-01.xsd#de-fi_bsBanks.ass.particip.lastRange"
           xlink:label="de-fi_bsBanks.ass.particip.lastRange"/>
      <loc xlink:type="locator"
           xlink:href="de-fi-2018-04-01.xsd#de-fi_bsBanks.ass.particip.financialServicesInstitutions"
           xlink:label="de-fi_bsBanks.ass.particip.financialServicesInstitutions"/>
      <loc xlink:type="locator"
           xlink:href="de-fi-2018-04-01.xsd#de-fi_bsBanks.ass.particip.banks"
           xlink:label="de-fi_bsBanks.ass.particip.banks"/>
      <loc xlink:type="locator"
           xlink:href="de-fi-2018-04-01.xsd#de-fi_bsBanks.ass.participCoop.paidUpShares"
           xlink:label="de-fi_bsBanks.ass.participCoop.paidUpShares"/>
      <loc xlink:type="locator"
           xlink:href="de-fi-2018-04-01.xsd#de-fi_bsBanks.ass.participCoop.paidUpShares.creditCoop"
           xlink:label="de-fi_bsBanks.ass.participCoop.paidUpShares.creditCoop"/>
      <loc xlink:type="locator"
           xlink:href="de-fi-2018-04-01.xsd#de-fi_bsBanks.ass.participCoop.paidUpShares.financialServicesInstitutions"
           xlink:label="de-fi_bsBanks.ass.participCoop.paidUpShares.financialServicesInstitutions"/>
      <loc xlink:type="locator"
           xlink:href="de-fi-2018-04-01.xsd#de-fi_bsBanks.ass.particip.corporations"
           xlink:label="de-fi_bsBanks.ass.particip.corporations"/>
      <loc xlink:type="locator"
           xlink:href="de-fi-2018-04-01.xsd#de-fi_bsBanks.ass.participCoop.particip"
           xlink:label="de-fi_bsBanks.ass.participCoop.particip"/>
      <loc xlink:type="locator"
           xlink:href="de-fi-2018-04-01.xsd#de-fi_bsBanks.ass.participCoop.particip.financialServicesInstitutions"
           xlink:label="de-fi_bsBanks.ass.participCoop.particip.financialServicesInstitutions"/>
      <loc xlink:type="locator"
           xlink:href="de-fi-2018-04-01.xsd#de-fi_bsBanks.ass.participCoop.particip.corporations"
           xlink:label="de-fi_bsBanks.ass.participCoop.particip.corporations"/>
      <loc xlink:type="locator"
           xlink:href="de-fi-2018-04-01.xsd#de-fi_bsBanks.ass.participCoop.particip.banks"
           xlink:label="de-fi_bsBanks.ass.participCoop.particip.banks"/>
      <loc xlink:type="locator"
           xlink:href="de-fi-2018-04-01.xsd#de-fi_bsBanks.ass.participCoop.particip.partnerships"
           xlink:label="de-fi_bsBanks.ass.participCoop.particip.partnerships"/>
      <loc xlink:type="locator"
           xlink:href="de-fi-2018-04-01.xsd#de-fi_bsBanks.ass.sharesInAffil"
           xlink:label="de-fi_bsBanks.ass.sharesInAffil"/>
      <loc xlink:type="locator"
           xlink:href="de-fi-2018-04-01.xsd#de-fi_bsBanks.ass.sharesInAffil.partnerships"
           xlink:label="de-fi_bsBanks.ass.sharesInAffil.partnerships"/>
      <loc xlink:type="locator"
           xlink:href="de-fi-2018-04-01.xsd#de-fi_bsBanks.ass.sharesInAffil.corporations"
           xlink:label="de-fi_bsBanks.ass.sharesInAffil.corporations"/>
      <loc xlink:type="locator"
           xlink:href="de-fi-2018-04-01.xsd#de-fi_bsBanks.ass.sharesInAffil.banks"
           xlink:label="de-fi_bsBanks.ass.sharesInAffil.banks"/>
      <loc xlink:type="locator"
           xlink:href="de-fi-2018-04-01.xsd#de-fi_bsBanks.ass.sharesInAffil.banks.financialServicesInstitutions"
           xlink:label="de-fi_bsBanks.ass.sharesInAffil.banks.financialServicesInstitutions"/>
      <loc xlink:type="locator"
           xlink:href="de-fi-2018-04-01.xsd#de-fi_bsBanks.ass.sharesInAffil.lastRange"
           xlink:label="de-fi_bsBanks.ass.sharesInAffil.lastRange"/>
      <definitionArc xlink:from="de-fi_bsBanks.ass.receivBanks"
                     xlink:to="de-fi_bsBanks.ass.receivBanks.mortgageLoans"
                     order="5"
                     xlink:arcrole="http://xbrl.org/int/dim/arcrole/domain-member"
                     xlink:type="arc"/>
      <definitionArc xlink:from="de-fi_bsBanks.ass.receivBanks"
                     xlink:to="de-fi_bsBanks.ass.receivBanks.otherBuildingSocieties"
                     order="11"
                     xlink:arcrole="http://xbrl.org/int/dim/arcrole/domain-member"
                     xlink:type="arc"/>
      <definitionArc xlink:from="de-fi_bsBanks.ass.receivBanks.otherBuildingSocieties"
                     xlink:to="de-fi_bsBanks.ass.receivBanks.dueOnDemandBuildingSocieties"
                     order="1"
                     xlink:arcrole="http://xbrl.org/int/dim/arcrole/domain-member"
                     xlink:type="arc"/>
      <definitionArc xlink:from="de-fi_bsBanks.ass.receivBanks"
                     xlink:to="de-fi_bsBanks.ass.receivBanks.otherMortgageCompanies"
                     order="7"
                     xlink:arcrole="http://xbrl.org/int/dim/arcrole/domain-member"
                     xlink:type="arc"/>
      <definitionArc xlink:from="de-fi_bsBanks.ass.receivBanks.otherMortgageCompanies"
                     xlink:to="de-fi_bsBanks.ass.receivBanks.otherMortgageCompanies.mortgagingSecurities"
                     order="4"
                     xlink:arcrole="http://xbrl.org/int/dim/arcrole/domain-member"
                     xlink:type="arc"/>
      <definitionArc xlink:from="de-fi_bsBanks.ass.receivBanks.otherMortgageCompanies"
                     xlink:to="de-fi_bsBanks.ass.receivBanks.otherMortgageCompanies.dueOnDemand"
                     order="3"
                     xlink:arcrole="http://xbrl.org/int/dim/arcrole/domain-member"
                     xlink:type="arc"/>
      <definitionArc xlink:from="de-fi_bsBanks.ass.receivBanks"
                     xlink:to="de-fi_bsBanks.ass.receivBanks.affil"
                     order="1"
                     xlink:arcrole="http://xbrl.org/int/dim/arcrole/domain-member"
                     xlink:type="arc"/>
      <definitionArc xlink:from="de-fi_bsBanks.ass.receivBanks.affil"
                     xlink:to="de-fi_bsBanks.ass.receivBanks.affil.partnerships"
                     order="1"
                     xlink:arcrole="http://xbrl.org/int/dim/arcrole/domain-member"
                     xlink:type="arc"/>
      <definitionArc xlink:from="de-fi_bsBanks.ass.receivBanks"
                     xlink:to="de-fi_bsBanks.ass.receivBanks.other"
                     order="4"
                     xlink:arcrole="http://xbrl.org/int/dim/arcrole/domain-member"
                     xlink:type="arc"/>
      <definitionArc xlink:from="de-fi_bsBanks.ass.receivBanks"
                     xlink:to="de-fi_bsBanks.ass.receivBanks.fundsForGeneralBankRisksHGB340f"
                     order="13"
                     xlink:arcrole="http://xbrl.org/int/dim/arcrole/domain-member"
                     xlink:type="arc"/>
      <definitionArc xlink:from="de-fi_bsBanks.ass.receivBanks"
                     xlink:to="de-fi_bsBanks.ass.receivBanks.homeSavingsLoans"
                     order="8"
                     xlink:arcrole="http://xbrl.org/int/dim/arcrole/domain-member"
                     xlink:type="arc"/>
      <definitionArc xlink:from="de-fi_bsBanks.ass.receivBanks"
                     xlink:to="de-fi_bsBanks.ass.receivBanks.dueOnDemand"
                     order="3"
                     xlink:arcrole="http://xbrl.org/int/dim/arcrole/domain-member"
                     xlink:type="arc"/>
      <definitionArc xlink:from="de-fi_bsBanks.ass.receivBanks"
                     xlink:to="de-fi_bsBanks.ass.receivBanks.interimLoans"
                     order="9"
                     xlink:arcrole="http://xbrl.org/int/dim/arcrole/domain-member"
                     xlink:type="arc"/>
      <definitionArc xlink:from="de-fi_bsBanks.ass.receivBanks"
                     xlink:to="de-fi_bsBanks.ass.receivBanks.particip"
                     order="2"
                     xlink:arcrole="http://xbrl.org/int/dim/arcrole/domain-member"
                     xlink:type="arc"/>
      <definitionArc xlink:from="de-fi_bsBanks.ass.receivBanks.particip"
                     xlink:to="de-fi_bsBanks.ass.receivBanks.particip.partnerships"
                     order="1"
                     xlink:arcrole="http://xbrl.org/int/dim/arcrole/domain-member"
                     xlink:type="arc"/>
      <definitionArc xlink:from="de-fi_bsBanks.ass.receivBanks"
                     xlink:to="de-fi_bsBanks.ass.receivBanks.lastRange"
                     order="2.5"
                     xlink:arcrole="http://xbrl.org/int/dim/arcrole/domain-member"
                     xlink:type="arc"/>
      <definitionArc xlink:from="de-fi_bsBanks.ass.receivBanks"
                     xlink:to="de-fi_bsBanks.ass.receivBanks.publLoans"
                     order="6"
                     xlink:arcrole="http://xbrl.org/int/dim/arcrole/domain-member"
                     xlink:type="arc"/>
      <definitionArc xlink:from="de-fi_bsBanks.ass.receivBanks"
                     xlink:to="de-fi_bsBanks.ass.receivBanks.otherBuildingLoans"
                     order="10"
                     xlink:arcrole="http://xbrl.org/int/dim/arcrole/domain-member"
                     xlink:type="arc"/>
      <definitionArc xlink:from="de-fi_bsBanks.ass.receivCustomers"
                     xlink:to="de-fi_bsBanks.ass.receivCustomers.buildingLoans"
                     order="9"
                     xlink:arcrole="http://xbrl.org/int/dim/arcrole/domain-member"
                     xlink:type="arc"/>
      <definitionArc xlink:from="de-fi_bsBanks.ass.receivCustomers.buildingLoans"
                     xlink:to="de-fi_bsBanks.ass.receivCustomers.buildingLoans.interim"
                     order="2"
                     xlink:arcrole="http://xbrl.org/int/dim/arcrole/domain-member"
                     xlink:type="arc"/>
      <definitionArc xlink:from="de-fi_bsBanks.ass.receivCustomers.buildingLoans"
                     xlink:to="de-fi_bsBanks.ass.receivCustomers.buildingLoans.allotments"
                     order="1"
                     xlink:arcrole="http://xbrl.org/int/dim/arcrole/domain-member"
                     xlink:type="arc"/>
      <definitionArc xlink:from="de-fi_bsBanks.ass.receivCustomers.buildingLoans"
                     xlink:to="de-fi_bsBanks.ass.receivCustomers.buildingLoans.other"
                     order="3"
                     xlink:arcrole="http://xbrl.org/int/dim/arcrole/domain-member"
                     xlink:type="arc"/>
      <definitionArc xlink:from="de-fi_bsBanks.ass.receivCustomers.buildingLoans.other"
                     xlink:to="de-fi_bsBanks.ass.receivCustomers.buildingLoans.other.securedByMortgages"
                     order="3"
                     xlink:arcrole="http://xbrl.org/int/dim/arcrole/domain-member"
                     xlink:type="arc"/>
      <definitionArc xlink:from="de-fi_bsBanks.ass.receivCustomers"
                     xlink:to="de-fi_bsBanks.ass.receivCustomers.otherBuildingSocieties"
                     order="10"
                     xlink:arcrole="http://xbrl.org/int/dim/arcrole/domain-member"
                     xlink:type="arc"/>
      <definitionArc xlink:from="de-fi_bsBanks.ass.receivCustomers"
                     xlink:to="de-fi_bsBanks.ass.receivCustomers.securedByShipMortgages"
                     order="5"
                     xlink:arcrole="http://xbrl.org/int/dim/arcrole/domain-member"
                     xlink:type="arc"/>
      <definitionArc xlink:from="de-fi_bsBanks.ass.receivCustomers"
                     xlink:to="de-fi_bsBanks.ass.receivCustomers.otherMortgageCompanies"
                     order="8"
                     xlink:arcrole="http://xbrl.org/int/dim/arcrole/domain-member"
                     xlink:type="arc"/>
      <definitionArc xlink:from="de-fi_bsBanks.ass.receivCustomers.otherMortgageCompanies"
                     xlink:to="de-fi_bsBanks.ass.receivCustomers.otherMortgageCompanies.collaterisedBySecurities"
                     order="3"
                     xlink:arcrole="http://xbrl.org/int/dim/arcrole/domain-member"
                     xlink:type="arc"/>
      <definitionArc xlink:from="de-fi_bsBanks.ass.receivCustomers"
                     xlink:to="de-fi_bsBanks.ass.receivCustomers.affil"
                     order="1"
                     xlink:arcrole="http://xbrl.org/int/dim/arcrole/domain-member"
                     xlink:type="arc"/>
      <definitionArc xlink:from="de-fi_bsBanks.ass.receivCustomers.affil"
                     xlink:to="de-fi_bsBanks.ass.receivCustomers.affil.partnerships"
                     order="1"
                     xlink:arcrole="http://xbrl.org/int/dim/arcrole/domain-member"
                     xlink:type="arc"/>
      <definitionArc xlink:from="de-fi_bsBanks.ass.receivCustomers"
                     xlink:to="de-fi_bsBanks.ass.receivCustomers.publLoansMortgage.Companies"
                     order="7"
                     xlink:arcrole="http://xbrl.org/int/dim/arcrole/domain-member"
                     xlink:type="arc"/>
      <definitionArc xlink:from="de-fi_bsBanks.ass.receivCustomers"
                     xlink:to="de-fi_bsBanks.ass.receivCustomers.fundsForGeneralBankRisksHGB340f"
                     order="11"
                     xlink:arcrole="http://xbrl.org/int/dim/arcrole/domain-member"
                     xlink:type="arc"/>
      <definitionArc xlink:from="de-fi_bsBanks.ass.receivCustomers"
                     xlink:to="de-fi_bsBanks.ass.receivCustomers.lastRange"
                     order="2.5"
                     xlink:arcrole="http://xbrl.org/int/dim/arcrole/domain-member"
                     xlink:type="arc"/>
      <definitionArc xlink:from="de-fi_bsBanks.ass.receivCustomers"
                     xlink:to="de-fi_bsBanks.ass.receivCustomers.financialServicesInstitutions"
                     order="2.8"
                     xlink:arcrole="http://xbrl.org/int/dim/arcrole/domain-member"
                     xlink:type="arc"/>
      <definitionArc xlink:from="de-fi_bsBanks.ass.receivCustomers"
                     xlink:to="de-fi_bsBanks.ass.receivCustomers.securedByMortgages"
                     order="3"
                     xlink:arcrole="http://xbrl.org/int/dim/arcrole/domain-member"
                     xlink:type="arc"/>
      <definitionArc xlink:from="de-fi_bsBanks.ass.receivCustomers"
                     xlink:to="de-fi_bsBanks.ass.receivCustomers.particip"
                     order="2"
                     xlink:arcrole="http://xbrl.org/int/dim/arcrole/domain-member"
                     xlink:type="arc"/>
      <definitionArc xlink:from="de-fi_bsBanks.ass.receivCustomers.particip"
                     xlink:to="de-fi_bsBanks.ass.receivCustomers.particip.partnerships"
                     order="1"
                     xlink:arcrole="http://xbrl.org/int/dim/arcrole/domain-member"
                     xlink:type="arc"/>
      <definitionArc xlink:from="de-fi_bsBanks.ass.receivCustomers"
                     xlink:to="de-fi_bsBanks.ass.receivCustomers.publLoans"
                     order="4"
                     xlink:arcrole="http://xbrl.org/int/dim/arcrole/domain-member"
                     xlink:type="arc"/>
      <definitionArc xlink:from="de-fi_bsBanks.ass.receivCustomers"
                     xlink:to="de-fi_bsBanks.ass.receivCustomers.mortgageLoans"
                     order="6"
                     xlink:arcrole="http://xbrl.org/int/dim/arcrole/domain-member"
                     xlink:type="arc"/>
      <definitionArc xlink:from="de-fi_bsBanks.ass.receivCustomers"
                     xlink:to="de-fi_bsBanks.ass.receivCustomers.relatingToGoods"
                     order="2.7"
                     xlink:arcrole="http://xbrl.org/int/dim/arcrole/domain-member"
                     xlink:type="arc"/>
      <definitionArc xlink:from="de-fi_bsBanks.ass.debtInstruments"
                     xlink:to="de-fi_bsBanks.ass.debtInstruments.moneyMarketPapers"
                     order="3"
                     xlink:arcrole="http://xbrl.org/int/dim/arcrole/domain-member"
                     xlink:type="arc"/>
      <definitionArc xlink:from="de-fi_bsBanks.ass.debtInstruments.moneyMarketPapers"
                     xlink:to="de-fi_bsBanks.ass.debtInstruments.moneyMarketPapers.otherIssuers"
                     order="4"
                     xlink:arcrole="http://xbrl.org/int/dim/arcrole/domain-member"
                     xlink:type="arc"/>
      <definitionArc xlink:from="de-fi_bsBanks.ass.debtInstruments.moneyMarketPapers.otherIssuers"
                     xlink:to="de-fi_bsBanks.ass.debtInstruments.moneyMarketPapers.otherIssuers.BuBa"
                     order="3"
                     xlink:arcrole="http://xbrl.org/int/dim/arcrole/domain-member"
                     xlink:type="arc"/>
      <definitionArc xlink:from="de-fi_bsBanks.ass.debtInstruments.moneyMarketPapers"
                     xlink:to="de-fi_bsBanks.ass.debtInstruments.moneyMarketPapers.publIssuers"
                     order="3"
                     xlink:arcrole="http://xbrl.org/int/dim/arcrole/domain-member"
                     xlink:type="arc"/>
      <definitionArc xlink:from="de-fi_bsBanks.ass.debtInstruments.moneyMarketPapers.publIssuers"
                     xlink:to="de-fi_bsBanks.ass.debtInstruments.moneyMarketPapers.publIssuers.BuBa"
                     order="3"
                     xlink:arcrole="http://xbrl.org/int/dim/arcrole/domain-member"
                     xlink:type="arc"/>
      <definitionArc xlink:from="de-fi_bsBanks.ass.debtInstruments"
                     xlink:to="de-fi_bsBanks.ass.debtInstruments.particip"
                     order="2"
                     xlink:arcrole="http://xbrl.org/int/dim/arcrole/domain-member"
                     xlink:type="arc"/>
      <definitionArc xlink:from="de-fi_bsBanks.ass.debtInstruments"
                     xlink:to="de-fi_bsBanks.ass.debtInstruments.affil"
                     order="1"
                     xlink:arcrole="http://xbrl.org/int/dim/arcrole/domain-member"
                     xlink:type="arc"/>
      <definitionArc xlink:from="de-fi_bsBanks.ass.debtInstruments"
                     xlink:to="de-fi_bsBanks.ass.debtInstruments.ownDebtInstruments"
                     order="5"
                     xlink:arcrole="http://xbrl.org/int/dim/arcrole/domain-member"
                     xlink:type="arc"/>
      <definitionArc xlink:from="de-fi_bsBanks.ass.debtInstruments.ownDebtInstruments"
                     xlink:to="de-fi_bsBanks.ass.debtInstruments.ownDebtInstruments.parValue"
                     order="3"
                     xlink:arcrole="http://xbrl.org/int/dim/arcrole/domain-member"
                     xlink:type="arc"/>
      <definitionArc xlink:from="de-fi_bsBanks.ass.debtInstruments"
                     xlink:to="de-fi_bsBanks.ass.debtInstruments.bonds"
                     order="4"
                     xlink:arcrole="http://xbrl.org/int/dim/arcrole/domain-member"
                     xlink:type="arc"/>
      <definitionArc xlink:from="de-fi_bsBanks.ass.debtInstruments.bonds"
                     xlink:to="de-fi_bsBanks.ass.debtInstruments.bonds.otherIssuers"
                     order="4"
                     xlink:arcrole="http://xbrl.org/int/dim/arcrole/domain-member"
                     xlink:type="arc"/>
      <definitionArc xlink:from="de-fi_bsBanks.ass.debtInstruments.bonds.otherIssuers"
                     xlink:to="de-fi_bsBanks.ass.debtInstruments.bonds.otherIssuers.BuBa"
                     order="3"
                     xlink:arcrole="http://xbrl.org/int/dim/arcrole/domain-member"
                     xlink:type="arc"/>
      <definitionArc xlink:from="de-fi_bsBanks.ass.debtInstruments.bonds"
                     xlink:to="de-fi_bsBanks.ass.debtInstruments.bonds.publIssuers"
                     order="3"
                     xlink:arcrole="http://xbrl.org/int/dim/arcrole/domain-member"
                     xlink:type="arc"/>
      <definitionArc xlink:from="de-fi_bsBanks.ass.debtInstruments.bonds.publIssuers"
                     xlink:to="de-fi_bsBanks.ass.debtInstruments.bonds.publIssuers.BuBa"
                     order="3"
                     xlink:arcrole="http://xbrl.org/int/dim/arcrole/domain-member"
                     xlink:type="arc"/>
      <definitionArc xlink:from="de-fi_bsBanks.ass.debtInstruments"
                     xlink:to="de-fi_bsBanks.ass.debtInstruments.fundsForGeneralBankRisksHGB340f"
                     order="6"
                     xlink:arcrole="http://xbrl.org/int/dim/arcrole/domain-member"
                     xlink:type="arc"/>
      <definitionArc xlink:from="de-fi_bsBanks.ass.shares"
                     xlink:to="de-fi_bsBanks.ass.shares.fundsForGeneralBankRisksHGB340f"
                     order="4"
                     xlink:arcrole="http://xbrl.org/int/dim/arcrole/domain-member"
                     xlink:type="arc"/>
      <definitionArc xlink:from="de-fi_bsBanks.ass.shares"
                     xlink:to="de-fi_bsBanks.ass.shares.liquidityReserve"
                     order="3"
                     xlink:arcrole="http://xbrl.org/int/dim/arcrole/domain-member"
                     xlink:type="arc"/>
      <definitionArc xlink:from="de-fi_bsBanks.ass.shares.liquidityReserve"
                     xlink:to="de-fi_bsBanks.ass.shares.liquidityReserve.bankingBook"
                     order="2"
                     xlink:arcrole="http://xbrl.org/int/dim/arcrole/domain-member"
                     xlink:type="arc"/>
      <definitionArc xlink:from="de-fi_bsBanks.ass.shares.liquidityReserve"
                     xlink:to="de-fi_bsBanks.ass.shares.liquidityReserve.tradingBook"
                     order="1"
                     xlink:arcrole="http://xbrl.org/int/dim/arcrole/domain-member"
                     xlink:type="arc"/>
      <definitionArc xlink:from="de-fi_bsBanks.ass.shares"
                     xlink:to="de-fi_bsBanks.ass.shares.lastRange"
                     order="1"
                     xlink:arcrole="http://xbrl.org/int/dim/arcrole/domain-member"
                     xlink:type="arc"/>
      <definitionArc xlink:from="de-fi_bsBanks.ass.shares"
                     xlink:to="de-fi_bsBanks.ass.shares.investmentPortfolio"
                     order="2"
                     xlink:arcrole="http://xbrl.org/int/dim/arcrole/domain-member"
                     xlink:type="arc"/>
      <definitionArc xlink:from="de-fi_bsBanks.ass.shares.investmentPortfolio"
                     xlink:to="de-fi_bsBanks.ass.shares.investmentPortfolio.bankingBook"
                     order="2"
                     xlink:arcrole="http://xbrl.org/int/dim/arcrole/domain-member"
                     xlink:type="arc"/>
      <definitionArc xlink:from="de-fi_bsBanks.ass.shares.investmentPortfolio"
                     xlink:to="de-fi_bsBanks.ass.shares.investmentPortfolio.tradingBook"
                     order="1"
                     xlink:arcrole="http://xbrl.org/int/dim/arcrole/domain-member"
                     xlink:type="arc"/>
      <definitionArc xlink:from="de-fi_bsBanks.ass.shares"
                     xlink:to="de-fi_bsBanks.ass.sharesOtherForeign"
                     order="5"
                     xlink:arcrole="http://xbrl.org/int/dim/arcrole/domain-member"
                     xlink:type="arc"/>
      <definitionArc xlink:from="de-fi_bsBanks.ass.particip"
                     xlink:to="de-fi_bsBanks.ass.particip.partnerships"
                     order="0.5"
                     xlink:arcrole="http://xbrl.org/int/dim/arcrole/domain-member"
                     xlink:type="arc"/>
      <definitionArc xlink:from="de-fi_bsBanks.ass.particip"
                     xlink:to="de-fi_bsBanks.ass.particip.lastRange"
                     order="0.3"
                     xlink:arcrole="http://xbrl.org/int/dim/arcrole/domain-member"
                     xlink:type="arc"/>
      <definitionArc xlink:from="de-fi_bsBanks.ass.particip"
                     xlink:to="de-fi_bsBanks.ass.particip.financialServicesInstitutions"
                     order="2"
                     xlink:arcrole="http://xbrl.org/int/dim/arcrole/domain-member"
                     xlink:type="arc"/>
      <definitionArc xlink:from="de-fi_bsBanks.ass.particip"
                     xlink:to="de-fi_bsBanks.ass.particip.banks"
                     order="1"
                     xlink:arcrole="http://xbrl.org/int/dim/arcrole/domain-member"
                     xlink:type="arc"/>
      <definitionArc xlink:from="de-fi_bsBanks.ass.particip"
                     xlink:to="de-fi_bsBanks.ass.participCoop.paidUpShares"
                     order="4"
                     xlink:arcrole="http://xbrl.org/int/dim/arcrole/domain-member"
                     xlink:type="arc"/>
      <definitionArc xlink:from="de-fi_bsBanks.ass.participCoop.paidUpShares"
                     xlink:to="de-fi_bsBanks.ass.participCoop.paidUpShares.creditCoop"
                     order="1"
                     xlink:arcrole="http://xbrl.org/int/dim/arcrole/domain-member"
                     xlink:type="arc"/>
      <definitionArc xlink:from="de-fi_bsBanks.ass.participCoop.paidUpShares"
                     xlink:to="de-fi_bsBanks.ass.participCoop.paidUpShares.financialServicesInstitutions"
                     order="2"
                     xlink:arcrole="http://xbrl.org/int/dim/arcrole/domain-member"
                     xlink:type="arc"/>
      <definitionArc xlink:from="de-fi_bsBanks.ass.particip"
                     xlink:to="de-fi_bsBanks.ass.particip.corporations"
                     order="0.6"
                     xlink:arcrole="http://xbrl.org/int/dim/arcrole/domain-member"
                     xlink:type="arc"/>
      <definitionArc xlink:from="de-fi_bsBanks.ass.particip"
                     xlink:to="de-fi_bsBanks.ass.participCoop.particip"
                     order="3"
                     xlink:arcrole="http://xbrl.org/int/dim/arcrole/domain-member"
                     xlink:type="arc"/>
      <definitionArc xlink:from="de-fi_bsBanks.ass.participCoop.particip"
                     xlink:to="de-fi_bsBanks.ass.participCoop.particip.financialServicesInstitutions"
                     order="2"
                     xlink:arcrole="http://xbrl.org/int/dim/arcrole/domain-member"
                     xlink:type="arc"/>
      <definitionArc xlink:from="de-fi_bsBanks.ass.participCoop.particip"
                     xlink:to="de-fi_bsBanks.ass.participCoop.particip.corporations"
                     order="0.6"
                     xlink:arcrole="http://xbrl.org/int/dim/arcrole/domain-member"
                     xlink:type="arc"/>
      <definitionArc xlink:from="de-fi_bsBanks.ass.participCoop.particip"
                     xlink:to="de-fi_bsBanks.ass.participCoop.particip.banks"
                     order="1"
                     xlink:arcrole="http://xbrl.org/int/dim/arcrole/domain-member"
                     xlink:type="arc"/>
      <definitionArc xlink:from="de-fi_bsBanks.ass.participCoop.particip"
                     xlink:to="de-fi_bsBanks.ass.participCoop.particip.partnerships"
                     order="0.3"
                     xlink:arcrole="http://xbrl.org/int/dim/arcrole/domain-member"
                     xlink:type="arc"/>
      <definitionArc xlink:from="de-fi_bsBanks.ass.sharesInAffil"
                     xlink:to="de-fi_bsBanks.ass.sharesInAffil.partnerships"
                     order="2"
                     xlink:arcrole="http://xbrl.org/int/dim/arcrole/domain-member"
                     xlink:type="arc"/>
      <definitionArc xlink:from="de-fi_bsBanks.ass.sharesInAffil"
                     xlink:to="de-fi_bsBanks.ass.sharesInAffil.corporations"
                     order="3"
                     xlink:arcrole="http://xbrl.org/int/dim/arcrole/domain-member"
                     xlink:type="arc"/>
      <definitionArc xlink:from="de-fi_bsBanks.ass.sharesInAffil"
                     xlink:to="de-fi_bsBanks.ass.sharesInAffil.banks"
                     order="4"
                     xlink:arcrole="http://xbrl.org/int/dim/arcrole/domain-member"
                     xlink:type="arc"/>
      <definitionArc xlink:from="de-fi_bsBanks.ass.sharesInAffil"
                     xlink:to="de-fi_bsBanks.ass.sharesInAffil.banks.financialServicesInstitutions"
                     order="5"
                     xlink:arcrole="http://xbrl.org/int/dim/arcrole/domain-member"
                     xlink:type="arc"/>
      <definitionArc xlink:from="de-fi_bsBanks.ass.sharesInAffil"
                     xlink:to="de-fi_bsBanks.ass.sharesInAffil.lastRange"
                     order="1"
                     xlink:arcrole="http://xbrl.org/int/dim/arcrole/domain-member"
                     xlink:type="arc"/>
   </definitionLink>
</linkbase>