<?xml version="1.0" encoding="utf-8"?>
<!--(c) XBRL Deutschland e.V. - see http://www.xbrl.de-->


<linkbase xmlns="http://www.xbrl.org/2003/linkbase"
          xmlns:xsi="http://www.w3.org/2001/XMLSchema-instance"
          xsi:schemaLocation="http://www.xbrl.org/2003/linkbase http://www.xbrl.org/2003/xbrl-linkbase-2003-12-31.xsd">
   <roleRef xmlns:xbrldt="http://xbrl.org/2005/xbrldt"
            xmlns:xbrli="http://www.xbrl.org/2003/instance"
            xmlns:xlink="http://www.w3.org/1999/xlink"
            roleURI="http://www.xbrl.de/taxonomies/de-pi/role/notesTableStatementOfChangesInFixedAssetsForPIsTanIntan"
            xlink:href="de-pi-2018-04-01.xsd#role_notesTableStatementOfChangesInFixedAssetsForPIsTanIntan"
            xlink:type="simple"/>
   <arcroleRef xmlns:xbrldt="http://xbrl.org/2005/xbrldt"
               xmlns:xbrli="http://www.xbrl.org/2003/instance"
               xmlns:xlink="http://www.w3.org/1999/xlink"
               arcroleURI="http://xbrl.org/int/dim/arcrole/all"
               xlink:href="http://www.xbrl.org/2005/xbrldt-2005.xsd#all"
               xlink:type="simple"/>
   <arcroleRef xmlns:xbrldt="http://xbrl.org/2005/xbrldt"
               xmlns:xbrli="http://www.xbrl.org/2003/instance"
               xmlns:xlink="http://www.w3.org/1999/xlink"
               arcroleURI="http://xbrl.org/int/dim/arcrole/dimension-domain"
               xlink:href="http://www.xbrl.org/2005/xbrldt-2005.xsd#dimension-domain"
               xlink:type="simple"/>
   <arcroleRef xmlns:xbrldt="http://xbrl.org/2005/xbrldt"
               xmlns:xbrli="http://www.xbrl.org/2003/instance"
               xmlns:xlink="http://www.w3.org/1999/xlink"
               arcroleURI="http://xbrl.org/int/dim/arcrole/domain-member"
               xlink:href="http://www.xbrl.org/2005/xbrldt-2005.xsd#domain-member"
               xlink:type="simple"/>
   <arcroleRef xmlns:xbrldt="http://xbrl.org/2005/xbrldt"
               xmlns:xbrli="http://www.xbrl.org/2003/instance"
               xmlns:xlink="http://www.w3.org/1999/xlink"
               arcroleURI="http://xbrl.org/int/dim/arcrole/hypercube-dimension"
               xlink:href="http://www.xbrl.org/2005/xbrldt-2005.xsd#hypercube-dimension"
               xlink:type="simple"/>
   <definitionLink xmlns:xlink="http://www.w3.org/1999/xlink"
                   xlink:role="http://www.xbrl.de/taxonomies/de-pi/role/notesTableStatementOfChangesInFixedAssetsForPIsTanIntan"
                   xlink:type="extended">
      <loc xlink:type="locator"
           xlink:href="../de-gaap-ci-2018-04-01/de-gaap-ci-2018-04-01-dimensions.xsd#de-gaap-ci_dim_taxTrans"
           xlink:label="de-gaap-ci_dim_taxTrans"/>
      <loc xlink:type="locator"
           xlink:href="../de-gaap-ci-2018-04-01/de-gaap-ci-2018-04-01-dimensions.xsd#de-gaap-ci_dim_taxBal"
           xlink:label="de-gaap-ci_dim_taxBal"/>
      <loc xlink:type="locator"
           xlink:href="../de-gaap-ci-2018-04-01/de-gaap-ci-2018-04-01-dimensions.xsd#de-gaap-ci_dim_diffComToTaxBal"
           xlink:label="de-gaap-ci_dim_diffComToTaxBal"/>
      <loc xlink:type="locator"
           xlink:href="../de-gaap-ci-2018-04-01/de-gaap-ci-2018-04-01-dimensions.xsd#de-gaap-ci_dim_comBal"
           xlink:label="de-gaap-ci_dim_comBal"/>
      <loc xlink:type="locator"
           xlink:href="de-pi-2018-04-01-dimensions.xsd#de-pi_tablePITanIntan.nt.ass"
           xlink:label="de-pi_tablePITanIntan.nt.ass"/>
      <loc xlink:type="locator"
           xlink:href="de-pi-2018-04-01-dimensions.xsd#de-pi_cubePITanIntan.nt.ass.gross"
           xlink:label="de-pi_cubePITanIntan.nt.ass.gross"/>
      <loc xlink:type="locator"
           xlink:href="de-pi-2018-04-01-dimensions.xsd#de-pi_dim_changesPITanIntan.nt.ass"
           xlink:label="de-pi_dim_changesPITanIntan.nt.ass"/>
      <loc xlink:type="locator" xlink:href="de-pi-2018-04-01.xsd#de-pi_bsPi.ass.intan"
           xlink:label="de-pi_bsPi.ass.intan"/>
      <loc xlink:type="locator" xlink:href="de-pi-2018-04-01.xsd#de-pi_bsPi.ass.tan"
           xlink:label="de-pi_bsPi.ass.tan"/>
      <loc xlink:type="locator"
           xlink:href="de-pi-2018-04-01-dimensions.xsd#de-pi_piTitlePITanIntan.nt.ass.gross"
           xlink:label="de-pi_piTitlePITanIntan.nt.ass.gross"/>
      <loc xlink:type="locator"
           xlink:href="de-pi-2018-04-01-dimensions.xsd#de-pi_allPITanIntan"
           xlink:label="de-pi_allPITanIntan"/>
      <loc xlink:type="locator"
           xlink:href="de-pi-2018-04-01-dimensions.xsd#de-pi_allPI_Prev_periodTanIntan"
           xlink:label="de-pi_allPI_Prev_periodTanIntan"/>
      <loc xlink:type="locator"
           xlink:href="de-pi-2018-04-01-dimensions.xsd#de-pi_grossPITanIntan"
           xlink:label="de-pi_grossPITanIntan"/>
      <loc xlink:type="locator"
           xlink:href="de-pi-2018-04-01-dimensions.xsd#de-pi_grossCostPITanIntan.beginning"
           xlink:label="de-pi_grossCostPITanIntan.beginning"/>
      <loc xlink:type="locator"
           xlink:href="de-pi-2018-04-01-dimensions.xsd#de-pi_grossPITanIntan.diff"
           xlink:label="de-pi_grossPITanIntan.diff"/>
      <loc xlink:type="locator"
           xlink:href="de-pi-2018-04-01-dimensions.xsd#de-pi_grossPITanIntan.diff.currDiff"
           xlink:label="de-pi_grossPITanIntan.diff.currDiff"/>
      <loc xlink:type="locator"
           xlink:href="de-pi-2018-04-01-dimensions.xsd#de-pi_grossPITanIntan.diff.otherDiff"
           xlink:label="de-pi_grossPITanIntan.diff.otherDiff"/>
      <loc xlink:type="locator"
           xlink:href="de-pi-2018-04-01-dimensions.xsd#de-pi_grossPITanIntan.diff.otherDiff.comment"
           xlink:label="de-pi_grossPITanIntan.diff.otherDiff.comment"/>
      <loc xlink:type="locator"
           xlink:href="de-pi-2018-04-01-dimensions.xsd#de-pi_grossPITanIntan.addition"
           xlink:label="de-pi_grossPITanIntan.addition"/>
      <loc xlink:type="locator"
           xlink:href="de-pi-2018-04-01-dimensions.xsd#de-pi_grossPITanIntan.release"
           xlink:label="de-pi_grossPITanIntan.release"/>
      <loc xlink:type="locator"
           xlink:href="de-pi-2018-04-01-dimensions.xsd#de-pi_grossPITanIntan.movements"
           xlink:label="de-pi_grossPITanIntan.movements"/>
      <loc xlink:type="locator"
           xlink:href="de-pi-2018-04-01-dimensions.xsd#de-pi_grossPITanIntan.currChanges"
           xlink:label="de-pi_grossPITanIntan.currChanges"/>
      <loc xlink:type="locator"
           xlink:href="de-pi-2018-04-01-dimensions.xsd#de-pi_accDeprPITanIntan"
           xlink:label="de-pi_accDeprPITanIntan"/>
      <loc xlink:type="locator"
           xlink:href="de-pi-2018-04-01-dimensions.xsd#de-pi_accDeprPITanIntan.beginning"
           xlink:label="de-pi_accDeprPITanIntan.beginning"/>
      <loc xlink:type="locator"
           xlink:href="de-pi-2018-04-01-dimensions.xsd#de-pi_accDeprPITanIntan.diff"
           xlink:label="de-pi_accDeprPITanIntan.diff"/>
      <loc xlink:type="locator"
           xlink:href="de-pi-2018-04-01-dimensions.xsd#de-pi_accDeprPITanIntan.diff.currDiff"
           xlink:label="de-pi_accDeprPITanIntan.diff.currDiff"/>
      <loc xlink:type="locator"
           xlink:href="de-pi-2018-04-01-dimensions.xsd#de-pi_accDeprPITanIntan.diff.otherDiff"
           xlink:label="de-pi_accDeprPITanIntan.diff.otherDiff"/>
      <loc xlink:type="locator"
           xlink:href="de-pi-2018-04-01-dimensions.xsd#de-pi_accDeprPITanIntan.diff.otherDiff.comment"
           xlink:label="de-pi_accDeprPITanIntan.diff.otherDiff.comment"/>
      <loc xlink:type="locator"
           xlink:href="de-pi-2018-04-01-dimensions.xsd#de-pi_accDeprPITanIntan.DeprPeriod"
           xlink:label="de-pi_accDeprPITanIntan.DeprPeriod"/>
      <loc xlink:type="locator"
           xlink:href="de-pi-2018-04-01-dimensions.xsd#de-pi_accDeprPITanIntan.DeprPeriod.specific"
           xlink:label="de-pi_accDeprPITanIntan.DeprPeriod.specific"/>
      <loc xlink:type="locator"
           xlink:href="de-pi-2018-04-01-dimensions.xsd#de-pi_accDeprPITanIntan.addition"
           xlink:label="de-pi_accDeprPITanIntan.addition"/>
      <loc xlink:type="locator"
           xlink:href="de-pi-2018-04-01-dimensions.xsd#de-pi_accDepPITanIntan.release"
           xlink:label="de-pi_accDepPITanIntan.release"/>
      <loc xlink:type="locator"
           xlink:href="de-pi-2018-04-01-dimensions.xsd#de-pi_accDeprPITanIntan.movements"
           xlink:label="de-pi_accDeprPITanIntan.movements"/>
      <loc xlink:type="locator"
           xlink:href="de-pi-2018-04-01-dimensions.xsd#de-pi_accDeprPITanIntan.currChanges"
           xlink:label="de-pi_accDeprPITanIntan.currChanges"/>
      <loc xlink:type="locator"
           xlink:href="de-pi-2018-04-01-dimensions.xsd#de-pi_revaluationPITanIntan"
           xlink:label="de-pi_revaluationPITanIntan"/>
      <loc xlink:type="locator"
           xlink:href="de-pi-2018-04-01-dimensions.xsd#de-pi_revaluationPIFixedAssets.comment"
           xlink:label="de-pi_revaluationPIFixedAssets.comment"/>
      <definitionArc xlink:from="de-gaap-ci_dim_taxTrans" xlink:to="de-gaap-ci_dim_taxBal" order="1"
                     xlink:arcrole="http://xbrl.org/int/dim/arcrole/dimension-domain"
                     xlink:type="arc"/>
      <definitionArc xlink:from="de-gaap-ci_dim_taxBal" xlink:to="de-gaap-ci_dim_diffComToTaxBal"
                     order="2"
                     xlink:arcrole="http://xbrl.org/int/dim/arcrole/domain-member"
                     xlink:type="arc"/>
      <definitionArc xlink:from="de-gaap-ci_dim_taxBal" xlink:to="de-gaap-ci_dim_comBal" order="1"
                     xlink:arcrole="http://xbrl.org/int/dim/arcrole/domain-member"
                     xlink:type="arc"/>
      <definitionArc xmlns:xbrldt="http://xbrl.org/2005/xbrldt"
                     xlink:from="de-pi_tablePITanIntan.nt.ass"
                     xlink:to="de-pi_cubePITanIntan.nt.ass.gross"
                     order="1"
                     xbrldt:contextElement="scenario"
                     xlink:arcrole="http://xbrl.org/int/dim/arcrole/all"
                     xlink:type="arc"/>
      <definitionArc xlink:from="de-pi_cubePITanIntan.nt.ass.gross"
                     xlink:to="de-gaap-ci_dim_taxTrans"
                     order="1"
                     xlink:arcrole="http://xbrl.org/int/dim/arcrole/hypercube-dimension"
                     xlink:type="arc"/>
      <definitionArc xlink:from="de-pi_cubePITanIntan.nt.ass.gross"
                     xlink:to="de-pi_dim_changesPITanIntan.nt.ass"
                     order="2"
                     xlink:arcrole="http://xbrl.org/int/dim/arcrole/hypercube-dimension"
                     xlink:type="arc"/>
      <definitionArc xlink:from="de-pi_dim_changesPITanIntan.nt.ass" xlink:to="de-pi_bsPi.ass.intan"
                     order="1"
                     xlink:arcrole="http://xbrl.org/int/dim/arcrole/dimension-domain"
                     xlink:type="arc"/>
      <definitionArc xlink:from="de-pi_dim_changesPITanIntan.nt.ass" xlink:to="de-pi_bsPi.ass.tan"
                     order="2"
                     xlink:arcrole="http://xbrl.org/int/dim/arcrole/dimension-domain"
                     xlink:type="arc"/>
      <definitionArc xlink:from="de-pi_tablePITanIntan.nt.ass"
                     xlink:to="de-pi_piTitlePITanIntan.nt.ass.gross"
                     order="2"
                     xlink:arcrole="http://xbrl.org/int/dim/arcrole/domain-member"
                     xlink:type="arc"/>
      <definitionArc xlink:from="de-pi_piTitlePITanIntan.nt.ass.gross"
                     xlink:to="de-pi_allPITanIntan"
                     order="1"
                     xlink:arcrole="http://xbrl.org/int/dim/arcrole/domain-member"
                     xlink:type="arc"/>
      <definitionArc xlink:from="de-pi_allPITanIntan" xlink:to="de-pi_allPI_Prev_periodTanIntan"
                     order="1"
                     xlink:arcrole="http://xbrl.org/int/dim/arcrole/domain-member"
                     xlink:type="arc"/>
      <definitionArc xlink:from="de-pi_allPITanIntan" xlink:to="de-pi_grossPITanIntan" order="2"
                     xlink:arcrole="http://xbrl.org/int/dim/arcrole/domain-member"
                     xlink:type="arc"/>
      <definitionArc xlink:from="de-pi_grossPITanIntan"
                     xlink:to="de-pi_grossCostPITanIntan.beginning"
                     order="1"
                     xlink:arcrole="http://xbrl.org/int/dim/arcrole/domain-member"
                     xlink:type="arc"/>
      <definitionArc xlink:from="de-pi_grossPITanIntan" xlink:to="de-pi_grossPITanIntan.diff"
                     order="2"
                     xlink:arcrole="http://xbrl.org/int/dim/arcrole/domain-member"
                     xlink:type="arc"/>
      <definitionArc xlink:from="de-pi_grossPITanIntan.diff"
                     xlink:to="de-pi_grossPITanIntan.diff.currDiff"
                     order="1"
                     xlink:arcrole="http://xbrl.org/int/dim/arcrole/domain-member"
                     xlink:type="arc"/>
      <definitionArc xlink:from="de-pi_grossPITanIntan.diff"
                     xlink:to="de-pi_grossPITanIntan.diff.otherDiff"
                     order="2"
                     xlink:arcrole="http://xbrl.org/int/dim/arcrole/domain-member"
                     xlink:type="arc"/>
      <definitionArc xlink:from="de-pi_grossPITanIntan.diff.otherDiff"
                     xlink:to="de-pi_grossPITanIntan.diff.otherDiff.comment"
                     order="1"
                     xlink:arcrole="http://xbrl.org/int/dim/arcrole/domain-member"
                     xlink:type="arc"/>
      <definitionArc xlink:from="de-pi_grossPITanIntan" xlink:to="de-pi_grossPITanIntan.addition"
                     order="3"
                     xlink:arcrole="http://xbrl.org/int/dim/arcrole/domain-member"
                     xlink:type="arc"/>
      <definitionArc xlink:from="de-pi_grossPITanIntan" xlink:to="de-pi_grossPITanIntan.release"
                     order="4"
                     xlink:arcrole="http://xbrl.org/int/dim/arcrole/domain-member"
                     xlink:type="arc"/>
      <definitionArc xlink:from="de-pi_grossPITanIntan" xlink:to="de-pi_grossPITanIntan.movements"
                     order="5"
                     xlink:arcrole="http://xbrl.org/int/dim/arcrole/domain-member"
                     xlink:type="arc"/>
      <definitionArc xlink:from="de-pi_grossPITanIntan" xlink:to="de-pi_grossPITanIntan.currChanges"
                     order="6"
                     xlink:arcrole="http://xbrl.org/int/dim/arcrole/domain-member"
                     xlink:type="arc"/>
      <definitionArc xlink:from="de-pi_allPITanIntan" xlink:to="de-pi_accDeprPITanIntan" order="3"
                     xlink:arcrole="http://xbrl.org/int/dim/arcrole/domain-member"
                     xlink:type="arc"/>
      <definitionArc xlink:from="de-pi_accDeprPITanIntan"
                     xlink:to="de-pi_accDeprPITanIntan.beginning"
                     order="1"
                     xlink:arcrole="http://xbrl.org/int/dim/arcrole/domain-member"
                     xlink:type="arc"/>
      <definitionArc xlink:from="de-pi_accDeprPITanIntan" xlink:to="de-pi_accDeprPITanIntan.diff"
                     order="2"
                     xlink:arcrole="http://xbrl.org/int/dim/arcrole/domain-member"
                     xlink:type="arc"/>
      <definitionArc xlink:from="de-pi_accDeprPITanIntan.diff"
                     xlink:to="de-pi_accDeprPITanIntan.diff.currDiff"
                     order="1"
                     xlink:arcrole="http://xbrl.org/int/dim/arcrole/domain-member"
                     xlink:type="arc"/>
      <definitionArc xlink:from="de-pi_accDeprPITanIntan.diff"
                     xlink:to="de-pi_accDeprPITanIntan.diff.otherDiff"
                     order="2"
                     xlink:arcrole="http://xbrl.org/int/dim/arcrole/domain-member"
                     xlink:type="arc"/>
      <definitionArc xlink:from="de-pi_accDeprPITanIntan.diff.otherDiff"
                     xlink:to="de-pi_accDeprPITanIntan.diff.otherDiff.comment"
                     order="1"
                     xlink:arcrole="http://xbrl.org/int/dim/arcrole/domain-member"
                     xlink:type="arc"/>
      <definitionArc xlink:from="de-pi_accDeprPITanIntan"
                     xlink:to="de-pi_accDeprPITanIntan.DeprPeriod"
                     order="3"
                     xlink:arcrole="http://xbrl.org/int/dim/arcrole/domain-member"
                     xlink:type="arc"/>
      <definitionArc xlink:from="de-pi_accDeprPITanIntan.DeprPeriod"
                     xlink:to="de-pi_accDeprPITanIntan.DeprPeriod.specific"
                     order="1"
                     xlink:arcrole="http://xbrl.org/int/dim/arcrole/domain-member"
                     xlink:type="arc"/>
      <definitionArc xlink:from="de-pi_accDeprPITanIntan"
                     xlink:to="de-pi_accDeprPITanIntan.addition"
                     order="4"
                     xlink:arcrole="http://xbrl.org/int/dim/arcrole/domain-member"
                     xlink:type="arc"/>
      <definitionArc xlink:from="de-pi_accDeprPITanIntan" xlink:to="de-pi_accDepPITanIntan.release"
                     order="5"
                     xlink:arcrole="http://xbrl.org/int/dim/arcrole/domain-member"
                     xlink:type="arc"/>
      <definitionArc xlink:from="de-pi_accDeprPITanIntan"
                     xlink:to="de-pi_accDeprPITanIntan.movements"
                     order="6"
                     xlink:arcrole="http://xbrl.org/int/dim/arcrole/domain-member"
                     xlink:type="arc"/>
      <definitionArc xlink:from="de-pi_accDeprPITanIntan"
                     xlink:to="de-pi_accDeprPITanIntan.currChanges"
                     order="7"
                     xlink:arcrole="http://xbrl.org/int/dim/arcrole/domain-member"
                     xlink:type="arc"/>
      <definitionArc xlink:from="de-pi_allPITanIntan" xlink:to="de-pi_revaluationPITanIntan"
                     order="4"
                     xlink:arcrole="http://xbrl.org/int/dim/arcrole/domain-member"
                     xlink:type="arc"/>
      <definitionArc xlink:from="de-pi_revaluationPITanIntan"
                     xlink:to="de-pi_revaluationPIFixedAssets.comment"
                     order="1"
                     xlink:arcrole="http://xbrl.org/int/dim/arcrole/domain-member"
                     xlink:type="arc"/>
   </definitionLink>
</linkbase>