<?xml version="1.0" encoding="utf-8"?>
<!--(c) XBRL Deutschland e.V. - see http://www.xbrl.de-->


<linkbase xmlns="http://www.xbrl.org/2003/linkbase"
          xmlns:xsi="http://www.w3.org/2001/XMLSchema-instance"
          xsi:schemaLocation="http://www.xbrl.org/2003/linkbase http://www.xbrl.org/2003/xbrl-linkbase-2003-12-31.xsd">
   <labelLink xmlns:xlink="http://www.w3.org/1999/xlink"
              xlink:role="http://www.xbrl.org/2003/role/link"
              xlink:type="extended">
      <loc xlink:type="locator"
           xlink:href="de-pi-2018-04-01.xsd#de-pi_bs.Pi.ass.receivBanks.particip"
           xlink:label="de-pi_bs.Pi.ass.receivBanks.particip"/>
      <loc xlink:type="locator"
           xlink:href="de-pi-2018-04-01.xsd#de-pi_bsPi.ass.receivCustomers.particip"
           xlink:label="de-pi_bsPi.ass.receivCustomers.particip"/>
      <loc xlink:type="locator"
           xlink:href="de-pi-2018-04-01.xsd#de-pi_bsPi.ass.particip.partnerships"
           xlink:label="de-pi_bsPi.ass.particip.partnerships"/>
      <loc xlink:type="locator"
           xlink:href="de-pi-2018-04-01.xsd#de-pi_bsPi.ass.particip.corporations"
           xlink:label="de-pi_bsPi.ass.particip.corporations"/>
      <loc xlink:type="locator"
           xlink:href="de-pi-2018-04-01.xsd#de-pi_bsPi.ass.sharesInAffil.partnerships"
           xlink:label="de-pi_bsPi.ass.sharesInAffil.partnerships"/>
      <loc xlink:type="locator"
           xlink:href="de-pi-2018-04-01.xsd#de-pi_bsPi.ass.sharesInAffil.corporations"
           xlink:label="de-pi_bsPi.ass.sharesInAffil.corporations"/>
      <loc xlink:type="locator"
           xlink:href="de-pi-2018-04-01.xsd#de-pi_bsPi.ass.tan.paymServicesandEMoney.landBuildings"
           xlink:label="de-pi_bsPi.ass.tan.paymServicesandEMoney.landBuildings"/>
      <loc xlink:type="locator"
           xlink:href="de-pi-2018-04-01.xsd#de-pi_bsPi.ass.tan.paymServicesandEMoney.landBuildings.landWithoutBuildings"
           xlink:label="de-pi_bsPi.ass.tan.paymServicesandEMoney.landBuildings.landWithoutBuildings"/>
      <loc xlink:type="locator"
           xlink:href="de-pi-2018-04-01.xsd#de-pi_bsPi.ass.tan.paymServicesandEMoney.landBuildings.rightEquivalentToLandWithoutBuildings"
           xlink:label="de-pi_bsPi.ass.tan.paymServicesandEMoney.landBuildings.rightEquivalentToLandWithoutBuildings"/>
      <loc xlink:type="locator"
           xlink:href="de-pi-2018-04-01.xsd#de-pi_bsPi.ass.tan.paymServicesandEMoney.landBuildings.buildingsOnOwnLand"
           xlink:label="de-pi_bsPi.ass.tan.paymServicesandEMoney.landBuildings.buildingsOnOwnLand"/>
      <loc xlink:type="locator"
           xlink:href="de-pi-2018-04-01.xsd#de-pi_bsPi.ass.tan.paymServicesandEMoney.landBuildings.buildingsOnNonOwnedLand"
           xlink:label="de-pi_bsPi.ass.tan.paymServicesandEMoney.landBuildings.buildingsOnNonOwnedLand"/>
      <loc xlink:type="locator"
           xlink:href="de-pi-2018-04-01.xsd#de-pi_bsPi.ass.tan.paymServicesandEMoney.landBuildings.other"
           xlink:label="de-pi_bsPi.ass.tan.paymServicesandEMoney.landBuildings.other"/>
      <loc xlink:type="locator"
           xlink:href="de-pi-2018-04-01.xsd#de-pi_bsPi.ass.tan.paymServicesandEMoney.machinery"
           xlink:label="de-pi_bsPi.ass.tan.paymServicesandEMoney.machinery"/>
      <loc xlink:type="locator"
           xlink:href="de-pi-2018-04-01.xsd#de-pi_bsPi.ass.tan.paymServicesandEMoney.inConstrAdvPaym"
           xlink:label="de-pi_bsPi.ass.tan.paymServicesandEMoney.inConstrAdvPaym"/>
      <loc xlink:type="locator"
           xlink:href="de-pi-2018-04-01.xsd#de-pi_bsPi.ass.tan.paymServicesandEMoney.other"
           xlink:label="de-pi_bsPi.ass.tan.paymServicesandEMoney.other"/>
      <loc xlink:type="locator"
           xlink:href="de-pi-2018-04-01.xsd#de-pi_bsPi.ass.tan.otherOperations.landBuildings"
           xlink:label="de-pi_bsPi.ass.tan.otherOperations.landBuildings"/>
      <loc xlink:type="locator"
           xlink:href="de-pi-2018-04-01.xsd#de-pi_bsPi.ass.tan.otherOperations.landBuildings.landWithoutBuildings"
           xlink:label="de-pi_bsPi.ass.tan.otherOperations.landBuildings.landWithoutBuildings"/>
      <loc xlink:type="locator"
           xlink:href="de-pi-2018-04-01.xsd#de-pi_bsPi.ass.tan.otherOperations.landBuildings.rightEquivalentToLandWithoutBuildings"
           xlink:label="de-pi_bsPi.ass.tan.otherOperations.landBuildings.rightEquivalentToLandWithoutBuildings"/>
      <loc xlink:type="locator"
           xlink:href="de-pi-2018-04-01.xsd#de-pi_bsPi.ass.tan.otherOperations.landBuildings.buildingsOnOwnLand"
           xlink:label="de-pi_bsPi.ass.tan.otherOperations.landBuildings.buildingsOnOwnLand"/>
      <loc xlink:type="locator"
           xlink:href="de-pi-2018-04-01.xsd#de-pi_bsPi.ass.tan.otherOperations.landBuildings.buildingsOnNonOwnedLand"
           xlink:label="de-pi_bsPi.ass.tan.otherOperations.landBuildings.buildingsOnNonOwnedLand"/>
      <loc xlink:type="locator"
           xlink:href="de-pi-2018-04-01.xsd#de-pi_bsPi.ass.tan.otherOperations.landBuildings.other"
           xlink:label="de-pi_bsPi.ass.tan.otherOperations.landBuildings.other"/>
      <loc xlink:type="locator"
           xlink:href="de-pi-2018-04-01.xsd#de-pi_bsPi.ass.tan.otherOperations.machinery"
           xlink:label="de-pi_bsPi.ass.tan.otherOperations.machinery"/>
      <loc xlink:type="locator"
           xlink:href="de-pi-2018-04-01.xsd#de-pi_bsPi.ass.tan.otherOperations.inConstrAdvPaym"
           xlink:label="de-pi_bsPi.ass.tan.otherOperations.inConstrAdvPaym"/>
      <loc xlink:type="locator"
           xlink:href="de-pi-2018-04-01.xsd#de-pi_bsPi.ass.tan.otherOperations.other"
           xlink:label="de-pi_bsPi.ass.tan.otherOperations.other"/>
      <loc xlink:type="locator"
           xlink:href="de-pi-2018-04-01.xsd#de-pi_bsPi.ass.taxbalanceOrgancomp"
           xlink:label="de-pi_bsPi.ass.taxbalanceOrgancomp"/>
      <loc xlink:type="locator"
           xlink:href="de-pi-2018-04-01.xsd#de-pi_bsPi.ass.taxbalanceGenerally"
           xlink:label="de-pi_bsPi.ass.taxbalanceGenerally"/>
      <loc xlink:type="locator"
           xlink:href="de-pi-2018-04-01.xsd#de-pi_bsPi.eqLiab.accruals.pensions.shareholdersRelatedParties"
           xlink:label="de-pi_bsPi.eqLiab.accruals.pensions.shareholdersRelatedParties"/>
      <loc xlink:type="locator"
           xlink:href="de-pi-2018-04-01.xsd#de-pi_bsPi.eqLiab.accruals.pensions.paymServicesandEMoney.direct"
           xlink:label="de-pi_bsPi.eqLiab.accruals.pensions.paymServicesandEMoney.direct"/>
      <loc xlink:type="locator"
           xlink:href="de-pi-2018-04-01.xsd#de-pi_bsPi.eqLiab.accruals.pensions.paymServicesandEMoney.externalFunds"
           xlink:label="de-pi_bsPi.eqLiab.accruals.pensions.paymServicesandEMoney.externalFunds"/>
      <loc xlink:type="locator"
           xlink:href="de-pi-2018-04-01.xsd#de-pi_bsPi.eqLiab.accruals.pensions.paymServicesandEMoney.other"
           xlink:label="de-pi_bsPi.eqLiab.accruals.pensions.paymServicesandEMoney.other"/>
      <loc xlink:type="locator"
           xlink:href="de-pi-2018-04-01.xsd#de-pi_bsPi.eqLiab.accruals.pensions.otherOperations.direct"
           xlink:label="de-pi_bsPi.eqLiab.accruals.pensions.otherOperations.direct"/>
      <loc xlink:type="locator"
           xlink:href="de-pi-2018-04-01.xsd#de-pi_bsPi.eqLiab.accruals.pensions.otherOperations.externalFunds"
           xlink:label="de-pi_bsPi.eqLiab.accruals.pensions.otherOperations.externalFunds"/>
      <loc xlink:type="locator"
           xlink:href="de-pi-2018-04-01.xsd#de-pi_bsPi.eqLiab.accruals.pensions.otherOperations.other"
           xlink:label="de-pi_bsPi.eqLiab.accruals.pensions.otherOperations.other"/>
      <loc xlink:type="locator"
           xlink:href="de-pi-2018-04-01.xsd#de-pi_bsPi.eqLiab.pretaxRes.res"
           xlink:label="de-pi_bsPi.eqLiab.pretaxRes.res"/>
      <loc xlink:type="locator"
           xlink:href="de-pi-2018-04-01.xsd#de-pi_bsPi.eqLiab.taxBalanceOrganComp"
           xlink:label="de-pi_bsPi.eqLiab.taxBalanceOrganComp"/>
      <loc xlink:type="locator"
           xlink:href="de-pi-2018-04-01.xsd#de-pi_bsPi.eqLiab.taxBalanceInvestg"
           xlink:label="de-pi_bsPi.eqLiab.taxBalanceInvestg"/>
      <loc xlink:type="locator"
           xlink:href="de-pi-2018-04-01.xsd#de-pi_isPi.interestIncome.discounting"
           xlink:label="de-pi_isPi.interestIncome.discounting"/>
      <loc xlink:type="locator"
           xlink:href="de-pi-2018-04-01.xsd#de-pi_isPi.interestIncome.subjectToVat"
           xlink:label="de-pi_isPi.interestIncome.subjectToVat"/>
      <loc xlink:type="locator"
           xlink:href="de-pi-2018-04-01.xsd#de-pi_isPi.interestExpenses.discounting"
           xlink:label="de-pi_isPi.interestExpenses.discounting"/>
      <loc xlink:type="locator"
           xlink:href="de-pi-2018-04-01.xsd#de-pi_isPi.currIncome.paymServicesAndEMoney.particip.corporations"
           xlink:label="de-pi_isPi.currIncome.paymServicesAndEMoney.particip.corporations"/>
      <loc xlink:type="locator"
           xlink:href="de-pi-2018-04-01.xsd#de-pi_isPi.currIncome.paymServicesAndEMoney.particip.partnerships"
           xlink:label="de-pi_isPi.currIncome.paymServicesAndEMoney.particip.partnerships"/>
      <loc xlink:type="locator"
           xlink:href="de-pi-2018-04-01.xsd#de-pi_isPi.currIncome.paymServicesAndEMoney.affil.coporations"
           xlink:label="de-pi_isPi.currIncome.paymServicesAndEMoney.affil.coporations"/>
      <loc xlink:type="locator"
           xlink:href="de-pi-2018-04-01.xsd#de-pi_isPi.currIncome.paymServicesAndEMoney.affil.partnerships"
           xlink:label="de-pi_isPi.currIncome.paymServicesAndEMoney.affil.partnerships"/>
      <loc xlink:type="locator"
           xlink:href="de-pi-2018-04-01.xsd#de-pi_isPi.currIncome.otherOperations.particip.corporations"
           xlink:label="de-pi_isPi.currIncome.otherOperations.particip.corporations"/>
      <loc xlink:type="locator"
           xlink:href="de-pi-2018-04-01.xsd#de-pi_isPi.currIncome.otherOperations.particip.partnerships"
           xlink:label="de-pi_isPi.currIncome.otherOperations.particip.partnerships"/>
      <loc xlink:type="locator"
           xlink:href="de-pi-2018-04-01.xsd#de-pi_isPi.currIncome.otherOperations.affil.corporations"
           xlink:label="de-pi_isPi.currIncome.otherOperations.affil.corporations"/>
      <loc xlink:type="locator"
           xlink:href="de-pi-2018-04-01.xsd#de-pi_isPi.currIncome.otherOperations.affil.partnerships"
           xlink:label="de-pi_isPi.currIncome.otherOperations.affil.partnerships"/>
      <loc xlink:type="locator"
           xlink:href="de-pi-2018-04-01.xsd#de-pi_isPi.adminExp.paymServicesAndEMoney.other.giftsDeductible"
           xlink:label="de-pi_isPi.adminExp.paymServicesAndEMoney.other.giftsDeductible"/>
      <loc xlink:type="locator"
           xlink:href="de-pi-2018-04-01.xsd#de-pi_isPi.adminExp.paymServicesAndEMoney.other.giftsNonDeductible"
           xlink:label="de-pi_isPi.adminExp.paymServicesAndEMoney.other.giftsNonDeductible"/>
      <loc xlink:type="locator"
           xlink:href="de-pi-2018-04-01.xsd#de-pi_isPi.adminExp.paymServicesAndEMoney.other.businessEntertainment"
           xlink:label="de-pi_isPi.adminExp.paymServicesAndEMoney.other.businessEntertainment"/>
      <loc xlink:type="locator"
           xlink:href="de-pi-2018-04-01.xsd#de-pi_isPi.adminExp.otherOperations.other.giftsDeductible"
           xlink:label="de-pi_isPi.adminExp.otherOperations.other.giftsDeductible"/>
      <loc xlink:type="locator"
           xlink:href="de-pi-2018-04-01.xsd#de-pi_isPi.adminExp.otherOperations.other.giftsNonDeductible"
           xlink:label="de-pi_isPi.adminExp.otherOperations.other.giftsNonDeductible"/>
      <loc xlink:type="locator"
           xlink:href="de-pi-2018-04-01.xsd#de-pi_isPi.adminExp.otherOperations.other.businessEntertainment"
           xlink:label="de-pi_isPi.adminExp.otherOperations.other.businessEntertainment"/>
      <loc xlink:type="locator"
           xlink:href="de-pi-2018-04-01.xsd#de-pi_bsPi.eqLiab.equity.TaxAdjustmentItem.contribCorrection"
           xlink:label="de-pi_bsPi.eqLiab.equity.TaxAdjustmentItem.contribCorrection"/>
      <loc xlink:type="locator"
           xlink:href="de-pi-2018-04-01.xsd#de-pi_bsPi.eqLiab.equity.TaxAdjustmentItem.withdrawalCorrection"
           xlink:label="de-pi_bsPi.eqLiab.equity.TaxAdjustmentItem.withdrawalCorrection"/>
      <loc xlink:type="locator"
           xlink:href="de-pi-2018-04-01.xsd#de-pi_isPi.retainedEarningsPrevYear.taxAdjItemAudit"
           xlink:label="de-pi_isPi.retainedEarningsPrevYear.taxAdjItemAudit"/>
      <!--
internal labels
--><labelArc xlink:from="de-pi_bs.Pi.ass.receivBanks.particip"
                xlink:to="label_de-pi_bs.Pi.ass.receivBanks.particip"
                xlink:arcrole="http://www.xbrl.org/2003/arcrole/concept-label"
                xlink:type="arc"/>
      <label xlink:label="label_de-pi_bs.Pi.ass.receivBanks.particip"
             id="label_de-pi_bs.Pi.ass.receivBanks.particip"
             xlink:role="http://www.xbrl.org/2003/role/definitionGuidance"
             xlink:type="resource"
             xml:lang="de">z.B. Anteile an KG, GmbH und Co. KG, OHG, GbR (Mitunternehmerschaft). Zur Abgrenzung bei ausländischen Rechtsformen vgl. BMF vom 24.12.1999, IV B 4 –S 1300 – 111/99, BStBl 1999 I S. 1076. Steuerbilanziell ist der Wertansatz nach der sog. Spiegelbildmethode vorzunehmen. Abweichungen zwischen HB- und StB-Wert sind in der Überleitungsrechnung darzustellen.</label>
      <labelArc xlink:from="de-pi_bsPi.ass.particip.corporations"
                xlink:to="label_de-pi_bsPi.ass.particip.corporations"
                xlink:arcrole="http://www.xbrl.org/2003/arcrole/concept-label"
                xlink:type="arc"/>
      <label xlink:label="label_de-pi_bsPi.ass.particip.corporations"
             id="label_de-pi_bsPi.ass.particip.corporations"
             xlink:role="http://www.xbrl.org/2003/role/definitionGuidance"
             xlink:type="resource"
             xml:lang="de">z. B. Aktien, GmbH-Anteile Zur Abgrenzung bei ausländischen Rechtsformen vgl. BMF vom 24.12.1999, IV B 4 –S 1300 – 111/99, BStBl 1999 I S. 1076. Die Untergliederung in „Anteile an Personengesellschaften“ und „Anteile an Kapitalgesellschaften“ soll rein steuerlich verstanden werden. Bei Einreichung einer Handelsbilanz können die entsprechenden Positionen leer übermittelt werden. Die Positionen sind nur für die steuerliche Überleitungsrechnung oder bei Einreichung einer originären Steuerbilanz zu verwenden.</label>
      <labelArc xlink:from="de-pi_bsPi.ass.particip.partnerships"
                xlink:to="label_de-pi_bsPi.ass.particip.partnerships"
                xlink:arcrole="http://www.xbrl.org/2003/arcrole/concept-label"
                xlink:type="arc"/>
      <label xlink:label="label_de-pi_bsPi.ass.particip.partnerships"
             id="label_de-pi_bsPi.ass.particip.partnerships"
             xlink:role="http://www.xbrl.org/2003/role/definitionGuidance"
             xlink:type="resource"
             xml:lang="de">z.B. Anteile an KG, GmbH und Co. KG, OHG, GbR (Mitunternehmerschaft). Zur Abgrenzung bei ausländischen Rechtsformen vgl. BMF vom 24.12.1999, IV B 4 –S 1300 – 111/99, BStBl 1999 I S. 1076. Steuerbilanziell ist der Wertansatz nach der sog. Spiegelbildmethode vorzunehmen. Abweichungen zwischen HB- und StB-Wert sind in der Überleitungsrechnung darzustellen. Die Untergliederung in „Anteile an Personengesellschaften“ und „Anteile an Kapitalgesellschaften“ soll rein steuerlich verstanden werden. Bei Einreichung einer Handelsbilanz können die entsprechenden Positionen leer übermittelt werden. Die Positionen sind nur für die steuerliche Überleitungsrechnung oder bei Einreichung einer originären Steuerbilanz zu verwenden.</label>
      <labelArc xlink:from="de-pi_bsPi.ass.receivCustomers.particip"
                xlink:to="label_de-pi_bsPi.ass.receivCustomers.particip"
                xlink:arcrole="http://www.xbrl.org/2003/arcrole/concept-label"
                xlink:type="arc"/>
      <label xlink:label="label_de-pi_bsPi.ass.receivCustomers.particip"
             id="label_de-pi_bsPi.ass.receivCustomers.particip"
             xlink:role="http://www.xbrl.org/2003/role/definitionGuidance"
             xlink:type="resource"
             xml:lang="de">z.B. Anteile an KG, GmbH und Co. KG, OHG, GbR (Mitunternehmerschaft). Zur Abgrenzung bei ausländischen Rechtsformen vgl. BMF vom 24.12.1999, IV B 4 –S 1300 – 111/99, BStBl 1999 I S. 1076. Steuerbilanziell ist der Wertansatz nach der sog. Spiegelbildmethode vorzunehmen. Abweichungen zwischen HB- und StB-Wert sind in der Überleitungsrechnung darzustellen.</label>
      <labelArc xlink:from="de-pi_bsPi.ass.sharesInAffil.corporations"
                xlink:to="label_de-pi_bsPi.ass.sharesInAffil.corporations"
                xlink:arcrole="http://www.xbrl.org/2003/arcrole/concept-label"
                xlink:type="arc"/>
      <label xlink:label="label_de-pi_bsPi.ass.sharesInAffil.corporations"
             id="label_de-pi_bsPi.ass.sharesInAffil.corporations"
             xlink:role="http://www.xbrl.org/2003/role/definitionGuidance"
             xlink:type="resource"
             xml:lang="de">z. B. Aktien, GmbH-Anteile Zur Abgrenzung bei ausländischen Rechtsformen vgl. BMF vom 24.12.1999, IV B 4 –S 1300 – 111/99, BStBl 1999 I S. 1076. Die Untergliederung in „Anteile an Personengesellschaften“ und „Anteile an Kapitalgesellschaften“ soll rein steuerlich verstanden werden. Bei Einreichung einer Handelsbilanz können die entsprechenden Positionen leer übermittelt werden. Die Positionen sind nur für die steuerliche Überleitungsrechnung oder bei Einreichung einer originären Steuerbilanz zu verwenden.</label>
      <labelArc xlink:from="de-pi_bsPi.ass.sharesInAffil.partnerships"
                xlink:to="label_de-pi_bsPi.ass.sharesInAffil.partnerships"
                xlink:arcrole="http://www.xbrl.org/2003/arcrole/concept-label"
                xlink:type="arc"/>
      <label xlink:label="label_de-pi_bsPi.ass.sharesInAffil.partnerships"
             id="label_de-pi_bsPi.ass.sharesInAffil.partnerships"
             xlink:role="http://www.xbrl.org/2003/role/definitionGuidance"
             xlink:type="resource"
             xml:lang="de">z.B. Anteile an KG, GmbH und Co. KG, OHG, GbR (Mitunternehmerschaft). Zur Abgrenzung bei ausländischen Rechtsformen vgl. BMF vom 24.12.1999, IV B 4 –S 1300 – 111/99, BStBl 1999 I S. 1076. Steuerbilanziell ist der Wertansatz nach der sog. Spiegelbildmethode vorzunehmen. Abweichungen zwischen HB- und StB-Wert sind in der Überleitungsrechnung darzustellen. Die Untergliederung in „Anteile an Personengesellschaften“ und „Anteile an Kapitalgesellschaften“ soll rein steuerlich verstanden werden. Bei Einreichung einer Handelsbilanz können die entsprechenden Positionen leer übermittelt werden. Die Positionen sind nur für die steuerliche Überleitungsrechnung oder bei Einreichung einer originären Steuerbilanz zu verwenden.</label>
      <labelArc xlink:from="de-pi_bsPi.ass.tan.otherOperations.inConstrAdvPaym"
                xlink:to="label_de-pi_bsPi.ass.tan.otherOperations.inConstrAdvPaym"
                xlink:arcrole="http://www.xbrl.org/2003/arcrole/concept-label"
                xlink:type="arc"/>
      <label xlink:label="label_de-pi_bsPi.ass.tan.otherOperations.inConstrAdvPaym"
             id="label_de-pi_bsPi.ass.tan.otherOperations.inConstrAdvPaym"
             xlink:role="http://www.xbrl.org/2003/role/definitionGuidance"
             xlink:type="resource"
             xml:lang="de">Geleistete Anzahlungen sind Vorleistungen auf eine von dem anderen Vertragsteil zu erbringende Lieferung oder Leistung. Anlagen im Bau umfassen die bis zum Bilanzstichtag getätigten Investitionen für Gegenstände des Sachanlagevermögens, die am Bilanzstichtag noch nicht fertig gestellt sind.</label>
      <labelArc xlink:from="de-pi_bsPi.ass.tan.otherOperations.landBuildings"
                xlink:to="label_de-pi_bsPi.ass.tan.otherOperations.landBuildings"
                xlink:arcrole="http://www.xbrl.org/2003/arcrole/concept-label"
                xlink:type="arc"/>
      <label xlink:label="label_de-pi_bsPi.ass.tan.otherOperations.landBuildings"
             id="label_de-pi_bsPi.ass.tan.otherOperations.landBuildings"
             xlink:role="http://www.xbrl.org/2003/role/definitionGuidance"
             xlink:type="resource"
             xml:lang="de">Hier sind ausschließlich unbebaute Grundstücke auszuweisen. Der Grund und Boden bei bebauten Grundstücken ist in der Position "Bauten auf eigenen Grundstücken und grundstücksgleichen Rechten, davon Grund und Boden-Anteil" auszuweisen.</label>
      <labelArc xlink:from="de-pi_bsPi.ass.tan.otherOperations.landBuildings.buildingsOnNonOwnedLand"
                xlink:to="label_de-pi_bsPi.ass.tan.otherOperations.landBuildings.buildingsOnNonOwnedLand"
                xlink:arcrole="http://www.xbrl.org/2003/arcrole/concept-label"
                xlink:type="arc"/>
      <label xlink:label="label_de-pi_bsPi.ass.tan.otherOperations.landBuildings.buildingsOnNonOwnedLand"
             id="label_de-pi_bsPi.ass.tan.otherOperations.landBuildings.buildingsOnNonOwnedLand"
             xlink:role="http://www.xbrl.org/2003/role/definitionGuidance"
             xlink:type="resource"
             xml:lang="de">Hier sind auch die Mietereinbauten, sofern es sich um keine technischen Anlagen und Maschinen handelt, einzutragen. Die Abgrenzung ist nach dem Erlass vom 15.01.1976, BStBl. I 1976 S. 66, vorzunehmen.</label>
      <labelArc xlink:from="de-pi_bsPi.ass.tan.otherOperations.landBuildings.buildingsOnOwnLand"
                xlink:to="label_de-pi_bsPi.ass.tan.otherOperations.landBuildings.buildingsOnOwnLand"
                xlink:arcrole="http://www.xbrl.org/2003/arcrole/concept-label"
                xlink:type="arc"/>
      <label xlink:label="label_de-pi_bsPi.ass.tan.otherOperations.landBuildings.buildingsOnOwnLand"
             id="label_de-pi_bsPi.ass.tan.otherOperations.landBuildings.buildingsOnOwnLand"
             xlink:role="http://www.xbrl.org/2003/role/definitionGuidance"
             xlink:type="resource"
             xml:lang="de">Grundstücksgleiche Rechte sind Rechte, die den Vorschriften des bürgerlichen Rechts über Grundstücke unterliegen (z.B. Erbbaurecht).</label>
      <labelArc xlink:from="de-pi_bsPi.ass.tan.otherOperations.landBuildings.landWithoutBuildings"
                xlink:to="label_de-pi_bsPi.ass.tan.otherOperations.landBuildings.landWithoutBuildings"
                xlink:arcrole="http://www.xbrl.org/2003/arcrole/concept-label"
                xlink:type="arc"/>
      <label xlink:label="label_de-pi_bsPi.ass.tan.otherOperations.landBuildings.landWithoutBuildings"
             id="label_de-pi_bsPi.ass.tan.otherOperations.landBuildings.landWithoutBuildings"
             xlink:role="http://www.xbrl.org/2003/role/definitionGuidance"
             xlink:type="resource"
             xml:lang="de">Grundstücksgleiche Rechte sind Rechte, die den Vorschriften des bürgerlichen Rechts über Grundstücke unterliegen (z.B. Erbbaurecht).</label>
      <labelArc xlink:from="de-pi_bsPi.ass.tan.otherOperations.landBuildings.other"
                xlink:to="label_de-pi_bsPi.ass.tan.otherOperations.landBuildings.other"
                xlink:arcrole="http://www.xbrl.org/2003/arcrole/concept-label"
                xlink:type="arc"/>
      <label xlink:label="label_de-pi_bsPi.ass.tan.otherOperations.landBuildings.other"
             id="label_de-pi_bsPi.ass.tan.otherOperations.landBuildings.other"
             xlink:role="http://www.xbrl.org/2003/role/definitionGuidance"
             xlink:type="resource"
             xml:lang="de">Die Position die übrigen Grundstücke. Darüber dient sie als Auffangposition, soweit eine detaillierte Zuordnung auf die in der gleichen Ebene vorhandenen Positionen nicht möglich ist.</label>
      <labelArc xlink:from="de-pi_bsPi.ass.tan.otherOperations.landBuildings.rightEquivalentToLandWithoutBuildings"
                xlink:to="label_de-pi_bsPi.ass.tan.otherOperations.landBuildings.rightEquivalentToLandWithoutBuildings"
                xlink:arcrole="http://www.xbrl.org/2003/arcrole/concept-label"
                xlink:type="arc"/>
      <label xlink:label="label_de-pi_bsPi.ass.tan.otherOperations.landBuildings.rightEquivalentToLandWithoutBuildings"
             id="label_de-pi_bsPi.ass.tan.otherOperations.landBuildings.rightEquivalentToLandWithoutBuildings"
             xlink:role="http://www.xbrl.org/2003/role/definitionGuidance"
             xlink:type="resource"
             xml:lang="de">Die Position umfasst sowohl den Wert der Bauten als auch den Wert der Grundstücke.</label>
      <labelArc xlink:from="de-pi_bsPi.ass.tan.otherOperations.machinery"
                xlink:to="label_de-pi_bsPi.ass.tan.otherOperations.machinery"
                xlink:arcrole="http://www.xbrl.org/2003/arcrole/concept-label"
                xlink:type="arc"/>
      <label xlink:label="label_de-pi_bsPi.ass.tan.otherOperations.machinery"
             id="label_de-pi_bsPi.ass.tan.otherOperations.machinery"
             xlink:role="http://www.xbrl.org/2003/role/definitionGuidance"
             xlink:type="resource"
             xml:lang="de">Hierzu gehören alle Anlagen und technischen Maschinen, die der Produktion dienen. Auch Mietereinbauten, sofern es sich nicht um Bauten auf fremden Grundstücken handelt. Die Abgrenzung ist nach dem Erlass vom 15.01.1976, BStBl. I 1976 S. 66 vozunehmen.</label>
      <labelArc xlink:from="de-pi_bsPi.ass.tan.otherOperations.other"
                xlink:to="label_de-pi_bsPi.ass.tan.otherOperations.other"
                xlink:arcrole="http://www.xbrl.org/2003/arcrole/concept-label"
                xlink:type="arc"/>
      <label xlink:label="label_de-pi_bsPi.ass.tan.otherOperations.other"
             id="label_de-pi_bsPi.ass.tan.otherOperations.other"
             xlink:role="http://www.xbrl.org/2003/role/definitionGuidance"
             xlink:type="resource"
             xml:lang="de">Sammelposten für alle den vorgenannten Positionen nicht zuordenbare Sachanlagen</label>
      <labelArc xlink:from="de-pi_bsPi.ass.tan.paymServicesandEMoney.inConstrAdvPaym"
                xlink:to="label_de-pi_bsPi.ass.tan.paymServicesandEMoney.inConstrAdvPaym"
                xlink:arcrole="http://www.xbrl.org/2003/arcrole/concept-label"
                xlink:type="arc"/>
      <label xlink:label="label_de-pi_bsPi.ass.tan.paymServicesandEMoney.inConstrAdvPaym"
             id="label_de-pi_bsPi.ass.tan.paymServicesandEMoney.inConstrAdvPaym"
             xlink:role="http://www.xbrl.org/2003/role/definitionGuidance"
             xlink:type="resource"
             xml:lang="de">Geleistete Anzahlungen sind Vorleistungen auf eine von dem anderen Vertragsteil zu erbringende Lieferung oder Leistung. Anlagen im Bau umfassen die bis zum Bilanzstichtag getätigten Investitionen für Gegenstände des Sachanlagevermögens, die am Bilanzstichtag noch nicht fertig gestellt sind.</label>
      <labelArc xlink:from="de-pi_bsPi.ass.tan.paymServicesandEMoney.landBuildings"
                xlink:to="label_de-pi_bsPi.ass.tan.paymServicesandEMoney.landBuildings"
                xlink:arcrole="http://www.xbrl.org/2003/arcrole/concept-label"
                xlink:type="arc"/>
      <label xlink:label="label_de-pi_bsPi.ass.tan.paymServicesandEMoney.landBuildings"
             id="label_de-pi_bsPi.ass.tan.paymServicesandEMoney.landBuildings"
             xlink:role="http://www.xbrl.org/2003/role/definitionGuidance"
             xlink:type="resource"
             xml:lang="de">Hier sind ausschließlich unbebaute Grundstücke auszuweisen. Der Grund und Boden bei bebauten Grundstücken ist in der Position "Bauten auf eigenen Grundstücken und grundstücksgleichen Rechten, davon Grund und Boden-Anteil" auszuweisen.</label>
      <labelArc xlink:from="de-pi_bsPi.ass.tan.paymServicesandEMoney.landBuildings.buildingsOnNonOwnedLand"
                xlink:to="label_de-pi_bsPi.ass.tan.paymServicesandEMoney.landBuildings.buildingsOnNonOwnedLand"
                xlink:arcrole="http://www.xbrl.org/2003/arcrole/concept-label"
                xlink:type="arc"/>
      <label xlink:label="label_de-pi_bsPi.ass.tan.paymServicesandEMoney.landBuildings.buildingsOnNonOwnedLand"
             id="label_de-pi_bsPi.ass.tan.paymServicesandEMoney.landBuildings.buildingsOnNonOwnedLand"
             xlink:role="http://www.xbrl.org/2003/role/definitionGuidance"
             xlink:type="resource"
             xml:lang="de">Hier sind auch die Mietereinbauten, sofern es sich um keine technischen Anlagen und Maschinen handelt, einzutragen. Die Abgrenzung ist nach dem Erlass vom 15.01.1976, BStBl. I 1976 S. 66, vorzunehmen.</label>
      <labelArc xlink:from="de-pi_bsPi.ass.tan.paymServicesandEMoney.landBuildings.buildingsOnOwnLand"
                xlink:to="label_de-pi_bsPi.ass.tan.paymServicesandEMoney.landBuildings.buildingsOnOwnLand"
                xlink:arcrole="http://www.xbrl.org/2003/arcrole/concept-label"
                xlink:type="arc"/>
      <label xlink:label="label_de-pi_bsPi.ass.tan.paymServicesandEMoney.landBuildings.buildingsOnOwnLand"
             id="label_de-pi_bsPi.ass.tan.paymServicesandEMoney.landBuildings.buildingsOnOwnLand"
             xlink:role="http://www.xbrl.org/2003/role/definitionGuidance"
             xlink:type="resource"
             xml:lang="de">Grundstücksgleiche Rechte sind Rechte, die den Vorschriften des bürgerlichen Rechts über Grundstücke unterliegen (z.B. Erbbaurecht).</label>
      <labelArc xlink:from="de-pi_bsPi.ass.tan.paymServicesandEMoney.landBuildings.landWithoutBuildings"
                xlink:to="label_de-pi_bsPi.ass.tan.paymServicesandEMoney.landBuildings.landWithoutBuildings"
                xlink:arcrole="http://www.xbrl.org/2003/arcrole/concept-label"
                xlink:type="arc"/>
      <label xlink:label="label_de-pi_bsPi.ass.tan.paymServicesandEMoney.landBuildings.landWithoutBuildings"
             id="label_de-pi_bsPi.ass.tan.paymServicesandEMoney.landBuildings.landWithoutBuildings"
             xlink:role="http://www.xbrl.org/2003/role/definitionGuidance"
             xlink:type="resource"
             xml:lang="de">Grundstücksgleiche Rechte sind Rechte, die den Vorschriften des bürgerlichen Rechts über Grundstücke unterliegen (z.B. Erbbaurecht).</label>
      <labelArc xlink:from="de-pi_bsPi.ass.tan.paymServicesandEMoney.landBuildings.other"
                xlink:to="label_de-pi_bsPi.ass.tan.paymServicesandEMoney.landBuildings.other"
                xlink:arcrole="http://www.xbrl.org/2003/arcrole/concept-label"
                xlink:type="arc"/>
      <label xlink:label="label_de-pi_bsPi.ass.tan.paymServicesandEMoney.landBuildings.other"
             id="label_de-pi_bsPi.ass.tan.paymServicesandEMoney.landBuildings.other"
             xlink:role="http://www.xbrl.org/2003/role/definitionGuidance"
             xlink:type="resource"
             xml:lang="de">Die Position die übrigen Grundstücke. Darüber dient sie als Auffangposition, soweit eine detaillierte Zuordnung auf die in der gleichen Ebene vorhandenen Positionen nicht möglich ist.</label>
      <labelArc xlink:from="de-pi_bsPi.ass.tan.paymServicesandEMoney.landBuildings.rightEquivalentToLandWithoutBuildings"
                xlink:to="label_de-pi_bsPi.ass.tan.paymServicesandEMoney.landBuildings.rightEquivalentToLandWithoutBuildings"
                xlink:arcrole="http://www.xbrl.org/2003/arcrole/concept-label"
                xlink:type="arc"/>
      <label xlink:label="label_de-pi_bsPi.ass.tan.paymServicesandEMoney.landBuildings.rightEquivalentToLandWithoutBuildings"
             id="label_de-pi_bsPi.ass.tan.paymServicesandEMoney.landBuildings.rightEquivalentToLandWithoutBuildings"
             xlink:role="http://www.xbrl.org/2003/role/definitionGuidance"
             xlink:type="resource"
             xml:lang="de">Die Position umfasst sowohl den Wert der Bauten als auch den Wert der Grundstücke.</label>
      <labelArc xlink:from="de-pi_bsPi.ass.tan.paymServicesandEMoney.machinery"
                xlink:to="label_de-pi_bsPi.ass.tan.paymServicesandEMoney.machinery"
                xlink:arcrole="http://www.xbrl.org/2003/arcrole/concept-label"
                xlink:type="arc"/>
      <label xlink:label="label_de-pi_bsPi.ass.tan.paymServicesandEMoney.machinery"
             id="label_de-pi_bsPi.ass.tan.paymServicesandEMoney.machinery"
             xlink:role="http://www.xbrl.org/2003/role/definitionGuidance"
             xlink:type="resource"
             xml:lang="de">Hierzu gehören alle Anlagen und technischen Maschinen, die der Produktion dienen. Auch Mietereinbauten, sofern es sich nicht um Bauten auf fremden Grundstücken handelt. Die Abgrenzung ist nach dem Erlass vom 15.01.1976, BStBl. I 1976 S. 66 vozunehmen.</label>
      <labelArc xlink:from="de-pi_bsPi.ass.tan.paymServicesandEMoney.other"
                xlink:to="label_de-pi_bsPi.ass.tan.paymServicesandEMoney.other"
                xlink:arcrole="http://www.xbrl.org/2003/arcrole/concept-label"
                xlink:type="arc"/>
      <label xlink:label="label_de-pi_bsPi.ass.tan.paymServicesandEMoney.other"
             id="label_de-pi_bsPi.ass.tan.paymServicesandEMoney.other"
             xlink:role="http://www.xbrl.org/2003/role/definitionGuidance"
             xlink:type="resource"
             xml:lang="de">Sammelposten für alle den vorgenannten Positionen nicht zuordenbare Sachanlagen</label>
      <labelArc xlink:from="de-pi_bsPi.ass.taxbalanceGenerally"
                xlink:to="label_de-pi_bsPi.ass.taxbalanceGenerally"
                xlink:arcrole="http://www.xbrl.org/2003/arcrole/concept-label"
                xlink:type="arc"/>
      <label xlink:label="label_de-pi_bsPi.ass.taxbalanceGenerally"
             id="label_de-pi_bsPi.ass.taxbalanceGenerally"
             xlink:role="http://www.xbrl.org/2003/role/definitionGuidance"
             xlink:type="resource"
             xml:lang="de">Hier sind alle aktiven steuerlichen Ausgleichsposten nach Investmentsteuergesetz auszuweisen - vgl. zum Beispiel Tz 29 und Tz 60 des BMF-Schreibens vom 18.8.2009, BStBl I 2009, 931.</label>
      <labelArc xlink:from="de-pi_bsPi.ass.taxbalanceOrgancomp"
                xlink:to="label_de-pi_bsPi.ass.taxbalanceOrgancomp"
                xlink:arcrole="http://www.xbrl.org/2003/arcrole/concept-label"
                xlink:type="arc"/>
      <label xlink:label="label_de-pi_bsPi.ass.taxbalanceOrgancomp"
             id="label_de-pi_bsPi.ass.taxbalanceOrgancomp"
             xlink:role="http://www.xbrl.org/2003/role/definitionGuidance"
             xlink:type="resource"
             xml:lang="de">Das Einkommen der Organgesellschaft ist dem Organträger zuzurechnen, die Gewinn- und Verlustübernahme lt. Handelsbilanz wird in die Steuerbilanz übernommen, die steuerrechtlichen Abweichungen sind an dieser Stelle in die Steuerbilanz einzustellen. Die Position „Aktiver Ausgleichsposten für Organschaftsverhältnisse beim Organträger“ ist rein steuerlich zu verstehen. Bei Einreichung einer Handelsbilanz können die entsprechenden Positionen leer übermittelt werden. Die Positionen sind nur für die steuerliche Überleitungsrechnung oder bei Einreichung einer originären Steuerbilanz zu verwenden.</label>
      <labelArc xlink:from="de-pi_bsPi.eqLiab.accruals.pensions.otherOperations.direct"
                xlink:to="label_de-pi_bsPi.eqLiab.accruals.pensions.otherOperations.direct"
                xlink:arcrole="http://www.xbrl.org/2003/arcrole/concept-label"
                xlink:type="arc"/>
      <label xlink:label="label_de-pi_bsPi.eqLiab.accruals.pensions.otherOperations.direct"
             id="label_de-pi_bsPi.eqLiab.accruals.pensions.otherOperations.direct"
             xlink:role="http://www.xbrl.org/2003/role/definitionGuidance"
             xlink:type="resource"
             xml:lang="de">Pensionsrückstellung, Direktzusage des Arbeitgebers auf Leistungen der betrieblichen Altersvorsorge ohne externen Durchführungsweg (keine Direktversicherung, Pensionskasse oder Pensionsfonds).</label>
      <labelArc xlink:from="de-pi_bsPi.eqLiab.accruals.pensions.otherOperations.externalFunds"
                xlink:to="label_de-pi_bsPi.eqLiab.accruals.pensions.otherOperations.externalFunds"
                xlink:arcrole="http://www.xbrl.org/2003/arcrole/concept-label"
                xlink:type="arc"/>
      <label xlink:label="label_de-pi_bsPi.eqLiab.accruals.pensions.otherOperations.externalFunds"
             id="label_de-pi_bsPi.eqLiab.accruals.pensions.otherOperations.externalFunds"
             xlink:role="http://www.xbrl.org/2003/role/definitionGuidance"
             xlink:type="resource"
             xml:lang="de">Pensionsrückstellung, Zusage des Arbeitsgebers auf Leistungen der betrieblichen Altersversorgung mit externen Durchführungsweg (z.B. Pensionskasse oder Lebensversicherung).</label>
      <labelArc xlink:from="de-pi_bsPi.eqLiab.accruals.pensions.otherOperations.other"
                xlink:to="label_de-pi_bsPi.eqLiab.accruals.pensions.otherOperations.other"
                xlink:arcrole="http://www.xbrl.org/2003/arcrole/concept-label"
                xlink:type="arc"/>
      <label xlink:label="label_de-pi_bsPi.eqLiab.accruals.pensions.otherOperations.other"
             id="label_de-pi_bsPi.eqLiab.accruals.pensions.otherOperations.other"
             xlink:role="http://www.xbrl.org/2003/role/definitionGuidance"
             xlink:type="resource"
             xml:lang="de">Die Position dient als Auffangposition, soweit eine detaillierte Zuordnung auf die in der gleichen Ebene vorhandenen Positionen nicht möglich ist.</label>
      <labelArc xlink:from="de-pi_bsPi.eqLiab.accruals.pensions.paymServicesandEMoney.direct"
                xlink:to="label_de-pi_bsPi.eqLiab.accruals.pensions.paymServicesandEMoney.direct"
                xlink:arcrole="http://www.xbrl.org/2003/arcrole/concept-label"
                xlink:type="arc"/>
      <label xlink:label="label_de-pi_bsPi.eqLiab.accruals.pensions.paymServicesandEMoney.direct"
             id="label_de-pi_bsPi.eqLiab.accruals.pensions.paymServicesandEMoney.direct"
             xlink:role="http://www.xbrl.org/2003/role/definitionGuidance"
             xlink:type="resource"
             xml:lang="de">Pensionsrückstellung, Direktzusage des Arbeitgebers auf Leistungen der betrieblichen Altersvorsorge ohne externen Durchführungsweg (keine Direktversicherung, Pensionskasse oder Pensionsfonds).</label>
      <labelArc xlink:from="de-pi_bsPi.eqLiab.accruals.pensions.paymServicesandEMoney.externalFunds"
                xlink:to="label_de-pi_bsPi.eqLiab.accruals.pensions.paymServicesandEMoney.externalFunds"
                xlink:arcrole="http://www.xbrl.org/2003/arcrole/concept-label"
                xlink:type="arc"/>
      <label xlink:label="label_de-pi_bsPi.eqLiab.accruals.pensions.paymServicesandEMoney.externalFunds"
             id="label_de-pi_bsPi.eqLiab.accruals.pensions.paymServicesandEMoney.externalFunds"
             xlink:role="http://www.xbrl.org/2003/role/definitionGuidance"
             xlink:type="resource"
             xml:lang="de">Pensionsrückstellung, Zusage des Arbeitsgebers auf Leistungen der betrieblichen Altersversorgung mit externen Durchführungsweg (z.B. Pensionskasse oder Lebensversicherung).</label>
      <labelArc xlink:from="de-pi_bsPi.eqLiab.accruals.pensions.paymServicesandEMoney.other"
                xlink:to="label_de-pi_bsPi.eqLiab.accruals.pensions.paymServicesandEMoney.other"
                xlink:arcrole="http://www.xbrl.org/2003/arcrole/concept-label"
                xlink:type="arc"/>
      <label xlink:label="label_de-pi_bsPi.eqLiab.accruals.pensions.paymServicesandEMoney.other"
             id="label_de-pi_bsPi.eqLiab.accruals.pensions.paymServicesandEMoney.other"
             xlink:role="http://www.xbrl.org/2003/role/definitionGuidance"
             xlink:type="resource"
             xml:lang="de">Die Position dient als Auffangposition, soweit eine detaillierte Zuordnung auf die in der gleichen Ebene vorhandenen Positionen nicht möglich ist.</label>
      <labelArc xlink:from="de-pi_bsPi.eqLiab.accruals.pensions.shareholdersRelatedParties"
                xlink:to="label_de-pi_bsPi.eqLiab.accruals.pensions.shareholdersRelatedParties"
                xlink:arcrole="http://www.xbrl.org/2003/arcrole/concept-label"
                xlink:type="arc"/>
      <label xlink:label="label_de-pi_bsPi.eqLiab.accruals.pensions.shareholdersRelatedParties"
             id="label_de-pi_bsPi.eqLiab.accruals.pensions.shareholdersRelatedParties"
             xlink:role="http://www.xbrl.org/2003/role/definitionGuidance"
             xlink:type="resource"
             xml:lang="de">Pensionsrückstellungen gegenüber Gesellschaftern (bei Kapital- und Personengesellschaften) oder nahestehenden Personen (z.B. Ehegatten) Eine steuerliche Relevanz besteht grundsätzlich ab einem Beteiligungsumfang von 1 %. In jedem Fall wird hier eine Übermittlung bei einem Beteiligungsumfang von mindestens 10 % erwartet.</label>
      <labelArc xlink:from="de-pi_bsPi.eqLiab.pretaxRes.res"
                xlink:to="label_de-pi_bsPi.eqLiab.pretaxRes.res"
                xlink:arcrole="http://www.xbrl.org/2003/arcrole/concept-label"
                xlink:type="arc"/>
      <label xlink:label="label_de-pi_bsPi.eqLiab.pretaxRes.res"
             id="label_de-pi_bsPi.eqLiab.pretaxRes.res"
             xlink:role="http://www.xbrl.org/2003/role/definitionGuidance"
             xlink:type="resource"
             xml:lang="de">Zu den steuerfreien Rücklagen gehören die Rücklage für Veräußerungsgewinne (§ 6b EStG), die Rücklage für Zuschüsse, die Rücklage für Ersatzbeschaffung (R 6.6 EStR) und weitere steuerfreie Rücklagen (z.B. aufgrund von Anwendungsregelungen des § 52 EStG).</label>
      <labelArc xlink:from="de-pi_bsPi.eqLiab.taxBalanceInvestg"
                xlink:to="label_de-pi_bsPi.eqLiab.taxBalanceInvestg"
                xlink:arcrole="http://www.xbrl.org/2003/arcrole/concept-label"
                xlink:type="arc"/>
      <label xlink:label="label_de-pi_bsPi.eqLiab.taxBalanceInvestg"
             id="label_de-pi_bsPi.eqLiab.taxBalanceInvestg"
             xlink:role="http://www.xbrl.org/2003/role/definitionGuidance"
             xlink:type="resource"
             xml:lang="de">Hier sind alle passiven steuerlichen Ausgleichsposten nach Investmentsteuergesetz auszuweisen - vgl. zum Beispiel Tz 16a und Tz 16b des BMF-Schreibens vom 18.8.2009, BStBl I 2009, 931.</label>
      <labelArc xlink:from="de-pi_bsPi.eqLiab.taxBalanceOrganComp"
                xlink:to="label_de-pi_bsPi.eqLiab.taxBalanceOrganComp"
                xlink:arcrole="http://www.xbrl.org/2003/arcrole/concept-label"
                xlink:type="arc"/>
      <label xlink:label="label_de-pi_bsPi.eqLiab.taxBalanceOrganComp"
             id="label_de-pi_bsPi.eqLiab.taxBalanceOrganComp"
             xlink:role="http://www.xbrl.org/2003/role/definitionGuidance"
             xlink:type="resource"
             xml:lang="de">Bei Organträgern zur bildender passiver Ausgleichsposten für Mehrabführungen der Organgesellschaft(en). Eine Mehrabführung liegt vor, wenn der abgeführte Gewinn den Steuerbilanzgewinn der Organgesellschaft übersteigt. Die Position „Passiver Ausgleichsposten für Organschaftsverhältnisse beim Organträger“ ist rein steuerlich zu verstehen.</label>
      <labelArc xlink:from="de-pi_isPi.adminExp.otherOperations.other.businessEntertainment"
                xlink:to="label_de-pi_isPi.adminExp.otherOperations.other.businessEntertainment"
                xlink:arcrole="http://www.xbrl.org/2003/arcrole/concept-label"
                xlink:type="arc"/>
      <label xlink:label="label_de-pi_isPi.adminExp.otherOperations.other.businessEntertainment"
             id="label_de-pi_isPi.adminExp.otherOperations.other.businessEntertainment"
             xlink:role="http://www.xbrl.org/2003/role/definitionGuidance"
             xlink:type="resource"
             xml:lang="de">Bewirtungskosten (ohne Kürzung nach § 4 Abs. 5 Satz 1 Nr 2 EStG)</label>
      <labelArc xlink:from="de-pi_isPi.adminExp.otherOperations.other.giftsDeductible"
                xlink:to="label_de-pi_isPi.adminExp.otherOperations.other.giftsDeductible"
                xlink:arcrole="http://www.xbrl.org/2003/arcrole/concept-label"
                xlink:type="arc"/>
      <label xlink:label="label_de-pi_isPi.adminExp.otherOperations.other.giftsDeductible"
             id="label_de-pi_isPi.adminExp.otherOperations.other.giftsDeductible"
             xlink:role="http://www.xbrl.org/2003/role/definitionGuidance"
             xlink:type="resource"
             xml:lang="de">Soweit die Anschaffungs- oder Herstellungskosten der dem Empfänger im Wirtschaftsjahr zugewendeten Gegenstände 35 € insgesamt nicht übersteigen.</label>
      <labelArc xlink:from="de-pi_isPi.adminExp.otherOperations.other.giftsNonDeductible"
                xlink:to="label_de-pi_isPi.adminExp.otherOperations.other.giftsNonDeductible"
                xlink:arcrole="http://www.xbrl.org/2003/arcrole/concept-label"
                xlink:type="arc"/>
      <label xlink:label="label_de-pi_isPi.adminExp.otherOperations.other.giftsNonDeductible"
             id="label_de-pi_isPi.adminExp.otherOperations.other.giftsNonDeductible"
             xlink:role="http://www.xbrl.org/2003/role/definitionGuidance"
             xlink:type="resource"
             xml:lang="de">Soweit die Anschaffungs- oder Herstellungskosten der dem Empfänger im Wirtschaftsjahr zugewendeten Gegenstände 35 € insgesamt übersteigen.</label>
      <labelArc xlink:from="de-pi_isPi.adminExp.paymServicesAndEMoney.other.businessEntertainment"
                xlink:to="label_de-pi_isPi.adminExp.paymServicesAndEMoney.other.businessEntertainment"
                xlink:arcrole="http://www.xbrl.org/2003/arcrole/concept-label"
                xlink:type="arc"/>
      <label xlink:label="label_de-pi_isPi.adminExp.paymServicesAndEMoney.other.businessEntertainment"
             id="label_de-pi_isPi.adminExp.paymServicesAndEMoney.other.businessEntertainment"
             xlink:role="http://www.xbrl.org/2003/role/definitionGuidance"
             xlink:type="resource"
             xml:lang="de">Bewirtungskosten (ohne Kürzung nach § 4 Abs. 5 Satz 1 Nr 2 EStG)</label>
      <labelArc xlink:from="de-pi_isPi.adminExp.paymServicesAndEMoney.other.giftsDeductible"
                xlink:to="label_de-pi_isPi.adminExp.paymServicesAndEMoney.other.giftsDeductible"
                xlink:arcrole="http://www.xbrl.org/2003/arcrole/concept-label"
                xlink:type="arc"/>
      <label xlink:label="label_de-pi_isPi.adminExp.paymServicesAndEMoney.other.giftsDeductible"
             id="label_de-pi_isPi.adminExp.paymServicesAndEMoney.other.giftsDeductible"
             xlink:role="http://www.xbrl.org/2003/role/definitionGuidance"
             xlink:type="resource"
             xml:lang="de">Soweit die Anschaffungs- oder Herstellungskosten der dem Empfänger im Wirtschaftsjahr zugewendeten Gegenstände 35 € insgesamt nicht übersteigen.</label>
      <labelArc xlink:from="de-pi_isPi.adminExp.paymServicesAndEMoney.other.giftsNonDeductible"
                xlink:to="label_de-pi_isPi.adminExp.paymServicesAndEMoney.other.giftsNonDeductible"
                xlink:arcrole="http://www.xbrl.org/2003/arcrole/concept-label"
                xlink:type="arc"/>
      <label xlink:label="label_de-pi_isPi.adminExp.paymServicesAndEMoney.other.giftsNonDeductible"
             id="label_de-pi_isPi.adminExp.paymServicesAndEMoney.other.giftsNonDeductible"
             xlink:role="http://www.xbrl.org/2003/role/definitionGuidance"
             xlink:type="resource"
             xml:lang="de">Soweit die Anschaffungs- oder Herstellungskosten der dem Empfänger im Wirtschaftsjahr zugewendeten Gegenstände 35 € insgesamt übersteigen.</label>
      <labelArc xlink:from="de-pi_isPi.currIncome.otherOperations.affil.corporations"
                xlink:to="label_de-pi_isPi.currIncome.otherOperations.affil.corporations"
                xlink:arcrole="http://www.xbrl.org/2003/arcrole/concept-label"
                xlink:type="arc"/>
      <label xlink:label="label_de-pi_isPi.currIncome.otherOperations.affil.corporations"
             id="label_de-pi_isPi.currIncome.otherOperations.affil.corporations"
             xlink:role="http://www.xbrl.org/2003/role/definitionGuidance"
             xlink:type="resource"
             xml:lang="de">Ausschüttungen, Dividenden, etc. sofern eine Beteiligung iSd § 271 Abs. 2 HGB vorliegt.</label>
      <labelArc xlink:from="de-pi_isPi.currIncome.otherOperations.affil.partnerships"
                xlink:to="label_de-pi_isPi.currIncome.otherOperations.affil.partnerships"
                xlink:arcrole="http://www.xbrl.org/2003/arcrole/concept-label"
                xlink:type="arc"/>
      <label xlink:label="label_de-pi_isPi.currIncome.otherOperations.affil.partnerships"
             id="label_de-pi_isPi.currIncome.otherOperations.affil.partnerships"
             xlink:role="http://www.xbrl.org/2003/role/definitionGuidance"
             xlink:type="resource"
             xml:lang="de">Gewinnanteile aus Mitunternehmerschaften sofern eine Beteiligung iSd § 271 Abs. 2 HGB vorliegt.</label>
      <labelArc xlink:from="de-pi_isPi.currIncome.otherOperations.particip.corporations"
                xlink:to="label_de-pi_isPi.currIncome.otherOperations.particip.corporations"
                xlink:arcrole="http://www.xbrl.org/2003/arcrole/concept-label"
                xlink:type="arc"/>
      <label xlink:label="label_de-pi_isPi.currIncome.otherOperations.particip.corporations"
             id="label_de-pi_isPi.currIncome.otherOperations.particip.corporations"
             xlink:role="http://www.xbrl.org/2003/role/definitionGuidance"
             xlink:type="resource"
             xml:lang="de">Ausschüttungen, Dividenden, etc. sofern keine Beteiligung iSd § 271 Abs. 2 HGB vorliegt.</label>
      <labelArc xlink:from="de-pi_isPi.currIncome.otherOperations.particip.partnerships"
                xlink:to="label_de-pi_isPi.currIncome.otherOperations.particip.partnerships"
                xlink:arcrole="http://www.xbrl.org/2003/arcrole/concept-label"
                xlink:type="arc"/>
      <label xlink:label="label_de-pi_isPi.currIncome.otherOperations.particip.partnerships"
             id="label_de-pi_isPi.currIncome.otherOperations.particip.partnerships"
             xlink:role="http://www.xbrl.org/2003/role/definitionGuidance"
             xlink:type="resource"
             xml:lang="de">Gewinnanteile aus Mitunternehmerschaften sofern keine Beteiligung iSd § 271 Abs. 2 HGB vorliegt.</label>
      <labelArc xlink:from="de-pi_isPi.currIncome.paymServicesAndEMoney.affil.coporations"
                xlink:to="label_de-pi_isPi.currIncome.paymServicesAndEMoney.affil.coporations"
                xlink:arcrole="http://www.xbrl.org/2003/arcrole/concept-label"
                xlink:type="arc"/>
      <label xlink:label="label_de-pi_isPi.currIncome.paymServicesAndEMoney.affil.coporations"
             id="label_de-pi_isPi.currIncome.paymServicesAndEMoney.affil.coporations"
             xlink:role="http://www.xbrl.org/2003/role/definitionGuidance"
             xlink:type="resource"
             xml:lang="de">Ausschüttungen, Dividenden, etc. sofern eine Beteiligung iSd § 271 Abs. 2 HGB vorliegt.</label>
      <labelArc xlink:from="de-pi_isPi.currIncome.paymServicesAndEMoney.affil.partnerships"
                xlink:to="label_de-pi_isPi.currIncome.paymServicesAndEMoney.affil.partnerships"
                xlink:arcrole="http://www.xbrl.org/2003/arcrole/concept-label"
                xlink:type="arc"/>
      <label xlink:label="label_de-pi_isPi.currIncome.paymServicesAndEMoney.affil.partnerships"
             id="label_de-pi_isPi.currIncome.paymServicesAndEMoney.affil.partnerships"
             xlink:role="http://www.xbrl.org/2003/role/definitionGuidance"
             xlink:type="resource"
             xml:lang="de">Gewinnanteile aus Mitunternehmerschaften sofern eine Beteiligung iSd § 271 Abs. 2 HGB vorliegt.</label>
      <labelArc xlink:from="de-pi_isPi.currIncome.paymServicesAndEMoney.particip.corporations"
                xlink:to="label_de-pi_isPi.currIncome.paymServicesAndEMoney.particip.corporations"
                xlink:arcrole="http://www.xbrl.org/2003/arcrole/concept-label"
                xlink:type="arc"/>
      <label xlink:label="label_de-pi_isPi.currIncome.paymServicesAndEMoney.particip.corporations"
             id="label_de-pi_isPi.currIncome.paymServicesAndEMoney.particip.corporations"
             xlink:role="http://www.xbrl.org/2003/role/definitionGuidance"
             xlink:type="resource"
             xml:lang="de">Ausschüttungen, Dividenden, etc. sofern keine Beteiligung iSd § 271 Abs. 2 HGB vorliegt.</label>
      <labelArc xlink:from="de-pi_isPi.currIncome.paymServicesAndEMoney.particip.partnerships"
                xlink:to="label_de-pi_isPi.currIncome.paymServicesAndEMoney.particip.partnerships"
                xlink:arcrole="http://www.xbrl.org/2003/arcrole/concept-label"
                xlink:type="arc"/>
      <label xlink:label="label_de-pi_isPi.currIncome.paymServicesAndEMoney.particip.partnerships"
             id="label_de-pi_isPi.currIncome.paymServicesAndEMoney.particip.partnerships"
             xlink:role="http://www.xbrl.org/2003/role/definitionGuidance"
             xlink:type="resource"
             xml:lang="de">Gewinnanteile aus Mitunternehmerschaften sofern keine Beteiligung iSd § 271 Abs. 2 HGB vorliegt.</label>
      <labelArc xlink:from="de-pi_isPi.interestExpenses.discounting"
                xlink:to="label_de-pi_isPi.interestExpenses.discounting"
                xlink:arcrole="http://www.xbrl.org/2003/arcrole/concept-label"
                xlink:type="arc"/>
      <label xlink:label="label_de-pi_isPi.interestExpenses.discounting"
             id="label_de-pi_isPi.interestExpenses.discounting"
             xlink:role="http://www.xbrl.org/2003/role/definitionGuidance"
             xlink:type="resource"
             xml:lang="de">Beträge aus der Aufzinsung von Verbindlichkeiten und Rückstellungen</label>
      <labelArc xlink:from="de-pi_isPi.interestIncome.discounting"
                xlink:to="label_de-pi_isPi.interestIncome.discounting"
                xlink:arcrole="http://www.xbrl.org/2003/arcrole/concept-label"
                xlink:type="arc"/>
      <label xlink:label="label_de-pi_isPi.interestIncome.discounting"
             id="label_de-pi_isPi.interestIncome.discounting"
             xlink:role="http://www.xbrl.org/2003/role/definitionGuidance"
             xlink:type="resource"
             xml:lang="de">Beträge aus der Abzinsung von Verbindlichkeiten und Rückstellungen</label>
      <labelArc xlink:from="de-pi_isPi.interestIncome.subjectToVat"
                xlink:to="label_de-pi_isPi.interestIncome.subjectToVat"
                xlink:arcrole="http://www.xbrl.org/2003/arcrole/concept-label"
                xlink:type="arc"/>
      <label xlink:label="label_de-pi_isPi.interestIncome.subjectToVat"
             id="label_de-pi_isPi.interestIncome.subjectToVat"
             xlink:role="http://www.xbrl.org/2003/role/definitionGuidance"
             xlink:type="resource"
             xml:lang="de">Bei Option nach § 9 UStG sind hier die umsatzsteuerpflichtig zu behandelnden Zinsen auszuweisen.</label>
      <labelArc xlink:from="de-pi_bsPi.eqLiab.equity.TaxAdjustmentItem.contribCorrection"
                xlink:to="label_de-pi_bsPi.eqLiab.equity.TaxAdjustmentItem.contribCorrection"
                xlink:arcrole="http://www.xbrl.org/2003/arcrole/concept-label"
                xlink:type="arc"/>
      <label xlink:label="label_de-pi_bsPi.eqLiab.equity.TaxAdjustmentItem.contribCorrection"
             id="label_de-pi_bsPi.eqLiab.equity.TaxAdjustmentItem.contribCorrection"
             xlink:role="http://www.xbrl.org/2003/role/definitionGuidance"
             xlink:type="resource"
             xml:lang="de">Die Position "Einlagenkorrektur" beinhaltet die durch die Finanzverwaltung vorgenommene(n) Änderungen der Einlagen</label>
      <labelArc xlink:from="de-pi_bsPi.eqLiab.equity.TaxAdjustmentItem.withdrawalCorrection"
                xlink:to="label_de-pi_bsPi.eqLiab.equity.TaxAdjustmentItem.withdrawalCorrection"
                xlink:arcrole="http://www.xbrl.org/2003/arcrole/concept-label"
                xlink:type="arc"/>
      <label xlink:label="label_de-pi_bsPi.eqLiab.equity.TaxAdjustmentItem.withdrawalCorrection"
             id="label_de-pi_bsPi.eqLiab.equity.TaxAdjustmentItem.withdrawalCorrection"
             xlink:role="http://www.xbrl.org/2003/role/definitionGuidance"
             xlink:type="resource"
             xml:lang="de">Die Position "Entnahmenkorrektur" beinhaltet die durch die Finanzverwaltung vorgenommene(n) Änderungen der Entnahmen</label>
      <labelArc xlink:from="de-pi_isPi.retainedEarningsPrevYear.taxAdjItemAudit"
                xlink:to="label_de-pi_isPi.retainedEarningsPrevYear.taxAdjItemAudit"
                xlink:arcrole="http://www.xbrl.org/2003/arcrole/concept-label"
                xlink:type="arc"/>
      <label xlink:label="label_de-pi_isPi.retainedEarningsPrevYear.taxAdjItemAudit"
             id="label_de-pi_isPi.retainedEarningsPrevYear.taxAdjItemAudit"
             xlink:role="http://www.xbrl.org/2003/role/definitionGuidance"
             xlink:type="resource"
             xml:lang="de">Bestand der Eigenkapitalposition "steuerlicher Ausgleichsposten" zum Ende des Vorjahres.</label>
      <!--
external labels
--></labelLink>
</linkbase>