<?xml version="1.0" encoding="utf-8"?>
<!--(c) XBRL Deutschland e.V. - see http://www.xbrl.de-->


<linkbase xmlns="http://www.xbrl.org/2003/linkbase"
          xmlns:xsi="http://www.w3.org/2001/XMLSchema-instance"
          xsi:schemaLocation="http://www.xbrl.org/2003/linkbase http://www.xbrl.org/2003/xbrl-linkbase-2003-12-31.xsd">
   <labelLink xmlns:xlink="http://www.w3.org/1999/xlink"
              xlink:role="http://www.xbrl.org/2003/role/link"
              xlink:type="extended">
      <loc xlink:type="locator"
           xlink:href="de-pi-2018-04-01-dimensions.xsd#de-pi_tablePI.nt.ass"
           xlink:label="de-pi_tablePI.nt.ass"/>
      <loc xlink:type="locator"
           xlink:href="de-pi-2018-04-01-dimensions.xsd#de-pi_cubePI.nt.ass.gross"
           xlink:label="de-pi_cubePI.nt.ass.gross"/>
      <loc xlink:type="locator"
           xlink:href="de-pi-2018-04-01-dimensions.xsd#de-pi_dim_changesPI.nt.ass"
           xlink:label="de-pi_dim_changesPI.nt.ass"/>
      <loc xlink:type="locator" xlink:href="de-pi-2018-04-01-dimensions.xsd#de-pi_allPI"
           xlink:label="de-pi_allPI"/>
      <loc xlink:type="locator"
           xlink:href="de-pi-2018-04-01-dimensions.xsd#de-pi_allPI_Prev_period"
           xlink:label="de-pi_allPI_Prev_period"/>
      <loc xlink:type="locator" xlink:href="de-pi-2018-04-01-dimensions.xsd#de-pi_grossPI"
           xlink:label="de-pi_grossPI"/>
      <loc xlink:type="locator"
           xlink:href="de-pi-2018-04-01-dimensions.xsd#de-pi_grossCostPI.beginning"
           xlink:label="de-pi_grossCostPI.beginning"/>
      <loc xlink:type="locator"
           xlink:href="de-pi-2018-04-01-dimensions.xsd#de-pi_grossPI.diff"
           xlink:label="de-pi_grossPI.diff"/>
      <loc xlink:type="locator"
           xlink:href="de-pi-2018-04-01-dimensions.xsd#de-pi_grossPI.diff.currDiff"
           xlink:label="de-pi_grossPI.diff.currDiff"/>
      <loc xlink:type="locator"
           xlink:href="de-pi-2018-04-01-dimensions.xsd#de-pi_grossPI.diff.otherDiff"
           xlink:label="de-pi_grossPI.diff.otherDiff"/>
      <loc xlink:type="locator"
           xlink:href="de-pi-2018-04-01-dimensions.xsd#de-pi_accDeprPI.DeprPeriod"
           xlink:label="de-pi_accDeprPI.DeprPeriod"/>
      <loc xlink:type="locator"
           xlink:href="de-pi-2018-04-01-dimensions.xsd#de-pi_accDeprPI.addition"
           xlink:label="de-pi_accDeprPI.addition"/>
      <loc xlink:type="locator"
           xlink:href="de-pi-2018-04-01-dimensions.xsd#de-pi_grossPI.diff.otherDiff.comment"
           xlink:label="de-pi_grossPI.diff.otherDiff.comment"/>
      <loc xlink:type="locator"
           xlink:href="de-pi-2018-04-01-dimensions.xsd#de-pi_grossPI.addition"
           xlink:label="de-pi_grossPI.addition"/>
      <loc xlink:type="locator"
           xlink:href="de-pi-2018-04-01-dimensions.xsd#de-pi_grossPI.release"
           xlink:label="de-pi_grossPI.release"/>
      <loc xlink:type="locator"
           xlink:href="de-pi-2018-04-01-dimensions.xsd#de-pi_grossPI.movements"
           xlink:label="de-pi_grossPI.movements"/>
      <loc xlink:type="locator"
           xlink:href="de-pi-2018-04-01-dimensions.xsd#de-pi_grossPI.currChanges"
           xlink:label="de-pi_grossPI.currChanges"/>
      <loc xlink:type="locator"
           xlink:href="de-pi-2018-04-01-dimensions.xsd#de-pi_accDeprPI"
           xlink:label="de-pi_accDeprPI"/>
      <loc xlink:type="locator"
           xlink:href="de-pi-2018-04-01-dimensions.xsd#de-pi_accDeprPI.beginning"
           xlink:label="de-pi_accDeprPI.beginning"/>
      <loc xlink:type="locator"
           xlink:href="de-pi-2018-04-01-dimensions.xsd#de-pi_accDeprPI.diff"
           xlink:label="de-pi_accDeprPI.diff"/>
      <loc xlink:type="locator"
           xlink:href="de-pi-2018-04-01-dimensions.xsd#de-pi_accDeprPI.diff.currDiff"
           xlink:label="de-pi_accDeprPI.diff.currDiff"/>
      <loc xlink:type="locator"
           xlink:href="de-pi-2018-04-01-dimensions.xsd#de-pi_accDeprPI.diff.otherDiff"
           xlink:label="de-pi_accDeprPI.diff.otherDiff"/>
      <loc xlink:type="locator"
           xlink:href="de-pi-2018-04-01-dimensions.xsd#de-pi_accDeprPI.diff.otherDiff.comment"
           xlink:label="de-pi_accDeprPI.diff.otherDiff.comment"/>
      <loc xlink:type="locator"
           xlink:href="de-pi-2018-04-01-dimensions.xsd#de-pi_accDeprPI.DeprPeriod.specific"
           xlink:label="de-pi_accDeprPI.DeprPeriod.specific"/>
      <loc xlink:type="locator"
           xlink:href="de-pi-2018-04-01-dimensions.xsd#de-pi_accDeprPI.release"
           xlink:label="de-pi_accDeprPI.release"/>
      <loc xlink:type="locator"
           xlink:href="de-pi-2018-04-01-dimensions.xsd#de-pi_accDeprPI.movements"
           xlink:label="de-pi_accDeprPI.movements"/>
      <loc xlink:type="locator"
           xlink:href="de-pi-2018-04-01-dimensions.xsd#de-pi_accDeprPI.currChanges"
           xlink:label="de-pi_accDeprPI.currChanges"/>
      <loc xlink:type="locator"
           xlink:href="de-pi-2018-04-01-dimensions.xsd#de-pi_revaluationPI"
           xlink:label="de-pi_revaluationPI"/>
      <loc xlink:type="locator"
           xlink:href="de-pi-2018-04-01-dimensions.xsd#de-pi_revaluationPI.comment"
           xlink:label="de-pi_revaluationPI.comment"/>
      <loc xlink:type="locator"
           xlink:href="de-pi-2018-04-01-dimensions.xsd#de-pi_piTitlePI.nt.ass.gross"
           xlink:label="de-pi_piTitlePI.nt.ass.gross"/>
      <loc xlink:type="locator"
           xlink:href="de-pi-2018-04-01-dimensions.xsd#de-pi_tablePITanIntan.nt.ass"
           xlink:label="de-pi_tablePITanIntan.nt.ass"/>
      <loc xlink:type="locator"
           xlink:href="de-pi-2018-04-01-dimensions.xsd#de-pi_cubePITanIntan.nt.ass.gross"
           xlink:label="de-pi_cubePITanIntan.nt.ass.gross"/>
      <loc xlink:type="locator"
           xlink:href="de-pi-2018-04-01-dimensions.xsd#de-pi_piTitlePITanIntan.nt.ass.gross"
           xlink:label="de-pi_piTitlePITanIntan.nt.ass.gross"/>
      <loc xlink:type="locator"
           xlink:href="de-pi-2018-04-01-dimensions.xsd#de-pi_allPITanIntan"
           xlink:label="de-pi_allPITanIntan"/>
      <loc xlink:type="locator"
           xlink:href="de-pi-2018-04-01-dimensions.xsd#de-pi_allPI_Prev_periodTanIntan"
           xlink:label="de-pi_allPI_Prev_periodTanIntan"/>
      <loc xlink:type="locator"
           xlink:href="de-pi-2018-04-01-dimensions.xsd#de-pi_grossPITanIntan"
           xlink:label="de-pi_grossPITanIntan"/>
      <loc xlink:type="locator"
           xlink:href="de-pi-2018-04-01-dimensions.xsd#de-pi_grossCostPITanIntan.beginning"
           xlink:label="de-pi_grossCostPITanIntan.beginning"/>
      <loc xlink:type="locator"
           xlink:href="de-pi-2018-04-01-dimensions.xsd#de-pi_grossPITanIntan.diff"
           xlink:label="de-pi_grossPITanIntan.diff"/>
      <loc xlink:type="locator"
           xlink:href="de-pi-2018-04-01-dimensions.xsd#de-pi_grossPITanIntan.diff.currDiff"
           xlink:label="de-pi_grossPITanIntan.diff.currDiff"/>
      <loc xlink:type="locator"
           xlink:href="de-pi-2018-04-01-dimensions.xsd#de-pi_grossPITanIntan.diff.otherDiff"
           xlink:label="de-pi_grossPITanIntan.diff.otherDiff"/>
      <loc xlink:type="locator"
           xlink:href="de-pi-2018-04-01-dimensions.xsd#de-pi_grossPITanIntan.diff.otherDiff.comment"
           xlink:label="de-pi_grossPITanIntan.diff.otherDiff.comment"/>
      <loc xlink:type="locator"
           xlink:href="de-pi-2018-04-01-dimensions.xsd#de-pi_grossPITanIntan.addition"
           xlink:label="de-pi_grossPITanIntan.addition"/>
      <loc xlink:type="locator"
           xlink:href="de-pi-2018-04-01-dimensions.xsd#de-pi_grossPITanIntan.release"
           xlink:label="de-pi_grossPITanIntan.release"/>
      <loc xlink:type="locator"
           xlink:href="de-pi-2018-04-01-dimensions.xsd#de-pi_grossPITanIntan.movements"
           xlink:label="de-pi_grossPITanIntan.movements"/>
      <loc xlink:type="locator"
           xlink:href="de-pi-2018-04-01-dimensions.xsd#de-pi_grossPITanIntan.currChanges"
           xlink:label="de-pi_grossPITanIntan.currChanges"/>
      <loc xlink:type="locator"
           xlink:href="de-pi-2018-04-01-dimensions.xsd#de-pi_accDeprPITanIntan"
           xlink:label="de-pi_accDeprPITanIntan"/>
      <loc xlink:type="locator"
           xlink:href="de-pi-2018-04-01-dimensions.xsd#de-pi_accDeprPITanIntan.beginning"
           xlink:label="de-pi_accDeprPITanIntan.beginning"/>
      <loc xlink:type="locator"
           xlink:href="de-pi-2018-04-01-dimensions.xsd#de-pi_accDeprPITanIntan.diff"
           xlink:label="de-pi_accDeprPITanIntan.diff"/>
      <loc xlink:type="locator"
           xlink:href="de-pi-2018-04-01-dimensions.xsd#de-pi_accDeprPITanIntan.diff.currDiff"
           xlink:label="de-pi_accDeprPITanIntan.diff.currDiff"/>
      <loc xlink:type="locator"
           xlink:href="de-pi-2018-04-01-dimensions.xsd#de-pi_accDeprPITanIntan.diff.otherDiff"
           xlink:label="de-pi_accDeprPITanIntan.diff.otherDiff"/>
      <loc xlink:type="locator"
           xlink:href="de-pi-2018-04-01-dimensions.xsd#de-pi_accDeprPITanIntan.diff.otherDiff.comment"
           xlink:label="de-pi_accDeprPITanIntan.diff.otherDiff.comment"/>
      <loc xlink:type="locator"
           xlink:href="de-pi-2018-04-01-dimensions.xsd#de-pi_accDeprPITanIntan.DeprPeriod"
           xlink:label="de-pi_accDeprPITanIntan.DeprPeriod"/>
      <loc xlink:type="locator"
           xlink:href="de-pi-2018-04-01-dimensions.xsd#de-pi_accDeprPITanIntan.DeprPeriod.specific"
           xlink:label="de-pi_accDeprPITanIntan.DeprPeriod.specific"/>
      <loc xlink:type="locator"
           xlink:href="de-pi-2018-04-01-dimensions.xsd#de-pi_accDeprPITanIntan.addition"
           xlink:label="de-pi_accDeprPITanIntan.addition"/>
      <loc xlink:type="locator"
           xlink:href="de-pi-2018-04-01-dimensions.xsd#de-pi_accDepPITanIntan.release"
           xlink:label="de-pi_accDepPITanIntan.release"/>
      <loc xlink:type="locator"
           xlink:href="de-pi-2018-04-01-dimensions.xsd#de-pi_accDeprPITanIntan.movements"
           xlink:label="de-pi_accDeprPITanIntan.movements"/>
      <loc xlink:type="locator"
           xlink:href="de-pi-2018-04-01-dimensions.xsd#de-pi_accDeprPITanIntan.currChanges"
           xlink:label="de-pi_accDeprPITanIntan.currChanges"/>
      <loc xlink:type="locator"
           xlink:href="de-pi-2018-04-01-dimensions.xsd#de-pi_revaluationPITanIntan"
           xlink:label="de-pi_revaluationPITanIntan"/>
      <loc xlink:type="locator"
           xlink:href="de-pi-2018-04-01-dimensions.xsd#de-pi_revaluationPIFixedAssets.comment"
           xlink:label="de-pi_revaluationPIFixedAssets.comment"/>
      <loc xlink:type="locator"
           xlink:href="de-pi-2018-04-01-dimensions.xsd#de-pi_dim_changesPITanIntan.nt.ass"
           xlink:label="de-pi_dim_changesPITanIntan.nt.ass"/>
      <!--
internal labels
--><labelArc xlink:from="de-pi_accDeprPITanIntan.DeprPeriod.specific"
                xlink:to="label_de-pi_accDeprPITanIntan.DeprPeriod.specific"
                xlink:arcrole="http://www.xbrl.org/2003/arcrole/concept-label"
                xlink:type="arc"/>
      <label xlink:label="label_de-pi_accDeprPITanIntan.DeprPeriod.specific"
             id="label_de-pi_accDeprPITanIntan.DeprPeriod.specific"
             xlink:role="http://www.xbrl.org/2003/role/label"
             xlink:type="resource"
             xml:lang="en">of which write-downs, accelerated tax depreciation, other deductions</label>
      <labelArc xlink:from="de-pi_accDeprPITanIntan.DeprPeriod"
                xlink:to="label_de-pi_accDeprPITanIntan.DeprPeriod"
                xlink:arcrole="http://www.xbrl.org/2003/arcrole/concept-label"
                xlink:type="arc"/>
      <label xlink:label="label_de-pi_accDeprPITanIntan.DeprPeriod"
             id="label_de-pi_accDeprPITanIntan.DeprPeriod"
             xlink:role="http://www.xbrl.org/2003/role/label"
             xlink:type="resource"
             xml:lang="en">Depreciation, amortisation and write-downs in the period</label>
      <labelArc xlink:from="de-pi_accDeprPITanIntan.addition"
                xlink:to="label_de-pi_accDeprPITanIntan.addition"
                xlink:arcrole="http://www.xbrl.org/2003/arcrole/concept-label"
                xlink:type="arc"/>
      <label xlink:label="label_de-pi_accDeprPITanIntan.addition"
             id="label_de-pi_accDeprPITanIntan.addition"
             xlink:role="http://www.xbrl.org/2003/role/label"
             xlink:type="resource"
             xml:lang="en">Additions</label>
      <labelArc xlink:from="de-pi_accDeprPITanIntan.beginning"
                xlink:to="label_de-pi_accDeprPITanIntan.beginning"
                xlink:arcrole="http://www.xbrl.org/2003/arcrole/concept-label"
                xlink:type="arc"/>
      <label xlink:label="label_de-pi_accDeprPITanIntan.beginning"
             id="label_de-pi_accDeprPITanIntan.beginning"
             xlink:role="http://www.xbrl.org/2003/role/label"
             xlink:type="resource"
             xml:lang="en">Cumulative depreciation, amortisation and write-downs at beginning of period</label>
      <labelArc xlink:from="de-pi_accDeprPITanIntan.currChanges"
                xlink:to="label_de-pi_accDeprPITanIntan.currChanges"
                xlink:arcrole="http://www.xbrl.org/2003/arcrole/concept-label"
                xlink:type="arc"/>
      <label xlink:label="label_de-pi_accDeprPITanIntan.currChanges"
             id="label_de-pi_accDeprPITanIntan.currChanges"
             xlink:role="http://www.xbrl.org/2003/role/label"
             xlink:type="resource"
             xml:lang="en">Changes due to currency translation differences</label>
      <labelArc xlink:from="de-pi_accDeprPITanIntan.diff.currDiff"
                xlink:to="label_de-pi_accDeprPITanIntan.diff.currDiff"
                xlink:arcrole="http://www.xbrl.org/2003/arcrole/concept-label"
                xlink:type="arc"/>
      <label xlink:label="label_de-pi_accDeprPITanIntan.diff.currDiff"
             id="label_de-pi_accDeprPITanIntan.diff.currDiff"
             xlink:role="http://www.xbrl.org/2003/role/label"
             xlink:type="resource"
             xml:lang="en">Currency translation difference versus prior-period ending balance</label>
      <labelArc xlink:from="de-pi_accDeprPITanIntan.diff.otherDiff.comment"
                xlink:to="label_de-pi_accDeprPITanIntan.diff.otherDiff.comment"
                xlink:arcrole="http://www.xbrl.org/2003/arcrole/concept-label"
                xlink:type="arc"/>
      <label xlink:label="label_de-pi_accDeprPITanIntan.diff.otherDiff.comment"
             id="label_de-pi_accDeprPITanIntan.diff.otherDiff.comment"
             xlink:role="http://www.xbrl.org/2003/role/label"
             xlink:type="resource"
             xml:lang="en">Explanations of other differences versus prior-period ending balance</label>
      <labelArc xlink:from="de-pi_accDeprPITanIntan.diff.otherDiff"
                xlink:to="label_de-pi_accDeprPITanIntan.diff.otherDiff"
                xlink:arcrole="http://www.xbrl.org/2003/arcrole/concept-label"
                xlink:type="arc"/>
      <label xlink:label="label_de-pi_accDeprPITanIntan.diff.otherDiff"
             id="label_de-pi_accDeprPITanIntan.diff.otherDiff"
             xlink:role="http://www.xbrl.org/2003/role/label"
             xlink:type="resource"
             xml:lang="en">Other differences versus prior-period ending balance</label>
      <labelArc xlink:from="de-pi_accDeprPITanIntan.diff"
                xlink:to="label_de-pi_accDeprPITanIntan.diff"
                xlink:arcrole="http://www.xbrl.org/2003/arcrole/concept-label"
                xlink:type="arc"/>
      <label xlink:label="label_de-pi_accDeprPITanIntan.diff"
             id="label_de-pi_accDeprPITanIntan.diff"
             xlink:role="http://www.xbrl.org/2003/role/label"
             xlink:type="resource"
             xml:lang="en">Differences versus prior-period ending balance</label>
      <labelArc xlink:from="de-pi_accDeprPITanIntan.movements"
                xlink:to="label_de-pi_accDeprPITanIntan.movements"
                xlink:arcrole="http://www.xbrl.org/2003/arcrole/concept-label"
                xlink:type="arc"/>
      <label xlink:label="label_de-pi_accDeprPITanIntan.movements"
             id="label_de-pi_accDeprPITanIntan.movements"
             xlink:role="http://www.xbrl.org/2003/role/label"
             xlink:type="resource"
             xml:lang="en">Reclassifications</label>
      <labelArc xlink:from="de-pi_accDepPITanIntan.release"
                xlink:to="label_de-pi_accDepPITanIntan.release"
                xlink:arcrole="http://www.xbrl.org/2003/arcrole/concept-label"
                xlink:type="arc"/>
      <label xlink:label="label_de-pi_accDepPITanIntan.release"
             id="label_de-pi_accDepPITanIntan.release"
             xlink:role="http://www.xbrl.org/2003/role/label"
             xlink:type="resource"
             xml:lang="en">Disposals</label>
      <labelArc xlink:from="de-pi_accDeprPITanIntan" xlink:to="label_de-pi_accDeprPITanIntan_1"
                xlink:arcrole="http://www.xbrl.org/2003/arcrole/concept-label"
                xlink:type="arc"/>
      <label xlink:label="label_de-pi_accDeprPITanIntan_1"
             id="label_de-pi_accDeprPITanIntan_1"
             xlink:role="http://www.xbrl.org/2003/role/label"
             xlink:type="resource"
             xml:lang="en">Cumulative depreciation, amortisation and write-downs at end of period</label>
      <labelArc xlink:from="de-pi_accDeprPITanIntan" xlink:to="label_de-pi_accDeprPITanIntan_2"
                xlink:arcrole="http://www.xbrl.org/2003/arcrole/concept-label"
                xlink:type="arc"/>
      <label xlink:label="label_de-pi_accDeprPITanIntan_2"
             id="label_de-pi_accDeprPITanIntan_2"
             xlink:role="http://www.xbrl.org/2003/role/terseLabel"
             xlink:type="resource"
             xml:lang="en">Cumulative depreciation, amortisation and write-downs</label>
      <labelArc xlink:from="de-pi_allPITanIntan" xlink:to="label_de-pi_allPITanIntan"
                xlink:arcrole="http://www.xbrl.org/2003/arcrole/concept-label"
                xlink:type="arc"/>
      <label xlink:label="label_de-pi_allPITanIntan" id="label_de-pi_allPITanIntan"
             xlink:role="http://www.xbrl.org/2003/role/label"
             xlink:type="resource"
             xml:lang="en">Carrying amount at end of period</label>
      <labelArc xlink:from="de-pi_allPI_Prev_periodTanIntan"
                xlink:to="label_de-pi_allPI_Prev_periodTanIntan"
                xlink:arcrole="http://www.xbrl.org/2003/arcrole/concept-label"
                xlink:type="arc"/>
      <label xlink:label="label_de-pi_allPI_Prev_periodTanIntan"
             id="label_de-pi_allPI_Prev_periodTanIntan"
             xlink:role="http://www.xbrl.org/2003/role/label"
             xlink:type="resource"
             xml:lang="en">Carrying amount at end of prior-year period</label>
      <labelArc xlink:from="de-pi_cubePITanIntan.nt.ass.gross"
                xlink:to="label_de-pi_cubePITanIntan.nt.ass.gross_1"
                xlink:arcrole="http://www.xbrl.org/2003/arcrole/concept-label"
                xlink:type="arc"/>
      <label xlink:label="label_de-pi_cubePITanIntan.nt.ass.gross_1"
             id="label_de-pi_cubePITanIntan.nt.ass.gross_1"
             xlink:role="http://www.xbrl.org/2003/role/documentation"
             xlink:type="resource"
             xml:lang="en">Table consisting of primary dimension carrying amounts and multiple secondary dimensions</label>
      <labelArc xlink:from="de-pi_cubePITanIntan.nt.ass.gross"
                xlink:to="label_de-pi_cubePITanIntan.nt.ass.gross_2"
                xlink:arcrole="http://www.xbrl.org/2003/arcrole/concept-label"
                xlink:type="arc"/>
      <label xlink:label="label_de-pi_cubePITanIntan.nt.ass.gross_2"
             id="label_de-pi_cubePITanIntan.nt.ass.gross_2"
             xlink:role="http://www.xbrl.org/2003/role/label"
             xlink:type="resource"
             xml:lang="en">Statement of changes in fixed assets for payment institutions - intellectual property and tangible assets [table]</label>
      <labelArc xlink:from="de-pi_cubePITanIntan.nt.ass.gross"
                xlink:to="label_de-pi_cubePITanIntan.nt.ass.gross_3"
                xlink:arcrole="http://www.xbrl.org/2003/arcrole/concept-label"
                xlink:type="arc"/>
      <label xlink:label="label_de-pi_cubePITanIntan.nt.ass.gross_3"
             id="label_de-pi_cubePITanIntan.nt.ass.gross_3"
             xlink:role="http://www.xbrl.org/2003/role/terseLabel"
             xlink:type="resource"
             xml:lang="en">Table</label>
      <labelArc xlink:from="de-pi_grossPITanIntan.addition"
                xlink:to="label_de-pi_grossPITanIntan.addition"
                xlink:arcrole="http://www.xbrl.org/2003/arcrole/concept-label"
                xlink:type="arc"/>
      <label xlink:label="label_de-pi_grossPITanIntan.addition"
             id="label_de-pi_grossPITanIntan.addition"
             xlink:role="http://www.xbrl.org/2003/role/label"
             xlink:type="resource"
             xml:lang="en">Additions</label>
      <labelArc xlink:from="de-pi_grossPITanIntan.currChanges"
                xlink:to="label_de-pi_grossPITanIntan.currChanges"
                xlink:arcrole="http://www.xbrl.org/2003/arcrole/concept-label"
                xlink:type="arc"/>
      <label xlink:label="label_de-pi_grossPITanIntan.currChanges"
             id="label_de-pi_grossPITanIntan.currChanges"
             xlink:role="http://www.xbrl.org/2003/role/label"
             xlink:type="resource"
             xml:lang="en">Changes due to currency translation differences</label>
      <labelArc xlink:from="de-pi_grossPITanIntan.diff.currDiff"
                xlink:to="label_de-pi_grossPITanIntan.diff.currDiff"
                xlink:arcrole="http://www.xbrl.org/2003/arcrole/concept-label"
                xlink:type="arc"/>
      <label xlink:label="label_de-pi_grossPITanIntan.diff.currDiff"
             id="label_de-pi_grossPITanIntan.diff.currDiff"
             xlink:role="http://www.xbrl.org/2003/role/label"
             xlink:type="resource"
             xml:lang="en">Currency translation difference versus prior-period ending balance</label>
      <labelArc xlink:from="de-pi_grossPITanIntan.diff.otherDiff.comment"
                xlink:to="label_de-pi_grossPITanIntan.diff.otherDiff.comment"
                xlink:arcrole="http://www.xbrl.org/2003/arcrole/concept-label"
                xlink:type="arc"/>
      <label xlink:label="label_de-pi_grossPITanIntan.diff.otherDiff.comment"
             id="label_de-pi_grossPITanIntan.diff.otherDiff.comment"
             xlink:role="http://www.xbrl.org/2003/role/label"
             xlink:type="resource"
             xml:lang="en">Explanations of other differences versus prior-period ending balance</label>
      <labelArc xlink:from="de-pi_grossPITanIntan.diff.otherDiff"
                xlink:to="label_de-pi_grossPITanIntan.diff.otherDiff"
                xlink:arcrole="http://www.xbrl.org/2003/arcrole/concept-label"
                xlink:type="arc"/>
      <label xlink:label="label_de-pi_grossPITanIntan.diff.otherDiff"
             id="label_de-pi_grossPITanIntan.diff.otherDiff"
             xlink:role="http://www.xbrl.org/2003/role/label"
             xlink:type="resource"
             xml:lang="en">Other differences versus prior-period ending balance</label>
      <labelArc xlink:from="de-pi_grossPITanIntan.diff"
                xlink:to="label_de-pi_grossPITanIntan.diff"
                xlink:arcrole="http://www.xbrl.org/2003/arcrole/concept-label"
                xlink:type="arc"/>
      <label xlink:label="label_de-pi_grossPITanIntan.diff"
             id="label_de-pi_grossPITanIntan.diff"
             xlink:role="http://www.xbrl.org/2003/role/label"
             xlink:type="resource"
             xml:lang="en">Differences versus prior-period ending balance</label>
      <labelArc xlink:from="de-pi_grossPITanIntan.movements"
                xlink:to="label_de-pi_grossPITanIntan.movements"
                xlink:arcrole="http://www.xbrl.org/2003/arcrole/concept-label"
                xlink:type="arc"/>
      <label xlink:label="label_de-pi_grossPITanIntan.movements"
             id="label_de-pi_grossPITanIntan.movements"
             xlink:role="http://www.xbrl.org/2003/role/label"
             xlink:type="resource"
             xml:lang="en">Reclassifications</label>
      <labelArc xlink:from="de-pi_grossPITanIntan.release"
                xlink:to="label_de-pi_grossPITanIntan.release"
                xlink:arcrole="http://www.xbrl.org/2003/arcrole/concept-label"
                xlink:type="arc"/>
      <label xlink:label="label_de-pi_grossPITanIntan.release"
             id="label_de-pi_grossPITanIntan.release"
             xlink:role="http://www.xbrl.org/2003/role/label"
             xlink:type="resource"
             xml:lang="en">Disposals</label>
      <labelArc xlink:from="de-pi_grossPITanIntan" xlink:to="label_de-pi_grossPITanIntan"
                xlink:arcrole="http://www.xbrl.org/2003/arcrole/concept-label"
                xlink:type="arc"/>
      <label xlink:label="label_de-pi_grossPITanIntan" id="label_de-pi_grossPITanIntan"
             xlink:role="http://www.xbrl.org/2003/role/label"
             xlink:type="resource"
             xml:lang="en">Cost at end of period</label>
      <labelArc xlink:from="de-pi_grossCostPITanIntan.beginning"
                xlink:to="label_de-pi_grossCostPITanIntan.beginning"
                xlink:arcrole="http://www.xbrl.org/2003/arcrole/concept-label"
                xlink:type="arc"/>
      <label xlink:label="label_de-pi_grossCostPITanIntan.beginning"
             id="label_de-pi_grossCostPITanIntan.beginning"
             xlink:role="http://www.xbrl.org/2003/role/label"
             xlink:type="resource"
             xml:lang="en">Cost at beginning of period</label>
      <labelArc xlink:from="de-pi_piTitlePITanIntan.nt.ass.gross"
                xlink:to="label_de-pi_piTitlePITanIntan.nt.ass.gross_1"
                xlink:arcrole="http://www.xbrl.org/2003/arcrole/concept-label"
                xlink:type="arc"/>
      <label xlink:label="label_de-pi_piTitlePITanIntan.nt.ass.gross_1"
             id="label_de-pi_piTitlePITanIntan.nt.ass.gross_1"
             xlink:role="http://www.xbrl.org/2003/role/label"
             xlink:type="resource"
             xml:lang="en">Changes in fixed assets for payment institutions [dimension]</label>
      <labelArc xlink:from="de-pi_piTitlePITanIntan.nt.ass.gross"
                xlink:to="label_de-pi_piTitlePITanIntan.nt.ass.gross_2"
                xlink:arcrole="http://www.xbrl.org/2003/arcrole/concept-label"
                xlink:type="arc"/>
      <label xlink:label="label_de-pi_piTitlePITanIntan.nt.ass.gross_2"
             id="label_de-pi_piTitlePITanIntan.nt.ass.gross_2"
             xlink:role="http://www.xbrl.org/2003/role/documentation"
             xlink:type="resource"
             xml:lang="en">Primary dimension (containing amounts)</label>
      <labelArc xlink:from="de-pi_piTitlePITanIntan.nt.ass.gross"
                xlink:to="label_de-pi_piTitlePITanIntan.nt.ass.gross_3"
                xlink:arcrole="http://www.xbrl.org/2003/arcrole/concept-label"
                xlink:type="arc"/>
      <label xlink:label="label_de-pi_piTitlePITanIntan.nt.ass.gross_3"
             id="label_de-pi_piTitlePITanIntan.nt.ass.gross_3"
             xlink:role="http://www.xbrl.org/2003/role/terseLabel"
             xlink:type="resource"
             xml:lang="en">Changes</label>
      <labelArc xlink:from="de-pi_revaluationPIFixedAssets.comment"
                xlink:to="label_de-pi_revaluationPIFixedAssets.comment"
                xlink:arcrole="http://www.xbrl.org/2003/arcrole/concept-label"
                xlink:type="arc"/>
      <label xlink:label="label_de-pi_revaluationPIFixedAssets.comment"
             id="label_de-pi_revaluationPIFixedAssets.comment"
             xlink:role="http://www.xbrl.org/2003/role/label"
             xlink:type="resource"
             xml:lang="en">Reasons for reversals of write-downs</label>
      <labelArc xlink:from="de-pi_revaluationPITanIntan"
                xlink:to="label_de-pi_revaluationPITanIntan"
                xlink:arcrole="http://www.xbrl.org/2003/arcrole/concept-label"
                xlink:type="arc"/>
      <label xlink:label="label_de-pi_revaluationPITanIntan"
             id="label_de-pi_revaluationPITanIntan"
             xlink:role="http://www.xbrl.org/2003/role/label"
             xlink:type="resource"
             xml:lang="en">Reversals of write-downs</label>
      <labelArc xlink:from="de-pi_accDeprPI.DeprPeriod"
                xlink:to="label_de-pi_accDeprPI.DeprPeriod"
                xlink:arcrole="http://www.xbrl.org/2003/arcrole/concept-label"
                xlink:type="arc"/>
      <label xlink:label="label_de-pi_accDeprPI.DeprPeriod"
             id="label_de-pi_accDeprPI.DeprPeriod"
             xlink:role="http://www.xbrl.org/2003/role/label"
             xlink:type="resource"
             xml:lang="en">Depreciation, amortisation and write-downs in the period</label>
      <labelArc xlink:from="de-pi_accDeprPI.DeprPeriod.specific"
                xlink:to="label_de-pi_accDeprPI.DeprPeriod.specific"
                xlink:arcrole="http://www.xbrl.org/2003/arcrole/concept-label"
                xlink:type="arc"/>
      <label xlink:label="label_de-pi_accDeprPI.DeprPeriod.specific"
             id="label_de-pi_accDeprPI.DeprPeriod.specific"
             xlink:role="http://www.xbrl.org/2003/role/label"
             xlink:type="resource"
             xml:lang="en">of which write-downs, accelerated tax depreciation, other deductions</label>
      <labelArc xlink:from="de-pi_accDeprPI.addition" xlink:to="label_de-pi_accDeprPI.addition"
                xlink:arcrole="http://www.xbrl.org/2003/arcrole/concept-label"
                xlink:type="arc"/>
      <label xlink:label="label_de-pi_accDeprPI.addition"
             id="label_de-pi_accDeprPI.addition"
             xlink:role="http://www.xbrl.org/2003/role/label"
             xlink:type="resource"
             xml:lang="en">Additions</label>
      <labelArc xlink:from="de-pi_accDeprPI.beginning"
                xlink:to="label_de-pi_accDeprPI.beginning"
                xlink:arcrole="http://www.xbrl.org/2003/arcrole/concept-label"
                xlink:type="arc"/>
      <label xlink:label="label_de-pi_accDeprPI.beginning"
             id="label_de-pi_accDeprPI.beginning"
             xlink:role="http://www.xbrl.org/2003/role/label"
             xlink:type="resource"
             xml:lang="en">Cumulative depreciation, amortisation and write-downs at beginning of period</label>
      <labelArc xlink:from="de-pi_accDeprPI.currChanges"
                xlink:to="label_de-pi_accDeprPI.currChanges"
                xlink:arcrole="http://www.xbrl.org/2003/arcrole/concept-label"
                xlink:type="arc"/>
      <label xlink:label="label_de-pi_accDeprPI.currChanges"
             id="label_de-pi_accDeprPI.currChanges"
             xlink:role="http://www.xbrl.org/2003/role/label"
             xlink:type="resource"
             xml:lang="en">Changes due to currency translation differences</label>
      <labelArc xlink:from="de-pi_accDeprPI.diff" xlink:to="label_de-pi_accDeprPI.diff"
                xlink:arcrole="http://www.xbrl.org/2003/arcrole/concept-label"
                xlink:type="arc"/>
      <label xlink:label="label_de-pi_accDeprPI.diff" id="label_de-pi_accDeprPI.diff"
             xlink:role="http://www.xbrl.org/2003/role/label"
             xlink:type="resource"
             xml:lang="en">Differences versus prior-period ending balance</label>
      <labelArc xlink:from="de-pi_accDeprPI.diff.currDiff"
                xlink:to="label_de-pi_accDeprPI.diff.currDiff"
                xlink:arcrole="http://www.xbrl.org/2003/arcrole/concept-label"
                xlink:type="arc"/>
      <label xlink:label="label_de-pi_accDeprPI.diff.currDiff"
             id="label_de-pi_accDeprPI.diff.currDiff"
             xlink:role="http://www.xbrl.org/2003/role/label"
             xlink:type="resource"
             xml:lang="en">Currency translation difference versus prior-period ending balance</label>
      <labelArc xlink:from="de-pi_accDeprPI.diff.otherDiff"
                xlink:to="label_de-pi_accDeprPI.diff.otherDiff"
                xlink:arcrole="http://www.xbrl.org/2003/arcrole/concept-label"
                xlink:type="arc"/>
      <label xlink:label="label_de-pi_accDeprPI.diff.otherDiff"
             id="label_de-pi_accDeprPI.diff.otherDiff"
             xlink:role="http://www.xbrl.org/2003/role/label"
             xlink:type="resource"
             xml:lang="en">Other differences versus prior-period ending balance</label>
      <labelArc xlink:from="de-pi_accDeprPI.diff.otherDiff.comment"
                xlink:to="label_de-pi_accDeprPI.diff.otherDiff.comment"
                xlink:arcrole="http://www.xbrl.org/2003/arcrole/concept-label"
                xlink:type="arc"/>
      <label xlink:label="label_de-pi_accDeprPI.diff.otherDiff.comment"
             id="label_de-pi_accDeprPI.diff.otherDiff.comment"
             xlink:role="http://www.xbrl.org/2003/role/label"
             xlink:type="resource"
             xml:lang="en">Explanations of other differences versus prior-period ending balance</label>
      <labelArc xlink:from="de-pi_accDeprPI.movements"
                xlink:to="label_de-pi_accDeprPI.movements"
                xlink:arcrole="http://www.xbrl.org/2003/arcrole/concept-label"
                xlink:type="arc"/>
      <label xlink:label="label_de-pi_accDeprPI.movements"
             id="label_de-pi_accDeprPI.movements"
             xlink:role="http://www.xbrl.org/2003/role/label"
             xlink:type="resource"
             xml:lang="en">Reclassifications</label>
      <labelArc xlink:from="de-pi_accDeprPI.release" xlink:to="label_de-pi_accDeprPI.release"
                xlink:arcrole="http://www.xbrl.org/2003/arcrole/concept-label"
                xlink:type="arc"/>
      <label xlink:label="label_de-pi_accDeprPI.release" id="label_de-pi_accDeprPI.release"
             xlink:role="http://www.xbrl.org/2003/role/label"
             xlink:type="resource"
             xml:lang="en">Disposals</label>
      <labelArc xlink:from="de-pi_accDeprPI" xlink:to="label_de-pi_accDeprPI_1"
                xlink:arcrole="http://www.xbrl.org/2003/arcrole/concept-label"
                xlink:type="arc"/>
      <label xlink:label="label_de-pi_accDeprPI_1" id="label_de-pi_accDeprPI_1"
             xlink:role="http://www.xbrl.org/2003/role/label"
             xlink:type="resource"
             xml:lang="en">Cumulative depreciation, amortisation and write-downs at end of period</label>
      <labelArc xlink:from="de-pi_accDeprPI" xlink:to="label_de-pi_accDeprPI_2"
                xlink:arcrole="http://www.xbrl.org/2003/arcrole/concept-label"
                xlink:type="arc"/>
      <label xlink:label="label_de-pi_accDeprPI_2" id="label_de-pi_accDeprPI_2"
             xlink:role="http://www.xbrl.org/2003/role/terseLabel"
             xlink:type="resource"
             xml:lang="en">Cumulative depreciation, amortisation and write-downs</label>
      <labelArc xlink:from="de-pi_allPI" xlink:to="label_de-pi_allPI"
                xlink:arcrole="http://www.xbrl.org/2003/arcrole/concept-label"
                xlink:type="arc"/>
      <label xlink:label="label_de-pi_allPI" id="label_de-pi_allPI"
             xlink:role="http://www.xbrl.org/2003/role/label"
             xlink:type="resource"
             xml:lang="en">Carrying amount at end of period</label>
      <labelArc xlink:from="de-pi_allPI_Prev_period" xlink:to="label_de-pi_allPI_Prev_period"
                xlink:arcrole="http://www.xbrl.org/2003/arcrole/concept-label"
                xlink:type="arc"/>
      <label xlink:label="label_de-pi_allPI_Prev_period" id="label_de-pi_allPI_Prev_period"
             xlink:role="http://www.xbrl.org/2003/role/label"
             xlink:type="resource"
             xml:lang="en">Carrying amount at end of prior-year period</label>
      <labelArc xlink:from="de-pi_cubePI.nt.ass.gross"
                xlink:to="label_de-pi_cubePI.nt.ass.gross_1"
                xlink:arcrole="http://www.xbrl.org/2003/arcrole/concept-label"
                xlink:type="arc"/>
      <label xlink:label="label_de-pi_cubePI.nt.ass.gross_1"
             id="label_de-pi_cubePI.nt.ass.gross_1"
             xlink:role="http://www.xbrl.org/2003/role/documentation"
             xlink:type="resource"
             xml:lang="en">Table consisting of primary dimension carrying amounts and multiple secondary dimensions</label>
      <labelArc xlink:from="de-pi_cubePI.nt.ass.gross"
                xlink:to="label_de-pi_cubePI.nt.ass.gross_2"
                xlink:arcrole="http://www.xbrl.org/2003/arcrole/concept-label"
                xlink:type="arc"/>
      <label xlink:label="label_de-pi_cubePI.nt.ass.gross_2"
             id="label_de-pi_cubePI.nt.ass.gross_2"
             xlink:role="http://www.xbrl.org/2003/role/label"
             xlink:type="resource"
             xml:lang="en">Statement of changes in fixed assets for payment institutions - without intellectual property and tangible assets [table]</label>
      <labelArc xlink:from="de-pi_cubePI.nt.ass.gross"
                xlink:to="label_de-pi_cubePI.nt.ass.gross_3"
                xlink:arcrole="http://www.xbrl.org/2003/arcrole/concept-label"
                xlink:type="arc"/>
      <label xlink:label="label_de-pi_cubePI.nt.ass.gross_3"
             id="label_de-pi_cubePI.nt.ass.gross_3"
             xlink:role="http://www.xbrl.org/2003/role/terseLabel"
             xlink:type="resource"
             xml:lang="en">Table</label>
      <labelArc xlink:from="de-pi_dim_changesPI.nt.ass"
                xlink:to="label_de-pi_dim_changesPI.nt.ass_1"
                xlink:arcrole="http://www.xbrl.org/2003/arcrole/concept-label"
                xlink:type="arc"/>
      <label xlink:label="label_de-pi_dim_changesPI.nt.ass_1"
             id="label_de-pi_dim_changesPI.nt.ass_1"
             xlink:role="http://www.xbrl.org/2003/role/label"
             xlink:type="resource"
             xml:lang="en">Items of fixed assets [dimensions]</label>
      <labelArc xlink:from="de-pi_dim_changesPI.nt.ass"
                xlink:to="label_de-pi_dim_changesPI.nt.ass_2"
                xlink:arcrole="http://www.xbrl.org/2003/arcrole/concept-label"
                xlink:type="arc"/>
      <label xlink:label="label_de-pi_dim_changesPI.nt.ass_2"
             id="label_de-pi_dim_changesPI.nt.ass_2"
             xlink:role="http://www.xbrl.org/2003/role/documentation"
             xlink:type="resource"
             xml:lang="en">Secondary dimension</label>
      <labelArc xlink:from="de-pi_dim_changesPI.nt.ass"
                xlink:to="label_de-pi_dim_changesPI.nt.ass_3"
                xlink:arcrole="http://www.xbrl.org/2003/arcrole/concept-label"
                xlink:type="arc"/>
      <label xlink:label="label_de-pi_dim_changesPI.nt.ass_3"
             id="label_de-pi_dim_changesPI.nt.ass_3"
             xlink:role="http://www.xbrl.org/2003/role/terseLabel"
             xlink:type="resource"
             xml:lang="en">Items of fixed assets</label>
      <labelArc xlink:from="de-pi_grossPI" xlink:to="label_de-pi_grossPI"
                xlink:arcrole="http://www.xbrl.org/2003/arcrole/concept-label"
                xlink:type="arc"/>
      <label xlink:label="label_de-pi_grossPI" id="label_de-pi_grossPI"
             xlink:role="http://www.xbrl.org/2003/role/label"
             xlink:type="resource"
             xml:lang="en">Cost at end of period</label>
      <labelArc xlink:from="de-pi_grossPI.addition" xlink:to="label_de-pi_grossPI.addition"
                xlink:arcrole="http://www.xbrl.org/2003/arcrole/concept-label"
                xlink:type="arc"/>
      <label xlink:label="label_de-pi_grossPI.addition" id="label_de-pi_grossPI.addition"
             xlink:role="http://www.xbrl.org/2003/role/label"
             xlink:type="resource"
             xml:lang="en">Additions</label>
      <labelArc xlink:from="de-pi_grossPI.currChanges"
                xlink:to="label_de-pi_grossPI.currChanges"
                xlink:arcrole="http://www.xbrl.org/2003/arcrole/concept-label"
                xlink:type="arc"/>
      <label xlink:label="label_de-pi_grossPI.currChanges"
             id="label_de-pi_grossPI.currChanges"
             xlink:role="http://www.xbrl.org/2003/role/label"
             xlink:type="resource"
             xml:lang="en">Changes due to currency translation differences</label>
      <labelArc xlink:from="de-pi_grossPI.diff" xlink:to="label_de-pi_grossPI.diff"
                xlink:arcrole="http://www.xbrl.org/2003/arcrole/concept-label"
                xlink:type="arc"/>
      <label xlink:label="label_de-pi_grossPI.diff" id="label_de-pi_grossPI.diff"
             xlink:role="http://www.xbrl.org/2003/role/label"
             xlink:type="resource"
             xml:lang="en">Differences versus prior-period ending balance</label>
      <labelArc xlink:from="de-pi_grossPI.diff.currDiff"
                xlink:to="label_de-pi_grossPI.diff.currDiff"
                xlink:arcrole="http://www.xbrl.org/2003/arcrole/concept-label"
                xlink:type="arc"/>
      <label xlink:label="label_de-pi_grossPI.diff.currDiff"
             id="label_de-pi_grossPI.diff.currDiff"
             xlink:role="http://www.xbrl.org/2003/role/label"
             xlink:type="resource"
             xml:lang="en">Currency translation difference versus prior-period ending balance</label>
      <labelArc xlink:from="de-pi_grossPI.diff.otherDiff"
                xlink:to="label_de-pi_grossPI.diff.otherDiff"
                xlink:arcrole="http://www.xbrl.org/2003/arcrole/concept-label"
                xlink:type="arc"/>
      <label xlink:label="label_de-pi_grossPI.diff.otherDiff"
             id="label_de-pi_grossPI.diff.otherDiff"
             xlink:role="http://www.xbrl.org/2003/role/label"
             xlink:type="resource"
             xml:lang="en">Other differences versus prior-period ending balance</label>
      <labelArc xlink:from="de-pi_grossPI.diff.otherDiff.comment"
                xlink:to="label_de-pi_grossPI.diff.otherDiff.comment"
                xlink:arcrole="http://www.xbrl.org/2003/arcrole/concept-label"
                xlink:type="arc"/>
      <label xlink:label="label_de-pi_grossPI.diff.otherDiff.comment"
             id="label_de-pi_grossPI.diff.otherDiff.comment"
             xlink:role="http://www.xbrl.org/2003/role/label"
             xlink:type="resource"
             xml:lang="en">Explanations of other differences versus prior-period ending balance</label>
      <labelArc xlink:from="de-pi_grossPI.movements" xlink:to="label_de-pi_grossPI.movements"
                xlink:arcrole="http://www.xbrl.org/2003/arcrole/concept-label"
                xlink:type="arc"/>
      <label xlink:label="label_de-pi_grossPI.movements" id="label_de-pi_grossPI.movements"
             xlink:role="http://www.xbrl.org/2003/role/label"
             xlink:type="resource"
             xml:lang="en">Reclassifications</label>
      <labelArc xlink:from="de-pi_grossPI.release" xlink:to="label_de-pi_grossPI.release"
                xlink:arcrole="http://www.xbrl.org/2003/arcrole/concept-label"
                xlink:type="arc"/>
      <label xlink:label="label_de-pi_grossPI.release" id="label_de-pi_grossPI.release"
             xlink:role="http://www.xbrl.org/2003/role/label"
             xlink:type="resource"
             xml:lang="en">Disposals</label>
      <labelArc xlink:from="de-pi_grossCostPI.beginning"
                xlink:to="label_de-pi_grossCostPI.beginning"
                xlink:arcrole="http://www.xbrl.org/2003/arcrole/concept-label"
                xlink:type="arc"/>
      <label xlink:label="label_de-pi_grossCostPI.beginning"
             id="label_de-pi_grossCostPI.beginning"
             xlink:role="http://www.xbrl.org/2003/role/label"
             xlink:type="resource"
             xml:lang="en">Cost at beginning of period</label>
      <labelArc xlink:from="de-pi_piTitlePI.nt.ass.gross"
                xlink:to="label_de-pi_piTitlePI.nt.ass.gross_1"
                xlink:arcrole="http://www.xbrl.org/2003/arcrole/concept-label"
                xlink:type="arc"/>
      <label xlink:label="label_de-pi_piTitlePI.nt.ass.gross_1"
             id="label_de-pi_piTitlePI.nt.ass.gross_1"
             xlink:role="http://www.xbrl.org/2003/role/label"
             xlink:type="resource"
             xml:lang="en">Changes in fixed assets for payment institutions [dimension]</label>
      <labelArc xlink:from="de-pi_piTitlePI.nt.ass.gross"
                xlink:to="label_de-pi_piTitlePI.nt.ass.gross_2"
                xlink:arcrole="http://www.xbrl.org/2003/arcrole/concept-label"
                xlink:type="arc"/>
      <label xlink:label="label_de-pi_piTitlePI.nt.ass.gross_2"
             id="label_de-pi_piTitlePI.nt.ass.gross_2"
             xlink:role="http://www.xbrl.org/2003/role/documentation"
             xlink:type="resource"
             xml:lang="en">Primary dimension (containing amounts)</label>
      <labelArc xlink:from="de-pi_piTitlePI.nt.ass.gross"
                xlink:to="label_de-pi_piTitlePI.nt.ass.gross_3"
                xlink:arcrole="http://www.xbrl.org/2003/arcrole/concept-label"
                xlink:type="arc"/>
      <label xlink:label="label_de-pi_piTitlePI.nt.ass.gross_3"
             id="label_de-pi_piTitlePI.nt.ass.gross_3"
             xlink:role="http://www.xbrl.org/2003/role/terseLabel"
             xlink:type="resource"
             xml:lang="en">Changes</label>
      <labelArc xlink:from="de-pi_revaluationPI" xlink:to="label_de-pi_revaluationPI"
                xlink:arcrole="http://www.xbrl.org/2003/arcrole/concept-label"
                xlink:type="arc"/>
      <label xlink:label="label_de-pi_revaluationPI" id="label_de-pi_revaluationPI"
             xlink:role="http://www.xbrl.org/2003/role/label"
             xlink:type="resource"
             xml:lang="en">Reversals of write-downs</label>
      <labelArc xlink:from="de-pi_revaluationPI.comment"
                xlink:to="label_de-pi_revaluationPI.comment"
                xlink:arcrole="http://www.xbrl.org/2003/arcrole/concept-label"
                xlink:type="arc"/>
      <label xlink:label="label_de-pi_revaluationPI.comment"
             id="label_de-pi_revaluationPI.comment"
             xlink:role="http://www.xbrl.org/2003/role/label"
             xlink:type="resource"
             xml:lang="en">Reasons for reversals of write-downs</label>
      <labelArc xlink:from="de-pi_tablePI.nt.ass" xlink:to="label_de-pi_tablePI.nt.ass_1"
                xlink:arcrole="http://www.xbrl.org/2003/arcrole/concept-label"
                xlink:type="arc"/>
      <label xlink:label="label_de-pi_tablePI.nt.ass_1" id="label_de-pi_tablePI.nt.ass_1"
             xlink:role="http://www.xbrl.org/2003/role/label"
             xlink:type="resource"
             xml:lang="en">Statement of changes in fixed assets for payment institutions - without intellectual property and tangible assets</label>
      <labelArc xlink:from="de-pi_tablePI.nt.ass" xlink:to="label_de-pi_tablePI.nt.ass_2"
                xlink:arcrole="http://www.xbrl.org/2003/arcrole/concept-label"
                xlink:type="arc"/>
      <label xlink:label="label_de-pi_tablePI.nt.ass_2" id="label_de-pi_tablePI.nt.ass_2"
             xlink:role="http://www.xbrl.org/2003/role/documentation"
             xlink:type="resource"
             xml:lang="en">table section</label>
      <labelArc xlink:from="de-pi_dim_changesPITanIntan.nt.ass"
                xlink:to="label_de-pi_dim_changesPITanIntan.nt.ass_1"
                xlink:arcrole="http://www.xbrl.org/2003/arcrole/concept-label"
                xlink:type="arc"/>
      <label xlink:label="label_de-pi_dim_changesPITanIntan.nt.ass_1"
             id="label_de-pi_dim_changesPITanIntan.nt.ass_1"
             xlink:role="http://www.xbrl.org/2003/role/label"
             xlink:type="resource"
             xml:lang="en">Items of fixed assets [dimensions]</label>
      <labelArc xlink:from="de-pi_dim_changesPITanIntan.nt.ass"
                xlink:to="label_de-pi_dim_changesPITanIntan.nt.ass_2"
                xlink:arcrole="http://www.xbrl.org/2003/arcrole/concept-label"
                xlink:type="arc"/>
      <label xlink:label="label_de-pi_dim_changesPITanIntan.nt.ass_2"
             id="label_de-pi_dim_changesPITanIntan.nt.ass_2"
             xlink:role="http://www.xbrl.org/2003/role/documentation"
             xlink:type="resource"
             xml:lang="en">Secondary dimension</label>
      <labelArc xlink:from="de-pi_dim_changesPITanIntan.nt.ass"
                xlink:to="label_de-pi_dim_changesPITanIntan.nt.ass_3"
                xlink:arcrole="http://www.xbrl.org/2003/arcrole/concept-label"
                xlink:type="arc"/>
      <label xlink:label="label_de-pi_dim_changesPITanIntan.nt.ass_3"
             id="label_de-pi_dim_changesPITanIntan.nt.ass_3"
             xlink:role="http://www.xbrl.org/2003/role/terseLabel"
             xlink:type="resource"
             xml:lang="en">Items of fixed assets</label>
      <labelArc xlink:from="de-pi_tablePITanIntan.nt.ass"
                xlink:to="label_de-pi_tablePITanIntan.nt.ass_1"
                xlink:arcrole="http://www.xbrl.org/2003/arcrole/concept-label"
                xlink:type="arc"/>
      <label xlink:label="label_de-pi_tablePITanIntan.nt.ass_1"
             id="label_de-pi_tablePITanIntan.nt.ass_1"
             xlink:role="http://www.xbrl.org/2003/role/label"
             xlink:type="resource"
             xml:lang="en">Statement of changes in fixed assets for payment institutions - intellectual property and tangible assets</label>
      <labelArc xlink:from="de-pi_tablePITanIntan.nt.ass"
                xlink:to="label_de-pi_tablePITanIntan.nt.ass_2"
                xlink:arcrole="http://www.xbrl.org/2003/arcrole/concept-label"
                xlink:type="arc"/>
      <label xlink:label="label_de-pi_tablePITanIntan.nt.ass_2"
             id="label_de-pi_tablePITanIntan.nt.ass_2"
             xlink:role="http://www.xbrl.org/2003/role/documentation"
             xlink:type="resource"
             xml:lang="en">table section</label>
      <!--
external labels
--></labelLink>
</linkbase>