<?xml version="1.0" encoding="utf-8"?>
<!--(c) XBRL Deutschland e.V. - see http://www.xbrl.de-->


<linkbase xmlns="http://www.xbrl.org/2003/linkbase"
          xmlns:xsi="http://www.w3.org/2001/XMLSchema-instance"
          xsi:schemaLocation="http://www.xbrl.org/2003/linkbase http://www.xbrl.org/2003/xbrl-linkbase-2003-12-31.xsd">
   <roleRef xmlns:xlink="http://www.w3.org/1999/xlink"
            roleURI="http://www.xbrl.de/taxonomies/de-pi/role/notes"
            xlink:href="de-pi-2018-04-01.xsd#role_notes"
            xlink:type="simple"/>
   <presentationLink xmlns:xlink="http://www.w3.org/1999/xlink"
                     xlink:role="http://www.xbrl.de/taxonomies/de-pi/role/notes"
                     xlink:type="extended">
      <loc xlink:type="locator"
           xlink:href="de-pi-2018-04-01.xsd#de-pi_bsPi.ass.receivBanks"
           xlink:label="de-pi_bsPi.ass.receivBanks"/>
      <loc xlink:type="locator"
           xlink:href="de-pi-2018-04-01.xsd#de-pi_bsPi.ass.reiceivBanks.PaymServicesAndEMoney"
           xlink:label="de-pi_bsPi.ass.reiceivBanks.PaymServicesAndEMoney"/>
      <loc xlink:type="locator"
           xlink:href="de-pi-2018-04-01.xsd#de-pi_bsPi.ass.receivBanks.PaymServicesAndEMoney.escrow"
           xlink:label="de-pi_bsPi.ass.receivBanks.PaymServicesAndEMoney.escrow"/>
      <loc xlink:type="locator"
           xlink:href="de-pi-2018-04-01.xsd#de-pi_bs.Pi.ass.receivBanks.particip"
           xlink:label="de-pi_bs.Pi.ass.receivBanks.particip"/>
      <loc xlink:type="locator"
           xlink:href="de-pi-2018-04-01.xsd#de-pi_bsPi.ass.receivBanks.other"
           xlink:label="de-pi_bsPi.ass.receivBanks.other"/>
      <loc xlink:type="locator"
           xlink:href="de-pi-2018-04-01.xsd#de-pi_bsPi.ass.receivBanks.other.other"
           xlink:label="de-pi_bsPi.ass.receivBanks.other.other"/>
      <loc xlink:type="locator"
           xlink:href="de-pi-2018-04-01.xsd#de-pi_bsPi.ass.receivBanks.other.dueDaily"
           xlink:label="de-pi_bsPi.ass.receivBanks.other.dueDaily"/>
      <loc xlink:type="locator"
           xlink:href="de-pi-2018-04-01.xsd#de-pi_bsPi.ass.receivCustomers"
           xlink:label="de-pi_bsPi.ass.receivCustomers"/>
      <loc xlink:type="locator"
           xlink:href="de-pi-2018-04-01.xsd#de-pi_bsPi.ass.receivCustomers.paymServicesAndEMoney"
           xlink:label="de-pi_bsPi.ass.receivCustomers.paymServicesAndEMoney"/>
      <loc xlink:type="locator"
           xlink:href="de-pi-2018-04-01.xsd#de-pi_bsPi.ass.receivCustomers.paymServicesAndEMoney.loans"
           xlink:label="de-pi_bsPi.ass.receivCustomers.paymServicesAndEMoney.loans"/>
      <loc xlink:type="locator"
           xlink:href="de-pi-2018-04-01.xsd#de-pi_bsPi.ass.receivCustomers.paymServicesAndEMoney.commissions"
           xlink:label="de-pi_bsPi.ass.receivCustomers.paymServicesAndEMoney.commissions"/>
      <loc xlink:type="locator"
           xlink:href="de-pi-2018-04-01.xsd#de-pi_bsPi.ass.receivCustomers.lastRange"
           xlink:label="de-pi_bsPi.ass.receivCustomers.lastRange"/>
      <loc xlink:type="locator"
           xlink:href="de-pi-2018-04-01.xsd#de-pi_bsPi.ass.receivCustomers.particip"
           xlink:label="de-pi_bsPi.ass.receivCustomers.particip"/>
      <loc xlink:type="locator"
           xlink:href="de-pi-2018-04-01.xsd#de-pi_bsPi.ass.receivCustomers.other"
           xlink:label="de-pi_bsPi.ass.receivCustomers.other"/>
      <loc xlink:type="locator"
           xlink:href="de-pi-2018-04-01.xsd#de-pi_bsPi.ass.receivPiZAG1_2a"
           xlink:label="de-pi_bsPi.ass.receivPiZAG1_2a"/>
      <loc xlink:type="locator"
           xlink:href="de-pi-2018-04-01.xsd#de-pi_bsPi.ass.receivPiZAG1_2a.otherOperations"
           xlink:label="de-pi_bsPi.ass.receivPiZAG1_2a.otherOperations"/>
      <loc xlink:type="locator"
           xlink:href="de-pi-2018-04-01.xsd#de-pi_bsPi.ass.receivPiZAG1_2a.paymServicesAndEMoney"
           xlink:label="de-pi_bsPi.ass.receivPiZAG1_2a.paymServicesAndEMoney"/>
      <loc xlink:type="locator"
           xlink:href="de-pi-2018-04-01.xsd#de-pi_bsPi.ass.debtInstruments"
           xlink:label="de-pi_bsPi.ass.debtInstruments"/>
      <loc xlink:type="locator"
           xlink:href="de-pi-2018-04-01.xsd#de-pi_bsPi.ass.debtInstruments.moneyMarketPapers"
           xlink:label="de-pi_bsPi.ass.debtInstruments.moneyMarketPapers"/>
      <loc xlink:type="locator"
           xlink:href="de-pi-2018-04-01.xsd#de-pi_bsPi.ass.debtInstruments.moneyMarketPapers.otherOperations"
           xlink:label="de-pi_bsPi.ass.debtInstruments.moneyMarketPapers.otherOperations"/>
      <loc xlink:type="locator"
           xlink:href="de-pi-2018-04-01.xsd#de-pi_bsPi.ass.debtInstruments.moneyMarketPapers.paymServicesAndEMoney"
           xlink:label="de-pi_bsPi.ass.debtInstruments.moneyMarketPapers.paymServicesAndEMoney"/>
      <loc xlink:type="locator"
           xlink:href="de-pi-2018-04-01.xsd#de-pi_bsPi.ass.debtInstruments.bonds"
           xlink:label="de-pi_bsPi.ass.debtInstruments.bonds"/>
      <loc xlink:type="locator"
           xlink:href="de-pi-2018-04-01.xsd#de-pi_bsPi.ass.debtInstruments.bonds.paymServicesAndEMoney"
           xlink:label="de-pi_bsPi.ass.debtInstruments.bonds.paymServicesAndEMoney"/>
      <loc xlink:type="locator"
           xlink:href="de-pi-2018-04-01.xsd#de-pi_bsPi.ass.debtInstruments.bonds.otherOperations"
           xlink:label="de-pi_bsPi.ass.debtInstruments.bonds.otherOperations"/>
      <loc xlink:type="locator" xlink:href="de-pi-2018-04-01.xsd#de-pi_bsPi.ass.shares"
           xlink:label="de-pi_bsPi.ass.shares"/>
      <loc xlink:type="locator"
           xlink:href="de-pi-2018-04-01.xsd#de-pi_bsPi.ass.shares.paymServicesAndEMoney"
           xlink:label="de-pi_bsPi.ass.shares.paymServicesAndEMoney"/>
      <loc xlink:type="locator"
           xlink:href="de-pi-2018-04-01.xsd#de-pi_bsPi.ass.shares.otherOperations"
           xlink:label="de-pi_bsPi.ass.shares.otherOperations"/>
      <loc xlink:type="locator" xlink:href="de-pi-2018-04-01.xsd#de-pi_bsPi.ass.particip"
           xlink:label="de-pi_bsPi.ass.particip"/>
      <loc xlink:type="locator"
           xlink:href="de-pi-2018-04-01.xsd#de-pi_bsPi.ass.particip.corporations"
           xlink:label="de-pi_bsPi.ass.particip.corporations"/>
      <loc xlink:type="locator"
           xlink:href="de-pi-2018-04-01.xsd#de-pi_bsPi.ass.particip.otherOperations"
           xlink:label="de-pi_bsPi.ass.particip.otherOperations"/>
      <loc xlink:type="locator"
           xlink:href="de-pi-2018-04-01.xsd#de-pi_bsPi.ass.particip.otherOperations.banks"
           xlink:label="de-pi_bsPi.ass.particip.otherOperations.banks"/>
      <loc xlink:type="locator"
           xlink:href="de-pi-2018-04-01.xsd#de-pi_bsPi.ass.particip.otherOperations.PiZAG1_2a"
           xlink:label="de-pi_bsPi.ass.particip.otherOperations.PiZAG1_2a"/>
      <loc xlink:type="locator"
           xlink:href="de-pi-2018-04-01.xsd#de-pi_bsPi.ass.particip.otherOperations.financialServicesInstitutions"
           xlink:label="de-pi_bsPi.ass.particip.otherOperations.financialServicesInstitutions"/>
      <loc xlink:type="locator"
           xlink:href="de-pi-2018-04-01.xsd#de-pi_bsPi.ass.particip.coop"
           xlink:label="de-pi_bsPi.ass.particip.coop"/>
      <loc xlink:type="locator"
           xlink:href="de-pi-2018-04-01.xsd#de-pi_bsPi.ass.particip.partnerships"
           xlink:label="de-pi_bsPi.ass.particip.partnerships"/>
      <loc xlink:type="locator"
           xlink:href="de-pi-2018-04-01.xsd#de-pi_bsPi.ass.particip.paymServicesAndEMoney"
           xlink:label="de-pi_bsPi.ass.particip.paymServicesAndEMoney"/>
      <loc xlink:type="locator"
           xlink:href="de-pi-2018-04-01.xsd#de-pi_bsPi.ass.particip.paymServicesAndEMoney.banks"
           xlink:label="de-pi_bsPi.ass.particip.paymServicesAndEMoney.banks"/>
      <loc xlink:type="locator"
           xlink:href="de-pi-2018-04-01.xsd#de-pi_bsPi.ass.particip.paymServicesAndEMoney.financialServicesInstitutions"
           xlink:label="de-pi_bsPi.ass.particip.paymServicesAndEMoney.financialServicesInstitutions"/>
      <loc xlink:type="locator"
           xlink:href="de-pi-2018-04-01.xsd#de-pi_bsPi.ass.particip.paymServicesAndEMoney.PiZAG1_2a"
           xlink:label="de-pi_bsPi.ass.particip.paymServicesAndEMoney.PiZAG1_2a"/>
      <loc xlink:type="locator"
           xlink:href="de-pi-2018-04-01.xsd#de-pi_bsPi.ass.sharesInAffil"
           xlink:label="de-pi_bsPi.ass.sharesInAffil"/>
      <loc xlink:type="locator"
           xlink:href="de-pi-2018-04-01.xsd#de-pi_bsPi.ass.sharesInAffil.otherOperations"
           xlink:label="de-pi_bsPi.ass.sharesInAffil.otherOperations"/>
      <loc xlink:type="locator"
           xlink:href="de-pi-2018-04-01.xsd#de-pi_bsPi.ass.sharesInAffil.otherOperations.PiZAG1_2a"
           xlink:label="de-pi_bsPi.ass.sharesInAffil.otherOperations.PiZAG1_2a"/>
      <loc xlink:type="locator"
           xlink:href="de-pi-2018-04-01.xsd#de-pi_bsPi.ass.sharesInAffil.otherOperations.banks"
           xlink:label="de-pi_bsPi.ass.sharesInAffil.otherOperations.banks"/>
      <loc xlink:type="locator"
           xlink:href="de-pi-2018-04-01.xsd#de-pi_bsPi.ass.sharesInAffil.otherOperations.financialServicesInstitutions"
           xlink:label="de-pi_bsPi.ass.sharesInAffil.otherOperations.financialServicesInstitutions"/>
      <loc xlink:type="locator"
           xlink:href="de-pi-2018-04-01.xsd#de-pi_bsPi.ass.sharesInAffil.paymServicesAndEMoney"
           xlink:label="de-pi_bsPi.ass.sharesInAffil.paymServicesAndEMoney"/>
      <loc xlink:type="locator"
           xlink:href="de-pi-2018-04-01.xsd#de-pi_bsPi.ass.sharesInAffilpaymServicesAndEMoney.banks"
           xlink:label="de-pi_bsPi.ass.sharesInAffilpaymServicesAndEMoney.banks"/>
      <loc xlink:type="locator"
           xlink:href="de-pi-2018-04-01.xsd#de-pi_bsPi.ass.sharesInAffil.PiZAG1_2a"
           xlink:label="de-pi_bsPi.ass.sharesInAffil.PiZAG1_2a"/>
      <loc xlink:type="locator"
           xlink:href="de-pi-2018-04-01.xsd#de-pi_bsPi.ass.sharesInAffil.paymServicesAndEMoney.financialServicesInstitutions"
           xlink:label="de-pi_bsPi.ass.sharesInAffil.paymServicesAndEMoney.financialServicesInstitutions"/>
      <loc xlink:type="locator"
           xlink:href="de-pi-2018-04-01.xsd#de-pi_bsPi.ass.sharesInAffil.corporations"
           xlink:label="de-pi_bsPi.ass.sharesInAffil.corporations"/>
      <loc xlink:type="locator"
           xlink:href="de-pi-2018-04-01.xsd#de-pi_bsPi.ass.sharesInAffil.partnerships"
           xlink:label="de-pi_bsPi.ass.sharesInAffil.partnerships"/>
      <loc xlink:type="locator" xlink:href="de-pi-2018-04-01.xsd#de-pi_bsPi.ass.intan"
           xlink:label="de-pi_bsPi.ass.intan"/>
      <loc xlink:type="locator"
           xlink:href="de-pi-2018-04-01.xsd#de-pi_bsPi.ass.intan.otherOperations"
           xlink:label="de-pi_bsPi.ass.intan.otherOperations"/>
      <loc xlink:type="locator"
           xlink:href="de-pi-2018-04-01.xsd#de-pi_bsPi.ass.intan.otherOperations.goodwill"
           xlink:label="de-pi_bsPi.ass.intan.otherOperations.goodwill"/>
      <loc xlink:type="locator"
           xlink:href="de-pi-2018-04-01.xsd#de-pi_bsPi.ass.intan.otherOperations.concessionsBrands"
           xlink:label="de-pi_bsPi.ass.intan.otherOperations.concessionsBrands"/>
      <loc xlink:type="locator"
           xlink:href="de-pi-2018-04-01.xsd#de-pi_bsPi.ass.intan.otherOperations.selfmade"
           xlink:label="de-pi_bsPi.ass.intan.otherOperations.selfmade"/>
      <loc xlink:type="locator"
           xlink:href="de-pi-2018-04-01.xsd#de-pi_bsPi.ass.intan.otherOperations.advPaym"
           xlink:label="de-pi_bsPi.ass.intan.otherOperations.advPaym"/>
      <loc xlink:type="locator"
           xlink:href="de-pi-2018-04-01.xsd#de-pi_bsPi.ass.intan.paymServicesAndEMoney"
           xlink:label="de-pi_bsPi.ass.intan.paymServicesAndEMoney"/>
      <loc xlink:type="locator"
           xlink:href="de-pi-2018-04-01.xsd#de-pi_bsPi.ass.intan.paymServicesAndEMoney.concessionsBrands"
           xlink:label="de-pi_bsPi.ass.intan.paymServicesAndEMoney.concessionsBrands"/>
      <loc xlink:type="locator"
           xlink:href="de-pi-2018-04-01.xsd#de-pi_bsPi.ass.intan.paymServicesAndEMoneyselfmade"
           xlink:label="de-pi_bsPi.ass.intan.paymServicesAndEMoneyselfmade"/>
      <loc xlink:type="locator"
           xlink:href="de-pi-2018-04-01.xsd#de-pi_bsPi.ass.intan.paymServicesAndEMoney.goodwill"
           xlink:label="de-pi_bsPi.ass.intan.paymServicesAndEMoney.goodwill"/>
      <loc xlink:type="locator"
           xlink:href="de-pi-2018-04-01.xsd#de-pi_bsPi.ass.intan.paymServicesAndEMoney.advPaym"
           xlink:label="de-pi_bsPi.ass.intan.paymServicesAndEMoney.advPaym"/>
      <loc xlink:type="locator" xlink:href="de-pi-2018-04-01.xsd#de-pi_bsPi.ass.tan"
           xlink:label="de-pi_bsPi.ass.tan"/>
      <loc xlink:type="locator"
           xlink:href="de-pi-2018-04-01.xsd#de-pi_bsPi.ass.tan.otherForeign"
           xlink:label="de-pi_bsPi.ass.tan.otherForeign"/>
      <loc xlink:type="locator"
           xlink:href="de-pi-2018-04-01.xsd#de-pi_bsPi.ass.tan.paymServicesandEMoney"
           xlink:label="de-pi_bsPi.ass.tan.paymServicesandEMoney"/>
      <loc xlink:type="locator"
           xlink:href="de-pi-2018-04-01.xsd#de-pi_bsPi.ass.tan.paymServicesandEMoney.inConstrAdvPaym"
           xlink:label="de-pi_bsPi.ass.tan.paymServicesandEMoney.inConstrAdvPaym"/>
      <loc xlink:type="locator"
           xlink:href="de-pi-2018-04-01.xsd#de-pi_bsPi.ass.tan.paymServicesandEMoney.landBuildings"
           xlink:label="de-pi_bsPi.ass.tan.paymServicesandEMoney.landBuildings"/>
      <loc xlink:type="locator"
           xlink:href="de-pi-2018-04-01.xsd#de-pi_bsPi.ass.tan.paymServicesandEMoney.landBuildings.landWithoutBuildings"
           xlink:label="de-pi_bsPi.ass.tan.paymServicesandEMoney.landBuildings.landWithoutBuildings"/>
      <loc xlink:type="locator"
           xlink:href="de-pi-2018-04-01.xsd#de-pi_bsPi.ass.tan.paymServicesandEMoney.landBuildings.buildingsOnNonOwnedLand"
           xlink:label="de-pi_bsPi.ass.tan.paymServicesandEMoney.landBuildings.buildingsOnNonOwnedLand"/>
      <loc xlink:type="locator"
           xlink:href="de-pi-2018-04-01.xsd#de-pi_bsPi.ass.tan.paymServicesandEMoney.landBuildings.other"
           xlink:label="de-pi_bsPi.ass.tan.paymServicesandEMoney.landBuildings.other"/>
      <loc xlink:type="locator"
           xlink:href="de-pi-2018-04-01.xsd#de-pi_bsPi.ass.tan.paymServicesandEMoney.landBuildings.rightEquivalentToLandWithoutBuildings"
           xlink:label="de-pi_bsPi.ass.tan.paymServicesandEMoney.landBuildings.rightEquivalentToLandWithoutBuildings"/>
      <loc xlink:type="locator"
           xlink:href="de-pi-2018-04-01.xsd#de-pi_bsPi.ass.tan.paymServicesandEMoney.landBuildings.buildingsOnOwnLand"
           xlink:label="de-pi_bsPi.ass.tan.paymServicesandEMoney.landBuildings.buildingsOnOwnLand"/>
      <loc xlink:type="locator"
           xlink:href="de-pi-2018-04-01.xsd#de-pi_bsPi.ass.tan.paymServicesandEMoney.landBuildings.buildingsOnOwnLand.Land"
           xlink:label="de-pi_bsPi.ass.tan.paymServicesandEMoney.landBuildings.buildingsOnOwnLand.Land"/>
      <loc xlink:type="locator"
           xlink:href="de-pi-2018-04-01.xsd#de-pi_bsPi.ass.tan.paymServicesandEMoney.operatingAndOfficeEquipm"
           xlink:label="de-pi_bsPi.ass.tan.paymServicesandEMoney.operatingAndOfficeEquipm"/>
      <loc xlink:type="locator"
           xlink:href="de-pi-2018-04-01.xsd#de-pi_bsPi.ass.tan.paymServicesandEMoney.machinery"
           xlink:label="de-pi_bsPi.ass.tan.paymServicesandEMoney.machinery"/>
      <loc xlink:type="locator"
           xlink:href="de-pi-2018-04-01.xsd#de-pi_bsPi.ass.tan.paymServicesandEMoney.other"
           xlink:label="de-pi_bsPi.ass.tan.paymServicesandEMoney.other"/>
      <loc xlink:type="locator"
           xlink:href="de-pi-2018-04-01.xsd#de-pi_bsPi.ass.tan.otherOperations"
           xlink:label="de-pi_bsPi.ass.tan.otherOperations"/>
      <loc xlink:type="locator"
           xlink:href="de-pi-2018-04-01.xsd#de-pi_bsPi.ass.tan.otherOperations.inConstrAdvPaym"
           xlink:label="de-pi_bsPi.ass.tan.otherOperations.inConstrAdvPaym"/>
      <loc xlink:type="locator"
           xlink:href="de-pi-2018-04-01.xsd#de-pi_bsPi.ass.tan.otherOperations.operatingAndOfficeEquipm"
           xlink:label="de-pi_bsPi.ass.tan.otherOperations.operatingAndOfficeEquipm"/>
      <loc xlink:type="locator"
           xlink:href="de-pi-2018-04-01.xsd#de-pi_bsPi.ass.tan.otherOperations.machinery"
           xlink:label="de-pi_bsPi.ass.tan.otherOperations.machinery"/>
      <loc xlink:type="locator"
           xlink:href="de-pi-2018-04-01.xsd#de-pi_bsPi.ass.tan.otherOperations.landBuildings"
           xlink:label="de-pi_bsPi.ass.tan.otherOperations.landBuildings"/>
      <loc xlink:type="locator"
           xlink:href="de-pi-2018-04-01.xsd#de-pi_bsPi.ass.tan.otherOperations.landBuildings.buildingsOnNonOwnedLand"
           xlink:label="de-pi_bsPi.ass.tan.otherOperations.landBuildings.buildingsOnNonOwnedLand"/>
      <loc xlink:type="locator"
           xlink:href="de-pi-2018-04-01.xsd#de-pi_bsPi.ass.tan.otherOperations.landBuildings.other"
           xlink:label="de-pi_bsPi.ass.tan.otherOperations.landBuildings.other"/>
      <loc xlink:type="locator"
           xlink:href="de-pi-2018-04-01.xsd#de-pi_bsPi.ass.tan.otherOperations.landBuildings.buildingsOnOwnLand"
           xlink:label="de-pi_bsPi.ass.tan.otherOperations.landBuildings.buildingsOnOwnLand"/>
      <loc xlink:type="locator"
           xlink:href="de-pi-2018-04-01.xsd#de-pi_bsPi.ass.tan.otherOperations.landBuildings.buildingsOnOwnLand.land"
           xlink:label="de-pi_bsPi.ass.tan.otherOperations.landBuildings.buildingsOnOwnLand.land"/>
      <loc xlink:type="locator"
           xlink:href="de-pi-2018-04-01.xsd#de-pi_bsPi.ass.tan.otherOperations.landBuildings.landWithoutBuildings"
           xlink:label="de-pi_bsPi.ass.tan.otherOperations.landBuildings.landWithoutBuildings"/>
      <loc xlink:type="locator"
           xlink:href="de-pi-2018-04-01.xsd#de-pi_bsPi.ass.tan.otherOperations.landBuildings.rightEquivalentToLandWithoutBuildings"
           xlink:label="de-pi_bsPi.ass.tan.otherOperations.landBuildings.rightEquivalentToLandWithoutBuildings"/>
      <loc xlink:type="locator"
           xlink:href="de-pi-2018-04-01.xsd#de-pi_bsPi.ass.tan.otherOperations.other"
           xlink:label="de-pi_bsPi.ass.tan.otherOperations.other"/>
      <presentationArc xlink:from="de-pi_bsPi.ass.receivBanks"
                       xlink:to="de-pi_bsPi.ass.reiceivBanks.PaymServicesAndEMoney"
                       order="2"
                       xlink:arcrole="http://www.xbrl.org/2003/arcrole/parent-child"
                       xlink:type="arc"/>
      <presentationArc xlink:from="de-pi_bsPi.ass.reiceivBanks.PaymServicesAndEMoney"
                       xlink:to="de-pi_bsPi.ass.receivBanks.PaymServicesAndEMoney.escrow"
                       order="1"
                       xlink:arcrole="http://www.xbrl.org/2003/arcrole/parent-child"
                       xlink:type="arc"/>
      <presentationArc xlink:from="de-pi_bsPi.ass.receivBanks"
                       xlink:to="de-pi_bs.Pi.ass.receivBanks.particip"
                       order="1"
                       xlink:arcrole="http://www.xbrl.org/2003/arcrole/parent-child"
                       xlink:type="arc"/>
      <presentationArc xlink:from="de-pi_bsPi.ass.receivBanks"
                       xlink:to="de-pi_bsPi.ass.receivBanks.other"
                       order="3"
                       xlink:arcrole="http://www.xbrl.org/2003/arcrole/parent-child"
                       xlink:type="arc"/>
      <presentationArc xlink:from="de-pi_bsPi.ass.receivBanks.other"
                       xlink:to="de-pi_bsPi.ass.receivBanks.other.other"
                       order="2"
                       xlink:arcrole="http://www.xbrl.org/2003/arcrole/parent-child"
                       xlink:type="arc"/>
      <presentationArc xlink:from="de-pi_bsPi.ass.receivBanks.other"
                       xlink:to="de-pi_bsPi.ass.receivBanks.other.dueDaily"
                       order="1"
                       xlink:arcrole="http://www.xbrl.org/2003/arcrole/parent-child"
                       xlink:type="arc"/>
      <presentationArc xlink:from="de-pi_bsPi.ass.receivCustomers"
                       xlink:to="de-pi_bsPi.ass.receivCustomers.paymServicesAndEMoney"
                       order="3"
                       xlink:arcrole="http://www.xbrl.org/2003/arcrole/parent-child"
                       xlink:type="arc"/>
      <presentationArc xlink:from="de-pi_bsPi.ass.receivCustomers.paymServicesAndEMoney"
                       xlink:to="de-pi_bsPi.ass.receivCustomers.paymServicesAndEMoney.loans"
                       order="2"
                       xlink:arcrole="http://www.xbrl.org/2003/arcrole/parent-child"
                       xlink:type="arc"/>
      <presentationArc xlink:from="de-pi_bsPi.ass.receivCustomers.paymServicesAndEMoney"
                       xlink:to="de-pi_bsPi.ass.receivCustomers.paymServicesAndEMoney.commissions"
                       order="1"
                       xlink:arcrole="http://www.xbrl.org/2003/arcrole/parent-child"
                       xlink:type="arc"/>
      <presentationArc xlink:from="de-pi_bsPi.ass.receivCustomers"
                       xlink:to="de-pi_bsPi.ass.receivCustomers.lastRange"
                       order="2"
                       xlink:arcrole="http://www.xbrl.org/2003/arcrole/parent-child"
                       xlink:type="arc"/>
      <presentationArc xlink:from="de-pi_bsPi.ass.receivCustomers"
                       xlink:to="de-pi_bsPi.ass.receivCustomers.particip"
                       order="1"
                       xlink:arcrole="http://www.xbrl.org/2003/arcrole/parent-child"
                       xlink:type="arc"/>
      <presentationArc xlink:from="de-pi_bsPi.ass.receivCustomers"
                       xlink:to="de-pi_bsPi.ass.receivCustomers.other"
                       order="4"
                       xlink:arcrole="http://www.xbrl.org/2003/arcrole/parent-child"
                       xlink:type="arc"/>
      <presentationArc xlink:from="de-pi_bsPi.ass.receivPiZAG1_2a"
                       xlink:to="de-pi_bsPi.ass.receivPiZAG1_2a.otherOperations"
                       order="2"
                       xlink:arcrole="http://www.xbrl.org/2003/arcrole/parent-child"
                       xlink:type="arc"/>
      <presentationArc xlink:from="de-pi_bsPi.ass.receivPiZAG1_2a"
                       xlink:to="de-pi_bsPi.ass.receivPiZAG1_2a.paymServicesAndEMoney"
                       order="1"
                       xlink:arcrole="http://www.xbrl.org/2003/arcrole/parent-child"
                       xlink:type="arc"/>
      <presentationArc xlink:from="de-pi_bsPi.ass.debtInstruments"
                       xlink:to="de-pi_bsPi.ass.debtInstruments.moneyMarketPapers"
                       order="1"
                       xlink:arcrole="http://www.xbrl.org/2003/arcrole/parent-child"
                       xlink:type="arc"/>
      <presentationArc xlink:from="de-pi_bsPi.ass.debtInstruments.moneyMarketPapers"
                       xlink:to="de-pi_bsPi.ass.debtInstruments.moneyMarketPapers.otherOperations"
                       order="2"
                       xlink:arcrole="http://www.xbrl.org/2003/arcrole/parent-child"
                       xlink:type="arc"/>
      <presentationArc xlink:from="de-pi_bsPi.ass.debtInstruments.moneyMarketPapers"
                       xlink:to="de-pi_bsPi.ass.debtInstruments.moneyMarketPapers.paymServicesAndEMoney"
                       order="1"
                       xlink:arcrole="http://www.xbrl.org/2003/arcrole/parent-child"
                       xlink:type="arc"/>
      <presentationArc xlink:from="de-pi_bsPi.ass.debtInstruments"
                       xlink:to="de-pi_bsPi.ass.debtInstruments.bonds"
                       order="2"
                       xlink:arcrole="http://www.xbrl.org/2003/arcrole/parent-child"
                       xlink:type="arc"/>
      <presentationArc xlink:from="de-pi_bsPi.ass.debtInstruments.bonds"
                       xlink:to="de-pi_bsPi.ass.debtInstruments.bonds.paymServicesAndEMoney"
                       order="1"
                       xlink:arcrole="http://www.xbrl.org/2003/arcrole/parent-child"
                       xlink:type="arc"/>
      <presentationArc xlink:from="de-pi_bsPi.ass.debtInstruments.bonds"
                       xlink:to="de-pi_bsPi.ass.debtInstruments.bonds.otherOperations"
                       order="2"
                       xlink:arcrole="http://www.xbrl.org/2003/arcrole/parent-child"
                       xlink:type="arc"/>
      <presentationArc xlink:from="de-pi_bsPi.ass.shares"
                       xlink:to="de-pi_bsPi.ass.shares.paymServicesAndEMoney"
                       order="1"
                       xlink:arcrole="http://www.xbrl.org/2003/arcrole/parent-child"
                       xlink:type="arc"/>
      <presentationArc xlink:from="de-pi_bsPi.ass.shares"
                       xlink:to="de-pi_bsPi.ass.shares.otherOperations"
                       order="2"
                       xlink:arcrole="http://www.xbrl.org/2003/arcrole/parent-child"
                       xlink:type="arc"/>
      <presentationArc xlink:from="de-pi_bsPi.ass.particip"
                       xlink:to="de-pi_bsPi.ass.particip.corporations"
                       order="2"
                       xlink:arcrole="http://www.xbrl.org/2003/arcrole/parent-child"
                       xlink:type="arc"/>
      <presentationArc xlink:from="de-pi_bsPi.ass.particip"
                       xlink:to="de-pi_bsPi.ass.particip.otherOperations"
                       order="4"
                       xlink:arcrole="http://www.xbrl.org/2003/arcrole/parent-child"
                       xlink:type="arc"/>
      <presentationArc xlink:from="de-pi_bsPi.ass.particip.otherOperations"
                       xlink:to="de-pi_bsPi.ass.particip.otherOperations.banks"
                       order="1"
                       xlink:arcrole="http://www.xbrl.org/2003/arcrole/parent-child"
                       xlink:type="arc"/>
      <presentationArc xlink:from="de-pi_bsPi.ass.particip.otherOperations"
                       xlink:to="de-pi_bsPi.ass.particip.otherOperations.PiZAG1_2a"
                       order="3"
                       xlink:arcrole="http://www.xbrl.org/2003/arcrole/parent-child"
                       xlink:type="arc"/>
      <presentationArc xlink:from="de-pi_bsPi.ass.particip.otherOperations"
                       xlink:to="de-pi_bsPi.ass.particip.otherOperations.financialServicesInstitutions"
                       order="2"
                       xlink:arcrole="http://www.xbrl.org/2003/arcrole/parent-child"
                       xlink:type="arc"/>
      <presentationArc xlink:from="de-pi_bsPi.ass.particip" xlink:to="de-pi_bsPi.ass.particip.coop"
                       order="5"
                       xlink:arcrole="http://www.xbrl.org/2003/arcrole/parent-child"
                       xlink:type="arc"/>
      <presentationArc xlink:from="de-pi_bsPi.ass.particip"
                       xlink:to="de-pi_bsPi.ass.particip.partnerships"
                       order="1"
                       xlink:arcrole="http://www.xbrl.org/2003/arcrole/parent-child"
                       xlink:type="arc"/>
      <presentationArc xlink:from="de-pi_bsPi.ass.particip"
                       xlink:to="de-pi_bsPi.ass.particip.paymServicesAndEMoney"
                       order="3"
                       xlink:arcrole="http://www.xbrl.org/2003/arcrole/parent-child"
                       xlink:type="arc"/>
      <presentationArc xlink:from="de-pi_bsPi.ass.particip.paymServicesAndEMoney"
                       xlink:to="de-pi_bsPi.ass.particip.paymServicesAndEMoney.banks"
                       order="1"
                       xlink:arcrole="http://www.xbrl.org/2003/arcrole/parent-child"
                       xlink:type="arc"/>
      <presentationArc xlink:from="de-pi_bsPi.ass.particip.paymServicesAndEMoney"
                       xlink:to="de-pi_bsPi.ass.particip.paymServicesAndEMoney.financialServicesInstitutions"
                       order="2"
                       xlink:arcrole="http://www.xbrl.org/2003/arcrole/parent-child"
                       xlink:type="arc"/>
      <presentationArc xlink:from="de-pi_bsPi.ass.particip.paymServicesAndEMoney"
                       xlink:to="de-pi_bsPi.ass.particip.paymServicesAndEMoney.PiZAG1_2a"
                       order="3"
                       xlink:arcrole="http://www.xbrl.org/2003/arcrole/parent-child"
                       xlink:type="arc"/>
      <presentationArc xlink:from="de-pi_bsPi.ass.sharesInAffil"
                       xlink:to="de-pi_bsPi.ass.sharesInAffil.otherOperations"
                       order="4"
                       xlink:arcrole="http://www.xbrl.org/2003/arcrole/parent-child"
                       xlink:type="arc"/>
      <presentationArc xlink:from="de-pi_bsPi.ass.sharesInAffil.otherOperations"
                       xlink:to="de-pi_bsPi.ass.sharesInAffil.otherOperations.PiZAG1_2a"
                       order="3"
                       xlink:arcrole="http://www.xbrl.org/2003/arcrole/parent-child"
                       xlink:type="arc"/>
      <presentationArc xlink:from="de-pi_bsPi.ass.sharesInAffil.otherOperations"
                       xlink:to="de-pi_bsPi.ass.sharesInAffil.otherOperations.banks"
                       order="1"
                       xlink:arcrole="http://www.xbrl.org/2003/arcrole/parent-child"
                       xlink:type="arc"/>
      <presentationArc xlink:from="de-pi_bsPi.ass.sharesInAffil.otherOperations"
                       xlink:to="de-pi_bsPi.ass.sharesInAffil.otherOperations.financialServicesInstitutions"
                       order="2"
                       xlink:arcrole="http://www.xbrl.org/2003/arcrole/parent-child"
                       xlink:type="arc"/>
      <presentationArc xlink:from="de-pi_bsPi.ass.sharesInAffil"
                       xlink:to="de-pi_bsPi.ass.sharesInAffil.paymServicesAndEMoney"
                       order="3"
                       xlink:arcrole="http://www.xbrl.org/2003/arcrole/parent-child"
                       xlink:type="arc"/>
      <presentationArc xlink:from="de-pi_bsPi.ass.sharesInAffil.paymServicesAndEMoney"
                       xlink:to="de-pi_bsPi.ass.sharesInAffilpaymServicesAndEMoney.banks"
                       order="1"
                       xlink:arcrole="http://www.xbrl.org/2003/arcrole/parent-child"
                       xlink:type="arc"/>
      <presentationArc xlink:from="de-pi_bsPi.ass.sharesInAffil.paymServicesAndEMoney"
                       xlink:to="de-pi_bsPi.ass.sharesInAffil.PiZAG1_2a"
                       order="3"
                       xlink:arcrole="http://www.xbrl.org/2003/arcrole/parent-child"
                       xlink:type="arc"/>
      <presentationArc xlink:from="de-pi_bsPi.ass.sharesInAffil.paymServicesAndEMoney"
                       xlink:to="de-pi_bsPi.ass.sharesInAffil.paymServicesAndEMoney.financialServicesInstitutions"
                       order="2"
                       xlink:arcrole="http://www.xbrl.org/2003/arcrole/parent-child"
                       xlink:type="arc"/>
      <presentationArc xlink:from="de-pi_bsPi.ass.sharesInAffil"
                       xlink:to="de-pi_bsPi.ass.sharesInAffil.corporations"
                       order="2"
                       xlink:arcrole="http://www.xbrl.org/2003/arcrole/parent-child"
                       xlink:type="arc"/>
      <presentationArc xlink:from="de-pi_bsPi.ass.sharesInAffil"
                       xlink:to="de-pi_bsPi.ass.sharesInAffil.partnerships"
                       order="1"
                       xlink:arcrole="http://www.xbrl.org/2003/arcrole/parent-child"
                       xlink:type="arc"/>
      <presentationArc xlink:from="de-pi_bsPi.ass.intan"
                       xlink:to="de-pi_bsPi.ass.intan.otherOperations"
                       order="2"
                       xlink:arcrole="http://www.xbrl.org/2003/arcrole/parent-child"
                       xlink:type="arc"/>
      <presentationArc xlink:from="de-pi_bsPi.ass.intan.otherOperations"
                       xlink:to="de-pi_bsPi.ass.intan.otherOperations.goodwill"
                       order="3"
                       xlink:arcrole="http://www.xbrl.org/2003/arcrole/parent-child"
                       xlink:type="arc"/>
      <presentationArc xlink:from="de-pi_bsPi.ass.intan.otherOperations"
                       xlink:to="de-pi_bsPi.ass.intan.otherOperations.concessionsBrands"
                       order="2"
                       xlink:arcrole="http://www.xbrl.org/2003/arcrole/parent-child"
                       xlink:type="arc"/>
      <presentationArc xlink:from="de-pi_bsPi.ass.intan.otherOperations"
                       xlink:to="de-pi_bsPi.ass.intan.otherOperations.selfmade"
                       order="1"
                       xlink:arcrole="http://www.xbrl.org/2003/arcrole/parent-child"
                       xlink:type="arc"/>
      <presentationArc xlink:from="de-pi_bsPi.ass.intan.otherOperations"
                       xlink:to="de-pi_bsPi.ass.intan.otherOperations.advPaym"
                       order="4"
                       xlink:arcrole="http://www.xbrl.org/2003/arcrole/parent-child"
                       xlink:type="arc"/>
      <presentationArc xlink:from="de-pi_bsPi.ass.intan"
                       xlink:to="de-pi_bsPi.ass.intan.paymServicesAndEMoney"
                       order="1"
                       xlink:arcrole="http://www.xbrl.org/2003/arcrole/parent-child"
                       xlink:type="arc"/>
      <presentationArc xlink:from="de-pi_bsPi.ass.intan.paymServicesAndEMoney"
                       xlink:to="de-pi_bsPi.ass.intan.paymServicesAndEMoney.concessionsBrands"
                       order="2"
                       xlink:arcrole="http://www.xbrl.org/2003/arcrole/parent-child"
                       xlink:type="arc"/>
      <presentationArc xlink:from="de-pi_bsPi.ass.intan.paymServicesAndEMoney"
                       xlink:to="de-pi_bsPi.ass.intan.paymServicesAndEMoneyselfmade"
                       order="1"
                       xlink:arcrole="http://www.xbrl.org/2003/arcrole/parent-child"
                       xlink:type="arc"/>
      <presentationArc xlink:from="de-pi_bsPi.ass.intan.paymServicesAndEMoney"
                       xlink:to="de-pi_bsPi.ass.intan.paymServicesAndEMoney.goodwill"
                       order="3"
                       xlink:arcrole="http://www.xbrl.org/2003/arcrole/parent-child"
                       xlink:type="arc"/>
      <presentationArc xlink:from="de-pi_bsPi.ass.intan.paymServicesAndEMoney"
                       xlink:to="de-pi_bsPi.ass.intan.paymServicesAndEMoney.advPaym"
                       order="4"
                       xlink:arcrole="http://www.xbrl.org/2003/arcrole/parent-child"
                       xlink:type="arc"/>
      <presentationArc xlink:from="de-pi_bsPi.ass.tan" xlink:to="de-pi_bsPi.ass.tan.otherForeign"
                       order="2"
                       xlink:arcrole="http://www.xbrl.org/2003/arcrole/parent-child"
                       xlink:type="arc"/>
      <presentationArc xlink:from="de-pi_bsPi.ass.tan"
                       xlink:to="de-pi_bsPi.ass.tan.paymServicesandEMoney"
                       order="1"
                       xlink:arcrole="http://www.xbrl.org/2003/arcrole/parent-child"
                       xlink:type="arc"/>
      <presentationArc xlink:from="de-pi_bsPi.ass.tan.paymServicesandEMoney"
                       xlink:to="de-pi_bsPi.ass.tan.paymServicesandEMoney.inConstrAdvPaym"
                       order="4"
                       xlink:arcrole="http://www.xbrl.org/2003/arcrole/parent-child"
                       xlink:type="arc"/>
      <presentationArc xlink:from="de-pi_bsPi.ass.tan.paymServicesandEMoney"
                       xlink:to="de-pi_bsPi.ass.tan.paymServicesandEMoney.landBuildings"
                       order="1"
                       xlink:arcrole="http://www.xbrl.org/2003/arcrole/parent-child"
                       xlink:type="arc"/>
      <presentationArc xlink:from="de-pi_bsPi.ass.tan.paymServicesandEMoney.landBuildings"
                       xlink:to="de-pi_bsPi.ass.tan.paymServicesandEMoney.landBuildings.landWithoutBuildings"
                       order="1"
                       xlink:arcrole="http://www.xbrl.org/2003/arcrole/parent-child"
                       xlink:type="arc"/>
      <presentationArc xlink:from="de-pi_bsPi.ass.tan.paymServicesandEMoney.landBuildings"
                       xlink:to="de-pi_bsPi.ass.tan.paymServicesandEMoney.landBuildings.buildingsOnNonOwnedLand"
                       order="4"
                       xlink:arcrole="http://www.xbrl.org/2003/arcrole/parent-child"
                       xlink:type="arc"/>
      <presentationArc xlink:from="de-pi_bsPi.ass.tan.paymServicesandEMoney.landBuildings"
                       xlink:to="de-pi_bsPi.ass.tan.paymServicesandEMoney.landBuildings.other"
                       order="5"
                       xlink:arcrole="http://www.xbrl.org/2003/arcrole/parent-child"
                       xlink:type="arc"/>
      <presentationArc xlink:from="de-pi_bsPi.ass.tan.paymServicesandEMoney.landBuildings"
                       xlink:to="de-pi_bsPi.ass.tan.paymServicesandEMoney.landBuildings.rightEquivalentToLandWithoutBuildings"
                       order="2"
                       xlink:arcrole="http://www.xbrl.org/2003/arcrole/parent-child"
                       xlink:type="arc"/>
      <presentationArc xlink:from="de-pi_bsPi.ass.tan.paymServicesandEMoney.landBuildings"
                       xlink:to="de-pi_bsPi.ass.tan.paymServicesandEMoney.landBuildings.buildingsOnOwnLand"
                       order="3"
                       xlink:arcrole="http://www.xbrl.org/2003/arcrole/parent-child"
                       xlink:type="arc"/>
      <presentationArc xlink:from="de-pi_bsPi.ass.tan.paymServicesandEMoney.landBuildings.buildingsOnOwnLand"
                       xlink:to="de-pi_bsPi.ass.tan.paymServicesandEMoney.landBuildings.buildingsOnOwnLand.Land"
                       order="1"
                       xlink:arcrole="http://www.xbrl.org/2003/arcrole/parent-child"
                       xlink:type="arc"/>
      <presentationArc xlink:from="de-pi_bsPi.ass.tan.paymServicesandEMoney"
                       xlink:to="de-pi_bsPi.ass.tan.paymServicesandEMoney.operatingAndOfficeEquipm"
                       order="3"
                       xlink:arcrole="http://www.xbrl.org/2003/arcrole/parent-child"
                       xlink:type="arc"/>
      <presentationArc xlink:from="de-pi_bsPi.ass.tan.paymServicesandEMoney"
                       xlink:to="de-pi_bsPi.ass.tan.paymServicesandEMoney.machinery"
                       order="2"
                       xlink:arcrole="http://www.xbrl.org/2003/arcrole/parent-child"
                       xlink:type="arc"/>
      <presentationArc xlink:from="de-pi_bsPi.ass.tan.paymServicesandEMoney"
                       xlink:to="de-pi_bsPi.ass.tan.paymServicesandEMoney.other"
                       order="5"
                       xlink:arcrole="http://www.xbrl.org/2003/arcrole/parent-child"
                       xlink:type="arc"/>
      <presentationArc xlink:from="de-pi_bsPi.ass.tan" xlink:to="de-pi_bsPi.ass.tan.otherOperations"
                       order="1.5"
                       xlink:arcrole="http://www.xbrl.org/2003/arcrole/parent-child"
                       xlink:type="arc"/>
      <presentationArc xlink:from="de-pi_bsPi.ass.tan.otherOperations"
                       xlink:to="de-pi_bsPi.ass.tan.otherOperations.inConstrAdvPaym"
                       order="4"
                       xlink:arcrole="http://www.xbrl.org/2003/arcrole/parent-child"
                       xlink:type="arc"/>
      <presentationArc xlink:from="de-pi_bsPi.ass.tan.otherOperations"
                       xlink:to="de-pi_bsPi.ass.tan.otherOperations.operatingAndOfficeEquipm"
                       order="3"
                       xlink:arcrole="http://www.xbrl.org/2003/arcrole/parent-child"
                       xlink:type="arc"/>
      <presentationArc xlink:from="de-pi_bsPi.ass.tan.otherOperations"
                       xlink:to="de-pi_bsPi.ass.tan.otherOperations.machinery"
                       order="2"
                       xlink:arcrole="http://www.xbrl.org/2003/arcrole/parent-child"
                       xlink:type="arc"/>
      <presentationArc xlink:from="de-pi_bsPi.ass.tan.otherOperations"
                       xlink:to="de-pi_bsPi.ass.tan.otherOperations.landBuildings"
                       order="1"
                       xlink:arcrole="http://www.xbrl.org/2003/arcrole/parent-child"
                       xlink:type="arc"/>
      <presentationArc xlink:from="de-pi_bsPi.ass.tan.otherOperations.landBuildings"
                       xlink:to="de-pi_bsPi.ass.tan.otherOperations.landBuildings.buildingsOnNonOwnedLand"
                       order="4"
                       xlink:arcrole="http://www.xbrl.org/2003/arcrole/parent-child"
                       xlink:type="arc"/>
      <presentationArc xlink:from="de-pi_bsPi.ass.tan.otherOperations.landBuildings"
                       xlink:to="de-pi_bsPi.ass.tan.otherOperations.landBuildings.other"
                       order="5"
                       xlink:arcrole="http://www.xbrl.org/2003/arcrole/parent-child"
                       xlink:type="arc"/>
      <presentationArc xlink:from="de-pi_bsPi.ass.tan.otherOperations.landBuildings"
                       xlink:to="de-pi_bsPi.ass.tan.otherOperations.landBuildings.buildingsOnOwnLand"
                       order="3"
                       xlink:arcrole="http://www.xbrl.org/2003/arcrole/parent-child"
                       xlink:type="arc"/>
      <presentationArc xlink:from="de-pi_bsPi.ass.tan.otherOperations.landBuildings.buildingsOnOwnLand"
                       xlink:to="de-pi_bsPi.ass.tan.otherOperations.landBuildings.buildingsOnOwnLand.land"
                       order="1"
                       xlink:arcrole="http://www.xbrl.org/2003/arcrole/parent-child"
                       xlink:type="arc"/>
      <presentationArc xlink:from="de-pi_bsPi.ass.tan.otherOperations.landBuildings"
                       xlink:to="de-pi_bsPi.ass.tan.otherOperations.landBuildings.landWithoutBuildings"
                       order="1"
                       xlink:arcrole="http://www.xbrl.org/2003/arcrole/parent-child"
                       xlink:type="arc"/>
      <presentationArc xlink:from="de-pi_bsPi.ass.tan.otherOperations.landBuildings"
                       xlink:to="de-pi_bsPi.ass.tan.otherOperations.landBuildings.rightEquivalentToLandWithoutBuildings"
                       order="2"
                       xlink:arcrole="http://www.xbrl.org/2003/arcrole/parent-child"
                       xlink:type="arc"/>
      <presentationArc xlink:from="de-pi_bsPi.ass.tan.otherOperations"
                       xlink:to="de-pi_bsPi.ass.tan.otherOperations.other"
                       order="5"
                       xlink:arcrole="http://www.xbrl.org/2003/arcrole/parent-child"
                       xlink:type="arc"/>
   </presentationLink>
</linkbase>