<?xml version="1.0" encoding="utf-8"?>
<!--(c) XBRL Deutschland e.V. - see http://www.xbrl.de-->


<linkbase xmlns="http://www.xbrl.org/2003/linkbase"
          xmlns:xsi="http://www.w3.org/2001/XMLSchema-instance"
          xsi:schemaLocation="http://www.xbrl.org/2003/linkbase http://www.xbrl.org/2003/xbrl-linkbase-2003-12-31.xsd">
   <roleRef xmlns:xbrldt="http://xbrl.org/2005/xbrldt"
            xmlns:xlink="http://www.w3.org/1999/xlink"
            roleURI="http://www.xbrl.de/taxonomies/de-pi/role/notesTableStatementOfChangesInFixedAssetsForPIsTanIntan"
            xlink:href="de-pi-2018-04-01.xsd#role_notesTableStatementOfChangesInFixedAssetsForPIsTanIntan"
            xlink:type="simple"/>
   <arcroleRef xmlns:xbrldt="http://xbrl.org/2005/xbrldt"
               xmlns:xlink="http://www.w3.org/1999/xlink"
               arcroleURI="http://xbrl.org/int/dim/arcrole/domain-member"
               xlink:href="http://www.xbrl.org/2005/xbrldt-2005.xsd#domain-member"
               xlink:type="simple"/>
   <definitionLink xmlns:xlink="http://www.w3.org/1999/xlink"
                   xlink:role="http://www.xbrl.de/taxonomies/de-pi/role/notesTableStatementOfChangesInFixedAssetsForPIsTanIntan"
                   xlink:type="extended">
      <loc xlink:type="locator" xlink:href="de-pi-2018-04-01.xsd#de-pi_bsPi.ass.intan"
           xlink:label="de-pi_bsPi.ass.intan"/>
      <loc xlink:type="locator"
           xlink:href="de-pi-2018-04-01.xsd#de-pi_bsPi.ass.intan.otherOperations"
           xlink:label="de-pi_bsPi.ass.intan.otherOperations"/>
      <loc xlink:type="locator"
           xlink:href="de-pi-2018-04-01.xsd#de-pi_bsPi.ass.intan.otherOperations.goodwill"
           xlink:label="de-pi_bsPi.ass.intan.otherOperations.goodwill"/>
      <loc xlink:type="locator"
           xlink:href="de-pi-2018-04-01.xsd#de-pi_bsPi.ass.intan.otherOperations.concessionsBrands"
           xlink:label="de-pi_bsPi.ass.intan.otherOperations.concessionsBrands"/>
      <loc xlink:type="locator"
           xlink:href="de-pi-2018-04-01.xsd#de-pi_bsPi.ass.intan.otherOperations.selfmade"
           xlink:label="de-pi_bsPi.ass.intan.otherOperations.selfmade"/>
      <loc xlink:type="locator"
           xlink:href="de-pi-2018-04-01.xsd#de-pi_bsPi.ass.intan.otherOperations.advPaym"
           xlink:label="de-pi_bsPi.ass.intan.otherOperations.advPaym"/>
      <loc xlink:type="locator"
           xlink:href="de-pi-2018-04-01.xsd#de-pi_bsPi.ass.intan.paymServicesAndEMoney"
           xlink:label="de-pi_bsPi.ass.intan.paymServicesAndEMoney"/>
      <loc xlink:type="locator"
           xlink:href="de-pi-2018-04-01.xsd#de-pi_bsPi.ass.intan.paymServicesAndEMoney.concessionsBrands"
           xlink:label="de-pi_bsPi.ass.intan.paymServicesAndEMoney.concessionsBrands"/>
      <loc xlink:type="locator"
           xlink:href="de-pi-2018-04-01.xsd#de-pi_bsPi.ass.intan.paymServicesAndEMoneyselfmade"
           xlink:label="de-pi_bsPi.ass.intan.paymServicesAndEMoneyselfmade"/>
      <loc xlink:type="locator"
           xlink:href="de-pi-2018-04-01.xsd#de-pi_bsPi.ass.intan.paymServicesAndEMoney.goodwill"
           xlink:label="de-pi_bsPi.ass.intan.paymServicesAndEMoney.goodwill"/>
      <loc xlink:type="locator"
           xlink:href="de-pi-2018-04-01.xsd#de-pi_bsPi.ass.intan.paymServicesAndEMoney.advPaym"
           xlink:label="de-pi_bsPi.ass.intan.paymServicesAndEMoney.advPaym"/>
      <loc xlink:type="locator" xlink:href="de-pi-2018-04-01.xsd#de-pi_bsPi.ass.tan"
           xlink:label="de-pi_bsPi.ass.tan"/>
      <loc xlink:type="locator"
           xlink:href="de-pi-2018-04-01.xsd#de-pi_bsPi.ass.tan.otherForeign"
           xlink:label="de-pi_bsPi.ass.tan.otherForeign"/>
      <loc xlink:type="locator"
           xlink:href="de-pi-2018-04-01.xsd#de-pi_bsPi.ass.tan.paymServicesandEMoney"
           xlink:label="de-pi_bsPi.ass.tan.paymServicesandEMoney"/>
      <loc xlink:type="locator"
           xlink:href="de-pi-2018-04-01.xsd#de-pi_bsPi.ass.tan.paymServicesandEMoney.inConstrAdvPaym"
           xlink:label="de-pi_bsPi.ass.tan.paymServicesandEMoney.inConstrAdvPaym"/>
      <loc xlink:type="locator"
           xlink:href="de-pi-2018-04-01.xsd#de-pi_bsPi.ass.tan.paymServicesandEMoney.landBuildings"
           xlink:label="de-pi_bsPi.ass.tan.paymServicesandEMoney.landBuildings"/>
      <loc xlink:type="locator"
           xlink:href="de-pi-2018-04-01.xsd#de-pi_bsPi.ass.tan.paymServicesandEMoney.landBuildings.landWithoutBuildings"
           xlink:label="de-pi_bsPi.ass.tan.paymServicesandEMoney.landBuildings.landWithoutBuildings"/>
      <loc xlink:type="locator"
           xlink:href="de-pi-2018-04-01.xsd#de-pi_bsPi.ass.tan.paymServicesandEMoney.landBuildings.buildingsOnNonOwnedLand"
           xlink:label="de-pi_bsPi.ass.tan.paymServicesandEMoney.landBuildings.buildingsOnNonOwnedLand"/>
      <loc xlink:type="locator"
           xlink:href="de-pi-2018-04-01.xsd#de-pi_bsPi.ass.tan.paymServicesandEMoney.landBuildings.other"
           xlink:label="de-pi_bsPi.ass.tan.paymServicesandEMoney.landBuildings.other"/>
      <loc xlink:type="locator"
           xlink:href="de-pi-2018-04-01.xsd#de-pi_bsPi.ass.tan.paymServicesandEMoney.landBuildings.rightEquivalentToLandWithoutBuildings"
           xlink:label="de-pi_bsPi.ass.tan.paymServicesandEMoney.landBuildings.rightEquivalentToLandWithoutBuildings"/>
      <loc xlink:type="locator"
           xlink:href="de-pi-2018-04-01.xsd#de-pi_bsPi.ass.tan.paymServicesandEMoney.landBuildings.buildingsOnOwnLand"
           xlink:label="de-pi_bsPi.ass.tan.paymServicesandEMoney.landBuildings.buildingsOnOwnLand"/>
      <loc xlink:type="locator"
           xlink:href="de-pi-2018-04-01.xsd#de-pi_bsPi.ass.tan.paymServicesandEMoney.landBuildings.buildingsOnOwnLand.Land"
           xlink:label="de-pi_bsPi.ass.tan.paymServicesandEMoney.landBuildings.buildingsOnOwnLand.Land"/>
      <loc xlink:type="locator"
           xlink:href="de-pi-2018-04-01.xsd#de-pi_bsPi.ass.tan.paymServicesandEMoney.operatingAndOfficeEquipm"
           xlink:label="de-pi_bsPi.ass.tan.paymServicesandEMoney.operatingAndOfficeEquipm"/>
      <loc xlink:type="locator"
           xlink:href="de-pi-2018-04-01.xsd#de-pi_bsPi.ass.tan.paymServicesandEMoney.machinery"
           xlink:label="de-pi_bsPi.ass.tan.paymServicesandEMoney.machinery"/>
      <loc xlink:type="locator"
           xlink:href="de-pi-2018-04-01.xsd#de-pi_bsPi.ass.tan.paymServicesandEMoney.other"
           xlink:label="de-pi_bsPi.ass.tan.paymServicesandEMoney.other"/>
      <loc xlink:type="locator"
           xlink:href="de-pi-2018-04-01.xsd#de-pi_bsPi.ass.tan.otherOperations"
           xlink:label="de-pi_bsPi.ass.tan.otherOperations"/>
      <loc xlink:type="locator"
           xlink:href="de-pi-2018-04-01.xsd#de-pi_bsPi.ass.tan.otherOperations.inConstrAdvPaym"
           xlink:label="de-pi_bsPi.ass.tan.otherOperations.inConstrAdvPaym"/>
      <loc xlink:type="locator"
           xlink:href="de-pi-2018-04-01.xsd#de-pi_bsPi.ass.tan.otherOperations.operatingAndOfficeEquipm"
           xlink:label="de-pi_bsPi.ass.tan.otherOperations.operatingAndOfficeEquipm"/>
      <loc xlink:type="locator"
           xlink:href="de-pi-2018-04-01.xsd#de-pi_bsPi.ass.tan.otherOperations.machinery"
           xlink:label="de-pi_bsPi.ass.tan.otherOperations.machinery"/>
      <loc xlink:type="locator"
           xlink:href="de-pi-2018-04-01.xsd#de-pi_bsPi.ass.tan.otherOperations.landBuildings"
           xlink:label="de-pi_bsPi.ass.tan.otherOperations.landBuildings"/>
      <loc xlink:type="locator"
           xlink:href="de-pi-2018-04-01.xsd#de-pi_bsPi.ass.tan.otherOperations.landBuildings.buildingsOnNonOwnedLand"
           xlink:label="de-pi_bsPi.ass.tan.otherOperations.landBuildings.buildingsOnNonOwnedLand"/>
      <loc xlink:type="locator"
           xlink:href="de-pi-2018-04-01.xsd#de-pi_bsPi.ass.tan.otherOperations.landBuildings.other"
           xlink:label="de-pi_bsPi.ass.tan.otherOperations.landBuildings.other"/>
      <loc xlink:type="locator"
           xlink:href="de-pi-2018-04-01.xsd#de-pi_bsPi.ass.tan.otherOperations.landBuildings.buildingsOnOwnLand"
           xlink:label="de-pi_bsPi.ass.tan.otherOperations.landBuildings.buildingsOnOwnLand"/>
      <loc xlink:type="locator"
           xlink:href="de-pi-2018-04-01.xsd#de-pi_bsPi.ass.tan.otherOperations.landBuildings.buildingsOnOwnLand.land"
           xlink:label="de-pi_bsPi.ass.tan.otherOperations.landBuildings.buildingsOnOwnLand.land"/>
      <loc xlink:type="locator"
           xlink:href="de-pi-2018-04-01.xsd#de-pi_bsPi.ass.tan.otherOperations.landBuildings.landWithoutBuildings"
           xlink:label="de-pi_bsPi.ass.tan.otherOperations.landBuildings.landWithoutBuildings"/>
      <loc xlink:type="locator"
           xlink:href="de-pi-2018-04-01.xsd#de-pi_bsPi.ass.tan.otherOperations.landBuildings.rightEquivalentToLandWithoutBuildings"
           xlink:label="de-pi_bsPi.ass.tan.otherOperations.landBuildings.rightEquivalentToLandWithoutBuildings"/>
      <loc xlink:type="locator"
           xlink:href="de-pi-2018-04-01.xsd#de-pi_bsPi.ass.tan.otherOperations.other"
           xlink:label="de-pi_bsPi.ass.tan.otherOperations.other"/>
      <definitionArc xlink:from="de-pi_bsPi.ass.intan"
                     xlink:to="de-pi_bsPi.ass.intan.otherOperations"
                     order="2"
                     xlink:arcrole="http://xbrl.org/int/dim/arcrole/domain-member"
                     xlink:type="arc"/>
      <definitionArc xlink:from="de-pi_bsPi.ass.intan.otherOperations"
                     xlink:to="de-pi_bsPi.ass.intan.otherOperations.goodwill"
                     order="3"
                     xlink:arcrole="http://xbrl.org/int/dim/arcrole/domain-member"
                     xlink:type="arc"/>
      <definitionArc xlink:from="de-pi_bsPi.ass.intan.otherOperations"
                     xlink:to="de-pi_bsPi.ass.intan.otherOperations.concessionsBrands"
                     order="2"
                     xlink:arcrole="http://xbrl.org/int/dim/arcrole/domain-member"
                     xlink:type="arc"/>
      <definitionArc xlink:from="de-pi_bsPi.ass.intan.otherOperations"
                     xlink:to="de-pi_bsPi.ass.intan.otherOperations.selfmade"
                     order="1"
                     xlink:arcrole="http://xbrl.org/int/dim/arcrole/domain-member"
                     xlink:type="arc"/>
      <definitionArc xlink:from="de-pi_bsPi.ass.intan.otherOperations"
                     xlink:to="de-pi_bsPi.ass.intan.otherOperations.advPaym"
                     order="4"
                     xlink:arcrole="http://xbrl.org/int/dim/arcrole/domain-member"
                     xlink:type="arc"/>
      <definitionArc xlink:from="de-pi_bsPi.ass.intan"
                     xlink:to="de-pi_bsPi.ass.intan.paymServicesAndEMoney"
                     order="1"
                     xlink:arcrole="http://xbrl.org/int/dim/arcrole/domain-member"
                     xlink:type="arc"/>
      <definitionArc xlink:from="de-pi_bsPi.ass.intan.paymServicesAndEMoney"
                     xlink:to="de-pi_bsPi.ass.intan.paymServicesAndEMoney.concessionsBrands"
                     order="2"
                     xlink:arcrole="http://xbrl.org/int/dim/arcrole/domain-member"
                     xlink:type="arc"/>
      <definitionArc xlink:from="de-pi_bsPi.ass.intan.paymServicesAndEMoney"
                     xlink:to="de-pi_bsPi.ass.intan.paymServicesAndEMoneyselfmade"
                     order="1"
                     xlink:arcrole="http://xbrl.org/int/dim/arcrole/domain-member"
                     xlink:type="arc"/>
      <definitionArc xlink:from="de-pi_bsPi.ass.intan.paymServicesAndEMoney"
                     xlink:to="de-pi_bsPi.ass.intan.paymServicesAndEMoney.goodwill"
                     order="3"
                     xlink:arcrole="http://xbrl.org/int/dim/arcrole/domain-member"
                     xlink:type="arc"/>
      <definitionArc xlink:from="de-pi_bsPi.ass.intan.paymServicesAndEMoney"
                     xlink:to="de-pi_bsPi.ass.intan.paymServicesAndEMoney.advPaym"
                     order="4"
                     xlink:arcrole="http://xbrl.org/int/dim/arcrole/domain-member"
                     xlink:type="arc"/>
      <definitionArc xlink:from="de-pi_bsPi.ass.tan" xlink:to="de-pi_bsPi.ass.tan.otherForeign"
                     order="2"
                     xlink:arcrole="http://xbrl.org/int/dim/arcrole/domain-member"
                     xlink:type="arc"/>
      <definitionArc xlink:from="de-pi_bsPi.ass.tan"
                     xlink:to="de-pi_bsPi.ass.tan.paymServicesandEMoney"
                     order="1"
                     xlink:arcrole="http://xbrl.org/int/dim/arcrole/domain-member"
                     xlink:type="arc"/>
      <definitionArc xlink:from="de-pi_bsPi.ass.tan.paymServicesandEMoney"
                     xlink:to="de-pi_bsPi.ass.tan.paymServicesandEMoney.inConstrAdvPaym"
                     order="4"
                     xlink:arcrole="http://xbrl.org/int/dim/arcrole/domain-member"
                     xlink:type="arc"/>
      <definitionArc xlink:from="de-pi_bsPi.ass.tan.paymServicesandEMoney"
                     xlink:to="de-pi_bsPi.ass.tan.paymServicesandEMoney.landBuildings"
                     order="1"
                     xlink:arcrole="http://xbrl.org/int/dim/arcrole/domain-member"
                     xlink:type="arc"/>
      <definitionArc xlink:from="de-pi_bsPi.ass.tan.paymServicesandEMoney.landBuildings"
                     xlink:to="de-pi_bsPi.ass.tan.paymServicesandEMoney.landBuildings.landWithoutBuildings"
                     order="1"
                     xlink:arcrole="http://xbrl.org/int/dim/arcrole/domain-member"
                     xlink:type="arc"/>
      <definitionArc xlink:from="de-pi_bsPi.ass.tan.paymServicesandEMoney.landBuildings"
                     xlink:to="de-pi_bsPi.ass.tan.paymServicesandEMoney.landBuildings.buildingsOnNonOwnedLand"
                     order="4"
                     xlink:arcrole="http://xbrl.org/int/dim/arcrole/domain-member"
                     xlink:type="arc"/>
      <definitionArc xlink:from="de-pi_bsPi.ass.tan.paymServicesandEMoney.landBuildings"
                     xlink:to="de-pi_bsPi.ass.tan.paymServicesandEMoney.landBuildings.other"
                     order="5"
                     xlink:arcrole="http://xbrl.org/int/dim/arcrole/domain-member"
                     xlink:type="arc"/>
      <definitionArc xlink:from="de-pi_bsPi.ass.tan.paymServicesandEMoney.landBuildings"
                     xlink:to="de-pi_bsPi.ass.tan.paymServicesandEMoney.landBuildings.rightEquivalentToLandWithoutBuildings"
                     order="2"
                     xlink:arcrole="http://xbrl.org/int/dim/arcrole/domain-member"
                     xlink:type="arc"/>
      <definitionArc xlink:from="de-pi_bsPi.ass.tan.paymServicesandEMoney.landBuildings"
                     xlink:to="de-pi_bsPi.ass.tan.paymServicesandEMoney.landBuildings.buildingsOnOwnLand"
                     order="3"
                     xlink:arcrole="http://xbrl.org/int/dim/arcrole/domain-member"
                     xlink:type="arc"/>
      <definitionArc xlink:from="de-pi_bsPi.ass.tan.paymServicesandEMoney.landBuildings.buildingsOnOwnLand"
                     xlink:to="de-pi_bsPi.ass.tan.paymServicesandEMoney.landBuildings.buildingsOnOwnLand.Land"
                     order="1"
                     xlink:arcrole="http://xbrl.org/int/dim/arcrole/domain-member"
                     xlink:type="arc"/>
      <definitionArc xlink:from="de-pi_bsPi.ass.tan.paymServicesandEMoney"
                     xlink:to="de-pi_bsPi.ass.tan.paymServicesandEMoney.operatingAndOfficeEquipm"
                     order="3"
                     xlink:arcrole="http://xbrl.org/int/dim/arcrole/domain-member"
                     xlink:type="arc"/>
      <definitionArc xlink:from="de-pi_bsPi.ass.tan.paymServicesandEMoney"
                     xlink:to="de-pi_bsPi.ass.tan.paymServicesandEMoney.machinery"
                     order="2"
                     xlink:arcrole="http://xbrl.org/int/dim/arcrole/domain-member"
                     xlink:type="arc"/>
      <definitionArc xlink:from="de-pi_bsPi.ass.tan.paymServicesandEMoney"
                     xlink:to="de-pi_bsPi.ass.tan.paymServicesandEMoney.other"
                     order="5"
                     xlink:arcrole="http://xbrl.org/int/dim/arcrole/domain-member"
                     xlink:type="arc"/>
      <definitionArc xlink:from="de-pi_bsPi.ass.tan" xlink:to="de-pi_bsPi.ass.tan.otherOperations"
                     order="1.5"
                     xlink:arcrole="http://xbrl.org/int/dim/arcrole/domain-member"
                     xlink:type="arc"/>
      <definitionArc xlink:from="de-pi_bsPi.ass.tan.otherOperations"
                     xlink:to="de-pi_bsPi.ass.tan.otherOperations.inConstrAdvPaym"
                     order="4"
                     xlink:arcrole="http://xbrl.org/int/dim/arcrole/domain-member"
                     xlink:type="arc"/>
      <definitionArc xlink:from="de-pi_bsPi.ass.tan.otherOperations"
                     xlink:to="de-pi_bsPi.ass.tan.otherOperations.operatingAndOfficeEquipm"
                     order="3"
                     xlink:arcrole="http://xbrl.org/int/dim/arcrole/domain-member"
                     xlink:type="arc"/>
      <definitionArc xlink:from="de-pi_bsPi.ass.tan.otherOperations"
                     xlink:to="de-pi_bsPi.ass.tan.otherOperations.machinery"
                     order="2"
                     xlink:arcrole="http://xbrl.org/int/dim/arcrole/domain-member"
                     xlink:type="arc"/>
      <definitionArc xlink:from="de-pi_bsPi.ass.tan.otherOperations"
                     xlink:to="de-pi_bsPi.ass.tan.otherOperations.landBuildings"
                     order="1"
                     xlink:arcrole="http://xbrl.org/int/dim/arcrole/domain-member"
                     xlink:type="arc"/>
      <definitionArc xlink:from="de-pi_bsPi.ass.tan.otherOperations.landBuildings"
                     xlink:to="de-pi_bsPi.ass.tan.otherOperations.landBuildings.buildingsOnNonOwnedLand"
                     order="4"
                     xlink:arcrole="http://xbrl.org/int/dim/arcrole/domain-member"
                     xlink:type="arc"/>
      <definitionArc xlink:from="de-pi_bsPi.ass.tan.otherOperations.landBuildings"
                     xlink:to="de-pi_bsPi.ass.tan.otherOperations.landBuildings.other"
                     order="5"
                     xlink:arcrole="http://xbrl.org/int/dim/arcrole/domain-member"
                     xlink:type="arc"/>
      <definitionArc xlink:from="de-pi_bsPi.ass.tan.otherOperations.landBuildings"
                     xlink:to="de-pi_bsPi.ass.tan.otherOperations.landBuildings.buildingsOnOwnLand"
                     order="3"
                     xlink:arcrole="http://xbrl.org/int/dim/arcrole/domain-member"
                     xlink:type="arc"/>
      <definitionArc xlink:from="de-pi_bsPi.ass.tan.otherOperations.landBuildings.buildingsOnOwnLand"
                     xlink:to="de-pi_bsPi.ass.tan.otherOperations.landBuildings.buildingsOnOwnLand.land"
                     order="1"
                     xlink:arcrole="http://xbrl.org/int/dim/arcrole/domain-member"
                     xlink:type="arc"/>
      <definitionArc xlink:from="de-pi_bsPi.ass.tan.otherOperations.landBuildings"
                     xlink:to="de-pi_bsPi.ass.tan.otherOperations.landBuildings.landWithoutBuildings"
                     order="1"
                     xlink:arcrole="http://xbrl.org/int/dim/arcrole/domain-member"
                     xlink:type="arc"/>
      <definitionArc xlink:from="de-pi_bsPi.ass.tan.otherOperations.landBuildings"
                     xlink:to="de-pi_bsPi.ass.tan.otherOperations.landBuildings.rightEquivalentToLandWithoutBuildings"
                     order="2"
                     xlink:arcrole="http://xbrl.org/int/dim/arcrole/domain-member"
                     xlink:type="arc"/>
      <definitionArc xlink:from="de-pi_bsPi.ass.tan.otherOperations"
                     xlink:to="de-pi_bsPi.ass.tan.otherOperations.other"
                     order="5"
                     xlink:arcrole="http://xbrl.org/int/dim/arcrole/domain-member"
                     xlink:type="arc"/>
   </definitionLink>
</linkbase>