<?xml version="1.0" encoding="utf-8"?>
<!--(c) XBRL Deutschland e.V. - see http://www.xbrl.de-->


<linkbase xmlns="http://www.xbrl.org/2003/linkbase"
          xmlns:xsi="http://www.w3.org/2001/XMLSchema-instance"
          xsi:schemaLocation="http://www.xbrl.org/2003/linkbase http://www.xbrl.org/2003/xbrl-linkbase-2003-12-31.xsd">
   <roleRef xmlns:xbrldt="http://xbrl.org/2005/xbrldt"
            xmlns:xbrli="http://www.xbrl.org/2003/instance"
            xmlns:xlink="http://www.w3.org/1999/xlink"
            roleURI="http://www.xbrl.de/taxonomies/de-pi/role/notesTableStatementOfChangesInFixedAssetsForPIs"
            xlink:href="de-pi-2018-04-01.xsd#role_notesTableStatementOfChangesInFixedAssetsForPIs"
            xlink:type="simple"/>
   <arcroleRef xmlns:xbrldt="http://xbrl.org/2005/xbrldt"
               xmlns:xbrli="http://www.xbrl.org/2003/instance"
               xmlns:xlink="http://www.w3.org/1999/xlink"
               arcroleURI="http://xbrl.org/int/dim/arcrole/all"
               xlink:href="http://www.xbrl.org/2005/xbrldt-2005.xsd#all"
               xlink:type="simple"/>
   <arcroleRef xmlns:xbrldt="http://xbrl.org/2005/xbrldt"
               xmlns:xbrli="http://www.xbrl.org/2003/instance"
               xmlns:xlink="http://www.w3.org/1999/xlink"
               arcroleURI="http://xbrl.org/int/dim/arcrole/dimension-domain"
               xlink:href="http://www.xbrl.org/2005/xbrldt-2005.xsd#dimension-domain"
               xlink:type="simple"/>
   <arcroleRef xmlns:xbrldt="http://xbrl.org/2005/xbrldt"
               xmlns:xbrli="http://www.xbrl.org/2003/instance"
               xmlns:xlink="http://www.w3.org/1999/xlink"
               arcroleURI="http://xbrl.org/int/dim/arcrole/domain-member"
               xlink:href="http://www.xbrl.org/2005/xbrldt-2005.xsd#domain-member"
               xlink:type="simple"/>
   <arcroleRef xmlns:xbrldt="http://xbrl.org/2005/xbrldt"
               xmlns:xbrli="http://www.xbrl.org/2003/instance"
               xmlns:xlink="http://www.w3.org/1999/xlink"
               arcroleURI="http://xbrl.org/int/dim/arcrole/hypercube-dimension"
               xlink:href="http://www.xbrl.org/2005/xbrldt-2005.xsd#hypercube-dimension"
               xlink:type="simple"/>
   <definitionLink xmlns:xlink="http://www.w3.org/1999/xlink"
                   xlink:role="http://www.xbrl.de/taxonomies/de-pi/role/notesTableStatementOfChangesInFixedAssetsForPIs"
                   xlink:type="extended">
      <loc xlink:type="locator"
           xlink:href="../de-gaap-ci-2018-04-01/de-gaap-ci-2018-04-01-dimensions.xsd#de-gaap-ci_dim_taxTrans"
           xlink:label="de-gaap-ci_dim_taxTrans"/>
      <loc xlink:type="locator"
           xlink:href="../de-gaap-ci-2018-04-01/de-gaap-ci-2018-04-01-dimensions.xsd#de-gaap-ci_dim_taxBal"
           xlink:label="de-gaap-ci_dim_taxBal"/>
      <loc xlink:type="locator"
           xlink:href="../de-gaap-ci-2018-04-01/de-gaap-ci-2018-04-01-dimensions.xsd#de-gaap-ci_dim_diffComToTaxBal"
           xlink:label="de-gaap-ci_dim_diffComToTaxBal"/>
      <loc xlink:type="locator"
           xlink:href="../de-gaap-ci-2018-04-01/de-gaap-ci-2018-04-01-dimensions.xsd#de-gaap-ci_dim_comBal"
           xlink:label="de-gaap-ci_dim_comBal"/>
      <loc xlink:type="locator"
           xlink:href="de-pi-2018-04-01-dimensions.xsd#de-pi_tablePI.nt.ass"
           xlink:label="de-pi_tablePI.nt.ass"/>
      <loc xlink:type="locator"
           xlink:href="de-pi-2018-04-01-dimensions.xsd#de-pi_cubePI.nt.ass.gross"
           xlink:label="de-pi_cubePI.nt.ass.gross"/>
      <loc xlink:type="locator"
           xlink:href="de-pi-2018-04-01-dimensions.xsd#de-pi_dim_changesPI.nt.ass"
           xlink:label="de-pi_dim_changesPI.nt.ass"/>
      <loc xlink:type="locator"
           xlink:href="de-pi-2018-04-01.xsd#de-pi_bsPi.ass.receivBanks"
           xlink:label="de-pi_bsPi.ass.receivBanks"/>
      <loc xlink:type="locator"
           xlink:href="de-pi-2018-04-01.xsd#de-pi_bsPi.ass.receivCustomers"
           xlink:label="de-pi_bsPi.ass.receivCustomers"/>
      <loc xlink:type="locator"
           xlink:href="de-pi-2018-04-01.xsd#de-pi_bsPi.ass.receivPiZAG1_2a"
           xlink:label="de-pi_bsPi.ass.receivPiZAG1_2a"/>
      <loc xlink:type="locator"
           xlink:href="de-pi-2018-04-01.xsd#de-pi_bsPi.ass.debtInstruments"
           xlink:label="de-pi_bsPi.ass.debtInstruments"/>
      <loc xlink:type="locator" xlink:href="de-pi-2018-04-01.xsd#de-pi_bsPi.ass.shares"
           xlink:label="de-pi_bsPi.ass.shares"/>
      <loc xlink:type="locator" xlink:href="de-pi-2018-04-01.xsd#de-pi_bsPi.ass.particip"
           xlink:label="de-pi_bsPi.ass.particip"/>
      <loc xlink:type="locator"
           xlink:href="de-pi-2018-04-01.xsd#de-pi_bsPi.ass.sharesInAffil"
           xlink:label="de-pi_bsPi.ass.sharesInAffil"/>
      <loc xlink:type="locator"
           xlink:href="de-pi-2018-04-01-dimensions.xsd#de-pi_piTitlePI.nt.ass.gross"
           xlink:label="de-pi_piTitlePI.nt.ass.gross"/>
      <loc xlink:type="locator" xlink:href="de-pi-2018-04-01-dimensions.xsd#de-pi_allPI"
           xlink:label="de-pi_allPI"/>
      <loc xlink:type="locator"
           xlink:href="de-pi-2018-04-01-dimensions.xsd#de-pi_allPI_Prev_period"
           xlink:label="de-pi_allPI_Prev_period"/>
      <loc xlink:type="locator" xlink:href="de-pi-2018-04-01-dimensions.xsd#de-pi_grossPI"
           xlink:label="de-pi_grossPI"/>
      <loc xlink:type="locator"
           xlink:href="de-pi-2018-04-01-dimensions.xsd#de-pi_grossCostPI.beginning"
           xlink:label="de-pi_grossCostPI.beginning"/>
      <loc xlink:type="locator"
           xlink:href="de-pi-2018-04-01-dimensions.xsd#de-pi_grossPI.diff"
           xlink:label="de-pi_grossPI.diff"/>
      <loc xlink:type="locator"
           xlink:href="de-pi-2018-04-01-dimensions.xsd#de-pi_grossPI.diff.currDiff"
           xlink:label="de-pi_grossPI.diff.currDiff"/>
      <loc xlink:type="locator"
           xlink:href="de-pi-2018-04-01-dimensions.xsd#de-pi_grossPI.diff.otherDiff"
           xlink:label="de-pi_grossPI.diff.otherDiff"/>
      <loc xlink:type="locator"
           xlink:href="de-pi-2018-04-01-dimensions.xsd#de-pi_grossPI.diff.otherDiff.comment"
           xlink:label="de-pi_grossPI.diff.otherDiff.comment"/>
      <loc xlink:type="locator"
           xlink:href="de-pi-2018-04-01-dimensions.xsd#de-pi_grossPI.addition"
           xlink:label="de-pi_grossPI.addition"/>
      <loc xlink:type="locator"
           xlink:href="de-pi-2018-04-01-dimensions.xsd#de-pi_grossPI.release"
           xlink:label="de-pi_grossPI.release"/>
      <loc xlink:type="locator"
           xlink:href="de-pi-2018-04-01-dimensions.xsd#de-pi_grossPI.movements"
           xlink:label="de-pi_grossPI.movements"/>
      <loc xlink:type="locator"
           xlink:href="de-pi-2018-04-01-dimensions.xsd#de-pi_grossPI.currChanges"
           xlink:label="de-pi_grossPI.currChanges"/>
      <loc xlink:type="locator"
           xlink:href="de-pi-2018-04-01-dimensions.xsd#de-pi_accDeprPI"
           xlink:label="de-pi_accDeprPI"/>
      <loc xlink:type="locator"
           xlink:href="de-pi-2018-04-01-dimensions.xsd#de-pi_accDeprPI.beginning"
           xlink:label="de-pi_accDeprPI.beginning"/>
      <loc xlink:type="locator"
           xlink:href="de-pi-2018-04-01-dimensions.xsd#de-pi_accDeprPI.diff"
           xlink:label="de-pi_accDeprPI.diff"/>
      <loc xlink:type="locator"
           xlink:href="de-pi-2018-04-01-dimensions.xsd#de-pi_accDeprPI.diff.currDiff"
           xlink:label="de-pi_accDeprPI.diff.currDiff"/>
      <loc xlink:type="locator"
           xlink:href="de-pi-2018-04-01-dimensions.xsd#de-pi_accDeprPI.diff.otherDiff"
           xlink:label="de-pi_accDeprPI.diff.otherDiff"/>
      <loc xlink:type="locator"
           xlink:href="de-pi-2018-04-01-dimensions.xsd#de-pi_accDeprPI.diff.otherDiff.comment"
           xlink:label="de-pi_accDeprPI.diff.otherDiff.comment"/>
      <loc xlink:type="locator"
           xlink:href="de-pi-2018-04-01-dimensions.xsd#de-pi_accDeprPI.DeprPeriod"
           xlink:label="de-pi_accDeprPI.DeprPeriod"/>
      <loc xlink:type="locator"
           xlink:href="de-pi-2018-04-01-dimensions.xsd#de-pi_accDeprPI.DeprPeriod.specific"
           xlink:label="de-pi_accDeprPI.DeprPeriod.specific"/>
      <loc xlink:type="locator"
           xlink:href="de-pi-2018-04-01-dimensions.xsd#de-pi_accDeprPI.addition"
           xlink:label="de-pi_accDeprPI.addition"/>
      <loc xlink:type="locator"
           xlink:href="de-pi-2018-04-01-dimensions.xsd#de-pi_accDeprPI.release"
           xlink:label="de-pi_accDeprPI.release"/>
      <loc xlink:type="locator"
           xlink:href="de-pi-2018-04-01-dimensions.xsd#de-pi_accDeprPI.movements"
           xlink:label="de-pi_accDeprPI.movements"/>
      <loc xlink:type="locator"
           xlink:href="de-pi-2018-04-01-dimensions.xsd#de-pi_accDeprPI.currChanges"
           xlink:label="de-pi_accDeprPI.currChanges"/>
      <loc xlink:type="locator"
           xlink:href="de-pi-2018-04-01-dimensions.xsd#de-pi_revaluationPI"
           xlink:label="de-pi_revaluationPI"/>
      <loc xlink:type="locator"
           xlink:href="de-pi-2018-04-01-dimensions.xsd#de-pi_revaluationPI.comment"
           xlink:label="de-pi_revaluationPI.comment"/>
      <definitionArc xlink:from="de-gaap-ci_dim_taxTrans" xlink:to="de-gaap-ci_dim_taxBal" order="1"
                     xlink:arcrole="http://xbrl.org/int/dim/arcrole/dimension-domain"
                     xlink:type="arc"/>
      <definitionArc xlink:from="de-gaap-ci_dim_taxBal" xlink:to="de-gaap-ci_dim_diffComToTaxBal"
                     order="2"
                     xlink:arcrole="http://xbrl.org/int/dim/arcrole/domain-member"
                     xlink:type="arc"/>
      <definitionArc xlink:from="de-gaap-ci_dim_taxBal" xlink:to="de-gaap-ci_dim_comBal" order="1"
                     xlink:arcrole="http://xbrl.org/int/dim/arcrole/domain-member"
                     xlink:type="arc"/>
      <definitionArc xmlns:xbrldt="http://xbrl.org/2005/xbrldt" xlink:from="de-pi_tablePI.nt.ass"
                     xlink:to="de-pi_cubePI.nt.ass.gross"
                     order="1"
                     xbrldt:contextElement="scenario"
                     xlink:arcrole="http://xbrl.org/int/dim/arcrole/all"
                     xlink:type="arc"/>
      <definitionArc xlink:from="de-pi_cubePI.nt.ass.gross" xlink:to="de-gaap-ci_dim_taxTrans"
                     order="1"
                     xlink:arcrole="http://xbrl.org/int/dim/arcrole/hypercube-dimension"
                     xlink:type="arc"/>
      <definitionArc xlink:from="de-pi_cubePI.nt.ass.gross" xlink:to="de-pi_dim_changesPI.nt.ass"
                     order="2"
                     xlink:arcrole="http://xbrl.org/int/dim/arcrole/hypercube-dimension"
                     xlink:type="arc"/>
      <definitionArc xlink:from="de-pi_dim_changesPI.nt.ass" xlink:to="de-pi_bsPi.ass.receivBanks"
                     order="1"
                     xlink:arcrole="http://xbrl.org/int/dim/arcrole/dimension-domain"
                     xlink:type="arc"/>
      <definitionArc xlink:from="de-pi_dim_changesPI.nt.ass"
                     xlink:to="de-pi_bsPi.ass.receivCustomers"
                     order="2"
                     xlink:arcrole="http://xbrl.org/int/dim/arcrole/dimension-domain"
                     xlink:type="arc"/>
      <definitionArc xlink:from="de-pi_dim_changesPI.nt.ass"
                     xlink:to="de-pi_bsPi.ass.receivPiZAG1_2a"
                     order="3"
                     xlink:arcrole="http://xbrl.org/int/dim/arcrole/dimension-domain"
                     xlink:type="arc"/>
      <definitionArc xlink:from="de-pi_dim_changesPI.nt.ass"
                     xlink:to="de-pi_bsPi.ass.debtInstruments"
                     order="4"
                     xlink:arcrole="http://xbrl.org/int/dim/arcrole/dimension-domain"
                     xlink:type="arc"/>
      <definitionArc xlink:from="de-pi_dim_changesPI.nt.ass" xlink:to="de-pi_bsPi.ass.shares"
                     order="5"
                     xlink:arcrole="http://xbrl.org/int/dim/arcrole/dimension-domain"
                     xlink:type="arc"/>
      <definitionArc xlink:from="de-pi_dim_changesPI.nt.ass" xlink:to="de-pi_bsPi.ass.particip"
                     order="6"
                     xlink:arcrole="http://xbrl.org/int/dim/arcrole/dimension-domain"
                     xlink:type="arc"/>
      <definitionArc xlink:from="de-pi_dim_changesPI.nt.ass" xlink:to="de-pi_bsPi.ass.sharesInAffil"
                     order="7"
                     xlink:arcrole="http://xbrl.org/int/dim/arcrole/dimension-domain"
                     xlink:type="arc"/>
      <definitionArc xlink:from="de-pi_tablePI.nt.ass" xlink:to="de-pi_piTitlePI.nt.ass.gross"
                     order="2"
                     xlink:arcrole="http://xbrl.org/int/dim/arcrole/domain-member"
                     xlink:type="arc"/>
      <definitionArc xlink:from="de-pi_piTitlePI.nt.ass.gross" xlink:to="de-pi_allPI" order="1"
                     xlink:arcrole="http://xbrl.org/int/dim/arcrole/domain-member"
                     xlink:type="arc"/>
      <definitionArc xlink:from="de-pi_allPI" xlink:to="de-pi_allPI_Prev_period" order="1"
                     xlink:arcrole="http://xbrl.org/int/dim/arcrole/domain-member"
                     xlink:type="arc"/>
      <definitionArc xlink:from="de-pi_allPI" xlink:to="de-pi_grossPI" order="2"
                     xlink:arcrole="http://xbrl.org/int/dim/arcrole/domain-member"
                     xlink:type="arc"/>
      <definitionArc xlink:from="de-pi_grossPI" xlink:to="de-pi_grossCostPI.beginning" order="1"
                     xlink:arcrole="http://xbrl.org/int/dim/arcrole/domain-member"
                     xlink:type="arc"/>
      <definitionArc xlink:from="de-pi_grossPI" xlink:to="de-pi_grossPI.diff" order="2"
                     xlink:arcrole="http://xbrl.org/int/dim/arcrole/domain-member"
                     xlink:type="arc"/>
      <definitionArc xlink:from="de-pi_grossPI.diff" xlink:to="de-pi_grossPI.diff.currDiff"
                     order="1"
                     xlink:arcrole="http://xbrl.org/int/dim/arcrole/domain-member"
                     xlink:type="arc"/>
      <definitionArc xlink:from="de-pi_grossPI.diff" xlink:to="de-pi_grossPI.diff.otherDiff"
                     order="2"
                     xlink:arcrole="http://xbrl.org/int/dim/arcrole/domain-member"
                     xlink:type="arc"/>
      <definitionArc xlink:from="de-pi_grossPI.diff.otherDiff"
                     xlink:to="de-pi_grossPI.diff.otherDiff.comment"
                     order="1"
                     xlink:arcrole="http://xbrl.org/int/dim/arcrole/domain-member"
                     xlink:type="arc"/>
      <definitionArc xlink:from="de-pi_grossPI" xlink:to="de-pi_grossPI.addition" order="3"
                     xlink:arcrole="http://xbrl.org/int/dim/arcrole/domain-member"
                     xlink:type="arc"/>
      <definitionArc xlink:from="de-pi_grossPI" xlink:to="de-pi_grossPI.release" order="4"
                     xlink:arcrole="http://xbrl.org/int/dim/arcrole/domain-member"
                     xlink:type="arc"/>
      <definitionArc xlink:from="de-pi_grossPI" xlink:to="de-pi_grossPI.movements" order="5"
                     xlink:arcrole="http://xbrl.org/int/dim/arcrole/domain-member"
                     xlink:type="arc"/>
      <definitionArc xlink:from="de-pi_grossPI" xlink:to="de-pi_grossPI.currChanges" order="6"
                     xlink:arcrole="http://xbrl.org/int/dim/arcrole/domain-member"
                     xlink:type="arc"/>
      <definitionArc xlink:from="de-pi_allPI" xlink:to="de-pi_accDeprPI" order="3"
                     xlink:arcrole="http://xbrl.org/int/dim/arcrole/domain-member"
                     xlink:type="arc"/>
      <definitionArc xlink:from="de-pi_accDeprPI" xlink:to="de-pi_accDeprPI.beginning" order="1"
                     xlink:arcrole="http://xbrl.org/int/dim/arcrole/domain-member"
                     xlink:type="arc"/>
      <definitionArc xlink:from="de-pi_accDeprPI" xlink:to="de-pi_accDeprPI.diff" order="2"
                     xlink:arcrole="http://xbrl.org/int/dim/arcrole/domain-member"
                     xlink:type="arc"/>
      <definitionArc xlink:from="de-pi_accDeprPI.diff" xlink:to="de-pi_accDeprPI.diff.currDiff"
                     order="1"
                     xlink:arcrole="http://xbrl.org/int/dim/arcrole/domain-member"
                     xlink:type="arc"/>
      <definitionArc xlink:from="de-pi_accDeprPI.diff" xlink:to="de-pi_accDeprPI.diff.otherDiff"
                     order="2"
                     xlink:arcrole="http://xbrl.org/int/dim/arcrole/domain-member"
                     xlink:type="arc"/>
      <definitionArc xlink:from="de-pi_accDeprPI.diff.otherDiff"
                     xlink:to="de-pi_accDeprPI.diff.otherDiff.comment"
                     order="1"
                     xlink:arcrole="http://xbrl.org/int/dim/arcrole/domain-member"
                     xlink:type="arc"/>
      <definitionArc xlink:from="de-pi_accDeprPI" xlink:to="de-pi_accDeprPI.DeprPeriod" order="3"
                     xlink:arcrole="http://xbrl.org/int/dim/arcrole/domain-member"
                     xlink:type="arc"/>
      <definitionArc xlink:from="de-pi_accDeprPI.DeprPeriod"
                     xlink:to="de-pi_accDeprPI.DeprPeriod.specific"
                     order="1"
                     xlink:arcrole="http://xbrl.org/int/dim/arcrole/domain-member"
                     xlink:type="arc"/>
      <definitionArc xlink:from="de-pi_accDeprPI" xlink:to="de-pi_accDeprPI.addition" order="4"
                     xlink:arcrole="http://xbrl.org/int/dim/arcrole/domain-member"
                     xlink:type="arc"/>
      <definitionArc xlink:from="de-pi_accDeprPI" xlink:to="de-pi_accDeprPI.release" order="5"
                     xlink:arcrole="http://xbrl.org/int/dim/arcrole/domain-member"
                     xlink:type="arc"/>
      <definitionArc xlink:from="de-pi_accDeprPI" xlink:to="de-pi_accDeprPI.movements" order="6"
                     xlink:arcrole="http://xbrl.org/int/dim/arcrole/domain-member"
                     xlink:type="arc"/>
      <definitionArc xlink:from="de-pi_accDeprPI" xlink:to="de-pi_accDeprPI.currChanges" order="7"
                     xlink:arcrole="http://xbrl.org/int/dim/arcrole/domain-member"
                     xlink:type="arc"/>
      <definitionArc xlink:from="de-pi_allPI" xlink:to="de-pi_revaluationPI" order="4"
                     xlink:arcrole="http://xbrl.org/int/dim/arcrole/domain-member"
                     xlink:type="arc"/>
      <definitionArc xlink:from="de-pi_revaluationPI" xlink:to="de-pi_revaluationPI.comment"
                     order="1"
                     xlink:arcrole="http://xbrl.org/int/dim/arcrole/domain-member"
                     xlink:type="arc"/>
   </definitionLink>
</linkbase>