<?xml version="1.0" encoding="utf-8"?>
<!--(c) XBRL Deutschland e.V. - see http://www.xbrl.de-->


<linkbase xmlns="http://www.xbrl.org/2003/linkbase"
          xmlns:xsi="http://www.w3.org/2001/XMLSchema-instance"
          xsi:schemaLocation="http://www.xbrl.org/2003/linkbase http://www.xbrl.org/2003/xbrl-linkbase-2003-12-31.xsd">
   <roleRef xmlns:de-pi="http://www.xbrl.de/taxonomies/de-pi-2018-04-01"
            xmlns:xbrldt="http://xbrl.org/2005/xbrldt"
            xmlns:xlink="http://www.w3.org/1999/xlink"
            roleURI="http://www.xbrl.de/taxonomies/de-pi/role/notes"
            xlink:href="de-pi-2018-04-01.xsd#role_notes"
            xlink:type="simple"/>
   <presentationLink xmlns:xlink="http://www.w3.org/1999/xlink"
                     xlink:role="http://www.xbrl.de/taxonomies/de-pi/role/notes"
                     xlink:type="extended">
      <loc xlink:type="locator" xlink:href="de-pi-2018-04-01.xsd#de-pi_ntPi"
           xlink:label="de-pi_ntPi"/>
      <loc xlink:type="locator"
           xlink:href="de-pi-2018-04-01.xsd#de-pi_ntPi.maturityStructure"
           xlink:label="de-pi_ntPi.maturityStructure"/>
      <loc xlink:type="locator"
           xlink:href="de-pi-2018-04-01.xsd#de-pi_ntPi.maturityStructure.receivBanks.upTo3months"
           xlink:label="de-pi_ntPi.maturityStructure.receivBanks.upTo3months"/>
      <loc xlink:type="locator"
           xlink:href="de-pi-2018-04-01.xsd#de-pi_ntPi.maturityStructure.receivBanks.upTo1year"
           xlink:label="de-pi_ntPi.maturityStructure.receivBanks.upTo1year"/>
      <loc xlink:type="locator"
           xlink:href="de-pi-2018-04-01.xsd#de-pi_ntPi.maturityStructure.receivBanks.upTo5years"
           xlink:label="de-pi_ntPi.maturityStructure.receivBanks.upTo5years"/>
      <loc xlink:type="locator"
           xlink:href="de-pi-2018-04-01.xsd#de-pi_ntPi.maturityStructure.receivBanks.above5years"
           xlink:label="de-pi_ntPi.maturityStructure.receivBanks.above5years"/>
      <loc xlink:type="locator" xlink:href="de-pi-2018-04-01.xsd#de-pi_ntPi.segmGeo"
           xlink:label="de-pi_ntPi.segmGeo"/>
      <loc xlink:type="locator" xlink:href="de-pi-2018-04-01.xsd#de-pi_ntPi.segmGeo.name"
           xlink:label="de-pi_ntPi.segmGeo.name"/>
      <loc xlink:type="locator"
           xlink:href="de-pi-2018-04-01.xsd#de-pi_ntPi.segmGeo.interestIncome"
           xlink:label="de-pi_ntPi.segmGeo.interestIncome"/>
      <loc xlink:type="locator"
           xlink:href="de-pi-2018-04-01.xsd#de-pi_ntPi.segmGeo.currIncomeShares"
           xlink:label="de-pi_ntPi.segmGeo.currIncomeShares"/>
      <loc xlink:type="locator"
           xlink:href="de-pi-2018-04-01.xsd#de-pi_ntPi.segmGeo.feeIncome"
           xlink:label="de-pi_ntPi.segmGeo.feeIncome"/>
      <loc xlink:type="locator"
           xlink:href="de-pi-2018-04-01.xsd#de-pi_ntPi.segmGeo.otherOpRevenue"
           xlink:label="de-pi_ntPi.segmGeo.otherOpRevenue"/>
      <loc xlink:type="locator" xlink:href="de-pi-2018-04-01.xsd#de-pi_ntPi.boardMembers"
           xlink:label="de-pi_ntPi.boardMembers"/>
      <loc xlink:type="locator"
           xlink:href="de-pi-2018-04-01.xsd#de-pi_ntPi.boardMembers.type"
           xlink:label="de-pi_ntPi.boardMembers.type"/>
      <loc xlink:type="locator"
           xlink:href="de-pi-2018-04-01.xsd#de-pi_ntPi.boardMembers.loans"
           xlink:label="de-pi_ntPi.boardMembers.loans"/>
      <loc xlink:type="locator"
           xlink:href="de-pi-2018-04-01.xsd#de-pi_ntPi.boardMembers.contingLiab"
           xlink:label="de-pi_ntPi.boardMembers.contingLiab"/>
      <loc xlink:type="locator"
           xlink:href="de-pi-2018-04-01.xsd#de-pi_ntPi.addMandatoryDisclosures"
           xlink:label="de-pi_ntPi.addMandatoryDisclosures"/>
      <loc xlink:type="locator"
           xlink:href="de-pi-2018-04-01.xsd#de-pi_ntPi.addMandatoryDisclosures.analysisOfMarketableSecuritiesListing"
           xlink:label="de-pi_ntPi.addMandatoryDisclosures.analysisOfMarketableSecuritiesListing"/>
      <loc xlink:type="locator"
           xlink:href="de-pi-2018-04-01.xsd#de-pi_ntPi.addMandatoryDisclosures.analysisOfMarketableSecuritiesValuation"
           xlink:label="de-pi_ntPi.addMandatoryDisclosures.analysisOfMarketableSecuritiesValuation"/>
      <loc xlink:type="locator"
           xlink:href="de-pi-2018-04-01.xsd#de-pi_ntPi.addMandatoryDisclosures.significantIndividualAmounts"
           xlink:label="de-pi_ntPi.addMandatoryDisclosures.significantIndividualAmounts"/>
      <loc xlink:type="locator"
           xlink:href="de-pi-2018-04-01.xsd#de-pi_ntPi.addMandatoryDisclosures.servicesProvidedToThirdParties"
           xlink:label="de-pi_ntPi.addMandatoryDisclosures.servicesProvidedToThirdParties"/>
      <loc xlink:type="locator"
           xlink:href="de-pi-2018-04-01.xsd#de-pi_ntPi.addMandatoryDisclosures.foreignCurrencies"
           xlink:label="de-pi_ntPi.addMandatoryDisclosures.foreignCurrencies"/>
      <loc xlink:type="locator"
           xlink:href="de-pi-2018-04-01.xsd#de-pi_ntPi.addMandatoryDisclosures.landBuildingsOwnUse"
           xlink:label="de-pi_ntPi.addMandatoryDisclosures.landBuildingsOwnUse"/>
      <loc xlink:type="locator"
           xlink:href="de-pi-2018-04-01.xsd#de-pi_ntPi.addMandatoryDisclosures.operatingOfficeEquipm"
           xlink:label="de-pi_ntPi.addMandatoryDisclosures.operatingOfficeEquipm"/>
      <loc xlink:type="locator"
           xlink:href="de-pi-2018-04-01.xsd#de-pi_ntPi.addMandatoryDisclosures.expensesLastRangeLiab"
           xlink:label="de-pi_ntPi.addMandatoryDisclosures.expensesLastRangeLiab"/>
      <loc xlink:type="locator"
           xlink:href="de-pi-2018-04-01.xsd#de-pi_ntPi.addMandatoryDisclosures.materialLastRangeLiab"
           xlink:label="de-pi_ntPi.addMandatoryDisclosures.materialLastRangeLiab"/>
      <loc xlink:type="locator"
           xlink:href="de-pi-2018-04-01.xsd#de-pi_ntPi.addMandatoryDisclosures.materialTermsOfOtherBorrowings"
           xlink:label="de-pi_ntPi.addMandatoryDisclosures.materialTermsOfOtherBorrowings"/>
      <loc xlink:type="locator"
           xlink:href="de-pi-2018-04-01.xsd#de-pi_ntPi.addMandatoryDisclosures.materialContingLiab"
           xlink:label="de-pi_ntPi.addMandatoryDisclosures.materialContingLiab"/>
      <loc xlink:type="locator"
           xlink:href="de-pi-2018-04-01.xsd#de-pi_ntBanks.derivativeTransactions"
           xlink:label="de-pi_ntBanks.derivativeTransactions"/>
      <loc xlink:type="locator"
           xlink:href="de-pi-2018-04-01.xsd#de-pi_ntPi.derivativeTransactions.foreignCurrency"
           xlink:label="de-pi_ntPi.derivativeTransactions.foreignCurrency"/>
      <loc xlink:type="locator"
           xlink:href="de-pi-2018-04-01.xsd#de-pi_ntPi.derivativeTransactions.interestRelated"
           xlink:label="de-pi_ntPi.derivativeTransactions.interestRelated"/>
      <loc xlink:type="locator"
           xlink:href="de-pi-2018-04-01.xsd#de-pi_ntPi.derivativeTransactions.otherPriceRisks"
           xlink:label="de-pi_ntPi.derivativeTransactions.otherPriceRisks"/>
      <loc xlink:type="locator"
           xlink:href="../de-gaap-ci-2018-04-01/de-gaap-ci-2018-04-01.xsd#de-gaap-ci_nt.ass"
           xlink:label="de-gaap-ci_nt.ass"/>
      <loc xlink:type="locator"
           xlink:href="de-pi-2018-04-01-dimensions.xsd#de-pi_tablePI.nt.ass"
           xlink:label="de-pi_tablePI.nt.ass"/>
      <loc xlink:type="locator"
           xlink:href="de-pi-2018-04-01-dimensions.xsd#de-pi_cubePI.nt.ass.gross"
           xlink:label="de-pi_cubePI.nt.ass.gross"/>
      <loc xlink:type="locator"
           xlink:href="../de-gaap-ci-2018-04-01/de-gaap-ci-2018-04-01-dimensions.xsd#de-gaap-ci_dim_taxTrans"
           xlink:label="de-gaap-ci_dim_taxTrans"/>
      <loc xlink:type="locator"
           xlink:href="../de-gaap-ci-2018-04-01/de-gaap-ci-2018-04-01-dimensions.xsd#de-gaap-ci_dim_taxBal"
           xlink:label="de-gaap-ci_dim_taxBal"/>
      <loc xlink:type="locator"
           xlink:href="../de-gaap-ci-2018-04-01/de-gaap-ci-2018-04-01-dimensions.xsd#de-gaap-ci_dim_comBal"
           xlink:label="de-gaap-ci_dim_comBal"/>
      <loc xlink:type="locator"
           xlink:href="../de-gaap-ci-2018-04-01/de-gaap-ci-2018-04-01-dimensions.xsd#de-gaap-ci_dim_diffComToTaxBal"
           xlink:label="de-gaap-ci_dim_diffComToTaxBal"/>
      <loc xlink:type="locator"
           xlink:href="de-pi-2018-04-01-dimensions.xsd#de-pi_dim_changesPI.nt.ass"
           xlink:label="de-pi_dim_changesPI.nt.ass"/>
      <loc xlink:type="locator"
           xlink:href="de-pi-2018-04-01.xsd#de-pi_bsPi.ass.receivBanks"
           xlink:label="de-pi_bsPi.ass.receivBanks"/>
      <loc xlink:type="locator"
           xlink:href="de-pi-2018-04-01.xsd#de-pi_bsPi.ass.receivCustomers"
           xlink:label="de-pi_bsPi.ass.receivCustomers"/>
      <loc xlink:type="locator"
           xlink:href="de-pi-2018-04-01.xsd#de-pi_bsPi.ass.receivPiZAG1_2a"
           xlink:label="de-pi_bsPi.ass.receivPiZAG1_2a"/>
      <loc xlink:type="locator"
           xlink:href="de-pi-2018-04-01.xsd#de-pi_bsPi.ass.debtInstruments"
           xlink:label="de-pi_bsPi.ass.debtInstruments"/>
      <loc xlink:type="locator" xlink:href="de-pi-2018-04-01.xsd#de-pi_bsPi.ass.shares"
           xlink:label="de-pi_bsPi.ass.shares"/>
      <loc xlink:type="locator" xlink:href="de-pi-2018-04-01.xsd#de-pi_bsPi.ass.particip"
           xlink:label="de-pi_bsPi.ass.particip"/>
      <loc xlink:type="locator"
           xlink:href="de-pi-2018-04-01.xsd#de-pi_bsPi.ass.sharesInAffil"
           xlink:label="de-pi_bsPi.ass.sharesInAffil"/>
      <loc xlink:type="locator"
           xlink:href="de-pi-2018-04-01-dimensions.xsd#de-pi_piTitlePI.nt.ass.gross"
           xlink:label="de-pi_piTitlePI.nt.ass.gross"/>
      <loc xlink:type="locator" xlink:href="de-pi-2018-04-01-dimensions.xsd#de-pi_allPI"
           xlink:label="de-pi_allPI"/>
      <loc xlink:type="locator"
           xlink:href="de-pi-2018-04-01-dimensions.xsd#de-pi_allPI_Prev_period"
           xlink:label="de-pi_allPI_Prev_period"/>
      <loc xlink:type="locator" xlink:href="de-pi-2018-04-01-dimensions.xsd#de-pi_grossPI"
           xlink:label="de-pi_grossPI"/>
      <loc xlink:type="locator"
           xlink:href="de-pi-2018-04-01-dimensions.xsd#de-pi_grossCostPI.beginning"
           xlink:label="de-pi_grossCostPI.beginning"/>
      <loc xlink:type="locator"
           xlink:href="de-pi-2018-04-01-dimensions.xsd#de-pi_grossPI.diff"
           xlink:label="de-pi_grossPI.diff"/>
      <loc xlink:type="locator"
           xlink:href="de-pi-2018-04-01-dimensions.xsd#de-pi_grossPI.diff.currDiff"
           xlink:label="de-pi_grossPI.diff.currDiff"/>
      <loc xlink:type="locator"
           xlink:href="de-pi-2018-04-01-dimensions.xsd#de-pi_grossPI.diff.otherDiff"
           xlink:label="de-pi_grossPI.diff.otherDiff"/>
      <loc xlink:type="locator"
           xlink:href="de-pi-2018-04-01-dimensions.xsd#de-pi_grossPI.diff.otherDiff.comment"
           xlink:label="de-pi_grossPI.diff.otherDiff.comment"/>
      <loc xlink:type="locator"
           xlink:href="de-pi-2018-04-01-dimensions.xsd#de-pi_grossPI.addition"
           xlink:label="de-pi_grossPI.addition"/>
      <loc xlink:type="locator"
           xlink:href="de-pi-2018-04-01-dimensions.xsd#de-pi_grossPI.release"
           xlink:label="de-pi_grossPI.release"/>
      <loc xlink:type="locator"
           xlink:href="de-pi-2018-04-01-dimensions.xsd#de-pi_grossPI.movements"
           xlink:label="de-pi_grossPI.movements"/>
      <loc xlink:type="locator"
           xlink:href="de-pi-2018-04-01-dimensions.xsd#de-pi_grossPI.currChanges"
           xlink:label="de-pi_grossPI.currChanges"/>
      <loc xlink:type="locator"
           xlink:href="de-pi-2018-04-01-dimensions.xsd#de-pi_accDeprPI"
           xlink:label="de-pi_accDeprPI"/>
      <loc xlink:type="locator"
           xlink:href="de-pi-2018-04-01-dimensions.xsd#de-pi_accDeprPI.beginning"
           xlink:label="de-pi_accDeprPI.beginning"/>
      <loc xlink:type="locator"
           xlink:href="de-pi-2018-04-01-dimensions.xsd#de-pi_accDeprPI.diff"
           xlink:label="de-pi_accDeprPI.diff"/>
      <loc xlink:type="locator"
           xlink:href="de-pi-2018-04-01-dimensions.xsd#de-pi_accDeprPI.diff.currDiff"
           xlink:label="de-pi_accDeprPI.diff.currDiff"/>
      <loc xlink:type="locator"
           xlink:href="de-pi-2018-04-01-dimensions.xsd#de-pi_accDeprPI.diff.otherDiff"
           xlink:label="de-pi_accDeprPI.diff.otherDiff"/>
      <loc xlink:type="locator"
           xlink:href="de-pi-2018-04-01-dimensions.xsd#de-pi_accDeprPI.diff.otherDiff.comment"
           xlink:label="de-pi_accDeprPI.diff.otherDiff.comment"/>
      <loc xlink:type="locator"
           xlink:href="de-pi-2018-04-01-dimensions.xsd#de-pi_accDeprPI.DeprPeriod"
           xlink:label="de-pi_accDeprPI.DeprPeriod"/>
      <loc xlink:type="locator"
           xlink:href="de-pi-2018-04-01-dimensions.xsd#de-pi_accDeprPI.DeprPeriod.specific"
           xlink:label="de-pi_accDeprPI.DeprPeriod.specific"/>
      <loc xlink:type="locator"
           xlink:href="de-pi-2018-04-01-dimensions.xsd#de-pi_accDeprPI.addition"
           xlink:label="de-pi_accDeprPI.addition"/>
      <loc xlink:type="locator"
           xlink:href="de-pi-2018-04-01-dimensions.xsd#de-pi_accDeprPI.release"
           xlink:label="de-pi_accDeprPI.release"/>
      <loc xlink:type="locator"
           xlink:href="de-pi-2018-04-01-dimensions.xsd#de-pi_accDeprPI.movements"
           xlink:label="de-pi_accDeprPI.movements"/>
      <loc xlink:type="locator"
           xlink:href="de-pi-2018-04-01-dimensions.xsd#de-pi_accDeprPI.currChanges"
           xlink:label="de-pi_accDeprPI.currChanges"/>
      <loc xlink:type="locator"
           xlink:href="de-pi-2018-04-01-dimensions.xsd#de-pi_revaluationPI"
           xlink:label="de-pi_revaluationPI"/>
      <loc xlink:type="locator"
           xlink:href="de-pi-2018-04-01-dimensions.xsd#de-pi_revaluationPI.comment"
           xlink:label="de-pi_revaluationPI.comment"/>
      <loc xlink:type="locator"
           xlink:href="de-pi-2018-04-01-dimensions.xsd#de-pi_tablePITanIntan.nt.ass"
           xlink:label="de-pi_tablePITanIntan.nt.ass"/>
      <loc xlink:type="locator"
           xlink:href="de-pi-2018-04-01-dimensions.xsd#de-pi_cubePITanIntan.nt.ass.gross"
           xlink:label="de-pi_cubePITanIntan.nt.ass.gross"/>
      <loc xlink:type="locator"
           xlink:href="de-pi-2018-04-01-dimensions.xsd#de-pi_dim_changesPITanIntan.nt.ass"
           xlink:label="de-pi_dim_changesPITanIntan.nt.ass"/>
      <loc xlink:type="locator" xlink:href="de-pi-2018-04-01.xsd#de-pi_bsPi.ass.intan"
           xlink:label="de-pi_bsPi.ass.intan"/>
      <loc xlink:type="locator" xlink:href="de-pi-2018-04-01.xsd#de-pi_bsPi.ass.tan"
           xlink:label="de-pi_bsPi.ass.tan"/>
      <loc xlink:type="locator"
           xlink:href="de-pi-2018-04-01-dimensions.xsd#de-pi_piTitlePITanIntan.nt.ass.gross"
           xlink:label="de-pi_piTitlePITanIntan.nt.ass.gross"/>
      <loc xlink:type="locator"
           xlink:href="de-pi-2018-04-01-dimensions.xsd#de-pi_allPITanIntan"
           xlink:label="de-pi_allPITanIntan"/>
      <loc xlink:type="locator"
           xlink:href="de-pi-2018-04-01-dimensions.xsd#de-pi_allPI_Prev_periodTanIntan"
           xlink:label="de-pi_allPI_Prev_periodTanIntan"/>
      <loc xlink:type="locator"
           xlink:href="de-pi-2018-04-01-dimensions.xsd#de-pi_grossPITanIntan"
           xlink:label="de-pi_grossPITanIntan"/>
      <loc xlink:type="locator"
           xlink:href="de-pi-2018-04-01-dimensions.xsd#de-pi_grossCostPITanIntan.beginning"
           xlink:label="de-pi_grossCostPITanIntan.beginning"/>
      <loc xlink:type="locator"
           xlink:href="de-pi-2018-04-01-dimensions.xsd#de-pi_grossPITanIntan.diff"
           xlink:label="de-pi_grossPITanIntan.diff"/>
      <loc xlink:type="locator"
           xlink:href="de-pi-2018-04-01-dimensions.xsd#de-pi_grossPITanIntan.diff.currDiff"
           xlink:label="de-pi_grossPITanIntan.diff.currDiff"/>
      <loc xlink:type="locator"
           xlink:href="de-pi-2018-04-01-dimensions.xsd#de-pi_grossPITanIntan.diff.otherDiff"
           xlink:label="de-pi_grossPITanIntan.diff.otherDiff"/>
      <loc xlink:type="locator"
           xlink:href="de-pi-2018-04-01-dimensions.xsd#de-pi_grossPITanIntan.diff.otherDiff.comment"
           xlink:label="de-pi_grossPITanIntan.diff.otherDiff.comment"/>
      <loc xlink:type="locator"
           xlink:href="de-pi-2018-04-01-dimensions.xsd#de-pi_grossPITanIntan.addition"
           xlink:label="de-pi_grossPITanIntan.addition"/>
      <loc xlink:type="locator"
           xlink:href="de-pi-2018-04-01-dimensions.xsd#de-pi_grossPITanIntan.release"
           xlink:label="de-pi_grossPITanIntan.release"/>
      <loc xlink:type="locator"
           xlink:href="de-pi-2018-04-01-dimensions.xsd#de-pi_grossPITanIntan.movements"
           xlink:label="de-pi_grossPITanIntan.movements"/>
      <loc xlink:type="locator"
           xlink:href="de-pi-2018-04-01-dimensions.xsd#de-pi_grossPITanIntan.currChanges"
           xlink:label="de-pi_grossPITanIntan.currChanges"/>
      <loc xlink:type="locator"
           xlink:href="de-pi-2018-04-01-dimensions.xsd#de-pi_accDeprPITanIntan"
           xlink:label="de-pi_accDeprPITanIntan"/>
      <loc xlink:type="locator"
           xlink:href="de-pi-2018-04-01-dimensions.xsd#de-pi_accDeprPITanIntan.beginning"
           xlink:label="de-pi_accDeprPITanIntan.beginning"/>
      <loc xlink:type="locator"
           xlink:href="de-pi-2018-04-01-dimensions.xsd#de-pi_accDeprPITanIntan.diff"
           xlink:label="de-pi_accDeprPITanIntan.diff"/>
      <loc xlink:type="locator"
           xlink:href="de-pi-2018-04-01-dimensions.xsd#de-pi_accDeprPITanIntan.diff.currDiff"
           xlink:label="de-pi_accDeprPITanIntan.diff.currDiff"/>
      <loc xlink:type="locator"
           xlink:href="de-pi-2018-04-01-dimensions.xsd#de-pi_accDeprPITanIntan.diff.otherDiff"
           xlink:label="de-pi_accDeprPITanIntan.diff.otherDiff"/>
      <loc xlink:type="locator"
           xlink:href="de-pi-2018-04-01-dimensions.xsd#de-pi_accDeprPITanIntan.diff.otherDiff.comment"
           xlink:label="de-pi_accDeprPITanIntan.diff.otherDiff.comment"/>
      <loc xlink:type="locator"
           xlink:href="de-pi-2018-04-01-dimensions.xsd#de-pi_accDeprPITanIntan.DeprPeriod"
           xlink:label="de-pi_accDeprPITanIntan.DeprPeriod"/>
      <loc xlink:type="locator"
           xlink:href="de-pi-2018-04-01-dimensions.xsd#de-pi_accDeprPITanIntan.DeprPeriod.specific"
           xlink:label="de-pi_accDeprPITanIntan.DeprPeriod.specific"/>
      <loc xlink:type="locator"
           xlink:href="de-pi-2018-04-01-dimensions.xsd#de-pi_accDeprPITanIntan.addition"
           xlink:label="de-pi_accDeprPITanIntan.addition"/>
      <loc xlink:type="locator"
           xlink:href="de-pi-2018-04-01-dimensions.xsd#de-pi_accDepPITanIntan.release"
           xlink:label="de-pi_accDepPITanIntan.release"/>
      <loc xlink:type="locator"
           xlink:href="de-pi-2018-04-01-dimensions.xsd#de-pi_accDeprPITanIntan.movements"
           xlink:label="de-pi_accDeprPITanIntan.movements"/>
      <loc xlink:type="locator"
           xlink:href="de-pi-2018-04-01-dimensions.xsd#de-pi_accDeprPITanIntan.currChanges"
           xlink:label="de-pi_accDeprPITanIntan.currChanges"/>
      <loc xlink:type="locator"
           xlink:href="de-pi-2018-04-01-dimensions.xsd#de-pi_revaluationPITanIntan"
           xlink:label="de-pi_revaluationPITanIntan"/>
      <loc xlink:type="locator"
           xlink:href="de-pi-2018-04-01-dimensions.xsd#de-pi_revaluationPIFixedAssets.comment"
           xlink:label="de-pi_revaluationPIFixedAssets.comment"/>
      <presentationArc xlink:from="de-pi_ntPi" xlink:to="de-pi_ntPi.maturityStructure" order="1"
                       xlink:arcrole="http://www.xbrl.org/2003/arcrole/parent-child"
                       xlink:type="arc"/>
      <presentationArc xlink:from="de-pi_ntPi.maturityStructure"
                       xlink:to="de-pi_ntPi.maturityStructure.receivBanks.upTo3months"
                       order="1"
                       xlink:arcrole="http://www.xbrl.org/2003/arcrole/parent-child"
                       xlink:type="arc"/>
      <presentationArc xlink:from="de-pi_ntPi.maturityStructure"
                       xlink:to="de-pi_ntPi.maturityStructure.receivBanks.upTo1year"
                       order="2"
                       xlink:arcrole="http://www.xbrl.org/2003/arcrole/parent-child"
                       xlink:type="arc"/>
      <presentationArc xlink:from="de-pi_ntPi.maturityStructure"
                       xlink:to="de-pi_ntPi.maturityStructure.receivBanks.upTo5years"
                       order="3"
                       xlink:arcrole="http://www.xbrl.org/2003/arcrole/parent-child"
                       xlink:type="arc"/>
      <presentationArc xlink:from="de-pi_ntPi.maturityStructure"
                       xlink:to="de-pi_ntPi.maturityStructure.receivBanks.above5years"
                       order="4"
                       xlink:arcrole="http://www.xbrl.org/2003/arcrole/parent-child"
                       xlink:type="arc"/>
      <presentationArc xlink:from="de-pi_ntPi" xlink:to="de-pi_ntPi.segmGeo" order="2"
                       xlink:arcrole="http://www.xbrl.org/2003/arcrole/parent-child"
                       xlink:type="arc"/>
      <presentationArc xlink:from="de-pi_ntPi.segmGeo" xlink:to="de-pi_ntPi.segmGeo.name" order="1"
                       xlink:arcrole="http://www.xbrl.org/2003/arcrole/parent-child"
                       xlink:type="arc"/>
      <presentationArc xlink:from="de-pi_ntPi.segmGeo" xlink:to="de-pi_ntPi.segmGeo.interestIncome"
                       order="2"
                       xlink:arcrole="http://www.xbrl.org/2003/arcrole/parent-child"
                       xlink:type="arc"/>
      <presentationArc xlink:from="de-pi_ntPi.segmGeo" xlink:to="de-pi_ntPi.segmGeo.currIncomeShares"
                       order="3"
                       xlink:arcrole="http://www.xbrl.org/2003/arcrole/parent-child"
                       xlink:type="arc"/>
      <presentationArc xlink:from="de-pi_ntPi.segmGeo" xlink:to="de-pi_ntPi.segmGeo.feeIncome"
                       order="4"
                       xlink:arcrole="http://www.xbrl.org/2003/arcrole/parent-child"
                       xlink:type="arc"/>
      <presentationArc xlink:from="de-pi_ntPi.segmGeo" xlink:to="de-pi_ntPi.segmGeo.otherOpRevenue"
                       order="5"
                       xlink:arcrole="http://www.xbrl.org/2003/arcrole/parent-child"
                       xlink:type="arc"/>
      <presentationArc xlink:from="de-pi_ntPi" xlink:to="de-pi_ntPi.boardMembers" order="3"
                       xlink:arcrole="http://www.xbrl.org/2003/arcrole/parent-child"
                       xlink:type="arc"/>
      <presentationArc xlink:from="de-pi_ntPi.boardMembers" xlink:to="de-pi_ntPi.boardMembers.type"
                       order="1"
                       xlink:arcrole="http://www.xbrl.org/2003/arcrole/parent-child"
                       xlink:type="arc"/>
      <presentationArc xlink:from="de-pi_ntPi.boardMembers" xlink:to="de-pi_ntPi.boardMembers.loans"
                       order="2"
                       xlink:arcrole="http://www.xbrl.org/2003/arcrole/parent-child"
                       xlink:type="arc"/>
      <presentationArc xlink:from="de-pi_ntPi.boardMembers"
                       xlink:to="de-pi_ntPi.boardMembers.contingLiab"
                       order="3"
                       xlink:arcrole="http://www.xbrl.org/2003/arcrole/parent-child"
                       xlink:type="arc"/>
      <presentationArc xlink:from="de-pi_ntPi" xlink:to="de-pi_ntPi.addMandatoryDisclosures" order="4"
                       xlink:arcrole="http://www.xbrl.org/2003/arcrole/parent-child"
                       xlink:type="arc"/>
      <presentationArc xlink:from="de-pi_ntPi.addMandatoryDisclosures"
                       xlink:to="de-pi_ntPi.addMandatoryDisclosures.analysisOfMarketableSecuritiesListing"
                       order="1"
                       xlink:arcrole="http://www.xbrl.org/2003/arcrole/parent-child"
                       xlink:type="arc"/>
      <presentationArc xlink:from="de-pi_ntPi.addMandatoryDisclosures"
                       xlink:to="de-pi_ntPi.addMandatoryDisclosures.analysisOfMarketableSecuritiesValuation"
                       order="2"
                       xlink:arcrole="http://www.xbrl.org/2003/arcrole/parent-child"
                       xlink:type="arc"/>
      <presentationArc xlink:from="de-pi_ntPi.addMandatoryDisclosures"
                       xlink:to="de-pi_ntPi.addMandatoryDisclosures.significantIndividualAmounts"
                       order="3"
                       xlink:arcrole="http://www.xbrl.org/2003/arcrole/parent-child"
                       xlink:type="arc"/>
      <presentationArc xlink:from="de-pi_ntPi.addMandatoryDisclosures"
                       xlink:to="de-pi_ntPi.addMandatoryDisclosures.servicesProvidedToThirdParties"
                       order="4"
                       xlink:arcrole="http://www.xbrl.org/2003/arcrole/parent-child"
                       xlink:type="arc"/>
      <presentationArc xlink:from="de-pi_ntPi.addMandatoryDisclosures"
                       xlink:to="de-pi_ntPi.addMandatoryDisclosures.foreignCurrencies"
                       order="5"
                       xlink:arcrole="http://www.xbrl.org/2003/arcrole/parent-child"
                       xlink:type="arc"/>
      <presentationArc xlink:from="de-pi_ntPi.addMandatoryDisclosures"
                       xlink:to="de-pi_ntPi.addMandatoryDisclosures.landBuildingsOwnUse"
                       order="6"
                       xlink:arcrole="http://www.xbrl.org/2003/arcrole/parent-child"
                       xlink:type="arc"/>
      <presentationArc xlink:from="de-pi_ntPi.addMandatoryDisclosures"
                       xlink:to="de-pi_ntPi.addMandatoryDisclosures.operatingOfficeEquipm"
                       order="7"
                       xlink:arcrole="http://www.xbrl.org/2003/arcrole/parent-child"
                       xlink:type="arc"/>
      <presentationArc xlink:from="de-pi_ntPi.addMandatoryDisclosures"
                       xlink:to="de-pi_ntPi.addMandatoryDisclosures.expensesLastRangeLiab"
                       order="8"
                       xlink:arcrole="http://www.xbrl.org/2003/arcrole/parent-child"
                       xlink:type="arc"/>
      <presentationArc xlink:from="de-pi_ntPi.addMandatoryDisclosures"
                       xlink:to="de-pi_ntPi.addMandatoryDisclosures.materialLastRangeLiab"
                       order="9"
                       xlink:arcrole="http://www.xbrl.org/2003/arcrole/parent-child"
                       xlink:type="arc"/>
      <presentationArc xlink:from="de-pi_ntPi.addMandatoryDisclosures"
                       xlink:to="de-pi_ntPi.addMandatoryDisclosures.materialTermsOfOtherBorrowings"
                       order="10"
                       xlink:arcrole="http://www.xbrl.org/2003/arcrole/parent-child"
                       xlink:type="arc"/>
      <presentationArc xlink:from="de-pi_ntPi.addMandatoryDisclosures"
                       xlink:to="de-pi_ntPi.addMandatoryDisclosures.materialContingLiab"
                       order="11"
                       xlink:arcrole="http://www.xbrl.org/2003/arcrole/parent-child"
                       xlink:type="arc"/>
      <presentationArc xlink:from="de-pi_ntPi" xlink:to="de-pi_ntBanks.derivativeTransactions"
                       order="5"
                       xlink:arcrole="http://www.xbrl.org/2003/arcrole/parent-child"
                       xlink:type="arc"/>
      <presentationArc xlink:from="de-pi_ntBanks.derivativeTransactions"
                       xlink:to="de-pi_ntPi.derivativeTransactions.foreignCurrency"
                       order="1"
                       xlink:arcrole="http://www.xbrl.org/2003/arcrole/parent-child"
                       xlink:type="arc"/>
      <presentationArc xlink:from="de-pi_ntBanks.derivativeTransactions"
                       xlink:to="de-pi_ntPi.derivativeTransactions.interestRelated"
                       order="2"
                       xlink:arcrole="http://www.xbrl.org/2003/arcrole/parent-child"
                       xlink:type="arc"/>
      <presentationArc xlink:from="de-pi_ntBanks.derivativeTransactions"
                       xlink:to="de-pi_ntPi.derivativeTransactions.otherPriceRisks"
                       order="3"
                       xlink:arcrole="http://www.xbrl.org/2003/arcrole/parent-child"
                       xlink:type="arc"/>
      <presentationArc xlink:from="de-pi_ntPi" xlink:to="de-gaap-ci_nt.ass" order="6"
                       xlink:arcrole="http://www.xbrl.org/2003/arcrole/parent-child"
                       xlink:type="arc"/>
      <presentationArc xlink:from="de-gaap-ci_nt.ass" xlink:to="de-pi_tablePI.nt.ass" order="1"
                       xlink:arcrole="http://www.xbrl.org/2003/arcrole/parent-child"
                       xlink:type="arc"/>
      <presentationArc xmlns:xbrldt="http://xbrl.org/2005/xbrldt" xlink:from="de-pi_tablePI.nt.ass"
                       xlink:to="de-pi_cubePI.nt.ass.gross"
                       order="1"
                       xbrldt:contextElement="scenario"
                       xlink:arcrole="http://www.xbrl.org/2003/arcrole/parent-child"
                       xlink:type="arc"/>
      <presentationArc xlink:from="de-pi_cubePI.nt.ass.gross" xlink:to="de-gaap-ci_dim_taxTrans"
                       order="1"
                       xlink:arcrole="http://www.xbrl.org/2003/arcrole/parent-child"
                       xlink:type="arc"/>
      <presentationArc xlink:from="de-gaap-ci_dim_taxTrans" xlink:to="de-gaap-ci_dim_taxBal" order="1"
                       xlink:arcrole="http://www.xbrl.org/2003/arcrole/parent-child"
                       xlink:type="arc"/>
      <presentationArc xlink:from="de-gaap-ci_dim_taxBal" xlink:to="de-gaap-ci_dim_comBal" order="1"
                       xlink:arcrole="http://www.xbrl.org/2003/arcrole/parent-child"
                       xlink:type="arc"/>
      <presentationArc xlink:from="de-gaap-ci_dim_taxBal" xlink:to="de-gaap-ci_dim_diffComToTaxBal"
                       order="2"
                       xlink:arcrole="http://www.xbrl.org/2003/arcrole/parent-child"
                       xlink:type="arc"/>
      <presentationArc xlink:from="de-pi_cubePI.nt.ass.gross" xlink:to="de-pi_dim_changesPI.nt.ass"
                       order="2"
                       xlink:arcrole="http://www.xbrl.org/2003/arcrole/parent-child"
                       xlink:type="arc"/>
      <presentationArc xlink:from="de-pi_dim_changesPI.nt.ass" xlink:to="de-pi_bsPi.ass.receivBanks"
                       order="1"
                       xlink:arcrole="http://www.xbrl.org/2003/arcrole/parent-child"
                       xlink:type="arc"/>
      <presentationArc xlink:from="de-pi_dim_changesPI.nt.ass"
                       xlink:to="de-pi_bsPi.ass.receivCustomers"
                       order="2"
                       xlink:arcrole="http://www.xbrl.org/2003/arcrole/parent-child"
                       xlink:type="arc"/>
      <presentationArc xlink:from="de-pi_dim_changesPI.nt.ass"
                       xlink:to="de-pi_bsPi.ass.receivPiZAG1_2a"
                       order="3"
                       xlink:arcrole="http://www.xbrl.org/2003/arcrole/parent-child"
                       xlink:type="arc"/>
      <presentationArc xlink:from="de-pi_dim_changesPI.nt.ass"
                       xlink:to="de-pi_bsPi.ass.debtInstruments"
                       order="4"
                       xlink:arcrole="http://www.xbrl.org/2003/arcrole/parent-child"
                       xlink:type="arc"/>
      <presentationArc xlink:from="de-pi_dim_changesPI.nt.ass" xlink:to="de-pi_bsPi.ass.shares"
                       order="5"
                       xlink:arcrole="http://www.xbrl.org/2003/arcrole/parent-child"
                       xlink:type="arc"/>
      <presentationArc xlink:from="de-pi_dim_changesPI.nt.ass" xlink:to="de-pi_bsPi.ass.particip"
                       order="6"
                       xlink:arcrole="http://www.xbrl.org/2003/arcrole/parent-child"
                       xlink:type="arc"/>
      <presentationArc xlink:from="de-pi_dim_changesPI.nt.ass" xlink:to="de-pi_bsPi.ass.sharesInAffil"
                       order="7"
                       xlink:arcrole="http://www.xbrl.org/2003/arcrole/parent-child"
                       xlink:type="arc"/>
      <presentationArc xlink:from="de-pi_tablePI.nt.ass" xlink:to="de-pi_piTitlePI.nt.ass.gross"
                       order="2"
                       xlink:arcrole="http://www.xbrl.org/2003/arcrole/parent-child"
                       xlink:type="arc"/>
      <presentationArc xlink:from="de-pi_piTitlePI.nt.ass.gross" xlink:to="de-pi_allPI" order="1"
                       xlink:arcrole="http://www.xbrl.org/2003/arcrole/parent-child"
                       xlink:type="arc"/>
      <presentationArc xlink:from="de-pi_allPI" xlink:to="de-pi_allPI_Prev_period" order="1"
                       xlink:arcrole="http://www.xbrl.org/2003/arcrole/parent-child"
                       xlink:type="arc"/>
      <presentationArc xlink:from="de-pi_allPI" xlink:to="de-pi_grossPI" order="2"
                       xlink:arcrole="http://www.xbrl.org/2003/arcrole/parent-child"
                       xlink:type="arc"/>
      <presentationArc xlink:from="de-pi_grossPI" xlink:to="de-pi_grossCostPI.beginning" order="1"
                       xlink:arcrole="http://www.xbrl.org/2003/arcrole/parent-child"
                       xlink:type="arc"/>
      <presentationArc xlink:from="de-pi_grossPI" xlink:to="de-pi_grossPI.diff" order="2"
                       xlink:arcrole="http://www.xbrl.org/2003/arcrole/parent-child"
                       xlink:type="arc"/>
      <presentationArc xlink:from="de-pi_grossPI.diff" xlink:to="de-pi_grossPI.diff.currDiff"
                       order="1"
                       xlink:arcrole="http://www.xbrl.org/2003/arcrole/parent-child"
                       xlink:type="arc"/>
      <presentationArc xlink:from="de-pi_grossPI.diff" xlink:to="de-pi_grossPI.diff.otherDiff"
                       order="2"
                       xlink:arcrole="http://www.xbrl.org/2003/arcrole/parent-child"
                       xlink:type="arc"/>
      <presentationArc xlink:from="de-pi_grossPI.diff.otherDiff"
                       xlink:to="de-pi_grossPI.diff.otherDiff.comment"
                       order="1"
                       xlink:arcrole="http://www.xbrl.org/2003/arcrole/parent-child"
                       xlink:type="arc"/>
      <presentationArc xlink:from="de-pi_grossPI" xlink:to="de-pi_grossPI.addition" order="3"
                       xlink:arcrole="http://www.xbrl.org/2003/arcrole/parent-child"
                       xlink:type="arc"/>
      <presentationArc xlink:from="de-pi_grossPI" xlink:to="de-pi_grossPI.release" order="4"
                       xlink:arcrole="http://www.xbrl.org/2003/arcrole/parent-child"
                       xlink:type="arc"/>
      <presentationArc xlink:from="de-pi_grossPI" xlink:to="de-pi_grossPI.movements" order="5"
                       xlink:arcrole="http://www.xbrl.org/2003/arcrole/parent-child"
                       xlink:type="arc"/>
      <presentationArc xlink:from="de-pi_grossPI" xlink:to="de-pi_grossPI.currChanges" order="6"
                       xlink:arcrole="http://www.xbrl.org/2003/arcrole/parent-child"
                       xlink:type="arc"/>
      <presentationArc xlink:from="de-pi_allPI" xlink:to="de-pi_accDeprPI" order="3"
                       xlink:arcrole="http://www.xbrl.org/2003/arcrole/parent-child"
                       xlink:type="arc"/>
      <presentationArc xlink:from="de-pi_accDeprPI" xlink:to="de-pi_accDeprPI.beginning" order="1"
                       xlink:arcrole="http://www.xbrl.org/2003/arcrole/parent-child"
                       xlink:type="arc"/>
      <presentationArc xlink:from="de-pi_accDeprPI" xlink:to="de-pi_accDeprPI.diff" order="2"
                       xlink:arcrole="http://www.xbrl.org/2003/arcrole/parent-child"
                       xlink:type="arc"/>
      <presentationArc xlink:from="de-pi_accDeprPI.diff" xlink:to="de-pi_accDeprPI.diff.currDiff"
                       order="1"
                       xlink:arcrole="http://www.xbrl.org/2003/arcrole/parent-child"
                       xlink:type="arc"/>
      <presentationArc xlink:from="de-pi_accDeprPI.diff" xlink:to="de-pi_accDeprPI.diff.otherDiff"
                       order="2"
                       xlink:arcrole="http://www.xbrl.org/2003/arcrole/parent-child"
                       xlink:type="arc"/>
      <presentationArc xlink:from="de-pi_accDeprPI.diff.otherDiff"
                       xlink:to="de-pi_accDeprPI.diff.otherDiff.comment"
                       order="1"
                       xlink:arcrole="http://www.xbrl.org/2003/arcrole/parent-child"
                       xlink:type="arc"/>
      <presentationArc xlink:from="de-pi_accDeprPI" xlink:to="de-pi_accDeprPI.DeprPeriod" order="3"
                       xlink:arcrole="http://www.xbrl.org/2003/arcrole/parent-child"
                       xlink:type="arc"/>
      <presentationArc xlink:from="de-pi_accDeprPI.DeprPeriod"
                       xlink:to="de-pi_accDeprPI.DeprPeriod.specific"
                       order="1"
                       xlink:arcrole="http://www.xbrl.org/2003/arcrole/parent-child"
                       xlink:type="arc"/>
      <presentationArc xlink:from="de-pi_accDeprPI" xlink:to="de-pi_accDeprPI.addition" order="4"
                       xlink:arcrole="http://www.xbrl.org/2003/arcrole/parent-child"
                       xlink:type="arc"/>
      <presentationArc xlink:from="de-pi_accDeprPI" xlink:to="de-pi_accDeprPI.release" order="5"
                       xlink:arcrole="http://www.xbrl.org/2003/arcrole/parent-child"
                       xlink:type="arc"/>
      <presentationArc xlink:from="de-pi_accDeprPI" xlink:to="de-pi_accDeprPI.movements" order="6"
                       xlink:arcrole="http://www.xbrl.org/2003/arcrole/parent-child"
                       xlink:type="arc"/>
      <presentationArc xlink:from="de-pi_accDeprPI" xlink:to="de-pi_accDeprPI.currChanges" order="7"
                       xlink:arcrole="http://www.xbrl.org/2003/arcrole/parent-child"
                       xlink:type="arc"/>
      <presentationArc xlink:from="de-pi_allPI" xlink:to="de-pi_revaluationPI" order="4"
                       xlink:arcrole="http://www.xbrl.org/2003/arcrole/parent-child"
                       xlink:type="arc"/>
      <presentationArc xlink:from="de-pi_revaluationPI" xlink:to="de-pi_revaluationPI.comment"
                       order="1"
                       xlink:arcrole="http://www.xbrl.org/2003/arcrole/parent-child"
                       xlink:type="arc"/>
      <presentationArc xlink:from="de-gaap-ci_nt.ass" xlink:to="de-pi_tablePITanIntan.nt.ass"
                       order="2"
                       xlink:arcrole="http://www.xbrl.org/2003/arcrole/parent-child"
                       xlink:type="arc"/>
      <presentationArc xmlns:xbrldt="http://xbrl.org/2005/xbrldt"
                       xlink:from="de-pi_tablePITanIntan.nt.ass"
                       xlink:to="de-pi_cubePITanIntan.nt.ass.gross"
                       order="1"
                       xbrldt:contextElement="scenario"
                       xlink:arcrole="http://www.xbrl.org/2003/arcrole/parent-child"
                       xlink:type="arc"/>
      <presentationArc xlink:from="de-pi_cubePITanIntan.nt.ass.gross"
                       xlink:to="de-gaap-ci_dim_taxTrans"
                       order="1"
                       xlink:arcrole="http://www.xbrl.org/2003/arcrole/parent-child"
                       xlink:type="arc"/>
      <presentationArc xlink:from="de-pi_cubePITanIntan.nt.ass.gross"
                       xlink:to="de-pi_dim_changesPITanIntan.nt.ass"
                       order="2"
                       xlink:arcrole="http://www.xbrl.org/2003/arcrole/parent-child"
                       xlink:type="arc"/>
      <presentationArc xlink:from="de-pi_dim_changesPITanIntan.nt.ass" xlink:to="de-pi_bsPi.ass.intan"
                       order="1"
                       xlink:arcrole="http://www.xbrl.org/2003/arcrole/parent-child"
                       xlink:type="arc"/>
      <presentationArc xlink:from="de-pi_dim_changesPITanIntan.nt.ass" xlink:to="de-pi_bsPi.ass.tan"
                       order="2"
                       xlink:arcrole="http://www.xbrl.org/2003/arcrole/parent-child"
                       xlink:type="arc"/>
      <presentationArc xlink:from="de-pi_tablePITanIntan.nt.ass"
                       xlink:to="de-pi_piTitlePITanIntan.nt.ass.gross"
                       order="2"
                       xlink:arcrole="http://www.xbrl.org/2003/arcrole/parent-child"
                       xlink:type="arc"/>
      <presentationArc xlink:from="de-pi_piTitlePITanIntan.nt.ass.gross"
                       xlink:to="de-pi_allPITanIntan"
                       order="1"
                       xlink:arcrole="http://www.xbrl.org/2003/arcrole/parent-child"
                       xlink:type="arc"/>
      <presentationArc xlink:from="de-pi_allPITanIntan" xlink:to="de-pi_allPI_Prev_periodTanIntan"
                       order="1"
                       xlink:arcrole="http://www.xbrl.org/2003/arcrole/parent-child"
                       xlink:type="arc"/>
      <presentationArc xlink:from="de-pi_allPITanIntan" xlink:to="de-pi_grossPITanIntan" order="2"
                       xlink:arcrole="http://www.xbrl.org/2003/arcrole/parent-child"
                       xlink:type="arc"/>
      <presentationArc xlink:from="de-pi_grossPITanIntan"
                       xlink:to="de-pi_grossCostPITanIntan.beginning"
                       order="1"
                       xlink:arcrole="http://www.xbrl.org/2003/arcrole/parent-child"
                       xlink:type="arc"/>
      <presentationArc xlink:from="de-pi_grossPITanIntan" xlink:to="de-pi_grossPITanIntan.diff"
                       order="2"
                       xlink:arcrole="http://www.xbrl.org/2003/arcrole/parent-child"
                       xlink:type="arc"/>
      <presentationArc xlink:from="de-pi_grossPITanIntan.diff"
                       xlink:to="de-pi_grossPITanIntan.diff.currDiff"
                       order="1"
                       xlink:arcrole="http://www.xbrl.org/2003/arcrole/parent-child"
                       xlink:type="arc"/>
      <presentationArc xlink:from="de-pi_grossPITanIntan.diff"
                       xlink:to="de-pi_grossPITanIntan.diff.otherDiff"
                       order="2"
                       xlink:arcrole="http://www.xbrl.org/2003/arcrole/parent-child"
                       xlink:type="arc"/>
      <presentationArc xlink:from="de-pi_grossPITanIntan.diff.otherDiff"
                       xlink:to="de-pi_grossPITanIntan.diff.otherDiff.comment"
                       order="1"
                       xlink:arcrole="http://www.xbrl.org/2003/arcrole/parent-child"
                       xlink:type="arc"/>
      <presentationArc xlink:from="de-pi_grossPITanIntan" xlink:to="de-pi_grossPITanIntan.addition"
                       order="3"
                       xlink:arcrole="http://www.xbrl.org/2003/arcrole/parent-child"
                       xlink:type="arc"/>
      <presentationArc xlink:from="de-pi_grossPITanIntan" xlink:to="de-pi_grossPITanIntan.release"
                       order="4"
                       xlink:arcrole="http://www.xbrl.org/2003/arcrole/parent-child"
                       xlink:type="arc"/>
      <presentationArc xlink:from="de-pi_grossPITanIntan" xlink:to="de-pi_grossPITanIntan.movements"
                       order="5"
                       xlink:arcrole="http://www.xbrl.org/2003/arcrole/parent-child"
                       xlink:type="arc"/>
      <presentationArc xlink:from="de-pi_grossPITanIntan" xlink:to="de-pi_grossPITanIntan.currChanges"
                       order="6"
                       xlink:arcrole="http://www.xbrl.org/2003/arcrole/parent-child"
                       xlink:type="arc"/>
      <presentationArc xlink:from="de-pi_allPITanIntan" xlink:to="de-pi_accDeprPITanIntan" order="3"
                       xlink:arcrole="http://www.xbrl.org/2003/arcrole/parent-child"
                       xlink:type="arc"/>
      <presentationArc xlink:from="de-pi_accDeprPITanIntan"
                       xlink:to="de-pi_accDeprPITanIntan.beginning"
                       order="1"
                       xlink:arcrole="http://www.xbrl.org/2003/arcrole/parent-child"
                       xlink:type="arc"/>
      <presentationArc xlink:from="de-pi_accDeprPITanIntan" xlink:to="de-pi_accDeprPITanIntan.diff"
                       order="2"
                       xlink:arcrole="http://www.xbrl.org/2003/arcrole/parent-child"
                       xlink:type="arc"/>
      <presentationArc xlink:from="de-pi_accDeprPITanIntan.diff"
                       xlink:to="de-pi_accDeprPITanIntan.diff.currDiff"
                       order="1"
                       xlink:arcrole="http://www.xbrl.org/2003/arcrole/parent-child"
                       xlink:type="arc"/>
      <presentationArc xlink:from="de-pi_accDeprPITanIntan.diff"
                       xlink:to="de-pi_accDeprPITanIntan.diff.otherDiff"
                       order="2"
                       xlink:arcrole="http://www.xbrl.org/2003/arcrole/parent-child"
                       xlink:type="arc"/>
      <presentationArc xlink:from="de-pi_accDeprPITanIntan.diff.otherDiff"
                       xlink:to="de-pi_accDeprPITanIntan.diff.otherDiff.comment"
                       order="1"
                       xlink:arcrole="http://www.xbrl.org/2003/arcrole/parent-child"
                       xlink:type="arc"/>
      <presentationArc xlink:from="de-pi_accDeprPITanIntan"
                       xlink:to="de-pi_accDeprPITanIntan.DeprPeriod"
                       order="3"
                       xlink:arcrole="http://www.xbrl.org/2003/arcrole/parent-child"
                       xlink:type="arc"/>
      <presentationArc xlink:from="de-pi_accDeprPITanIntan.DeprPeriod"
                       xlink:to="de-pi_accDeprPITanIntan.DeprPeriod.specific"
                       order="1"
                       xlink:arcrole="http://www.xbrl.org/2003/arcrole/parent-child"
                       xlink:type="arc"/>
      <presentationArc xlink:from="de-pi_accDeprPITanIntan"
                       xlink:to="de-pi_accDeprPITanIntan.addition"
                       order="4"
                       xlink:arcrole="http://www.xbrl.org/2003/arcrole/parent-child"
                       xlink:type="arc"/>
      <presentationArc xlink:from="de-pi_accDeprPITanIntan" xlink:to="de-pi_accDepPITanIntan.release"
                       order="5"
                       xlink:arcrole="http://www.xbrl.org/2003/arcrole/parent-child"
                       xlink:type="arc"/>
      <presentationArc xlink:from="de-pi_accDeprPITanIntan"
                       xlink:to="de-pi_accDeprPITanIntan.movements"
                       order="6"
                       xlink:arcrole="http://www.xbrl.org/2003/arcrole/parent-child"
                       xlink:type="arc"/>
      <presentationArc xlink:from="de-pi_accDeprPITanIntan"
                       xlink:to="de-pi_accDeprPITanIntan.currChanges"
                       order="7"
                       xlink:arcrole="http://www.xbrl.org/2003/arcrole/parent-child"
                       xlink:type="arc"/>
      <presentationArc xlink:from="de-pi_allPITanIntan" xlink:to="de-pi_revaluationPITanIntan"
                       order="4"
                       xlink:arcrole="http://www.xbrl.org/2003/arcrole/parent-child"
                       xlink:type="arc"/>
      <presentationArc xlink:from="de-pi_revaluationPITanIntan"
                       xlink:to="de-pi_revaluationPIFixedAssets.comment"
                       order="1"
                       xlink:arcrole="http://www.xbrl.org/2003/arcrole/parent-child"
                       xlink:type="arc"/>
   </presentationLink>
</linkbase>