<?xml version="1.0" encoding="utf-8"?>
<!--(c) XBRL Deutschland e.V. - see http://www.xbrl.de-->


<linkbase xmlns="http://www.xbrl.org/2003/linkbase"
          xmlns:xsi="http://www.w3.org/2001/XMLSchema-instance"
          xsi:schemaLocation="http://www.xbrl.org/2003/linkbase http://www.xbrl.org/2003/xbrl-linkbase-2003-12-31.xsd">
   <roleRef xmlns:de-pi="http://www.xbrl.de/taxonomies/de-pi-2018-04-01"
            xmlns:xlink="http://www.w3.org/1999/xlink"
            roleURI="http://www.xbrl.de/taxonomies/de-pi/role/incomeStatementStf"
            xlink:href="de-pi-2018-04-01.xsd#role_incomeStatementStf"
            xlink:type="simple"/>
   <calculationLink xmlns:xlink="http://www.w3.org/1999/xlink"
                    xlink:role="http://www.xbrl.de/taxonomies/de-pi/role/incomeStatementStf"
                    xlink:type="extended">
      <loc xlink:type="locator" xlink:href="de-pi-2018-04-01.xsd#de-pi_isPi.gainLoss"
           xlink:label="de-pi_isPi.gainLoss"/>
      <loc xlink:type="locator" xlink:href="de-pi-2018-04-01.xsd#de-pi_isPi.netIncome"
           xlink:label="de-pi_isPi.netIncome"/>
      <loc xlink:type="locator" xlink:href="de-pi-2018-04-01.xsd#de-pi_isPi.regularIncome"
           xlink:label="de-pi_isPi.regularIncome"/>
      <loc xlink:type="locator"
           xlink:href="de-pi-2018-04-01.xsd#de-pi_isPi.interestIncome"
           xlink:label="de-pi_isPi.interestIncome"/>
      <loc xlink:type="locator"
           xlink:href="de-pi-2018-04-01.xsd#de-pi_isPi.interestIncome.paymServicesAndEMoney"
           xlink:label="de-pi_isPi.interestIncome.paymServicesAndEMoney"/>
      <loc xlink:type="locator"
           xlink:href="de-pi-2018-04-01.xsd#de-pi_isPi.interestIncome.otherOperations"
           xlink:label="de-pi_isPi.interestIncome.otherOperations"/>
      <loc xlink:type="locator"
           xlink:href="de-pi-2018-04-01.xsd#de-pi_isPi.interestExpenses"
           xlink:label="de-pi_isPi.interestExpenses"/>
      <loc xlink:type="locator"
           xlink:href="de-pi-2018-04-01.xsd#de-pi_isPi.interestExpenses.paymServicesAndEMoney"
           xlink:label="de-pi_isPi.interestExpenses.paymServicesAndEMoney"/>
      <loc xlink:type="locator"
           xlink:href="de-pi-2018-04-01.xsd#de-pi_isPi.interestExpenses.otherOperations"
           xlink:label="de-pi_isPi.interestExpenses.otherOperations"/>
      <loc xlink:type="locator" xlink:href="de-pi-2018-04-01.xsd#de-pi_isPi.currIncome"
           xlink:label="de-pi_isPi.currIncome"/>
      <loc xlink:type="locator"
           xlink:href="de-pi-2018-04-01.xsd#de-pi_isPi.currIncome.paymServicesAndEMoney"
           xlink:label="de-pi_isPi.currIncome.paymServicesAndEMoney"/>
      <loc xlink:type="locator"
           xlink:href="de-pi-2018-04-01.xsd#de-pi_isPi.currIncome.otherOperations"
           xlink:label="de-pi_isPi.currIncome.otherOperations"/>
      <loc xlink:type="locator"
           xlink:href="de-pi-2018-04-01.xsd#de-pi_isPi.incomeReleasePreTaxRes"
           xlink:label="de-pi_isPi.incomeReleasePreTaxRes"/>
      <loc xlink:type="locator"
           xlink:href="de-pi-2018-04-01.xsd#de-pi_isPi.incomeReleasePreTaxRes.EStG6b_10"
           xlink:label="de-pi_isPi.incomeReleasePreTaxRes.EStG6b_10"/>
      <loc xlink:type="locator"
           xlink:href="de-pi-2018-04-01.xsd#de-pi_isPi.incomeReleasePreTaxRes.EStG6b_3"
           xlink:label="de-pi_isPi.incomeReleasePreTaxRes.EStG6b_3"/>
      <loc xlink:type="locator"
           xlink:href="de-pi-2018-04-01.xsd#de-pi_isPi.incomeReleasePreTaxRes.substEStR6_6"
           xlink:label="de-pi_isPi.incomeReleasePreTaxRes.substEStR6_6"/>
      <loc xlink:type="locator"
           xlink:href="de-pi-2018-04-01.xsd#de-pi_isPi.incomeReleasePreTaxRes.EStG4g"
           xlink:label="de-pi_isPi.incomeReleasePreTaxRes.EStG4g"/>
      <loc xlink:type="locator"
           xlink:href="de-pi-2018-04-01.xsd#de-pi_isPi.incomeReleasePreTaxRes.other"
           xlink:label="de-pi_isPi.incomeReleasePreTaxRes.other"/>
      <loc xlink:type="locator"
           xlink:href="de-pi-2018-04-01.xsd#de-pi_isPi.incomeReleasePreTaxRes.EStG4f"
           xlink:label="de-pi_isPi.incomeReleasePreTaxRes.EStG4f"/>
      <loc xlink:type="locator"
           xlink:href="de-pi-2018-04-01.xsd#de-pi_isPi.otherOpRevenue"
           xlink:label="de-pi_isPi.otherOpRevenue"/>
      <loc xlink:type="locator"
           xlink:href="de-pi-2018-04-01.xsd#de-pi_isPi.otherOpRevenue.paymServicesAndEMoney"
           xlink:label="de-pi_isPi.otherOpRevenue.paymServicesAndEMoney"/>
      <loc xlink:type="locator"
           xlink:href="de-pi-2018-04-01.xsd#de-pi_isPi.otherOpRevenue.otherOperations"
           xlink:label="de-pi_isPi.otherOpRevenue.otherOperations"/>
      <loc xlink:type="locator" xlink:href="de-pi-2018-04-01.xsd#de-pi_isPi.feeExpenses"
           xlink:label="de-pi_isPi.feeExpenses"/>
      <loc xlink:type="locator"
           xlink:href="de-pi-2018-04-01.xsd#de-pi_isPi.feeExpenses.paymServicesAndEMoney"
           xlink:label="de-pi_isPi.feeExpenses.paymServicesAndEMoney"/>
      <loc xlink:type="locator"
           xlink:href="de-pi-2018-04-01.xsd#de-pi_isPi.feeExpenses.otherOperations"
           xlink:label="de-pi_isPi.feeExpenses.otherOperations"/>
      <loc xlink:type="locator" xlink:href="de-pi-2018-04-01.xsd#de-pi_isPi.feeIncome"
           xlink:label="de-pi_isPi.feeIncome"/>
      <loc xlink:type="locator"
           xlink:href="de-pi-2018-04-01.xsd#de-pi_isPi.feeIncome.paymServicesAndEMoney"
           xlink:label="de-pi_isPi.feeIncome.paymServicesAndEMoney"/>
      <loc xlink:type="locator"
           xlink:href="de-pi-2018-04-01.xsd#de-pi_isPi.feeIncome.otherOperations"
           xlink:label="de-pi_isPi.feeIncome.otherOperations"/>
      <loc xlink:type="locator"
           xlink:href="de-pi-2018-04-01.xsd#de-pi_isPi.earningProfSharing"
           xlink:label="de-pi_isPi.earningProfSharing"/>
      <loc xlink:type="locator"
           xlink:href="de-pi-2018-04-01.xsd#de-pi_isPi.earningProfSharing.paymServicesAndEMoney"
           xlink:label="de-pi_isPi.earningProfSharing.paymServicesAndEMoney"/>
      <loc xlink:type="locator"
           xlink:href="de-pi-2018-04-01.xsd#de-pi_isPi.earningProfSharing.otherOperations"
           xlink:label="de-pi_isPi.earningProfSharing.otherOperations"/>
      <loc xlink:type="locator" xlink:href="de-pi-2018-04-01.xsd#de-pi_isPi.adminExp"
           xlink:label="de-pi_isPi.adminExp"/>
      <loc xlink:type="locator"
           xlink:href="de-pi-2018-04-01.xsd#de-pi_isPi.adminExp.paymServicesAndEMoney"
           xlink:label="de-pi_isPi.adminExp.paymServicesAndEMoney"/>
      <loc xlink:type="locator"
           xlink:href="de-pi-2018-04-01.xsd#de-pi_isPi.adminExp.otherOperations"
           xlink:label="de-pi_isPi.adminExp.otherOperations"/>
      <loc xlink:type="locator" xlink:href="de-pi-2018-04-01.xsd#de-pi_isPi.deprAmFixAss"
           xlink:label="de-pi_isPi.deprAmFixAss"/>
      <loc xlink:type="locator"
           xlink:href="de-pi-2018-04-01.xsd#de-pi_isPi.deprAmFixAss.paymServicesAndEMoney"
           xlink:label="de-pi_isPi.deprAmFixAss.paymServicesAndEMoney"/>
      <loc xlink:type="locator"
           xlink:href="de-pi-2018-04-01.xsd#de-pi_isPi.deprAmFixAss.otherOperations"
           xlink:label="de-pi_isPi.deprAmFixAss.otherOperations"/>
      <loc xlink:type="locator" xlink:href="de-pi-2018-04-01.xsd#de-pi_isPi.otherCost"
           xlink:label="de-pi_isPi.otherCost"/>
      <loc xlink:type="locator"
           xlink:href="de-pi-2018-04-01.xsd#de-pi_isPi.otherCost.paymServicesAndEMoney"
           xlink:label="de-pi_isPi.otherCost.paymServicesAndEMoney"/>
      <loc xlink:type="locator"
           xlink:href="de-pi-2018-04-01.xsd#de-pi_isPi.otherCost.otherOperations"
           xlink:label="de-pi_isPi.otherCost.otherOperations"/>
      <loc xlink:type="locator"
           xlink:href="de-pi-2018-04-01.xsd#de-pi_isPi.deprAmReceivAddLoanProv"
           xlink:label="de-pi_isPi.deprAmReceivAddLoanProv"/>
      <loc xlink:type="locator"
           xlink:href="de-pi-2018-04-01.xsd#de-pi_isPi.deprAmReceivAddLoanProv.paymServicesAndEMoney"
           xlink:label="de-pi_isPi.deprAmReceivAddLoanProv.paymServicesAndEMoney"/>
      <loc xlink:type="locator"
           xlink:href="de-pi-2018-04-01.xsd#de-pi_isPi.deprAmReceivAddLoanProv.otherOperations"
           xlink:label="de-pi_isPi.deprAmReceivAddLoanProv.otherOperations"/>
      <loc xlink:type="locator"
           xlink:href="de-pi-2018-04-01.xsd#de-pi_isPi.revenueRevalReceivReleaseLoanProv"
           xlink:label="de-pi_isPi.revenueRevalReceivReleaseLoanProv"/>
      <loc xlink:type="locator"
           xlink:href="de-pi-2018-04-01.xsd#de-pi_isPi.revenueRevalReceivReleaseLoanProv.paymServicesAndEMoney"
           xlink:label="de-pi_isPi.revenueRevalReceivReleaseLoanProv.paymServicesAndEMoney"/>
      <loc xlink:type="locator"
           xlink:href="de-pi-2018-04-01.xsd#de-pi_isPi.revenueRevalReceivReleaseLoanProv.otherOperations"
           xlink:label="de-pi_isPi.revenueRevalReceivReleaseLoanProv.otherOperations"/>
      <loc xlink:type="locator"
           xlink:href="de-pi-2018-04-01.xsd#de-pi_isPi.deprAmParticip"
           xlink:label="de-pi_isPi.deprAmParticip"/>
      <loc xlink:type="locator"
           xlink:href="de-pi-2018-04-01.xsd#de-pi_isPi.deprAmParticip.paymServicesAndEMoney"
           xlink:label="de-pi_isPi.deprAmParticip.paymServicesAndEMoney"/>
      <loc xlink:type="locator"
           xlink:href="de-pi-2018-04-01.xsd#de-pi_isPi.deprAmParticip.otherOperations"
           xlink:label="de-pi_isPi.deprAmParticip.otherOperations"/>
      <loc xlink:type="locator"
           xlink:href="de-pi-2018-04-01.xsd#de-pi_isPi.revenueRevalParticip"
           xlink:label="de-pi_isPi.revenueRevalParticip"/>
      <loc xlink:type="locator"
           xlink:href="de-pi-2018-04-01.xsd#de-pi_isPi.revenueRevalParticip.paymServicesAndEMoney"
           xlink:label="de-pi_isPi.revenueRevalParticip.paymServicesAndEMoney"/>
      <loc xlink:type="locator"
           xlink:href="de-pi-2018-04-01.xsd#de-pi_isPi.revenueRevalParticip.otherOperations"
           xlink:label="de-pi_isPi.revenueRevalParticip.otherOperations"/>
      <loc xlink:type="locator"
           xlink:href="de-pi-2018-04-01.xsd#de-pi_isPi.lossFrParticip"
           xlink:label="de-pi_isPi.lossFrParticip"/>
      <loc xlink:type="locator"
           xlink:href="de-pi-2018-04-01.xsd#de-pi_isPi.lossFrParticip.paymServicesAndEMoney"
           xlink:label="de-pi_isPi.lossFrParticip.paymServicesAndEMoney"/>
      <loc xlink:type="locator"
           xlink:href="de-pi-2018-04-01.xsd#de-pi_isPi.lossFrParticip.otherOperations"
           xlink:label="de-pi_isPi.lossFrParticip.otherOperations"/>
      <loc xlink:type="locator"
           xlink:href="de-pi-2018-04-01.xsd#de-pi_isPi.addToPreTaxRes"
           xlink:label="de-pi_isPi.addToPreTaxRes"/>
      <loc xlink:type="locator"
           xlink:href="de-pi-2018-04-01.xsd#de-pi_isPi.addToPreTaxRes.EStG6b_10"
           xlink:label="de-pi_isPi.addToPreTaxRes.EStG6b_10"/>
      <loc xlink:type="locator"
           xlink:href="de-pi-2018-04-01.xsd#de-pi_isPi.addToPreTaxRes.EStG6b_3"
           xlink:label="de-pi_isPi.addToPreTaxRes.EStG6b_3"/>
      <loc xlink:type="locator"
           xlink:href="de-pi-2018-04-01.xsd#de-pi_isPi.addToPreTaxRes.substEStR6_6"
           xlink:label="de-pi_isPi.addToPreTaxRes.substEStR6_6"/>
      <loc xlink:type="locator"
           xlink:href="de-pi-2018-04-01.xsd#de-pi_isPi.addToPreTaxRes.EStG4g"
           xlink:label="de-pi_isPi.addToPreTaxRes.EStG4g"/>
      <loc xlink:type="locator"
           xlink:href="de-pi-2018-04-01.xsd#de-pi_isPi.addtoPreTaxRes.other"
           xlink:label="de-pi_isPi.addtoPreTaxRes.other"/>
      <loc xlink:type="locator"
           xlink:href="de-pi-2018-04-01.xsd#de-pi_isPi.addToPreTaxRes.EStG4f"
           xlink:label="de-pi_isPi.addToPreTaxRes.EStG4f"/>
      <loc xlink:type="locator" xlink:href="de-pi-2018-04-01.xsd#de-pi_isPi.extraord"
           xlink:label="de-pi_isPi.extraord"/>
      <loc xlink:type="locator"
           xlink:href="de-pi-2018-04-01.xsd#de-pi_isPi.extraordIncome"
           xlink:label="de-pi_isPi.extraordIncome"/>
      <loc xlink:type="locator"
           xlink:href="de-pi-2018-04-01.xsd#de-pi_isPi.extraordIncome.paymServicesAndEMoney"
           xlink:label="de-pi_isPi.extraordIncome.paymServicesAndEMoney"/>
      <loc xlink:type="locator"
           xlink:href="de-pi-2018-04-01.xsd#de-pi_isPi.extraordIncome.otherOperations"
           xlink:label="de-pi_isPi.extraordIncome.otherOperations"/>
      <loc xlink:type="locator"
           xlink:href="de-pi-2018-04-01.xsd#de-pi_isPi.extraordExpenses"
           xlink:label="de-pi_isPi.extraordExpenses"/>
      <loc xlink:type="locator"
           xlink:href="de-pi-2018-04-01.xsd#de-pi_isPi.extraordExpenses.paymServicesAndEMoney"
           xlink:label="de-pi_isPi.extraordExpenses.paymServicesAndEMoney"/>
      <loc xlink:type="locator"
           xlink:href="de-pi-2018-04-01.xsd#de-pi_isPi.extraordExpenses.otherOperations"
           xlink:label="de-pi_isPi.extraordExpenses.otherOperations"/>
      <loc xlink:type="locator" xlink:href="de-pi-2018-04-01.xsd#de-pi_isPi.tax"
           xlink:label="de-pi_isPi.tax"/>
      <loc xlink:type="locator" xlink:href="de-pi-2018-04-01.xsd#de-pi_isPi.tax.kst"
           xlink:label="de-pi_isPi.tax.kst"/>
      <loc xlink:type="locator" xlink:href="de-pi-2018-04-01.xsd#de-pi_isPi.tax.soli"
           xlink:label="de-pi_isPi.tax.soli"/>
      <loc xlink:type="locator" xlink:href="de-pi-2018-04-01.xsd#de-pi_isPi.tax.gewst"
           xlink:label="de-pi_isPi.tax.gewst"/>
      <loc xlink:type="locator" xlink:href="de-pi-2018-04-01.xsd#de-pi_isPi.tax.kest"
           xlink:label="de-pi_isPi.tax.kest"/>
      <loc xlink:type="locator"
           xlink:href="de-pi-2018-04-01.xsd#de-pi_isPi.tax.prevPeriodPaid"
           xlink:label="de-pi_isPi.tax.prevPeriodPaid"/>
      <loc xlink:type="locator"
           xlink:href="de-pi-2018-04-01.xsd#de-pi_isPi.tax.prevPeriodReceived"
           xlink:label="de-pi_isPi.tax.prevPeriodReceived"/>
      <loc xlink:type="locator"
           xlink:href="de-pi-2018-04-01.xsd#de-pi_isPi.tax.deductableForeignIncomeTaxes"
           xlink:label="de-pi_isPi.tax.deductableForeignIncomeTaxes"/>
      <loc xlink:type="locator"
           xlink:href="de-pi-2018-04-01.xsd#de-pi_isPi.tax.nonDeductableForeignIncomeTaxes"
           xlink:label="de-pi_isPi.tax.nonDeductableForeignIncomeTaxes"/>
      <loc xlink:type="locator"
           xlink:href="de-pi-2018-04-01.xsd#de-pi_isPi.tax.releaseTaxProv"
           xlink:label="de-pi_isPi.tax.releaseTaxProv"/>
      <loc xlink:type="locator" xlink:href="de-pi-2018-04-01.xsd#de-pi_isPi.tax.deffered"
           xlink:label="de-pi_isPi.tax.deffered"/>
      <loc xlink:type="locator"
           xlink:href="de-pi-2018-04-01.xsd#de-pi_isPi.tax.deffered.addition"
           xlink:label="de-pi_isPi.tax.deffered.addition"/>
      <loc xlink:type="locator"
           xlink:href="de-pi-2018-04-01.xsd#de-pi_isPi.tax.deffered.release"
           xlink:label="de-pi_isPi.tax.deffered.release"/>
      <loc xlink:type="locator"
           xlink:href="de-pi-2018-04-01.xsd#de-pi_isPi.otherTaxes.notIncludedInOtherCost"
           xlink:label="de-pi_isPi.otherTaxes.notIncludedInOtherCost"/>
      <loc xlink:type="locator"
           xlink:href="de-pi-2018-04-01.xsd#de-pi_isPi.addFundGeneralBankRisks"
           xlink:label="de-pi_isPi.addFundGeneralBankRisks"/>
      <loc xlink:type="locator"
           xlink:href="de-pi-2018-04-01.xsd#de-pi_isPi.incomeFrParticip"
           xlink:label="de-pi_isPi.incomeFrParticip"/>
      <loc xlink:type="locator"
           xlink:href="de-pi-2018-04-01.xsd#de-pi_isBanks.incomeFrParticip.paymServicesAndEMoney"
           xlink:label="de-pi_isBanks.incomeFrParticip.paymServicesAndEMoney"/>
      <loc xlink:type="locator"
           xlink:href="de-pi-2018-04-01.xsd#de-pi_isBanks.incomeFrParticip.otherOperations"
           xlink:label="de-pi_isBanks.incomeFrParticip.otherOperations"/>
      <loc xlink:type="locator"
           xlink:href="de-pi-2018-04-01.xsd#de-pi_isPi.netIncome.colItemChangeProfitHbst"
           xlink:label="de-pi_isPi.netIncome.colItemChangeProfitHbst"/>
      <loc xlink:type="locator" xlink:href="de-pi-2018-04-01.xsd#de-pi_isPi.otherForeign"
           xlink:label="de-pi_isPi.otherForeign"/>
      <loc xlink:type="locator" xlink:href="de-pi-2018-04-01.xsd#de-pi_isPi.profSharing"
           xlink:label="de-pi_isPi.profSharing"/>
      <loc xlink:type="locator"
           xlink:href="de-pi-2018-04-01.xsd#de-pi_isPi.profSharing.paymServicesAndEMoney"
           xlink:label="de-pi_isPi.profSharing.paymServicesAndEMoney"/>
      <loc xlink:type="locator"
           xlink:href="de-pi-2018-04-01.xsd#de-pi_isPi.profSharing.otherOperations"
           xlink:label="de-pi_isPi.profSharing.otherOperations"/>
      <loc xlink:type="locator"
           xlink:href="de-pi-2018-04-01.xsd#de-pi_isPi.addSpecialBusinessExpense"
           xlink:label="de-pi_isPi.addSpecialBusinessExpense"/>
      <loc xlink:type="locator"
           xlink:href="de-pi-2018-04-01.xsd#de-pi_isPi.retainedEarningsPrevYear"
           xlink:label="de-pi_isPi.retainedEarningsPrevYear"/>
      <loc xlink:type="locator"
           xlink:href="de-pi-2018-04-01.xsd#de-pi_isPi.retainedEarningsPrevYear.paymServicesAndEMoney"
           xlink:label="de-pi_isPi.retainedEarningsPrevYear.paymServicesAndEMoney"/>
      <loc xlink:type="locator"
           xlink:href="de-pi-2018-04-01.xsd#de-pi_isPi.retainedEarningsPrevYear.otherOperations"
           xlink:label="de-pi_isPi.retainedEarningsPrevYear.otherOperations"/>
      <loc xlink:type="locator"
           xlink:href="de-pi-2018-04-01.xsd#de-pi_isPi.retainedEarningsPrevYear.taxAdjItemAudit"
           xlink:label="de-pi_isPi.retainedEarningsPrevYear.taxAdjItemAudit"/>
      <loc xlink:type="locator"
           xlink:href="de-pi-2018-04-01.xsd#de-pi_isPi.releaseCapReserves"
           xlink:label="de-pi_isPi.releaseCapReserves"/>
      <loc xlink:type="locator"
           xlink:href="de-pi-2018-04-01.xsd#de-pi_isPi.releaseRevenueReserves"
           xlink:label="de-pi_isPi.releaseRevenueReserves"/>
      <loc xlink:type="locator"
           xlink:href="de-pi-2018-04-01.xsd#de-pi_isPi.releaseRevenueReserves.legalRes"
           xlink:label="de-pi_isPi.releaseRevenueReserves.legalRes"/>
      <loc xlink:type="locator"
           xlink:href="de-pi-2018-04-01.xsd#de-pi_isPi.releaseRevenueReserves.ownSharesRes"
           xlink:label="de-pi_isPi.releaseRevenueReserves.ownSharesRes"/>
      <loc xlink:type="locator"
           xlink:href="de-pi-2018-04-01.xsd#de-pi_isPi.releaseRevenueReserves.sharesParentCompRes"
           xlink:label="de-pi_isPi.releaseRevenueReserves.sharesParentCompRes"/>
      <loc xlink:type="locator"
           xlink:href="de-pi-2018-04-01.xsd#de-pi_isPi.releaseRevenReserves.statRes"
           xlink:label="de-pi_isPi.releaseRevenReserves.statRes"/>
      <loc xlink:type="locator"
           xlink:href="de-pi-2018-04-01.xsd#de-pi_isPi.releaseRevenReserves.other"
           xlink:label="de-pi_isPi.releaseRevenReserves.other"/>
      <loc xlink:type="locator"
           xlink:href="de-pi-2018-04-01.xsd#de-pi_isPi.releaseProfSharRights"
           xlink:label="de-pi_isPi.releaseProfSharRights"/>
      <loc xlink:type="locator"
           xlink:href="de-pi-2018-04-01.xsd#de-pi_isPi.additionRevenReserves"
           xlink:label="de-pi_isPi.additionRevenReserves"/>
      <loc xlink:type="locator"
           xlink:href="de-pi-2018-04-01.xsd#de-pi_isPi.additionRevenReserves.legalRes"
           xlink:label="de-pi_isPi.additionRevenReserves.legalRes"/>
      <loc xlink:type="locator"
           xlink:href="de-pi-2018-04-01.xsd#de-pi_isPi.additionRevenReserves.ownSharesRes"
           xlink:label="de-pi_isPi.additionRevenReserves.ownSharesRes"/>
      <loc xlink:type="locator"
           xlink:href="de-pi-2018-04-01.xsd#de-pi_isPi.additionRevenReserves.sharesParentCompRes"
           xlink:label="de-pi_isPi.additionRevenReserves.sharesParentCompRes"/>
      <loc xlink:type="locator"
           xlink:href="de-pi-2018-04-01.xsd#de-pi_isPi.additionRevenReserves.statRes"
           xlink:label="de-pi_isPi.additionRevenReserves.statRes"/>
      <loc xlink:type="locator"
           xlink:href="de-pi-2018-04-01.xsd#de-pi_isPi.additionRevenReserves.other"
           xlink:label="de-pi_isPi.additionRevenReserves.other"/>
      <loc xlink:type="locator"
           xlink:href="de-pi-2018-04-01.xsd#de-pi_isPi.additionProfSharRights"
           xlink:label="de-pi_isPi.additionProfSharRights"/>
      <calculationArc xlink:from="de-pi_isPi.gainLoss" xlink:to="de-pi_isPi.netIncome" order="1"
                      weight="1"
                      xlink:arcrole="http://www.xbrl.org/2003/arcrole/summation-item"
                      xlink:type="arc"/>
      <calculationArc xlink:from="de-pi_isPi.netIncome" xlink:to="de-pi_isPi.regularIncome" order="1"
                      weight="1"
                      xlink:arcrole="http://www.xbrl.org/2003/arcrole/summation-item"
                      xlink:type="arc"/>
      <calculationArc xlink:from="de-pi_isPi.regularIncome" xlink:to="de-pi_isPi.interestIncome"
                      order="1"
                      weight="1"
                      xlink:arcrole="http://www.xbrl.org/2003/arcrole/summation-item"
                      xlink:type="arc"/>
      <calculationArc xlink:from="de-pi_isPi.interestIncome"
                      xlink:to="de-pi_isPi.interestIncome.paymServicesAndEMoney"
                      order="1"
                      weight="1"
                      xlink:arcrole="http://www.xbrl.org/2003/arcrole/summation-item"
                      xlink:type="arc"/>
      <calculationArc xlink:from="de-pi_isPi.interestIncome"
                      xlink:to="de-pi_isPi.interestIncome.otherOperations"
                      order="2"
                      weight="1"
                      xlink:arcrole="http://www.xbrl.org/2003/arcrole/summation-item"
                      xlink:type="arc"/>
      <calculationArc xlink:from="de-pi_isPi.regularIncome" xlink:to="de-pi_isPi.interestExpenses"
                      order="2"
                      weight="-1"
                      xlink:arcrole="http://www.xbrl.org/2003/arcrole/summation-item"
                      xlink:type="arc"/>
      <calculationArc xlink:from="de-pi_isPi.interestExpenses"
                      xlink:to="de-pi_isPi.interestExpenses.paymServicesAndEMoney"
                      order="1"
                      weight="1"
                      xlink:arcrole="http://www.xbrl.org/2003/arcrole/summation-item"
                      xlink:type="arc"/>
      <calculationArc xlink:from="de-pi_isPi.interestExpenses"
                      xlink:to="de-pi_isPi.interestExpenses.otherOperations"
                      order="2"
                      weight="1"
                      xlink:arcrole="http://www.xbrl.org/2003/arcrole/summation-item"
                      xlink:type="arc"/>
      <calculationArc xlink:from="de-pi_isPi.regularIncome" xlink:to="de-pi_isPi.currIncome"
                      order="3"
                      weight="1"
                      xlink:arcrole="http://www.xbrl.org/2003/arcrole/summation-item"
                      xlink:type="arc"/>
      <calculationArc xlink:from="de-pi_isPi.currIncome"
                      xlink:to="de-pi_isPi.currIncome.paymServicesAndEMoney"
                      order="1"
                      weight="1"
                      xlink:arcrole="http://www.xbrl.org/2003/arcrole/summation-item"
                      xlink:type="arc"/>
      <calculationArc xlink:from="de-pi_isPi.currIncome"
                      xlink:to="de-pi_isPi.currIncome.otherOperations"
                      order="2"
                      weight="1"
                      xlink:arcrole="http://www.xbrl.org/2003/arcrole/summation-item"
                      xlink:type="arc"/>
      <calculationArc xlink:from="de-pi_isPi.regularIncome"
                      xlink:to="de-pi_isPi.incomeReleasePreTaxRes"
                      order="8"
                      weight="1"
                      xlink:arcrole="http://www.xbrl.org/2003/arcrole/summation-item"
                      xlink:type="arc"/>
      <calculationArc xlink:from="de-pi_isPi.incomeReleasePreTaxRes"
                      xlink:to="de-pi_isPi.incomeReleasePreTaxRes.EStG6b_10"
                      order="1"
                      weight="1"
                      xlink:arcrole="http://www.xbrl.org/2003/arcrole/summation-item"
                      xlink:type="arc"/>
      <calculationArc xlink:from="de-pi_isPi.incomeReleasePreTaxRes"
                      xlink:to="de-pi_isPi.incomeReleasePreTaxRes.EStG6b_3"
                      order="2"
                      weight="1"
                      xlink:arcrole="http://www.xbrl.org/2003/arcrole/summation-item"
                      xlink:type="arc"/>
      <calculationArc xlink:from="de-pi_isPi.incomeReleasePreTaxRes"
                      xlink:to="de-pi_isPi.incomeReleasePreTaxRes.substEStR6_6"
                      order="3"
                      weight="1"
                      xlink:arcrole="http://www.xbrl.org/2003/arcrole/summation-item"
                      xlink:type="arc"/>
      <calculationArc xlink:from="de-pi_isPi.incomeReleasePreTaxRes"
                      xlink:to="de-pi_isPi.incomeReleasePreTaxRes.EStG4g"
                      order="4"
                      weight="1"
                      xlink:arcrole="http://www.xbrl.org/2003/arcrole/summation-item"
                      xlink:type="arc"/>
      <calculationArc xlink:from="de-pi_isPi.incomeReleasePreTaxRes"
                      xlink:to="de-pi_isPi.incomeReleasePreTaxRes.other"
                      order="5"
                      weight="1"
                      xlink:arcrole="http://www.xbrl.org/2003/arcrole/summation-item"
                      xlink:type="arc"/>
      <calculationArc xlink:from="de-pi_isPi.incomeReleasePreTaxRes"
                      xlink:to="de-pi_isPi.incomeReleasePreTaxRes.EStG4f"
                      order="4.5"
                      weight="1"
                      xlink:arcrole="http://www.xbrl.org/2003/arcrole/summation-item"
                      xlink:type="arc"/>
      <calculationArc xlink:from="de-pi_isPi.regularIncome" xlink:to="de-pi_isPi.otherOpRevenue"
                      order="7"
                      weight="1"
                      xlink:arcrole="http://www.xbrl.org/2003/arcrole/summation-item"
                      xlink:type="arc"/>
      <calculationArc xlink:from="de-pi_isPi.otherOpRevenue"
                      xlink:to="de-pi_isPi.otherOpRevenue.paymServicesAndEMoney"
                      order="1"
                      weight="1"
                      xlink:arcrole="http://www.xbrl.org/2003/arcrole/summation-item"
                      xlink:type="arc"/>
      <calculationArc xlink:from="de-pi_isPi.otherOpRevenue"
                      xlink:to="de-pi_isPi.otherOpRevenue.otherOperations"
                      order="2"
                      weight="1"
                      xlink:arcrole="http://www.xbrl.org/2003/arcrole/summation-item"
                      xlink:type="arc"/>
      <calculationArc xlink:from="de-pi_isPi.regularIncome" xlink:to="de-pi_isPi.feeExpenses"
                      order="6"
                      weight="-1"
                      xlink:arcrole="http://www.xbrl.org/2003/arcrole/summation-item"
                      xlink:type="arc"/>
      <calculationArc xlink:from="de-pi_isPi.feeExpenses"
                      xlink:to="de-pi_isPi.feeExpenses.paymServicesAndEMoney"
                      order="1"
                      weight="1"
                      xlink:arcrole="http://www.xbrl.org/2003/arcrole/summation-item"
                      xlink:type="arc"/>
      <calculationArc xlink:from="de-pi_isPi.feeExpenses"
                      xlink:to="de-pi_isPi.feeExpenses.otherOperations"
                      order="2"
                      weight="1"
                      xlink:arcrole="http://www.xbrl.org/2003/arcrole/summation-item"
                      xlink:type="arc"/>
      <calculationArc xlink:from="de-pi_isPi.regularIncome" xlink:to="de-pi_isPi.feeIncome" order="5"
                      weight="1"
                      xlink:arcrole="http://www.xbrl.org/2003/arcrole/summation-item"
                      xlink:type="arc"/>
      <calculationArc xlink:from="de-pi_isPi.feeIncome"
                      xlink:to="de-pi_isPi.feeIncome.paymServicesAndEMoney"
                      order="1"
                      weight="1"
                      xlink:arcrole="http://www.xbrl.org/2003/arcrole/summation-item"
                      xlink:type="arc"/>
      <calculationArc xlink:from="de-pi_isPi.feeIncome"
                      xlink:to="de-pi_isPi.feeIncome.otherOperations"
                      order="2"
                      weight="1"
                      xlink:arcrole="http://www.xbrl.org/2003/arcrole/summation-item"
                      xlink:type="arc"/>
      <calculationArc xlink:from="de-pi_isPi.regularIncome" xlink:to="de-pi_isPi.earningProfSharing"
                      order="4"
                      weight="1"
                      xlink:arcrole="http://www.xbrl.org/2003/arcrole/summation-item"
                      xlink:type="arc"/>
      <calculationArc xlink:from="de-pi_isPi.earningProfSharing"
                      xlink:to="de-pi_isPi.earningProfSharing.paymServicesAndEMoney"
                      order="1"
                      weight="1"
                      xlink:arcrole="http://www.xbrl.org/2003/arcrole/summation-item"
                      xlink:type="arc"/>
      <calculationArc xlink:from="de-pi_isPi.earningProfSharing"
                      xlink:to="de-pi_isPi.earningProfSharing.otherOperations"
                      order="2"
                      weight="1"
                      xlink:arcrole="http://www.xbrl.org/2003/arcrole/summation-item"
                      xlink:type="arc"/>
      <calculationArc xlink:from="de-pi_isPi.regularIncome" xlink:to="de-pi_isPi.adminExp" order="9"
                      weight="-1"
                      xlink:arcrole="http://www.xbrl.org/2003/arcrole/summation-item"
                      xlink:type="arc"/>
      <calculationArc xlink:from="de-pi_isPi.adminExp"
                      xlink:to="de-pi_isPi.adminExp.paymServicesAndEMoney"
                      order="1"
                      weight="1"
                      xlink:arcrole="http://www.xbrl.org/2003/arcrole/summation-item"
                      xlink:type="arc"/>
      <calculationArc xlink:from="de-pi_isPi.adminExp" xlink:to="de-pi_isPi.adminExp.otherOperations"
                      order="2"
                      weight="1"
                      xlink:arcrole="http://www.xbrl.org/2003/arcrole/summation-item"
                      xlink:type="arc"/>
      <calculationArc xlink:from="de-pi_isPi.regularIncome" xlink:to="de-pi_isPi.deprAmFixAss"
                      order="10"
                      weight="-1"
                      xlink:arcrole="http://www.xbrl.org/2003/arcrole/summation-item"
                      xlink:type="arc"/>
      <calculationArc xlink:from="de-pi_isPi.deprAmFixAss"
                      xlink:to="de-pi_isPi.deprAmFixAss.paymServicesAndEMoney"
                      order="1"
                      weight="1"
                      xlink:arcrole="http://www.xbrl.org/2003/arcrole/summation-item"
                      xlink:type="arc"/>
      <calculationArc xlink:from="de-pi_isPi.deprAmFixAss"
                      xlink:to="de-pi_isPi.deprAmFixAss.otherOperations"
                      order="2"
                      weight="1"
                      xlink:arcrole="http://www.xbrl.org/2003/arcrole/summation-item"
                      xlink:type="arc"/>
      <calculationArc xlink:from="de-pi_isPi.regularIncome" xlink:to="de-pi_isPi.otherCost"
                      order="11"
                      weight="-1"
                      xlink:arcrole="http://www.xbrl.org/2003/arcrole/summation-item"
                      xlink:type="arc"/>
      <calculationArc xlink:from="de-pi_isPi.otherCost"
                      xlink:to="de-pi_isPi.otherCost.paymServicesAndEMoney"
                      order="1"
                      weight="1"
                      xlink:arcrole="http://www.xbrl.org/2003/arcrole/summation-item"
                      xlink:type="arc"/>
      <calculationArc xlink:from="de-pi_isPi.otherCost"
                      xlink:to="de-pi_isPi.otherCost.otherOperations"
                      order="2"
                      weight="1"
                      xlink:arcrole="http://www.xbrl.org/2003/arcrole/summation-item"
                      xlink:type="arc"/>
      <calculationArc xlink:from="de-pi_isPi.regularIncome"
                      xlink:to="de-pi_isPi.deprAmReceivAddLoanProv"
                      order="12"
                      weight="-1"
                      xlink:arcrole="http://www.xbrl.org/2003/arcrole/summation-item"
                      xlink:type="arc"/>
      <calculationArc xlink:from="de-pi_isPi.deprAmReceivAddLoanProv"
                      xlink:to="de-pi_isPi.deprAmReceivAddLoanProv.paymServicesAndEMoney"
                      order="1"
                      weight="1"
                      xlink:arcrole="http://www.xbrl.org/2003/arcrole/summation-item"
                      xlink:type="arc"/>
      <calculationArc xlink:from="de-pi_isPi.deprAmReceivAddLoanProv"
                      xlink:to="de-pi_isPi.deprAmReceivAddLoanProv.otherOperations"
                      order="2"
                      weight="1"
                      xlink:arcrole="http://www.xbrl.org/2003/arcrole/summation-item"
                      xlink:type="arc"/>
      <calculationArc xlink:from="de-pi_isPi.regularIncome"
                      xlink:to="de-pi_isPi.revenueRevalReceivReleaseLoanProv"
                      order="13"
                      weight="1"
                      xlink:arcrole="http://www.xbrl.org/2003/arcrole/summation-item"
                      xlink:type="arc"/>
      <calculationArc xlink:from="de-pi_isPi.revenueRevalReceivReleaseLoanProv"
                      xlink:to="de-pi_isPi.revenueRevalReceivReleaseLoanProv.paymServicesAndEMoney"
                      order="1"
                      weight="1"
                      xlink:arcrole="http://www.xbrl.org/2003/arcrole/summation-item"
                      xlink:type="arc"/>
      <calculationArc xlink:from="de-pi_isPi.revenueRevalReceivReleaseLoanProv"
                      xlink:to="de-pi_isPi.revenueRevalReceivReleaseLoanProv.otherOperations"
                      order="2"
                      weight="1"
                      xlink:arcrole="http://www.xbrl.org/2003/arcrole/summation-item"
                      xlink:type="arc"/>
      <calculationArc xlink:from="de-pi_isPi.regularIncome" xlink:to="de-pi_isPi.deprAmParticip"
                      order="14"
                      weight="-1"
                      xlink:arcrole="http://www.xbrl.org/2003/arcrole/summation-item"
                      xlink:type="arc"/>
      <calculationArc xlink:from="de-pi_isPi.deprAmParticip"
                      xlink:to="de-pi_isPi.deprAmParticip.paymServicesAndEMoney"
                      order="1"
                      weight="1"
                      xlink:arcrole="http://www.xbrl.org/2003/arcrole/summation-item"
                      xlink:type="arc"/>
      <calculationArc xlink:from="de-pi_isPi.deprAmParticip"
                      xlink:to="de-pi_isPi.deprAmParticip.otherOperations"
                      order="2"
                      weight="1"
                      xlink:arcrole="http://www.xbrl.org/2003/arcrole/summation-item"
                      xlink:type="arc"/>
      <calculationArc xlink:from="de-pi_isPi.regularIncome"
                      xlink:to="de-pi_isPi.revenueRevalParticip"
                      order="15"
                      weight="1"
                      xlink:arcrole="http://www.xbrl.org/2003/arcrole/summation-item"
                      xlink:type="arc"/>
      <calculationArc xlink:from="de-pi_isPi.revenueRevalParticip"
                      xlink:to="de-pi_isPi.revenueRevalParticip.paymServicesAndEMoney"
                      order="1"
                      weight="1"
                      xlink:arcrole="http://www.xbrl.org/2003/arcrole/summation-item"
                      xlink:type="arc"/>
      <calculationArc xlink:from="de-pi_isPi.revenueRevalParticip"
                      xlink:to="de-pi_isPi.revenueRevalParticip.otherOperations"
                      order="2"
                      weight="1"
                      xlink:arcrole="http://www.xbrl.org/2003/arcrole/summation-item"
                      xlink:type="arc"/>
      <calculationArc xlink:from="de-pi_isPi.regularIncome" xlink:to="de-pi_isPi.lossFrParticip"
                      order="16"
                      weight="-1"
                      xlink:arcrole="http://www.xbrl.org/2003/arcrole/summation-item"
                      xlink:type="arc"/>
      <calculationArc xlink:from="de-pi_isPi.lossFrParticip"
                      xlink:to="de-pi_isPi.lossFrParticip.paymServicesAndEMoney"
                      order="1"
                      weight="1"
                      xlink:arcrole="http://www.xbrl.org/2003/arcrole/summation-item"
                      xlink:type="arc"/>
      <calculationArc xlink:from="de-pi_isPi.lossFrParticip"
                      xlink:to="de-pi_isPi.lossFrParticip.otherOperations"
                      order="2"
                      weight="1"
                      xlink:arcrole="http://www.xbrl.org/2003/arcrole/summation-item"
                      xlink:type="arc"/>
      <calculationArc xlink:from="de-pi_isPi.regularIncome" xlink:to="de-pi_isPi.addToPreTaxRes"
                      order="17"
                      weight="-1"
                      xlink:arcrole="http://www.xbrl.org/2003/arcrole/summation-item"
                      xlink:type="arc"/>
      <calculationArc xlink:from="de-pi_isPi.addToPreTaxRes"
                      xlink:to="de-pi_isPi.addToPreTaxRes.EStG6b_10"
                      order="1"
                      weight="1"
                      xlink:arcrole="http://www.xbrl.org/2003/arcrole/summation-item"
                      xlink:type="arc"/>
      <calculationArc xlink:from="de-pi_isPi.addToPreTaxRes"
                      xlink:to="de-pi_isPi.addToPreTaxRes.EStG6b_3"
                      order="2"
                      weight="1"
                      xlink:arcrole="http://www.xbrl.org/2003/arcrole/summation-item"
                      xlink:type="arc"/>
      <calculationArc xlink:from="de-pi_isPi.addToPreTaxRes"
                      xlink:to="de-pi_isPi.addToPreTaxRes.substEStR6_6"
                      order="3"
                      weight="1"
                      xlink:arcrole="http://www.xbrl.org/2003/arcrole/summation-item"
                      xlink:type="arc"/>
      <calculationArc xlink:from="de-pi_isPi.addToPreTaxRes"
                      xlink:to="de-pi_isPi.addToPreTaxRes.EStG4g"
                      order="4"
                      weight="1"
                      xlink:arcrole="http://www.xbrl.org/2003/arcrole/summation-item"
                      xlink:type="arc"/>
      <calculationArc xlink:from="de-pi_isPi.addToPreTaxRes"
                      xlink:to="de-pi_isPi.addtoPreTaxRes.other"
                      order="5"
                      weight="1"
                      xlink:arcrole="http://www.xbrl.org/2003/arcrole/summation-item"
                      xlink:type="arc"/>
      <calculationArc xlink:from="de-pi_isPi.addToPreTaxRes"
                      xlink:to="de-pi_isPi.addToPreTaxRes.EStG4f"
                      order="4.5"
                      weight="1"
                      xlink:arcrole="http://www.xbrl.org/2003/arcrole/summation-item"
                      xlink:type="arc"/>
      <calculationArc xlink:from="de-pi_isPi.netIncome" xlink:to="de-pi_isPi.extraord" order="2"
                      weight="1"
                      xlink:arcrole="http://www.xbrl.org/2003/arcrole/summation-item"
                      xlink:type="arc"/>
      <calculationArc xlink:from="de-pi_isPi.extraord" xlink:to="de-pi_isPi.extraordIncome" order="1"
                      weight="1"
                      xlink:arcrole="http://www.xbrl.org/2003/arcrole/summation-item"
                      xlink:type="arc"/>
      <calculationArc xlink:from="de-pi_isPi.extraordIncome"
                      xlink:to="de-pi_isPi.extraordIncome.paymServicesAndEMoney"
                      order="1"
                      weight="1"
                      xlink:arcrole="http://www.xbrl.org/2003/arcrole/summation-item"
                      xlink:type="arc"/>
      <calculationArc xlink:from="de-pi_isPi.extraordIncome"
                      xlink:to="de-pi_isPi.extraordIncome.otherOperations"
                      order="2"
                      weight="1"
                      xlink:arcrole="http://www.xbrl.org/2003/arcrole/summation-item"
                      xlink:type="arc"/>
      <calculationArc xlink:from="de-pi_isPi.extraord" xlink:to="de-pi_isPi.extraordExpenses"
                      order="2"
                      weight="-1"
                      xlink:arcrole="http://www.xbrl.org/2003/arcrole/summation-item"
                      xlink:type="arc"/>
      <calculationArc xlink:from="de-pi_isPi.extraordExpenses"
                      xlink:to="de-pi_isPi.extraordExpenses.paymServicesAndEMoney"
                      order="1"
                      weight="1"
                      xlink:arcrole="http://www.xbrl.org/2003/arcrole/summation-item"
                      xlink:type="arc"/>
      <calculationArc xlink:from="de-pi_isPi.extraordExpenses"
                      xlink:to="de-pi_isPi.extraordExpenses.otherOperations"
                      order="2"
                      weight="1"
                      xlink:arcrole="http://www.xbrl.org/2003/arcrole/summation-item"
                      xlink:type="arc"/>
      <calculationArc xlink:from="de-pi_isPi.netIncome" xlink:to="de-pi_isPi.tax" order="3"
                      weight="-1"
                      xlink:arcrole="http://www.xbrl.org/2003/arcrole/summation-item"
                      xlink:type="arc"/>
      <calculationArc xlink:from="de-pi_isPi.tax" xlink:to="de-pi_isPi.tax.kst" order="1" weight="1"
                      xlink:arcrole="http://www.xbrl.org/2003/arcrole/summation-item"
                      xlink:type="arc"/>
      <calculationArc xlink:from="de-pi_isPi.tax" xlink:to="de-pi_isPi.tax.soli" order="2" weight="1"
                      xlink:arcrole="http://www.xbrl.org/2003/arcrole/summation-item"
                      xlink:type="arc"/>
      <calculationArc xlink:from="de-pi_isPi.tax" xlink:to="de-pi_isPi.tax.gewst" order="3"
                      weight="1"
                      xlink:arcrole="http://www.xbrl.org/2003/arcrole/summation-item"
                      xlink:type="arc"/>
      <calculationArc xlink:from="de-pi_isPi.tax" xlink:to="de-pi_isPi.tax.kest" order="4" weight="1"
                      xlink:arcrole="http://www.xbrl.org/2003/arcrole/summation-item"
                      xlink:type="arc"/>
      <calculationArc xlink:from="de-pi_isPi.tax" xlink:to="de-pi_isPi.tax.prevPeriodPaid" order="5"
                      weight="1"
                      xlink:arcrole="http://www.xbrl.org/2003/arcrole/summation-item"
                      xlink:type="arc"/>
      <calculationArc xlink:from="de-pi_isPi.tax" xlink:to="de-pi_isPi.tax.prevPeriodReceived"
                      order="6"
                      weight="-1"
                      xlink:arcrole="http://www.xbrl.org/2003/arcrole/summation-item"
                      xlink:type="arc"/>
      <calculationArc xlink:from="de-pi_isPi.tax"
                      xlink:to="de-pi_isPi.tax.deductableForeignIncomeTaxes"
                      order="7"
                      weight="1"
                      xlink:arcrole="http://www.xbrl.org/2003/arcrole/summation-item"
                      xlink:type="arc"/>
      <calculationArc xlink:from="de-pi_isPi.tax"
                      xlink:to="de-pi_isPi.tax.nonDeductableForeignIncomeTaxes"
                      order="8"
                      weight="1"
                      xlink:arcrole="http://www.xbrl.org/2003/arcrole/summation-item"
                      xlink:type="arc"/>
      <calculationArc xlink:from="de-pi_isPi.tax" xlink:to="de-pi_isPi.tax.releaseTaxProv" order="9"
                      weight="-1"
                      xlink:arcrole="http://www.xbrl.org/2003/arcrole/summation-item"
                      xlink:type="arc"/>
      <calculationArc xlink:from="de-pi_isPi.tax" xlink:to="de-pi_isPi.tax.deffered" order="10"
                      weight="1"
                      xlink:arcrole="http://www.xbrl.org/2003/arcrole/summation-item"
                      xlink:type="arc"/>
      <calculationArc xlink:from="de-pi_isPi.tax.deffered"
                      xlink:to="de-pi_isPi.tax.deffered.addition"
                      order="1"
                      weight="-1"
                      xlink:arcrole="http://www.xbrl.org/2003/arcrole/summation-item"
                      xlink:type="arc"/>
      <calculationArc xlink:from="de-pi_isPi.tax.deffered" xlink:to="de-pi_isPi.tax.deffered.release"
                      order="2"
                      weight="1"
                      xlink:arcrole="http://www.xbrl.org/2003/arcrole/summation-item"
                      xlink:type="arc"/>
      <calculationArc xlink:from="de-pi_isPi.netIncome"
                      xlink:to="de-pi_isPi.otherTaxes.notIncludedInOtherCost"
                      order="4"
                      weight="-1"
                      xlink:arcrole="http://www.xbrl.org/2003/arcrole/summation-item"
                      xlink:type="arc"/>
      <calculationArc xlink:from="de-pi_isPi.netIncome" xlink:to="de-pi_isPi.addFundGeneralBankRisks"
                      order="5"
                      weight="-1"
                      xlink:arcrole="http://www.xbrl.org/2003/arcrole/summation-item"
                      xlink:type="arc"/>
      <calculationArc xlink:from="de-pi_isPi.netIncome" xlink:to="de-pi_isPi.incomeFrParticip"
                      order="6"
                      weight="1"
                      xlink:arcrole="http://www.xbrl.org/2003/arcrole/summation-item"
                      xlink:type="arc"/>
      <calculationArc xlink:from="de-pi_isPi.incomeFrParticip"
                      xlink:to="de-pi_isBanks.incomeFrParticip.paymServicesAndEMoney"
                      order="1"
                      weight="1"
                      xlink:arcrole="http://www.xbrl.org/2003/arcrole/summation-item"
                      xlink:type="arc"/>
      <calculationArc xlink:from="de-pi_isPi.incomeFrParticip"
                      xlink:to="de-pi_isBanks.incomeFrParticip.otherOperations"
                      order="2"
                      weight="1"
                      xlink:arcrole="http://www.xbrl.org/2003/arcrole/summation-item"
                      xlink:type="arc"/>
      <calculationArc xlink:from="de-pi_isPi.netIncome"
                      xlink:to="de-pi_isPi.netIncome.colItemChangeProfitHbst"
                      order="8"
                      weight="1"
                      xlink:arcrole="http://www.xbrl.org/2003/arcrole/summation-item"
                      xlink:type="arc"/>
      <calculationArc xlink:from="de-pi_isPi.netIncome" xlink:to="de-pi_isPi.otherForeign" order="9"
                      weight="1"
                      xlink:arcrole="http://www.xbrl.org/2003/arcrole/summation-item"
                      xlink:type="arc"/>
      <calculationArc xlink:from="de-pi_isPi.netIncome" xlink:to="de-pi_isPi.profSharing" order="7"
                      weight="-1"
                      xlink:arcrole="http://www.xbrl.org/2003/arcrole/summation-item"
                      xlink:type="arc"/>
      <calculationArc xlink:from="de-pi_isPi.profSharing"
                      xlink:to="de-pi_isPi.profSharing.paymServicesAndEMoney"
                      order="1"
                      weight="1"
                      xlink:arcrole="http://www.xbrl.org/2003/arcrole/summation-item"
                      xlink:type="arc"/>
      <calculationArc xlink:from="de-pi_isPi.profSharing"
                      xlink:to="de-pi_isPi.profSharing.otherOperations"
                      order="2"
                      weight="1"
                      xlink:arcrole="http://www.xbrl.org/2003/arcrole/summation-item"
                      xlink:type="arc"/>
      <calculationArc xlink:from="de-pi_isPi.netIncome"
                      xlink:to="de-pi_isPi.addSpecialBusinessExpense"
                      order="10"
                      weight="1"
                      xlink:arcrole="http://www.xbrl.org/2003/arcrole/summation-item"
                      xlink:type="arc"/>
      <calculationArc xlink:from="de-pi_isPi.gainLoss" xlink:to="de-pi_isPi.retainedEarningsPrevYear"
                      order="2"
                      weight="1"
                      xlink:arcrole="http://www.xbrl.org/2003/arcrole/summation-item"
                      xlink:type="arc"/>
      <calculationArc xlink:from="de-pi_isPi.retainedEarningsPrevYear"
                      xlink:to="de-pi_isPi.retainedEarningsPrevYear.paymServicesAndEMoney"
                      order="1"
                      weight="1"
                      xlink:arcrole="http://www.xbrl.org/2003/arcrole/summation-item"
                      xlink:type="arc"/>
      <calculationArc xlink:from="de-pi_isPi.retainedEarningsPrevYear"
                      xlink:to="de-pi_isPi.retainedEarningsPrevYear.otherOperations"
                      order="2"
                      weight="1"
                      xlink:arcrole="http://www.xbrl.org/2003/arcrole/summation-item"
                      xlink:type="arc"/>
      <calculationArc xlink:from="de-pi_isPi.retainedEarningsPrevYear"
                      xlink:to="de-pi_isPi.retainedEarningsPrevYear.taxAdjItemAudit"
                      order="3"
                      weight="1"
                      xlink:arcrole="http://www.xbrl.org/2003/arcrole/summation-item"
                      xlink:type="arc"/>
      <calculationArc xlink:from="de-pi_isPi.gainLoss" xlink:to="de-pi_isPi.releaseCapReserves"
                      order="3"
                      weight="1"
                      xlink:arcrole="http://www.xbrl.org/2003/arcrole/summation-item"
                      xlink:type="arc"/>
      <calculationArc xlink:from="de-pi_isPi.gainLoss" xlink:to="de-pi_isPi.releaseRevenueReserves"
                      order="4"
                      weight="1"
                      xlink:arcrole="http://www.xbrl.org/2003/arcrole/summation-item"
                      xlink:type="arc"/>
      <calculationArc xlink:from="de-pi_isPi.releaseRevenueReserves"
                      xlink:to="de-pi_isPi.releaseRevenueReserves.legalRes"
                      order="1"
                      weight="1"
                      xlink:arcrole="http://www.xbrl.org/2003/arcrole/summation-item"
                      xlink:type="arc"/>
      <calculationArc xlink:from="de-pi_isPi.releaseRevenueReserves"
                      xlink:to="de-pi_isPi.releaseRevenueReserves.ownSharesRes"
                      order="2"
                      weight="1"
                      xlink:arcrole="http://www.xbrl.org/2003/arcrole/summation-item"
                      xlink:type="arc"/>
      <calculationArc xlink:from="de-pi_isPi.releaseRevenueReserves"
                      xlink:to="de-pi_isPi.releaseRevenueReserves.sharesParentCompRes"
                      order="3"
                      weight="1"
                      xlink:arcrole="http://www.xbrl.org/2003/arcrole/summation-item"
                      xlink:type="arc"/>
      <calculationArc xlink:from="de-pi_isPi.releaseRevenueReserves"
                      xlink:to="de-pi_isPi.releaseRevenReserves.statRes"
                      order="4"
                      weight="1"
                      xlink:arcrole="http://www.xbrl.org/2003/arcrole/summation-item"
                      xlink:type="arc"/>
      <calculationArc xlink:from="de-pi_isPi.releaseRevenueReserves"
                      xlink:to="de-pi_isPi.releaseRevenReserves.other"
                      order="5"
                      weight="1"
                      xlink:arcrole="http://www.xbrl.org/2003/arcrole/summation-item"
                      xlink:type="arc"/>
      <calculationArc xlink:from="de-pi_isPi.gainLoss" xlink:to="de-pi_isPi.releaseProfSharRights"
                      order="5"
                      weight="1"
                      xlink:arcrole="http://www.xbrl.org/2003/arcrole/summation-item"
                      xlink:type="arc"/>
      <calculationArc xlink:from="de-pi_isPi.gainLoss" xlink:to="de-pi_isPi.additionRevenReserves"
                      order="6"
                      weight="-1"
                      xlink:arcrole="http://www.xbrl.org/2003/arcrole/summation-item"
                      xlink:type="arc"/>
      <calculationArc xlink:from="de-pi_isPi.additionRevenReserves"
                      xlink:to="de-pi_isPi.additionRevenReserves.legalRes"
                      order="1"
                      weight="1"
                      xlink:arcrole="http://www.xbrl.org/2003/arcrole/summation-item"
                      xlink:type="arc"/>
      <calculationArc xlink:from="de-pi_isPi.additionRevenReserves"
                      xlink:to="de-pi_isPi.additionRevenReserves.ownSharesRes"
                      order="2"
                      weight="1"
                      xlink:arcrole="http://www.xbrl.org/2003/arcrole/summation-item"
                      xlink:type="arc"/>
      <calculationArc xlink:from="de-pi_isPi.additionRevenReserves"
                      xlink:to="de-pi_isPi.additionRevenReserves.sharesParentCompRes"
                      order="3"
                      weight="1"
                      xlink:arcrole="http://www.xbrl.org/2003/arcrole/summation-item"
                      xlink:type="arc"/>
      <calculationArc xlink:from="de-pi_isPi.additionRevenReserves"
                      xlink:to="de-pi_isPi.additionRevenReserves.statRes"
                      order="4"
                      weight="1"
                      xlink:arcrole="http://www.xbrl.org/2003/arcrole/summation-item"
                      xlink:type="arc"/>
      <calculationArc xlink:from="de-pi_isPi.additionRevenReserves"
                      xlink:to="de-pi_isPi.additionRevenReserves.other"
                      order="5"
                      weight="1"
                      xlink:arcrole="http://www.xbrl.org/2003/arcrole/summation-item"
                      xlink:type="arc"/>
      <calculationArc xlink:from="de-pi_isPi.gainLoss" xlink:to="de-pi_isPi.additionProfSharRights"
                      order="7"
                      weight="-1"
                      xlink:arcrole="http://www.xbrl.org/2003/arcrole/summation-item"
                      xlink:type="arc"/>
   </calculationLink>
</linkbase>