<?xml version="1.0" encoding="utf-8"?>
<!--(c) XBRL Deutschland e.V. - see http://www.xbrl.de-->


<linkbase xmlns="http://www.xbrl.org/2003/linkbase"
          xmlns:hgbref="http://www.xbrl.de/taxonomies/de-ref-2010-02-19"
          xmlns:ref="http://www.xbrl.org/2006/ref"
          xmlns:xbrli="http://www.xbrl.org/2003/instance"
          xmlns:xlink="http://www.w3.org/1999/xlink"
          xmlns:xsi="http://www.w3.org/2001/XMLSchema-instance"
          xsi:schemaLocation="http://www.xbrl.de/taxonomies/de-ref-2010-02-19 ../de-gcd-2018-04-01/hgbref-2018-04-01.xsd">
   <referenceLink xlink:type="extended" xlink:role="http://www.xbrl.org/2003/role/link">
      <loc xlink:type="locator"
           xlink:href="de-pi-2018-04-01-dimensions.xsd#de-pi_tablePI.nt.ass"
           xlink:label="de-pi_tablePI.nt.ass"/>
      <referenceArc xlink:type="arc"
                    xlink:arcrole="http://www.xbrl.org/2003/arcrole/concept-reference"
                    xlink:from="de-pi_tablePI.nt.ass"
                    xlink:to="reference_de-pi_tablePI.nt.ass"/>
      <reference xlink:type="resource" xlink:label="reference_de-pi_tablePI.nt.ass"
                 xlink:role="http://www.xbrl.org/2003/role/mandatoryDisclosureRef"
                 id="reference_de-pi_tablePI.nt.ass">
         <hgbref:legalFormPG>true</hgbref:legalFormPG>
         <hgbref:legalFormKSt>true</hgbref:legalFormKSt>
      </reference>
      <loc xlink:type="locator"
           xlink:href="de-pi-2018-04-01-dimensions.xsd#de-pi_cubePI.nt.ass.gross"
           xlink:label="de-pi_cubePI.nt.ass.gross"/>
      <referenceArc xlink:type="arc"
                    xlink:arcrole="http://www.xbrl.org/2003/arcrole/concept-reference"
                    xlink:from="de-pi_cubePI.nt.ass.gross"
                    xlink:to="reference_de-pi_cubePI.nt.ass.gross"/>
      <reference xlink:type="resource" xlink:label="reference_de-pi_cubePI.nt.ass.gross"
                 xlink:role="http://www.xbrl.org/2003/role/mandatoryDisclosureRef"
                 id="reference_de-pi_cubePI.nt.ass.gross">
         <hgbref:legalFormPG>true</hgbref:legalFormPG>
         <hgbref:legalFormKSt>true</hgbref:legalFormKSt>
      </reference>
      <loc xlink:type="locator"
           xlink:href="de-pi-2018-04-01-dimensions.xsd#de-pi_dim_changesPI.nt.ass"
           xlink:label="de-pi_dim_changesPI.nt.ass"/>
      <referenceArc xlink:type="arc"
                    xlink:arcrole="http://www.xbrl.org/2003/arcrole/concept-reference"
                    xlink:from="de-pi_dim_changesPI.nt.ass"
                    xlink:to="reference_de-pi_dim_changesPI.nt.ass"/>
      <reference xlink:type="resource" xlink:label="reference_de-pi_dim_changesPI.nt.ass"
                 xlink:role="http://www.xbrl.org/2003/role/mandatoryDisclosureRef"
                 id="reference_de-pi_dim_changesPI.nt.ass">
         <hgbref:legalFormPG>true</hgbref:legalFormPG>
         <hgbref:legalFormKSt>true</hgbref:legalFormKSt>
      </reference>
      <loc xlink:type="locator"
           xlink:href="de-pi-2018-04-01-dimensions.xsd#de-pi_piTitlePI.nt.ass.gross"
           xlink:label="de-pi_piTitlePI.nt.ass.gross"/>
      <referenceArc xlink:type="arc"
                    xlink:arcrole="http://www.xbrl.org/2003/arcrole/concept-reference"
                    xlink:from="de-pi_piTitlePI.nt.ass.gross"
                    xlink:to="reference_de-pi_piTitlePI.nt.ass.gross"/>
      <reference xlink:type="resource" xlink:label="reference_de-pi_piTitlePI.nt.ass.gross"
                 xlink:role="http://www.xbrl.org/2003/role/mandatoryDisclosureRef"
                 id="reference_de-pi_piTitlePI.nt.ass.gross">
         <hgbref:legalFormPG>true</hgbref:legalFormPG>
         <hgbref:legalFormKSt>true</hgbref:legalFormKSt>
      </reference>
      <loc xlink:type="locator" xlink:href="de-pi-2018-04-01-dimensions.xsd#de-pi_allPI"
           xlink:label="de-pi_allPI"/>
      <referenceArc xlink:type="arc"
                    xlink:arcrole="http://www.xbrl.org/2003/arcrole/concept-reference"
                    xlink:from="de-pi_allPI"
                    xlink:to="reference_de-pi_allPI"/>
      <reference xlink:type="resource" xlink:label="reference_de-pi_allPI"
                 xlink:role="http://www.xbrl.org/2003/role/mandatoryDisclosureRef"
                 id="reference_de-pi_allPI">
         <hgbref:legalFormPG>true</hgbref:legalFormPG>
         <hgbref:legalFormKSt>true</hgbref:legalFormKSt>
      </reference>
      <loc xlink:type="locator"
           xlink:href="de-pi-2018-04-01-dimensions.xsd#de-pi_allPI_Prev_period"
           xlink:label="de-pi_allPI_Prev_period"/>
      <referenceArc xlink:type="arc"
                    xlink:arcrole="http://www.xbrl.org/2003/arcrole/concept-reference"
                    xlink:from="de-pi_allPI_Prev_period"
                    xlink:to="reference_de-pi_allPI_Prev_period"/>
      <reference xlink:type="resource" xlink:label="reference_de-pi_allPI_Prev_period"
                 xlink:role="http://www.xbrl.org/2003/role/mandatoryDisclosureRef"
                 id="reference_de-pi_allPI_Prev_period">
         <hgbref:legalFormPG>true</hgbref:legalFormPG>
         <hgbref:legalFormKSt>true</hgbref:legalFormKSt>
      </reference>
      <loc xlink:type="locator" xlink:href="de-pi-2018-04-01-dimensions.xsd#de-pi_grossPI"
           xlink:label="de-pi_grossPI"/>
      <referenceArc xlink:type="arc"
                    xlink:arcrole="http://www.xbrl.org/2003/arcrole/concept-reference"
                    xlink:from="de-pi_grossPI"
                    xlink:to="reference_de-pi_grossPI"/>
      <reference xlink:type="resource" xlink:label="reference_de-pi_grossPI"
                 xlink:role="http://www.xbrl.org/2003/role/mandatoryDisclosureRef"
                 id="reference_de-pi_grossPI">
         <hgbref:legalFormPG>true</hgbref:legalFormPG>
         <hgbref:legalFormKSt>true</hgbref:legalFormKSt>
      </reference>
      <loc xlink:type="locator"
           xlink:href="de-pi-2018-04-01-dimensions.xsd#de-pi_grossCostPI.beginning"
           xlink:label="de-pi_grossCostPI.beginning"/>
      <referenceArc xlink:type="arc"
                    xlink:arcrole="http://www.xbrl.org/2003/arcrole/concept-reference"
                    xlink:from="de-pi_grossCostPI.beginning"
                    xlink:to="reference_de-pi_grossCostPI.beginning"/>
      <reference xlink:type="resource" xlink:label="reference_de-pi_grossCostPI.beginning"
                 xlink:role="http://www.xbrl.org/2003/role/mandatoryDisclosureRef"
                 id="reference_de-pi_grossCostPI.beginning">
         <hgbref:legalFormPG>true</hgbref:legalFormPG>
         <hgbref:legalFormKSt>true</hgbref:legalFormKSt>
      </reference>
      <loc xlink:type="locator"
           xlink:href="de-pi-2018-04-01-dimensions.xsd#de-pi_grossPI.diff"
           xlink:label="de-pi_grossPI.diff"/>
      <referenceArc xlink:type="arc"
                    xlink:arcrole="http://www.xbrl.org/2003/arcrole/concept-reference"
                    xlink:from="de-pi_grossPI.diff"
                    xlink:to="reference_de-pi_grossPI.diff"/>
      <reference xlink:type="resource" xlink:label="reference_de-pi_grossPI.diff"
                 xlink:role="http://www.xbrl.org/2003/role/mandatoryDisclosureRef"
                 id="reference_de-pi_grossPI.diff">
         <hgbref:legalFormPG>true</hgbref:legalFormPG>
         <hgbref:legalFormKSt>true</hgbref:legalFormKSt>
      </reference>
      <loc xlink:type="locator"
           xlink:href="de-pi-2018-04-01-dimensions.xsd#de-pi_grossPI.diff.currDiff"
           xlink:label="de-pi_grossPI.diff.currDiff"/>
      <referenceArc xlink:type="arc"
                    xlink:arcrole="http://www.xbrl.org/2003/arcrole/concept-reference"
                    xlink:from="de-pi_grossPI.diff.currDiff"
                    xlink:to="reference_de-pi_grossPI.diff.currDiff"/>
      <reference xlink:type="resource" xlink:label="reference_de-pi_grossPI.diff.currDiff"
                 xlink:role="http://www.xbrl.org/2003/role/mandatoryDisclosureRef"
                 id="reference_de-pi_grossPI.diff.currDiff">
         <hgbref:legalFormPG>true</hgbref:legalFormPG>
         <hgbref:legalFormKSt>true</hgbref:legalFormKSt>
      </reference>
      <loc xlink:type="locator"
           xlink:href="de-pi-2018-04-01-dimensions.xsd#de-pi_grossPI.diff.otherDiff"
           xlink:label="de-pi_grossPI.diff.otherDiff"/>
      <referenceArc xlink:type="arc"
                    xlink:arcrole="http://www.xbrl.org/2003/arcrole/concept-reference"
                    xlink:from="de-pi_grossPI.diff.otherDiff"
                    xlink:to="reference_de-pi_grossPI.diff.otherDiff"/>
      <reference xlink:type="resource" xlink:label="reference_de-pi_grossPI.diff.otherDiff"
                 xlink:role="http://www.xbrl.org/2003/role/mandatoryDisclosureRef"
                 id="reference_de-pi_grossPI.diff.otherDiff">
         <hgbref:legalFormPG>true</hgbref:legalFormPG>
         <hgbref:legalFormKSt>true</hgbref:legalFormKSt>
      </reference>
      <loc xlink:type="locator"
           xlink:href="de-pi-2018-04-01-dimensions.xsd#de-pi_grossPI.diff.otherDiff.comment"
           xlink:label="de-pi_grossPI.diff.otherDiff.comment"/>
      <referenceArc xlink:type="arc"
                    xlink:arcrole="http://www.xbrl.org/2003/arcrole/concept-reference"
                    xlink:from="de-pi_grossPI.diff.otherDiff.comment"
                    xlink:to="reference_de-pi_grossPI.diff.otherDiff.comment"/>
      <reference xlink:type="resource"
                 xlink:label="reference_de-pi_grossPI.diff.otherDiff.comment"
                 xlink:role="http://www.xbrl.org/2003/role/mandatoryDisclosureRef"
                 id="reference_de-pi_grossPI.diff.otherDiff.comment">
         <hgbref:legalFormPG>true</hgbref:legalFormPG>
         <hgbref:legalFormKSt>true</hgbref:legalFormKSt>
      </reference>
      <loc xlink:type="locator"
           xlink:href="de-pi-2018-04-01-dimensions.xsd#de-pi_grossPI.addition"
           xlink:label="de-pi_grossPI.addition"/>
      <referenceArc xlink:type="arc"
                    xlink:arcrole="http://www.xbrl.org/2003/arcrole/concept-reference"
                    xlink:from="de-pi_grossPI.addition"
                    xlink:to="reference_de-pi_grossPI.addition"/>
      <reference xlink:type="resource" xlink:label="reference_de-pi_grossPI.addition"
                 xlink:role="http://www.xbrl.org/2003/role/mandatoryDisclosureRef"
                 id="reference_de-pi_grossPI.addition">
         <hgbref:legalFormPG>true</hgbref:legalFormPG>
         <hgbref:legalFormKSt>true</hgbref:legalFormKSt>
      </reference>
      <loc xlink:type="locator"
           xlink:href="de-pi-2018-04-01-dimensions.xsd#de-pi_grossPI.release"
           xlink:label="de-pi_grossPI.release"/>
      <referenceArc xlink:type="arc"
                    xlink:arcrole="http://www.xbrl.org/2003/arcrole/concept-reference"
                    xlink:from="de-pi_grossPI.release"
                    xlink:to="reference_de-pi_grossPI.release"/>
      <reference xlink:type="resource" xlink:label="reference_de-pi_grossPI.release"
                 xlink:role="http://www.xbrl.org/2003/role/mandatoryDisclosureRef"
                 id="reference_de-pi_grossPI.release">
         <hgbref:legalFormPG>true</hgbref:legalFormPG>
         <hgbref:legalFormKSt>true</hgbref:legalFormKSt>
      </reference>
      <loc xlink:type="locator"
           xlink:href="de-pi-2018-04-01-dimensions.xsd#de-pi_grossPI.movements"
           xlink:label="de-pi_grossPI.movements"/>
      <referenceArc xlink:type="arc"
                    xlink:arcrole="http://www.xbrl.org/2003/arcrole/concept-reference"
                    xlink:from="de-pi_grossPI.movements"
                    xlink:to="reference_de-pi_grossPI.movements"/>
      <reference xlink:type="resource" xlink:label="reference_de-pi_grossPI.movements"
                 xlink:role="http://www.xbrl.org/2003/role/mandatoryDisclosureRef"
                 id="reference_de-pi_grossPI.movements">
         <hgbref:legalFormPG>true</hgbref:legalFormPG>
         <hgbref:legalFormKSt>true</hgbref:legalFormKSt>
      </reference>
      <loc xlink:type="locator"
           xlink:href="de-pi-2018-04-01-dimensions.xsd#de-pi_grossPI.currChanges"
           xlink:label="de-pi_grossPI.currChanges"/>
      <referenceArc xlink:type="arc"
                    xlink:arcrole="http://www.xbrl.org/2003/arcrole/concept-reference"
                    xlink:from="de-pi_grossPI.currChanges"
                    xlink:to="reference_de-pi_grossPI.currChanges"/>
      <reference xlink:type="resource" xlink:label="reference_de-pi_grossPI.currChanges"
                 xlink:role="http://www.xbrl.org/2003/role/mandatoryDisclosureRef"
                 id="reference_de-pi_grossPI.currChanges">
         <hgbref:legalFormPG>true</hgbref:legalFormPG>
         <hgbref:legalFormKSt>true</hgbref:legalFormKSt>
      </reference>
      <loc xlink:type="locator"
           xlink:href="de-pi-2018-04-01-dimensions.xsd#de-pi_accDeprPI"
           xlink:label="de-pi_accDeprPI"/>
      <referenceArc xlink:type="arc"
                    xlink:arcrole="http://www.xbrl.org/2003/arcrole/concept-reference"
                    xlink:from="de-pi_accDeprPI"
                    xlink:to="reference_de-pi_accDeprPI"/>
      <reference xlink:type="resource" xlink:label="reference_de-pi_accDeprPI"
                 xlink:role="http://www.xbrl.org/2003/role/mandatoryDisclosureRef"
                 id="reference_de-pi_accDeprPI">
         <hgbref:legalFormPG>true</hgbref:legalFormPG>
         <hgbref:legalFormKSt>true</hgbref:legalFormKSt>
      </reference>
      <loc xlink:type="locator"
           xlink:href="de-pi-2018-04-01-dimensions.xsd#de-pi_accDeprPI.beginning"
           xlink:label="de-pi_accDeprPI.beginning"/>
      <referenceArc xlink:type="arc"
                    xlink:arcrole="http://www.xbrl.org/2003/arcrole/concept-reference"
                    xlink:from="de-pi_accDeprPI.beginning"
                    xlink:to="reference_de-pi_accDeprPI.beginning"/>
      <reference xlink:type="resource" xlink:label="reference_de-pi_accDeprPI.beginning"
                 xlink:role="http://www.xbrl.org/2003/role/mandatoryDisclosureRef"
                 id="reference_de-pi_accDeprPI.beginning">
         <hgbref:legalFormPG>true</hgbref:legalFormPG>
         <hgbref:legalFormKSt>true</hgbref:legalFormKSt>
      </reference>
      <loc xlink:type="locator"
           xlink:href="de-pi-2018-04-01-dimensions.xsd#de-pi_accDeprPI.diff"
           xlink:label="de-pi_accDeprPI.diff"/>
      <referenceArc xlink:type="arc"
                    xlink:arcrole="http://www.xbrl.org/2003/arcrole/concept-reference"
                    xlink:from="de-pi_accDeprPI.diff"
                    xlink:to="reference_de-pi_accDeprPI.diff"/>
      <reference xlink:type="resource" xlink:label="reference_de-pi_accDeprPI.diff"
                 xlink:role="http://www.xbrl.org/2003/role/mandatoryDisclosureRef"
                 id="reference_de-pi_accDeprPI.diff">
         <hgbref:legalFormPG>true</hgbref:legalFormPG>
         <hgbref:legalFormKSt>true</hgbref:legalFormKSt>
      </reference>
      <loc xlink:type="locator"
           xlink:href="de-pi-2018-04-01-dimensions.xsd#de-pi_accDeprPI.diff.currDiff"
           xlink:label="de-pi_accDeprPI.diff.currDiff"/>
      <referenceArc xlink:type="arc"
                    xlink:arcrole="http://www.xbrl.org/2003/arcrole/concept-reference"
                    xlink:from="de-pi_accDeprPI.diff.currDiff"
                    xlink:to="reference_de-pi_accDeprPI.diff.currDiff"/>
      <reference xlink:type="resource" xlink:label="reference_de-pi_accDeprPI.diff.currDiff"
                 xlink:role="http://www.xbrl.org/2003/role/mandatoryDisclosureRef"
                 id="reference_de-pi_accDeprPI.diff.currDiff">
         <hgbref:legalFormPG>true</hgbref:legalFormPG>
         <hgbref:legalFormKSt>true</hgbref:legalFormKSt>
      </reference>
      <loc xlink:type="locator"
           xlink:href="de-pi-2018-04-01-dimensions.xsd#de-pi_accDeprPI.diff.otherDiff"
           xlink:label="de-pi_accDeprPI.diff.otherDiff"/>
      <referenceArc xlink:type="arc"
                    xlink:arcrole="http://www.xbrl.org/2003/arcrole/concept-reference"
                    xlink:from="de-pi_accDeprPI.diff.otherDiff"
                    xlink:to="reference_de-pi_accDeprPI.diff.otherDiff"/>
      <reference xlink:type="resource" xlink:label="reference_de-pi_accDeprPI.diff.otherDiff"
                 xlink:role="http://www.xbrl.org/2003/role/mandatoryDisclosureRef"
                 id="reference_de-pi_accDeprPI.diff.otherDiff">
         <hgbref:legalFormPG>true</hgbref:legalFormPG>
         <hgbref:legalFormKSt>true</hgbref:legalFormKSt>
      </reference>
      <loc xlink:type="locator"
           xlink:href="de-pi-2018-04-01-dimensions.xsd#de-pi_accDeprPI.diff.otherDiff.comment"
           xlink:label="de-pi_accDeprPI.diff.otherDiff.comment"/>
      <referenceArc xlink:type="arc"
                    xlink:arcrole="http://www.xbrl.org/2003/arcrole/concept-reference"
                    xlink:from="de-pi_accDeprPI.diff.otherDiff.comment"
                    xlink:to="reference_de-pi_accDeprPI.diff.otherDiff.comment"/>
      <reference xlink:type="resource"
                 xlink:label="reference_de-pi_accDeprPI.diff.otherDiff.comment"
                 xlink:role="http://www.xbrl.org/2003/role/mandatoryDisclosureRef"
                 id="reference_de-pi_accDeprPI.diff.otherDiff.comment">
         <hgbref:legalFormPG>true</hgbref:legalFormPG>
         <hgbref:legalFormKSt>true</hgbref:legalFormKSt>
      </reference>
      <loc xlink:type="locator"
           xlink:href="de-pi-2018-04-01-dimensions.xsd#de-pi_accDeprPI.DeprPeriod"
           xlink:label="de-pi_accDeprPI.DeprPeriod"/>
      <referenceArc xlink:type="arc"
                    xlink:arcrole="http://www.xbrl.org/2003/arcrole/concept-reference"
                    xlink:from="de-pi_accDeprPI.DeprPeriod"
                    xlink:to="reference_de-pi_accDeprPI.DeprPeriod"/>
      <reference xlink:type="resource" xlink:label="reference_de-pi_accDeprPI.DeprPeriod"
                 xlink:role="http://www.xbrl.org/2003/role/mandatoryDisclosureRef"
                 id="reference_de-pi_accDeprPI.DeprPeriod">
         <hgbref:legalFormPG>true</hgbref:legalFormPG>
         <hgbref:legalFormKSt>true</hgbref:legalFormKSt>
      </reference>
      <loc xlink:type="locator"
           xlink:href="de-pi-2018-04-01-dimensions.xsd#de-pi_accDeprPI.DeprPeriod.specific"
           xlink:label="de-pi_accDeprPI.DeprPeriod.specific"/>
      <referenceArc xlink:type="arc"
                    xlink:arcrole="http://www.xbrl.org/2003/arcrole/concept-reference"
                    xlink:from="de-pi_accDeprPI.DeprPeriod.specific"
                    xlink:to="reference_de-pi_accDeprPI.DeprPeriod.specific"/>
      <reference xlink:type="resource"
                 xlink:label="reference_de-pi_accDeprPI.DeprPeriod.specific"
                 xlink:role="http://www.xbrl.org/2003/role/mandatoryDisclosureRef"
                 id="reference_de-pi_accDeprPI.DeprPeriod.specific">
         <hgbref:legalFormPG>true</hgbref:legalFormPG>
         <hgbref:legalFormKSt>true</hgbref:legalFormKSt>
      </reference>
      <loc xlink:type="locator"
           xlink:href="de-pi-2018-04-01-dimensions.xsd#de-pi_accDeprPI.addition"
           xlink:label="de-pi_accDeprPI.addition"/>
      <referenceArc xlink:type="arc"
                    xlink:arcrole="http://www.xbrl.org/2003/arcrole/concept-reference"
                    xlink:from="de-pi_accDeprPI.addition"
                    xlink:to="reference_de-pi_accDeprPI.addition"/>
      <reference xlink:type="resource" xlink:label="reference_de-pi_accDeprPI.addition"
                 xlink:role="http://www.xbrl.org/2003/role/mandatoryDisclosureRef"
                 id="reference_de-pi_accDeprPI.addition">
         <hgbref:legalFormPG>true</hgbref:legalFormPG>
         <hgbref:legalFormKSt>true</hgbref:legalFormKSt>
      </reference>
      <loc xlink:type="locator"
           xlink:href="de-pi-2018-04-01-dimensions.xsd#de-pi_accDeprPI.release"
           xlink:label="de-pi_accDeprPI.release"/>
      <referenceArc xlink:type="arc"
                    xlink:arcrole="http://www.xbrl.org/2003/arcrole/concept-reference"
                    xlink:from="de-pi_accDeprPI.release"
                    xlink:to="reference_de-pi_accDeprPI.release"/>
      <reference xlink:type="resource" xlink:label="reference_de-pi_accDeprPI.release"
                 xlink:role="http://www.xbrl.org/2003/role/mandatoryDisclosureRef"
                 id="reference_de-pi_accDeprPI.release">
         <hgbref:legalFormPG>true</hgbref:legalFormPG>
         <hgbref:legalFormKSt>true</hgbref:legalFormKSt>
      </reference>
      <loc xlink:type="locator"
           xlink:href="de-pi-2018-04-01-dimensions.xsd#de-pi_accDeprPI.movements"
           xlink:label="de-pi_accDeprPI.movements"/>
      <referenceArc xlink:type="arc"
                    xlink:arcrole="http://www.xbrl.org/2003/arcrole/concept-reference"
                    xlink:from="de-pi_accDeprPI.movements"
                    xlink:to="reference_de-pi_accDeprPI.movements"/>
      <reference xlink:type="resource" xlink:label="reference_de-pi_accDeprPI.movements"
                 xlink:role="http://www.xbrl.org/2003/role/mandatoryDisclosureRef"
                 id="reference_de-pi_accDeprPI.movements">
         <hgbref:legalFormPG>true</hgbref:legalFormPG>
         <hgbref:legalFormKSt>true</hgbref:legalFormKSt>
      </reference>
      <loc xlink:type="locator"
           xlink:href="de-pi-2018-04-01-dimensions.xsd#de-pi_accDeprPI.currChanges"
           xlink:label="de-pi_accDeprPI.currChanges"/>
      <referenceArc xlink:type="arc"
                    xlink:arcrole="http://www.xbrl.org/2003/arcrole/concept-reference"
                    xlink:from="de-pi_accDeprPI.currChanges"
                    xlink:to="reference_de-pi_accDeprPI.currChanges"/>
      <reference xlink:type="resource" xlink:label="reference_de-pi_accDeprPI.currChanges"
                 xlink:role="http://www.xbrl.org/2003/role/mandatoryDisclosureRef"
                 id="reference_de-pi_accDeprPI.currChanges">
         <hgbref:legalFormPG>true</hgbref:legalFormPG>
         <hgbref:legalFormKSt>true</hgbref:legalFormKSt>
      </reference>
      <loc xlink:type="locator"
           xlink:href="de-pi-2018-04-01-dimensions.xsd#de-pi_revaluationPI"
           xlink:label="de-pi_revaluationPI"/>
      <referenceArc xlink:type="arc"
                    xlink:arcrole="http://www.xbrl.org/2003/arcrole/concept-reference"
                    xlink:from="de-pi_revaluationPI"
                    xlink:to="reference_de-pi_revaluationPI"/>
      <reference xlink:type="resource" xlink:label="reference_de-pi_revaluationPI"
                 xlink:role="http://www.xbrl.org/2003/role/mandatoryDisclosureRef"
                 id="reference_de-pi_revaluationPI">
         <hgbref:legalFormPG>true</hgbref:legalFormPG>
         <hgbref:legalFormKSt>true</hgbref:legalFormKSt>
      </reference>
      <loc xlink:type="locator"
           xlink:href="de-pi-2018-04-01-dimensions.xsd#de-pi_revaluationPI.comment"
           xlink:label="de-pi_revaluationPI.comment"/>
      <referenceArc xlink:type="arc"
                    xlink:arcrole="http://www.xbrl.org/2003/arcrole/concept-reference"
                    xlink:from="de-pi_revaluationPI.comment"
                    xlink:to="reference_de-pi_revaluationPI.comment"/>
      <reference xlink:type="resource" xlink:label="reference_de-pi_revaluationPI.comment"
                 xlink:role="http://www.xbrl.org/2003/role/mandatoryDisclosureRef"
                 id="reference_de-pi_revaluationPI.comment">
         <hgbref:legalFormPG>true</hgbref:legalFormPG>
         <hgbref:legalFormKSt>true</hgbref:legalFormKSt>
      </reference>
      <loc xlink:type="locator"
           xlink:href="de-pi-2018-04-01-dimensions.xsd#de-pi_tablePITanIntan.nt.ass"
           xlink:label="de-pi_tablePITanIntan.nt.ass"/>
      <referenceArc xlink:type="arc"
                    xlink:arcrole="http://www.xbrl.org/2003/arcrole/concept-reference"
                    xlink:from="de-pi_tablePITanIntan.nt.ass"
                    xlink:to="reference_de-pi_tablePITanIntan.nt.ass"/>
      <reference xlink:type="resource" xlink:label="reference_de-pi_tablePITanIntan.nt.ass"
                 xlink:role="http://www.xbrl.org/2003/role/mandatoryDisclosureRef"
                 id="reference_de-pi_tablePITanIntan.nt.ass">
         <hgbref:legalFormPG>true</hgbref:legalFormPG>
         <hgbref:legalFormKSt>true</hgbref:legalFormKSt>
      </reference>
      <loc xlink:type="locator"
           xlink:href="de-pi-2018-04-01-dimensions.xsd#de-pi_cubePITanIntan.nt.ass.gross"
           xlink:label="de-pi_cubePITanIntan.nt.ass.gross"/>
      <referenceArc xlink:type="arc"
                    xlink:arcrole="http://www.xbrl.org/2003/arcrole/concept-reference"
                    xlink:from="de-pi_cubePITanIntan.nt.ass.gross"
                    xlink:to="reference_de-pi_cubePITanIntan.nt.ass.gross"/>
      <reference xlink:type="resource" xlink:label="reference_de-pi_cubePITanIntan.nt.ass.gross"
                 xlink:role="http://www.xbrl.org/2003/role/mandatoryDisclosureRef"
                 id="reference_de-pi_cubePITanIntan.nt.ass.gross">
         <hgbref:legalFormPG>true</hgbref:legalFormPG>
         <hgbref:legalFormKSt>true</hgbref:legalFormKSt>
      </reference>
      <loc xlink:type="locator"
           xlink:href="de-pi-2018-04-01-dimensions.xsd#de-pi_dim_changesPITanIntan.nt.ass"
           xlink:label="de-pi_dim_changesPITanIntan.nt.ass"/>
      <referenceArc xlink:type="arc"
                    xlink:arcrole="http://www.xbrl.org/2003/arcrole/concept-reference"
                    xlink:from="de-pi_dim_changesPITanIntan.nt.ass"
                    xlink:to="reference_de-pi_dim_changesPITanIntan.nt.ass"/>
      <reference xlink:type="resource"
                 xlink:label="reference_de-pi_dim_changesPITanIntan.nt.ass"
                 xlink:role="http://www.xbrl.org/2003/role/mandatoryDisclosureRef"
                 id="reference_de-pi_dim_changesPITanIntan.nt.ass">
         <hgbref:legalFormPG>true</hgbref:legalFormPG>
         <hgbref:legalFormKSt>true</hgbref:legalFormKSt>
      </reference>
      <loc xlink:type="locator"
           xlink:href="de-pi-2018-04-01-dimensions.xsd#de-pi_piTitlePITanIntan.nt.ass.gross"
           xlink:label="de-pi_piTitlePITanIntan.nt.ass.gross"/>
      <referenceArc xlink:type="arc"
                    xlink:arcrole="http://www.xbrl.org/2003/arcrole/concept-reference"
                    xlink:from="de-pi_piTitlePITanIntan.nt.ass.gross"
                    xlink:to="reference_de-pi_piTitlePITanIntan.nt.ass.gross"/>
      <reference xlink:type="resource"
                 xlink:label="reference_de-pi_piTitlePITanIntan.nt.ass.gross"
                 xlink:role="http://www.xbrl.org/2003/role/mandatoryDisclosureRef"
                 id="reference_de-pi_piTitlePITanIntan.nt.ass.gross">
         <hgbref:legalFormPG>true</hgbref:legalFormPG>
         <hgbref:legalFormKSt>true</hgbref:legalFormKSt>
      </reference>
      <loc xlink:type="locator"
           xlink:href="de-pi-2018-04-01-dimensions.xsd#de-pi_allPITanIntan"
           xlink:label="de-pi_allPITanIntan"/>
      <referenceArc xlink:type="arc"
                    xlink:arcrole="http://www.xbrl.org/2003/arcrole/concept-reference"
                    xlink:from="de-pi_allPITanIntan"
                    xlink:to="reference_de-pi_allPITanIntan"/>
      <reference xlink:type="resource" xlink:label="reference_de-pi_allPITanIntan"
                 xlink:role="http://www.xbrl.org/2003/role/mandatoryDisclosureRef"
                 id="reference_de-pi_allPITanIntan">
         <hgbref:legalFormPG>true</hgbref:legalFormPG>
         <hgbref:legalFormKSt>true</hgbref:legalFormKSt>
         <hgbref:fiscalRequirement>Summenmussfeld</hgbref:fiscalRequirement>
      </reference>
      <loc xlink:type="locator"
           xlink:href="de-pi-2018-04-01-dimensions.xsd#de-pi_allPI_Prev_periodTanIntan"
           xlink:label="de-pi_allPI_Prev_periodTanIntan"/>
      <referenceArc xlink:type="arc"
                    xlink:arcrole="http://www.xbrl.org/2003/arcrole/concept-reference"
                    xlink:from="de-pi_allPI_Prev_periodTanIntan"
                    xlink:to="reference_de-pi_allPI_Prev_periodTanIntan"/>
      <reference xlink:type="resource" xlink:label="reference_de-pi_allPI_Prev_periodTanIntan"
                 xlink:role="http://www.xbrl.org/2003/role/mandatoryDisclosureRef"
                 id="reference_de-pi_allPI_Prev_periodTanIntan">
         <hgbref:legalFormPG>true</hgbref:legalFormPG>
         <hgbref:legalFormKSt>true</hgbref:legalFormKSt>
         <hgbref:fiscalRequirement>Mussfeld</hgbref:fiscalRequirement>
      </reference>
      <loc xlink:type="locator"
           xlink:href="de-pi-2018-04-01-dimensions.xsd#de-pi_grossPITanIntan"
           xlink:label="de-pi_grossPITanIntan"/>
      <referenceArc xlink:type="arc"
                    xlink:arcrole="http://www.xbrl.org/2003/arcrole/concept-reference"
                    xlink:from="de-pi_grossPITanIntan"
                    xlink:to="reference_de-pi_grossPITanIntan"/>
      <reference xlink:type="resource" xlink:label="reference_de-pi_grossPITanIntan"
                 xlink:role="http://www.xbrl.org/2003/role/mandatoryDisclosureRef"
                 id="reference_de-pi_grossPITanIntan">
         <hgbref:legalFormPG>true</hgbref:legalFormPG>
         <hgbref:legalFormKSt>true</hgbref:legalFormKSt>
         <hgbref:fiscalRequirement>Summenmussfeld</hgbref:fiscalRequirement>
      </reference>
      <loc xlink:type="locator"
           xlink:href="de-pi-2018-04-01-dimensions.xsd#de-pi_grossCostPITanIntan.beginning"
           xlink:label="de-pi_grossCostPITanIntan.beginning"/>
      <referenceArc xlink:type="arc"
                    xlink:arcrole="http://www.xbrl.org/2003/arcrole/concept-reference"
                    xlink:from="de-pi_grossCostPITanIntan.beginning"
                    xlink:to="reference_de-pi_grossCostPITanIntan.beginning"/>
      <reference xlink:type="resource"
                 xlink:label="reference_de-pi_grossCostPITanIntan.beginning"
                 xlink:role="http://www.xbrl.org/2003/role/mandatoryDisclosureRef"
                 id="reference_de-pi_grossCostPITanIntan.beginning">
         <hgbref:legalFormPG>true</hgbref:legalFormPG>
         <hgbref:legalFormKSt>true</hgbref:legalFormKSt>
         <hgbref:fiscalRequirement>Mussfeld</hgbref:fiscalRequirement>
      </reference>
      <loc xlink:type="locator"
           xlink:href="de-pi-2018-04-01-dimensions.xsd#de-pi_grossPITanIntan.diff"
           xlink:label="de-pi_grossPITanIntan.diff"/>
      <referenceArc xlink:type="arc"
                    xlink:arcrole="http://www.xbrl.org/2003/arcrole/concept-reference"
                    xlink:from="de-pi_grossPITanIntan.diff"
                    xlink:to="reference_de-pi_grossPITanIntan.diff"/>
      <reference xlink:type="resource" xlink:label="reference_de-pi_grossPITanIntan.diff"
                 xlink:role="http://www.xbrl.org/2003/role/mandatoryDisclosureRef"
                 id="reference_de-pi_grossPITanIntan.diff">
         <hgbref:legalFormPG>true</hgbref:legalFormPG>
         <hgbref:legalFormKSt>true</hgbref:legalFormKSt>
         <hgbref:fiscalRequirement>Rechnerisch notwendig, soweit vorhanden</hgbref:fiscalRequirement>
      </reference>
      <loc xlink:type="locator"
           xlink:href="de-pi-2018-04-01-dimensions.xsd#de-pi_grossPITanIntan.diff.currDiff"
           xlink:label="de-pi_grossPITanIntan.diff.currDiff"/>
      <referenceArc xlink:type="arc"
                    xlink:arcrole="http://www.xbrl.org/2003/arcrole/concept-reference"
                    xlink:from="de-pi_grossPITanIntan.diff.currDiff"
                    xlink:to="reference_de-pi_grossPITanIntan.diff.currDiff"/>
      <reference xlink:type="resource"
                 xlink:label="reference_de-pi_grossPITanIntan.diff.currDiff"
                 xlink:role="http://www.xbrl.org/2003/role/mandatoryDisclosureRef"
                 id="reference_de-pi_grossPITanIntan.diff.currDiff">
         <hgbref:legalFormPG>true</hgbref:legalFormPG>
         <hgbref:legalFormKSt>true</hgbref:legalFormKSt>
      </reference>
      <loc xlink:type="locator"
           xlink:href="de-pi-2018-04-01-dimensions.xsd#de-pi_grossPITanIntan.diff.otherDiff"
           xlink:label="de-pi_grossPITanIntan.diff.otherDiff"/>
      <referenceArc xlink:type="arc"
                    xlink:arcrole="http://www.xbrl.org/2003/arcrole/concept-reference"
                    xlink:from="de-pi_grossPITanIntan.diff.otherDiff"
                    xlink:to="reference_de-pi_grossPITanIntan.diff.otherDiff"/>
      <reference xlink:type="resource"
                 xlink:label="reference_de-pi_grossPITanIntan.diff.otherDiff"
                 xlink:role="http://www.xbrl.org/2003/role/mandatoryDisclosureRef"
                 id="reference_de-pi_grossPITanIntan.diff.otherDiff">
         <hgbref:legalFormPG>true</hgbref:legalFormPG>
         <hgbref:legalFormKSt>true</hgbref:legalFormKSt>
      </reference>
      <loc xlink:type="locator"
           xlink:href="de-pi-2018-04-01-dimensions.xsd#de-pi_grossPITanIntan.diff.otherDiff.comment"
           xlink:label="de-pi_grossPITanIntan.diff.otherDiff.comment"/>
      <referenceArc xlink:type="arc"
                    xlink:arcrole="http://www.xbrl.org/2003/arcrole/concept-reference"
                    xlink:from="de-pi_grossPITanIntan.diff.otherDiff.comment"
                    xlink:to="reference_de-pi_grossPITanIntan.diff.otherDiff.comment"/>
      <reference xlink:type="resource"
                 xlink:label="reference_de-pi_grossPITanIntan.diff.otherDiff.comment"
                 xlink:role="http://www.xbrl.org/2003/role/mandatoryDisclosureRef"
                 id="reference_de-pi_grossPITanIntan.diff.otherDiff.comment">
         <hgbref:legalFormPG>true</hgbref:legalFormPG>
         <hgbref:legalFormKSt>true</hgbref:legalFormKSt>
      </reference>
      <loc xlink:type="locator"
           xlink:href="de-pi-2018-04-01-dimensions.xsd#de-pi_grossPITanIntan.addition"
           xlink:label="de-pi_grossPITanIntan.addition"/>
      <referenceArc xlink:type="arc"
                    xlink:arcrole="http://www.xbrl.org/2003/arcrole/concept-reference"
                    xlink:from="de-pi_grossPITanIntan.addition"
                    xlink:to="reference_de-pi_grossPITanIntan.addition"/>
      <reference xlink:type="resource" xlink:label="reference_de-pi_grossPITanIntan.addition"
                 xlink:role="http://www.xbrl.org/2003/role/mandatoryDisclosureRef"
                 id="reference_de-pi_grossPITanIntan.addition">
         <hgbref:legalFormPG>true</hgbref:legalFormPG>
         <hgbref:legalFormKSt>true</hgbref:legalFormKSt>
         <hgbref:fiscalRequirement>Mussfeld</hgbref:fiscalRequirement>
      </reference>
      <loc xlink:type="locator"
           xlink:href="de-pi-2018-04-01-dimensions.xsd#de-pi_grossPITanIntan.release"
           xlink:label="de-pi_grossPITanIntan.release"/>
      <referenceArc xlink:type="arc"
                    xlink:arcrole="http://www.xbrl.org/2003/arcrole/concept-reference"
                    xlink:from="de-pi_grossPITanIntan.release"
                    xlink:to="reference_de-pi_grossPITanIntan.release"/>
      <reference xlink:type="resource" xlink:label="reference_de-pi_grossPITanIntan.release"
                 xlink:role="http://www.xbrl.org/2003/role/mandatoryDisclosureRef"
                 id="reference_de-pi_grossPITanIntan.release">
         <hgbref:legalFormPG>true</hgbref:legalFormPG>
         <hgbref:legalFormKSt>true</hgbref:legalFormKSt>
         <hgbref:fiscalRequirement>Mussfeld</hgbref:fiscalRequirement>
      </reference>
      <loc xlink:type="locator"
           xlink:href="de-pi-2018-04-01-dimensions.xsd#de-pi_grossPITanIntan.movements"
           xlink:label="de-pi_grossPITanIntan.movements"/>
      <referenceArc xlink:type="arc"
                    xlink:arcrole="http://www.xbrl.org/2003/arcrole/concept-reference"
                    xlink:from="de-pi_grossPITanIntan.movements"
                    xlink:to="reference_de-pi_grossPITanIntan.movements"/>
      <reference xlink:type="resource" xlink:label="reference_de-pi_grossPITanIntan.movements"
                 xlink:role="http://www.xbrl.org/2003/role/mandatoryDisclosureRef"
                 id="reference_de-pi_grossPITanIntan.movements">
         <hgbref:legalFormPG>true</hgbref:legalFormPG>
         <hgbref:legalFormKSt>true</hgbref:legalFormKSt>
         <hgbref:fiscalRequirement>Mussfeld</hgbref:fiscalRequirement>
      </reference>
      <loc xlink:type="locator"
           xlink:href="de-pi-2018-04-01-dimensions.xsd#de-pi_grossPITanIntan.currChanges"
           xlink:label="de-pi_grossPITanIntan.currChanges"/>
      <referenceArc xlink:type="arc"
                    xlink:arcrole="http://www.xbrl.org/2003/arcrole/concept-reference"
                    xlink:from="de-pi_grossPITanIntan.currChanges"
                    xlink:to="reference_de-pi_grossPITanIntan.currChanges"/>
      <reference xlink:type="resource" xlink:label="reference_de-pi_grossPITanIntan.currChanges"
                 xlink:role="http://www.xbrl.org/2003/role/mandatoryDisclosureRef"
                 id="reference_de-pi_grossPITanIntan.currChanges">
         <hgbref:legalFormPG>true</hgbref:legalFormPG>
         <hgbref:legalFormKSt>true</hgbref:legalFormKSt>
         <hgbref:fiscalRequirement>Rechnerisch notwendig, soweit vorhanden</hgbref:fiscalRequirement>
      </reference>
      <loc xlink:type="locator"
           xlink:href="de-pi-2018-04-01-dimensions.xsd#de-pi_accDeprPITanIntan"
           xlink:label="de-pi_accDeprPITanIntan"/>
      <referenceArc xlink:type="arc"
                    xlink:arcrole="http://www.xbrl.org/2003/arcrole/concept-reference"
                    xlink:from="de-pi_accDeprPITanIntan"
                    xlink:to="reference_de-pi_accDeprPITanIntan"/>
      <reference xlink:type="resource" xlink:label="reference_de-pi_accDeprPITanIntan"
                 xlink:role="http://www.xbrl.org/2003/role/mandatoryDisclosureRef"
                 id="reference_de-pi_accDeprPITanIntan">
         <hgbref:legalFormPG>true</hgbref:legalFormPG>
         <hgbref:legalFormKSt>true</hgbref:legalFormKSt>
         <hgbref:fiscalRequirement>Summenmussfeld</hgbref:fiscalRequirement>
      </reference>
      <loc xlink:type="locator"
           xlink:href="de-pi-2018-04-01-dimensions.xsd#de-pi_accDeprPITanIntan.beginning"
           xlink:label="de-pi_accDeprPITanIntan.beginning"/>
      <referenceArc xlink:type="arc"
                    xlink:arcrole="http://www.xbrl.org/2003/arcrole/concept-reference"
                    xlink:from="de-pi_accDeprPITanIntan.beginning"
                    xlink:to="reference_de-pi_accDeprPITanIntan.beginning"/>
      <reference xlink:type="resource" xlink:label="reference_de-pi_accDeprPITanIntan.beginning"
                 xlink:role="http://www.xbrl.org/2003/role/mandatoryDisclosureRef"
                 id="reference_de-pi_accDeprPITanIntan.beginning">
         <hgbref:legalFormPG>true</hgbref:legalFormPG>
         <hgbref:legalFormKSt>true</hgbref:legalFormKSt>
         <hgbref:fiscalRequirement>Mussfeld</hgbref:fiscalRequirement>
      </reference>
      <loc xlink:type="locator"
           xlink:href="de-pi-2018-04-01-dimensions.xsd#de-pi_accDeprPITanIntan.diff"
           xlink:label="de-pi_accDeprPITanIntan.diff"/>
      <referenceArc xlink:type="arc"
                    xlink:arcrole="http://www.xbrl.org/2003/arcrole/concept-reference"
                    xlink:from="de-pi_accDeprPITanIntan.diff"
                    xlink:to="reference_de-pi_accDeprPITanIntan.diff"/>
      <reference xlink:type="resource" xlink:label="reference_de-pi_accDeprPITanIntan.diff"
                 xlink:role="http://www.xbrl.org/2003/role/mandatoryDisclosureRef"
                 id="reference_de-pi_accDeprPITanIntan.diff">
         <hgbref:legalFormPG>true</hgbref:legalFormPG>
         <hgbref:legalFormKSt>true</hgbref:legalFormKSt>
         <hgbref:fiscalRequirement>Rechnerisch notwendig, soweit vorhanden</hgbref:fiscalRequirement>
      </reference>
      <loc xlink:type="locator"
           xlink:href="de-pi-2018-04-01-dimensions.xsd#de-pi_accDeprPITanIntan.diff.currDiff"
           xlink:label="de-pi_accDeprPITanIntan.diff.currDiff"/>
      <referenceArc xlink:type="arc"
                    xlink:arcrole="http://www.xbrl.org/2003/arcrole/concept-reference"
                    xlink:from="de-pi_accDeprPITanIntan.diff.currDiff"
                    xlink:to="reference_de-pi_accDeprPITanIntan.diff.currDiff"/>
      <reference xlink:type="resource"
                 xlink:label="reference_de-pi_accDeprPITanIntan.diff.currDiff"
                 xlink:role="http://www.xbrl.org/2003/role/mandatoryDisclosureRef"
                 id="reference_de-pi_accDeprPITanIntan.diff.currDiff">
         <hgbref:legalFormPG>true</hgbref:legalFormPG>
         <hgbref:legalFormKSt>true</hgbref:legalFormKSt>
      </reference>
      <loc xlink:type="locator"
           xlink:href="de-pi-2018-04-01-dimensions.xsd#de-pi_accDeprPITanIntan.diff.otherDiff"
           xlink:label="de-pi_accDeprPITanIntan.diff.otherDiff"/>
      <referenceArc xlink:type="arc"
                    xlink:arcrole="http://www.xbrl.org/2003/arcrole/concept-reference"
                    xlink:from="de-pi_accDeprPITanIntan.diff.otherDiff"
                    xlink:to="reference_de-pi_accDeprPITanIntan.diff.otherDiff"/>
      <reference xlink:type="resource"
                 xlink:label="reference_de-pi_accDeprPITanIntan.diff.otherDiff"
                 xlink:role="http://www.xbrl.org/2003/role/mandatoryDisclosureRef"
                 id="reference_de-pi_accDeprPITanIntan.diff.otherDiff">
         <hgbref:legalFormPG>true</hgbref:legalFormPG>
         <hgbref:legalFormKSt>true</hgbref:legalFormKSt>
      </reference>
      <loc xlink:type="locator"
           xlink:href="de-pi-2018-04-01-dimensions.xsd#de-pi_accDeprPITanIntan.diff.otherDiff.comment"
           xlink:label="de-pi_accDeprPITanIntan.diff.otherDiff.comment"/>
      <referenceArc xlink:type="arc"
                    xlink:arcrole="http://www.xbrl.org/2003/arcrole/concept-reference"
                    xlink:from="de-pi_accDeprPITanIntan.diff.otherDiff.comment"
                    xlink:to="reference_de-pi_accDeprPITanIntan.diff.otherDiff.comment"/>
      <reference xlink:type="resource"
                 xlink:label="reference_de-pi_accDeprPITanIntan.diff.otherDiff.comment"
                 xlink:role="http://www.xbrl.org/2003/role/mandatoryDisclosureRef"
                 id="reference_de-pi_accDeprPITanIntan.diff.otherDiff.comment">
         <hgbref:legalFormPG>true</hgbref:legalFormPG>
         <hgbref:legalFormKSt>true</hgbref:legalFormKSt>
      </reference>
      <loc xlink:type="locator"
           xlink:href="de-pi-2018-04-01-dimensions.xsd#de-pi_accDeprPITanIntan.DeprPeriod"
           xlink:label="de-pi_accDeprPITanIntan.DeprPeriod"/>
      <referenceArc xlink:type="arc"
                    xlink:arcrole="http://www.xbrl.org/2003/arcrole/concept-reference"
                    xlink:from="de-pi_accDeprPITanIntan.DeprPeriod"
                    xlink:to="reference_de-pi_accDeprPITanIntan.DeprPeriod"/>
      <reference xlink:type="resource"
                 xlink:label="reference_de-pi_accDeprPITanIntan.DeprPeriod"
                 xlink:role="http://www.xbrl.org/2003/role/mandatoryDisclosureRef"
                 id="reference_de-pi_accDeprPITanIntan.DeprPeriod">
         <hgbref:legalFormPG>true</hgbref:legalFormPG>
         <hgbref:legalFormKSt>true</hgbref:legalFormKSt>
         <hgbref:fiscalRequirement>Mussfeld</hgbref:fiscalRequirement>
      </reference>
      <loc xlink:type="locator"
           xlink:href="de-pi-2018-04-01-dimensions.xsd#de-pi_accDeprPITanIntan.DeprPeriod.specific"
           xlink:label="de-pi_accDeprPITanIntan.DeprPeriod.specific"/>
      <referenceArc xlink:type="arc"
                    xlink:arcrole="http://www.xbrl.org/2003/arcrole/concept-reference"
                    xlink:from="de-pi_accDeprPITanIntan.DeprPeriod.specific"
                    xlink:to="reference_de-pi_accDeprPITanIntan.DeprPeriod.specific"/>
      <reference xlink:type="resource"
                 xlink:label="reference_de-pi_accDeprPITanIntan.DeprPeriod.specific"
                 xlink:role="http://www.xbrl.org/2003/role/mandatoryDisclosureRef"
                 id="reference_de-pi_accDeprPITanIntan.DeprPeriod.specific">
         <hgbref:legalFormPG>true</hgbref:legalFormPG>
         <hgbref:legalFormKSt>true</hgbref:legalFormKSt>
         <hgbref:fiscalRequirement>Mussfeld</hgbref:fiscalRequirement>
      </reference>
      <loc xlink:type="locator"
           xlink:href="de-pi-2018-04-01-dimensions.xsd#de-pi_accDeprPITanIntan.addition"
           xlink:label="de-pi_accDeprPITanIntan.addition"/>
      <referenceArc xlink:type="arc"
                    xlink:arcrole="http://www.xbrl.org/2003/arcrole/concept-reference"
                    xlink:from="de-pi_accDeprPITanIntan.addition"
                    xlink:to="reference_de-pi_accDeprPITanIntan.addition"/>
      <reference xlink:type="resource" xlink:label="reference_de-pi_accDeprPITanIntan.addition"
                 xlink:role="http://www.xbrl.org/2003/role/mandatoryDisclosureRef"
                 id="reference_de-pi_accDeprPITanIntan.addition">
         <hgbref:legalFormPG>true</hgbref:legalFormPG>
         <hgbref:legalFormKSt>true</hgbref:legalFormKSt>
         <hgbref:fiscalRequirement>Mussfeld</hgbref:fiscalRequirement>
      </reference>
      <loc xlink:type="locator"
           xlink:href="de-pi-2018-04-01-dimensions.xsd#de-pi_accDepPITanIntan.release"
           xlink:label="de-pi_accDepPITanIntan.release"/>
      <referenceArc xlink:type="arc"
                    xlink:arcrole="http://www.xbrl.org/2003/arcrole/concept-reference"
                    xlink:from="de-pi_accDepPITanIntan.release"
                    xlink:to="reference_de-pi_accDepPITanIntan.release"/>
      <reference xlink:type="resource" xlink:label="reference_de-pi_accDepPITanIntan.release"
                 xlink:role="http://www.xbrl.org/2003/role/mandatoryDisclosureRef"
                 id="reference_de-pi_accDepPITanIntan.release">
         <hgbref:legalFormPG>true</hgbref:legalFormPG>
         <hgbref:legalFormKSt>true</hgbref:legalFormKSt>
         <hgbref:fiscalRequirement>Mussfeld</hgbref:fiscalRequirement>
      </reference>
      <loc xlink:type="locator"
           xlink:href="de-pi-2018-04-01-dimensions.xsd#de-pi_accDeprPITanIntan.movements"
           xlink:label="de-pi_accDeprPITanIntan.movements"/>
      <referenceArc xlink:type="arc"
                    xlink:arcrole="http://www.xbrl.org/2003/arcrole/concept-reference"
                    xlink:from="de-pi_accDeprPITanIntan.movements"
                    xlink:to="reference_de-pi_accDeprPITanIntan.movements"/>
      <reference xlink:type="resource" xlink:label="reference_de-pi_accDeprPITanIntan.movements"
                 xlink:role="http://www.xbrl.org/2003/role/mandatoryDisclosureRef"
                 id="reference_de-pi_accDeprPITanIntan.movements">
         <hgbref:legalFormPG>true</hgbref:legalFormPG>
         <hgbref:legalFormKSt>true</hgbref:legalFormKSt>
         <hgbref:fiscalRequirement>Mussfeld</hgbref:fiscalRequirement>
      </reference>
      <loc xlink:type="locator"
           xlink:href="de-pi-2018-04-01-dimensions.xsd#de-pi_accDeprPITanIntan.currChanges"
           xlink:label="de-pi_accDeprPITanIntan.currChanges"/>
      <referenceArc xlink:type="arc"
                    xlink:arcrole="http://www.xbrl.org/2003/arcrole/concept-reference"
                    xlink:from="de-pi_accDeprPITanIntan.currChanges"
                    xlink:to="reference_de-pi_accDeprPITanIntan.currChanges"/>
      <reference xlink:type="resource"
                 xlink:label="reference_de-pi_accDeprPITanIntan.currChanges"
                 xlink:role="http://www.xbrl.org/2003/role/mandatoryDisclosureRef"
                 id="reference_de-pi_accDeprPITanIntan.currChanges">
         <hgbref:legalFormPG>true</hgbref:legalFormPG>
         <hgbref:legalFormKSt>true</hgbref:legalFormKSt>
         <hgbref:fiscalRequirement>Rechnerisch notwendig, soweit vorhanden</hgbref:fiscalRequirement>
      </reference>
      <loc xlink:type="locator"
           xlink:href="de-pi-2018-04-01-dimensions.xsd#de-pi_revaluationPITanIntan"
           xlink:label="de-pi_revaluationPITanIntan"/>
      <referenceArc xlink:type="arc"
                    xlink:arcrole="http://www.xbrl.org/2003/arcrole/concept-reference"
                    xlink:from="de-pi_revaluationPITanIntan"
                    xlink:to="reference_de-pi_revaluationPITanIntan"/>
      <reference xlink:type="resource" xlink:label="reference_de-pi_revaluationPITanIntan"
                 xlink:role="http://www.xbrl.org/2003/role/mandatoryDisclosureRef"
                 id="reference_de-pi_revaluationPITanIntan">
         <hgbref:legalFormPG>true</hgbref:legalFormPG>
         <hgbref:legalFormKSt>true</hgbref:legalFormKSt>
         <hgbref:fiscalRequirement>Mussfeld</hgbref:fiscalRequirement>
      </reference>
      <loc xlink:type="locator"
           xlink:href="de-pi-2018-04-01-dimensions.xsd#de-pi_revaluationPIFixedAssets.comment"
           xlink:label="de-pi_revaluationPIFixedAssets.comment"/>
      <referenceArc xlink:type="arc"
                    xlink:arcrole="http://www.xbrl.org/2003/arcrole/concept-reference"
                    xlink:from="de-pi_revaluationPIFixedAssets.comment"
                    xlink:to="reference_de-pi_revaluationPIFixedAssets.comment"/>
      <reference xlink:type="resource"
                 xlink:label="reference_de-pi_revaluationPIFixedAssets.comment"
                 xlink:role="http://www.xbrl.org/2003/role/mandatoryDisclosureRef"
                 id="reference_de-pi_revaluationPIFixedAssets.comment">
         <hgbref:legalFormPG>true</hgbref:legalFormPG>
         <hgbref:legalFormKSt>true</hgbref:legalFormKSt>
      </reference>
   </referenceLink>
</linkbase>