<?xml version="1.0" encoding="UTF-8"?>
<link:linkbase xmlns:gen="http://xbrl.org/2008/generic" xmlns:label="http://xbrl.org/2008/label"
               xmlns:xlink="http://www.w3.org/1999/xlink"
               xmlns:link="http://www.xbrl.org/2003/linkbase"
               xmlns:xsi="http://www.w3.org/2001/XMLSchema-instance">
   <gen:link xlink:type="extended" xlink:title="Labels"
             xlink:role="http://www.xbrl.org/2003/role/link">
      <link:loc xlink:type="locator"
                xlink:href="de-bra-2018-04-01-shell-with-2017-04-01-versioning.xml#ver_100000"
                xlink:label="loc_label_ver_100000"/>
      <gen:arc xlink:type="arc" xlink:title="label ver_100000"
               xlink:arcrole="http://xbrl.org/arcrole/2008/element-label"
               xlink:from="loc_label_ver_100000"
               xlink:to="label_ver_100000"/>
      <label:label xlink:type="resource" xlink:title="label"
                   xlink:role="http://www.xbrl.org/2003/role/label"
                   xlink:label="label_ver_100000"
                   id="ver_100000"
                   xml:lang="de">Versioning Report Ergänzungstaxonomie für verordnungsgebundene Branchen: Handelsrechtlicher Einzelabschluss</label:label>
      <link:loc xlink:type="locator"
                xlink:href="de-bra-2018-04-01-shell-with-2017-04-01-versioning.xml#assig_domain"
                xlink:label="loc_label_assig_domain"/>
      <gen:arc xlink:type="arc" xlink:title="label assig_domain"
               xlink:arcrole="http://xbrl.org/arcrole/2008/element-label"
               xlink:from="loc_label_assig_domain"
               xlink:to="label_assig_domain"/>
      <label:label xlink:type="resource" xlink:title="label"
                   xlink:role="http://www.xbrl.org/2003/role/label"
                   xlink:label="label_assig_domain"
                   id="assig_domain"
                   xml:lang="de">Fachlich</label:label>
      <link:loc xlink:type="locator"
                xlink:href="de-bra-2018-04-01-shell-with-2017-04-01-versioning.xml#assig_technical"
                xlink:label="loc_label_assig_technical"/>
      <gen:arc xlink:type="arc" xlink:title="label assig_technical"
               xlink:arcrole="http://xbrl.org/arcrole/2008/element-label"
               xlink:from="loc_label_assig_technical"
               xlink:to="label_assig_technical"/>
      <label:label xlink:type="resource" xlink:title="label"
                   xlink:role="http://www.xbrl.org/2003/role/label"
                   xlink:label="label_assig_technical"
                   id="assig_technical"
                   xml:lang="de">Technisch</label:label>
      <link:loc xlink:type="locator"
                xlink:href="de-bra-2018-04-01-shell-with-2017-04-01-versioning.xml#assig_correction"
                xlink:label="loc_label_assig_correction"/>
      <gen:arc xlink:type="arc" xlink:title="label assig_correction"
               xlink:arcrole="http://xbrl.org/arcrole/2008/element-label"
               xlink:from="loc_label_assig_correction"
               xlink:to="label_assig_correction"/>
      <label:label xlink:type="resource" xlink:title="label"
                   xlink:role="http://www.xbrl.org/2003/role/label"
                   xlink:label="label_assig_correction"
                   id="assig_correction"
                   xml:lang="de">Korrektur</label:label>
      <link:loc xlink:type="locator"
                xlink:href="de-bra-2018-04-01-shell-with-2017-04-01-versioning.xml#assig_effectOnPosition"
                xlink:label="loc_label_assig_effectOnPosition"/>
      <gen:arc xlink:type="arc" xlink:title="label assig_effectOnPosition"
               xlink:arcrole="http://xbrl.org/arcrole/2008/element-label"
               xlink:from="loc_label_assig_effectOnPosition"
               xlink:to="label_assig_effectOnPosition"/>
      <label:label xlink:type="resource" xlink:title="label"
                   xlink:role="http://www.xbrl.org/2003/role/label"
                   xlink:label="label_assig_effectOnPosition"
                   id="assig_effectOnPosition"
                   xml:lang="de">Auswirkung auf Wert der Position</label:label>
      <link:loc xlink:type="locator"
                xlink:href="de-bra-2018-04-01-shell-with-2017-04-01-versioning.xml#assig_moved"
                xlink:label="loc_label_assig_moved"/>
      <gen:arc xlink:type="arc" xlink:title="label assig_moved"
               xlink:arcrole="http://xbrl.org/arcrole/2008/element-label"
               xlink:from="loc_label_assig_moved"
               xlink:to="label_assig_moved"/>
      <label:label xlink:type="resource" xlink:title="label"
                   xlink:role="http://www.xbrl.org/2003/role/label"
                   xlink:label="label_assig_moved"
                   id="assig_moved"
                   xml:lang="de">Verschoben</label:label>
      <link:loc xlink:type="locator"
                xlink:href="de-bra-2018-04-01-shell-with-2017-04-01-versioning.xml#assig_Kennzeichnung_von_Posten_unterhalb_derer_bei_HGB-Mindestgliederung_nicht_gerecht_werden_darf"
                xlink:label="loc_label_assig_Kennzeichnung_von_Posten_unterhalb_derer_bei_HGB-Mindestgliederung_nicht_gerecht_werden_darf"/>
      <gen:arc xlink:type="arc"
               xlink:title="label assig_Kennzeichnung_von_Posten_unterhalb_derer_bei_HGB-Mindestgliederung_nicht_gerecht_werden_darf"
               xlink:arcrole="http://xbrl.org/arcrole/2008/element-label"
               xlink:from="loc_label_assig_Kennzeichnung_von_Posten_unterhalb_derer_bei_HGB-Mindestgliederung_nicht_gerecht_werden_darf"
               xlink:to="label_assig_Kennzeichnung_von_Posten_unterhalb_derer_bei_HGB-Mindestgliederung_nicht_gerecht_werden_darf"/>
      <label:label xlink:type="resource" xlink:title="label"
                   xlink:role="http://www.xbrl.org/2003/role/label"
                   xlink:label="label_assig_Kennzeichnung_von_Posten_unterhalb_derer_bei_HGB-Mindestgliederung_nicht_gerecht_werden_darf"
                   id="assig_Kennzeichnung_von_Posten_unterhalb_derer_bei_HGB-Mindestgliederung_nicht_gerecht_werden_darf"
                   xml:lang="de">Kennzeichnung von Posten unterhalb derer bei HGB-Mindestgliederung nicht gerecht werden darf</label:label>
      <link:loc xlink:type="locator"
                xlink:href="de-bra-2018-04-01-shell-with-2017-04-01-versioning.xml#assig_neue_Auszeichnung_für_Positionen_die_ausschließlich_für_die_Bereitstellung_zum_Datenabruf_(Rückübermittlug)_genutzt_werden_dürfen"
                xlink:label="loc_label_assig_neue_Auszeichnung_für_Positionen_die_ausschließlich_für_die_Bereitstellung_zum_Datenabruf_(Rückübermittlug)_genutzt_werden_dürfen"/>
      <gen:arc xlink:type="arc"
               xlink:title="label assig_neue_Auszeichnung_für_Positionen_die_ausschließlich_für_die_Bereitstellung_zum_Datenabruf_(Rückübermittlug)_genutzt_werden_dürfen"
               xlink:arcrole="http://xbrl.org/arcrole/2008/element-label"
               xlink:from="loc_label_assig_neue_Auszeichnung_für_Positionen_die_ausschließlich_für_die_Bereitstellung_zum_Datenabruf_(Rückübermittlug)_genutzt_werden_dürfen"
               xlink:to="label_assig_neue_Auszeichnung_für_Positionen_die_ausschließlich_für_die_Bereitstellung_zum_Datenabruf_(Rückübermittlug)_genutzt_werden_dürfen"/>
      <label:label xlink:type="resource" xlink:title="label"
                   xlink:role="http://www.xbrl.org/2003/role/label"
                   xlink:label="label_assig_neue_Auszeichnung_für_Positionen_die_ausschließlich_für_die_Bereitstellung_zum_Datenabruf_(Rückübermittlug)_genutzt_werden_dürfen"
                   id="assig_neue_Auszeichnung_für_Positionen_die_ausschließlich_für_die_Bereitstellung_zum_Datenabruf_(Rückübermittlug)_genutzt_werden_dürfen"
                   xml:lang="de">neue Auszeichnung für Positionen die ausschließlich für die Bereitstellung zum Datenabruf (Rückübermittlug) genutzt werden dürfen</label:label>
      <link:loc xlink:type="locator"
                xlink:href="de-bra-2018-04-01-shell-with-2017-04-01-versioning.xml#assig_Auszeichnung_&#34;notPermittedFor=handelsrechtlich&#34;"
                xlink:label="loc_label_assig_Auszeichnung_&#34;notPermittedFor=handelsrechtlich&#34;"/>
      <gen:arc xlink:type="arc"
               xlink:title="label assig_Auszeichnung_&#34;notPermittedFor=handelsrechtlich&#34;"
               xlink:arcrole="http://xbrl.org/arcrole/2008/element-label"
               xlink:from="loc_label_assig_Auszeichnung_&#34;notPermittedFor=handelsrechtlich&#34;"
               xlink:to="label_assig_Auszeichnung_&#34;notPermittedFor=handelsrechtlich&#34;"/>
      <label:label xlink:type="resource" xlink:title="label"
                   xlink:role="http://www.xbrl.org/2003/role/label"
                   xlink:label="label_assig_Auszeichnung_&#34;notPermittedFor=handelsrechtlich&#34;"
                   id="assig_Auszeichnung_&#34;notPermittedFor=handelsrechtlich&#34;"
                   xml:lang="de">Auszeichnung "notPermittedFor=handelsrechtlich"</label:label>
      <link:loc xlink:type="locator"
                xlink:href="de-bra-2018-04-01-shell-with-2017-04-01-versioning.xml#assig_Forderungen"
                xlink:label="loc_label_assig_Forderungen"/>
      <gen:arc xlink:type="arc" xlink:title="label assig_Forderungen"
               xlink:arcrole="http://xbrl.org/arcrole/2008/element-label"
               xlink:from="loc_label_assig_Forderungen"
               xlink:to="label_assig_Forderungen"/>
      <label:label xlink:type="resource" xlink:title="label"
                   xlink:role="http://www.xbrl.org/2003/role/label"
                   xlink:label="label_assig_Forderungen"
                   id="assig_Forderungen"
                   xml:lang="de">Forderungen</label:label>
      <link:loc xlink:type="locator"
                xlink:href="de-bra-2018-04-01-shell-with-2017-04-01-versioning.xml#assig_Ergänzung_der_definionGuidance"
                xlink:label="loc_label_assig_Ergänzung_der_definionGuidance"/>
      <gen:arc xlink:type="arc" xlink:title="label assig_Ergänzung_der_definionGuidance"
               xlink:arcrole="http://xbrl.org/arcrole/2008/element-label"
               xlink:from="loc_label_assig_Ergänzung_der_definionGuidance"
               xlink:to="label_assig_Ergänzung_der_definionGuidance"/>
      <label:label xlink:type="resource" xlink:title="label"
                   xlink:role="http://www.xbrl.org/2003/role/label"
                   xlink:label="label_assig_Ergänzung_der_definionGuidance"
                   id="assig_Ergänzung_der_definionGuidance"
                   xml:lang="de">Ergänzung der definionGuidance</label:label>
      <link:loc xlink:type="locator"
                xlink:href="de-bra-2018-04-01-shell-with-2017-04-01-versioning.xml#assig_Aktualisierung_DCGK"
                xlink:label="loc_label_assig_Aktualisierung_DCGK"/>
      <gen:arc xlink:type="arc" xlink:title="label assig_Aktualisierung_DCGK"
               xlink:arcrole="http://xbrl.org/arcrole/2008/element-label"
               xlink:from="loc_label_assig_Aktualisierung_DCGK"
               xlink:to="label_assig_Aktualisierung_DCGK"/>
      <label:label xlink:type="resource" xlink:title="label"
                   xlink:role="http://www.xbrl.org/2003/role/label"
                   xlink:label="label_assig_Aktualisierung_DCGK"
                   id="assig_Aktualisierung_DCGK"
                   xml:lang="de">Aktualisierung DCGK</label:label>
      <link:loc xlink:type="locator"
                xlink:href="de-bra-2018-04-01-shell-with-2017-04-01-versioning.xml#assig_Anpassung_&#34;wording&#34;"
                xlink:label="loc_label_assig_Anpassung_&#34;wording&#34;"/>
      <gen:arc xlink:type="arc" xlink:title="label assig_Anpassung_&#34;wording&#34;"
               xlink:arcrole="http://xbrl.org/arcrole/2008/element-label"
               xlink:from="loc_label_assig_Anpassung_&#34;wording&#34;"
               xlink:to="label_assig_Anpassung_&#34;wording&#34;"/>
      <label:label xlink:type="resource" xlink:title="label"
                   xlink:role="http://www.xbrl.org/2003/role/label"
                   xlink:label="label_assig_Anpassung_&#34;wording&#34;"
                   id="assig_Anpassung_&#34;wording&#34;"
                   xml:lang="de">Anpassung "wording"</label:label>
      <link:loc xlink:type="locator"
                xlink:href="de-bra-2018-04-01-shell-with-2017-04-01-versioning.xml#assig_Documentation_zu_&#34;Abzinsung&#34;"
                xlink:label="loc_label_assig_Documentation_zu_&#34;Abzinsung&#34;"/>
      <gen:arc xlink:type="arc" xlink:title="label assig_Documentation_zu_&#34;Abzinsung&#34;"
               xlink:arcrole="http://xbrl.org/arcrole/2008/element-label"
               xlink:from="loc_label_assig_Documentation_zu_&#34;Abzinsung&#34;"
               xlink:to="label_assig_Documentation_zu_&#34;Abzinsung&#34;"/>
      <label:label xlink:type="resource" xlink:title="label"
                   xlink:role="http://www.xbrl.org/2003/role/label"
                   xlink:label="label_assig_Documentation_zu_&#34;Abzinsung&#34;"
                   id="assig_Documentation_zu_&#34;Abzinsung&#34;"
                   xml:lang="de">Documentation zu "Abzinsung"</label:label>
      <link:loc xlink:type="locator"
                xlink:href="de-bra-2018-04-01-shell-with-2017-04-01-versioning.xml#assig_IAB_-_Unterscheidung_zwischen_§_7g_(3)_und_§_7g_(4)_wird_nicht_benötigt"
                xlink:label="loc_label_assig_IAB_-_Unterscheidung_zwischen_§_7g_(3)_und_§_7g_(4)_wird_nicht_benötigt"/>
      <gen:arc xlink:type="arc"
               xlink:title="label assig_IAB_-_Unterscheidung_zwischen_§_7g_(3)_und_§_7g_(4)_wird_nicht_benötigt"
               xlink:arcrole="http://xbrl.org/arcrole/2008/element-label"
               xlink:from="loc_label_assig_IAB_-_Unterscheidung_zwischen_§_7g_(3)_und_§_7g_(4)_wird_nicht_benötigt"
               xlink:to="label_assig_IAB_-_Unterscheidung_zwischen_§_7g_(3)_und_§_7g_(4)_wird_nicht_benötigt"/>
      <label:label xlink:type="resource" xlink:title="label"
                   xlink:role="http://www.xbrl.org/2003/role/label"
                   xlink:label="label_assig_IAB_-_Unterscheidung_zwischen_§_7g_(3)_und_§_7g_(4)_wird_nicht_benötigt"
                   id="assig_IAB_-_Unterscheidung_zwischen_§_7g_(3)_und_§_7g_(4)_wird_nicht_benötigt"
                   xml:lang="de">IAB - Unterscheidung zwischen § 7g (3) und § 7g (4) wird nicht benötigt</label:label>
      <link:loc xlink:type="locator"
                xlink:href="de-bra-2018-04-01-shell-with-2017-04-01-versioning.xml#assig_Kennzeichnung_von_Posten_wg._Rechenbarkeit_,_nur_dokumentiert_wg._Sonderfall"
                xlink:label="loc_label_assig_Kennzeichnung_von_Posten_wg._Rechenbarkeit_,_nur_dokumentiert_wg._Sonderfall"/>
      <gen:arc xlink:type="arc"
               xlink:title="label assig_Kennzeichnung_von_Posten_wg._Rechenbarkeit_,_nur_dokumentiert_wg._Sonderfall"
               xlink:arcrole="http://xbrl.org/arcrole/2008/element-label"
               xlink:from="loc_label_assig_Kennzeichnung_von_Posten_wg._Rechenbarkeit_,_nur_dokumentiert_wg._Sonderfall"
               xlink:to="label_assig_Kennzeichnung_von_Posten_wg._Rechenbarkeit_,_nur_dokumentiert_wg._Sonderfall"/>
      <label:label xlink:type="resource" xlink:title="label"
                   xlink:role="http://www.xbrl.org/2003/role/label"
                   xlink:label="label_assig_Kennzeichnung_von_Posten_wg._Rechenbarkeit_,_nur_dokumentiert_wg._Sonderfall"
                   id="assig_Kennzeichnung_von_Posten_wg._Rechenbarkeit_,_nur_dokumentiert_wg._Sonderfall"
                   xml:lang="de">Kennzeichnung von Posten wg. Rechenbarkeit , nur dokumentiert wg. Sonderfall</label:label>
      <link:loc xlink:type="locator"
                xlink:href="de-bra-2018-04-01-shell-with-2017-04-01-versioning.xml#assig_Bericht_zur_Gleichstellung_und_Entgeltgleichheit"
                xlink:label="loc_label_assig_Bericht_zur_Gleichstellung_und_Entgeltgleichheit"/>
      <gen:arc xlink:type="arc"
               xlink:title="label assig_Bericht_zur_Gleichstellung_und_Entgeltgleichheit"
               xlink:arcrole="http://xbrl.org/arcrole/2008/element-label"
               xlink:from="loc_label_assig_Bericht_zur_Gleichstellung_und_Entgeltgleichheit"
               xlink:to="label_assig_Bericht_zur_Gleichstellung_und_Entgeltgleichheit"/>
      <label:label xlink:type="resource" xlink:title="label"
                   xlink:role="http://www.xbrl.org/2003/role/label"
                   xlink:label="label_assig_Bericht_zur_Gleichstellung_und_Entgeltgleichheit"
                   id="assig_Bericht_zur_Gleichstellung_und_Entgeltgleichheit"
                   xml:lang="de">Bericht zur Gleichstellung und Entgeltgleichheit</label:label>
      <link:loc xlink:type="locator"
                xlink:href="de-bra-2018-04-01-shell-with-2017-04-01-versioning.xml#assig_Aufwandskorrekur_§_4f_EStG_in_zwei_neue_Positionen_(Zurechnung_und_Abrechnung)_aufgeteilt"
                xlink:label="loc_label_assig_Aufwandskorrekur_§_4f_EStG_in_zwei_neue_Positionen_(Zurechnung_und_Abrechnung)_aufgeteilt"/>
      <gen:arc xlink:type="arc"
               xlink:title="label assig_Aufwandskorrekur_§_4f_EStG_in_zwei_neue_Positionen_(Zurechnung_und_Abrechnung)_aufgeteilt"
               xlink:arcrole="http://xbrl.org/arcrole/2008/element-label"
               xlink:from="loc_label_assig_Aufwandskorrekur_§_4f_EStG_in_zwei_neue_Positionen_(Zurechnung_und_Abrechnung)_aufgeteilt"
               xlink:to="label_assig_Aufwandskorrekur_§_4f_EStG_in_zwei_neue_Positionen_(Zurechnung_und_Abrechnung)_aufgeteilt"/>
      <label:label xlink:type="resource" xlink:title="label"
                   xlink:role="http://www.xbrl.org/2003/role/label"
                   xlink:label="label_assig_Aufwandskorrekur_§_4f_EStG_in_zwei_neue_Positionen_(Zurechnung_und_Abrechnung)_aufgeteilt"
                   id="assig_Aufwandskorrekur_§_4f_EStG_in_zwei_neue_Positionen_(Zurechnung_und_Abrechnung)_aufgeteilt"
                   xml:lang="de">Aufwandskorrekur § 4f EStG in zwei neue Positionen (Zurechnung und Abrechnung) aufgeteilt</label:label>
      <link:loc xlink:type="locator"
                xlink:href="de-bra-2018-04-01-shell-with-2017-04-01-versioning.xml#assig_Erläuterungen_sind_wegen_Formatierungsmöglichkeiten_in_Fußnoten_vorzunehmen"
                xlink:label="loc_label_assig_Erläuterungen_sind_wegen_Formatierungsmöglichkeiten_in_Fußnoten_vorzunehmen"/>
      <gen:arc xlink:type="arc"
               xlink:title="label assig_Erläuterungen_sind_wegen_Formatierungsmöglichkeiten_in_Fußnoten_vorzunehmen"
               xlink:arcrole="http://xbrl.org/arcrole/2008/element-label"
               xlink:from="loc_label_assig_Erläuterungen_sind_wegen_Formatierungsmöglichkeiten_in_Fußnoten_vorzunehmen"
               xlink:to="label_assig_Erläuterungen_sind_wegen_Formatierungsmöglichkeiten_in_Fußnoten_vorzunehmen"/>
      <label:label xlink:type="resource" xlink:title="label"
                   xlink:role="http://www.xbrl.org/2003/role/label"
                   xlink:label="label_assig_Erläuterungen_sind_wegen_Formatierungsmöglichkeiten_in_Fußnoten_vorzunehmen"
                   id="assig_Erläuterungen_sind_wegen_Formatierungsmöglichkeiten_in_Fußnoten_vorzunehmen"
                   xml:lang="de">Erläuterungen sind wegen Formatierungsmöglichkeiten in Fußnoten vorzunehmen</label:label>
      <link:loc xlink:type="locator"
                xlink:href="de-bra-2018-04-01-shell-with-2017-04-01-versioning.xml#assig_Sonderbetriebsausgaben_ausländischer_Mitunternehmer"
                xlink:label="loc_label_assig_Sonderbetriebsausgaben_ausländischer_Mitunternehmer"/>
      <gen:arc xlink:type="arc"
               xlink:title="label assig_Sonderbetriebsausgaben_ausländischer_Mitunternehmer"
               xlink:arcrole="http://xbrl.org/arcrole/2008/element-label"
               xlink:from="loc_label_assig_Sonderbetriebsausgaben_ausländischer_Mitunternehmer"
               xlink:to="label_assig_Sonderbetriebsausgaben_ausländischer_Mitunternehmer"/>
      <label:label xlink:type="resource" xlink:title="label"
                   xlink:role="http://www.xbrl.org/2003/role/label"
                   xlink:label="label_assig_Sonderbetriebsausgaben_ausländischer_Mitunternehmer"
                   id="assig_Sonderbetriebsausgaben_ausländischer_Mitunternehmer"
                   xml:lang="de">Sonderbetriebsausgaben ausländischer Mitunternehmer</label:label>
      <link:loc xlink:type="locator"
                xlink:href="de-bra-2018-04-01-shell-with-2017-04-01-versioning.xml#assig_stl._Gewinnermittlung,_Mussfeld"
                xlink:label="loc_label_assig_stl._Gewinnermittlung,_Mussfeld"/>
      <gen:arc xlink:type="arc" xlink:title="label assig_stl._Gewinnermittlung,_Mussfeld"
               xlink:arcrole="http://xbrl.org/arcrole/2008/element-label"
               xlink:from="loc_label_assig_stl._Gewinnermittlung,_Mussfeld"
               xlink:to="label_assig_stl._Gewinnermittlung,_Mussfeld"/>
      <label:label xlink:type="resource" xlink:title="label"
                   xlink:role="http://www.xbrl.org/2003/role/label"
                   xlink:label="label_assig_stl._Gewinnermittlung,_Mussfeld"
                   id="assig_stl._Gewinnermittlung,_Mussfeld"
                   xml:lang="de">stl. Gewinnermittlung, Mussfeld</label:label>
      <link:loc xlink:type="locator"
                xlink:href="de-bra-2018-04-01-shell-with-2017-04-01-versioning.xml#assig_Auslaumodelle_bereinigen"
                xlink:label="loc_label_assig_Auslaumodelle_bereinigen"/>
      <gen:arc xlink:type="arc" xlink:title="label assig_Auslaumodelle_bereinigen"
               xlink:arcrole="http://xbrl.org/arcrole/2008/element-label"
               xlink:from="loc_label_assig_Auslaumodelle_bereinigen"
               xlink:to="label_assig_Auslaumodelle_bereinigen"/>
      <label:label xlink:type="resource" xlink:title="label"
                   xlink:role="http://www.xbrl.org/2003/role/label"
                   xlink:label="label_assig_Auslaumodelle_bereinigen"
                   id="assig_Auslaumodelle_bereinigen"
                   xml:lang="de">Auslaumodelle bereinigen</label:label>
      <link:loc xlink:type="locator"
                xlink:href="de-bra-2018-04-01-shell-with-2017-04-01-versioning.xml#assig_IDW_ERS_HFA_7"
                xlink:label="loc_label_assig_IDW_ERS_HFA_7"/>
      <gen:arc xlink:type="arc" xlink:title="label assig_IDW_ERS_HFA_7"
               xlink:arcrole="http://xbrl.org/arcrole/2008/element-label"
               xlink:from="loc_label_assig_IDW_ERS_HFA_7"
               xlink:to="label_assig_IDW_ERS_HFA_7"/>
      <label:label xlink:type="resource" xlink:title="label"
                   xlink:role="http://www.xbrl.org/2003/role/label"
                   xlink:label="label_assig_IDW_ERS_HFA_7"
                   id="assig_IDW_ERS_HFA_7"
                   xml:lang="de">IDW ERS HFA 7</label:label>
      <link:loc xlink:type="locator"
                xlink:href="de-bra-2018-04-01-shell-with-2017-04-01-versioning.xml#assig_Kennzeichnung_von_Posten_wg._Rechenregeln_"
                xlink:label="loc_label_assig_Kennzeichnung_von_Posten_wg._Rechenregeln_"/>
      <gen:arc xlink:type="arc"
               xlink:title="label assig_Kennzeichnung_von_Posten_wg._Rechenregeln_"
               xlink:arcrole="http://xbrl.org/arcrole/2008/element-label"
               xlink:from="loc_label_assig_Kennzeichnung_von_Posten_wg._Rechenregeln_"
               xlink:to="label_assig_Kennzeichnung_von_Posten_wg._Rechenregeln_"/>
      <label:label xlink:type="resource" xlink:title="label"
                   xlink:role="http://www.xbrl.org/2003/role/label"
                   xlink:label="label_assig_Kennzeichnung_von_Posten_wg._Rechenregeln_"
                   id="assig_Kennzeichnung_von_Posten_wg._Rechenregeln_"
                   xml:lang="de">Kennzeichnung  von Posten wg. Rechenregeln </label:label>
      <link:loc xlink:type="locator"
                xlink:href="de-bra-2018-04-01-shell-with-2017-04-01-versioning.xml#assig_Betriebsausgaben_i.Z.m._steuerfreien_Sanierungserträgen"
                xlink:label="loc_label_assig_Betriebsausgaben_i.Z.m._steuerfreien_Sanierungserträgen"/>
      <gen:arc xlink:type="arc"
               xlink:title="label assig_Betriebsausgaben_i.Z.m._steuerfreien_Sanierungserträgen"
               xlink:arcrole="http://xbrl.org/arcrole/2008/element-label"
               xlink:from="loc_label_assig_Betriebsausgaben_i.Z.m._steuerfreien_Sanierungserträgen"
               xlink:to="label_assig_Betriebsausgaben_i.Z.m._steuerfreien_Sanierungserträgen"/>
      <label:label xlink:type="resource" xlink:title="label"
                   xlink:role="http://www.xbrl.org/2003/role/label"
                   xlink:label="label_assig_Betriebsausgaben_i.Z.m._steuerfreien_Sanierungserträgen"
                   id="assig_Betriebsausgaben_i.Z.m._steuerfreien_Sanierungserträgen"
                   xml:lang="de">Betriebsausgaben i.Z.m. steuerfreien Sanierungserträgen</label:label>
      <link:loc xlink:type="locator"
                xlink:href="de-bra-2018-04-01-shell-with-2017-04-01-versioning.xml#assig_Untergliederung_von_Erträge_aus_der_Auflösung_von_Steuerrückstellungen"
                xlink:label="loc_label_assig_Untergliederung_von_Erträge_aus_der_Auflösung_von_Steuerrückstellungen"/>
      <gen:arc xlink:type="arc"
               xlink:title="label assig_Untergliederung_von_Erträge_aus_der_Auflösung_von_Steuerrückstellungen"
               xlink:arcrole="http://xbrl.org/arcrole/2008/element-label"
               xlink:from="loc_label_assig_Untergliederung_von_Erträge_aus_der_Auflösung_von_Steuerrückstellungen"
               xlink:to="label_assig_Untergliederung_von_Erträge_aus_der_Auflösung_von_Steuerrückstellungen"/>
      <label:label xlink:type="resource" xlink:title="label"
                   xlink:role="http://www.xbrl.org/2003/role/label"
                   xlink:label="label_assig_Untergliederung_von_Erträge_aus_der_Auflösung_von_Steuerrückstellungen"
                   id="assig_Untergliederung_von_Erträge_aus_der_Auflösung_von_Steuerrückstellungen"
                   xml:lang="de">Untergliederung von Erträge aus der Auflösung von Steuerrückstellungen</label:label>
      <link:loc xlink:type="locator"
                xlink:href="de-bra-2018-04-01-shell-with-2017-04-01-versioning.xml#assig_Fehlerhafte_Referenzierung"
                xlink:label="loc_label_assig_Fehlerhafte_Referenzierung"/>
      <gen:arc xlink:type="arc" xlink:title="label assig_Fehlerhafte_Referenzierung"
               xlink:arcrole="http://xbrl.org/arcrole/2008/element-label"
               xlink:from="loc_label_assig_Fehlerhafte_Referenzierung"
               xlink:to="label_assig_Fehlerhafte_Referenzierung"/>
      <label:label xlink:type="resource" xlink:title="label"
                   xlink:role="http://www.xbrl.org/2003/role/label"
                   xlink:label="label_assig_Fehlerhafte_Referenzierung"
                   id="assig_Fehlerhafte_Referenzierung"
                   xml:lang="de">Fehlerhafte Referenzierung</label:label>
      <link:loc xlink:type="locator"
                xlink:href="de-bra-2018-04-01-shell-with-2017-04-01-versioning.xml#assig_Aktualisierung_der_Positionen_bzw._Referenzen_nach_DRS_13"
                xlink:label="loc_label_assig_Aktualisierung_der_Positionen_bzw._Referenzen_nach_DRS_13"/>
      <gen:arc xlink:type="arc"
               xlink:title="label assig_Aktualisierung_der_Positionen_bzw._Referenzen_nach_DRS_13"
               xlink:arcrole="http://xbrl.org/arcrole/2008/element-label"
               xlink:from="loc_label_assig_Aktualisierung_der_Positionen_bzw._Referenzen_nach_DRS_13"
               xlink:to="label_assig_Aktualisierung_der_Positionen_bzw._Referenzen_nach_DRS_13"/>
      <label:label xlink:type="resource" xlink:title="label"
                   xlink:role="http://www.xbrl.org/2003/role/label"
                   xlink:label="label_assig_Aktualisierung_der_Positionen_bzw._Referenzen_nach_DRS_13"
                   id="assig_Aktualisierung_der_Positionen_bzw._Referenzen_nach_DRS_13"
                   xml:lang="de">Aktualisierung der Positionen bzw. Referenzen nach DRS 13</label:label>
      <link:loc xlink:type="locator"
                xlink:href="de-bra-2018-04-01-shell-with-2017-04-01-versioning.xml#assig_Aktualisierung_der_Positionen_bzw._Referenzen_nach_DRS_18"
                xlink:label="loc_label_assig_Aktualisierung_der_Positionen_bzw._Referenzen_nach_DRS_18"/>
      <gen:arc xlink:type="arc"
               xlink:title="label assig_Aktualisierung_der_Positionen_bzw._Referenzen_nach_DRS_18"
               xlink:arcrole="http://xbrl.org/arcrole/2008/element-label"
               xlink:from="loc_label_assig_Aktualisierung_der_Positionen_bzw._Referenzen_nach_DRS_18"
               xlink:to="label_assig_Aktualisierung_der_Positionen_bzw._Referenzen_nach_DRS_18"/>
      <label:label xlink:type="resource" xlink:title="label"
                   xlink:role="http://www.xbrl.org/2003/role/label"
                   xlink:label="label_assig_Aktualisierung_der_Positionen_bzw._Referenzen_nach_DRS_18"
                   id="assig_Aktualisierung_der_Positionen_bzw._Referenzen_nach_DRS_18"
                   xml:lang="de">Aktualisierung der Positionen bzw. Referenzen nach DRS 18</label:label>
      <link:loc xlink:type="locator"
                xlink:href="de-bra-2018-04-01-shell-with-2017-04-01-versioning.xml#assig_Aktualisierung_Referenzen_DRSC"
                xlink:label="loc_label_assig_Aktualisierung_Referenzen_DRSC"/>
      <gen:arc xlink:type="arc" xlink:title="label assig_Aktualisierung_Referenzen_DRSC"
               xlink:arcrole="http://xbrl.org/arcrole/2008/element-label"
               xlink:from="loc_label_assig_Aktualisierung_Referenzen_DRSC"
               xlink:to="label_assig_Aktualisierung_Referenzen_DRSC"/>
      <label:label xlink:type="resource" xlink:title="label"
                   xlink:role="http://www.xbrl.org/2003/role/label"
                   xlink:label="label_assig_Aktualisierung_Referenzen_DRSC"
                   id="assig_Aktualisierung_Referenzen_DRSC"
                   xml:lang="de">Aktualisierung Referenzen DRSC</label:label>
      <link:loc xlink:type="locator"
                xlink:href="de-bra-2018-04-01-shell-with-2017-04-01-versioning.xml#assig_Änderung_durch_FinVerw"
                xlink:label="loc_label_assig_Änderung_durch_FinVerw"/>
      <gen:arc xlink:type="arc" xlink:title="label assig_Änderung_durch_FinVerw"
               xlink:arcrole="http://xbrl.org/arcrole/2008/element-label"
               xlink:from="loc_label_assig_Änderung_durch_FinVerw"
               xlink:to="label_assig_Änderung_durch_FinVerw"/>
      <label:label xlink:type="resource" xlink:title="label"
                   xlink:role="http://www.xbrl.org/2003/role/label"
                   xlink:label="label_assig_Änderung_durch_FinVerw"
                   id="assig_Änderung_durch_FinVerw"
                   xml:lang="de">Änderung durch FinVerw</label:label>
      <link:loc xlink:type="locator"
                xlink:href="de-bra-2018-04-01-shell-with-2017-04-01-versioning.xml#assig_Aufwendungen_für_Rechtsüberlassungen"
                xlink:label="loc_label_assig_Aufwendungen_für_Rechtsüberlassungen"/>
      <gen:arc xlink:type="arc" xlink:title="label assig_Aufwendungen_für_Rechtsüberlassungen"
               xlink:arcrole="http://xbrl.org/arcrole/2008/element-label"
               xlink:from="loc_label_assig_Aufwendungen_für_Rechtsüberlassungen"
               xlink:to="label_assig_Aufwendungen_für_Rechtsüberlassungen"/>
      <label:label xlink:type="resource" xlink:title="label"
                   xlink:role="http://www.xbrl.org/2003/role/label"
                   xlink:label="label_assig_Aufwendungen_für_Rechtsüberlassungen"
                   id="assig_Aufwendungen_für_Rechtsüberlassungen"
                   xml:lang="de">Aufwendungen für Rechtsüberlassungen</label:label>
      <link:loc xlink:type="locator"
                xlink:href="de-bra-2018-04-01-shell-with-2017-04-01-versioning.xml#assig_Positionen_zur_Bereitstellung_von_Bewegungsdaten_zum_Datenabruf"
                xlink:label="loc_label_assig_Positionen_zur_Bereitstellung_von_Bewegungsdaten_zum_Datenabruf"/>
      <gen:arc xlink:type="arc"
               xlink:title="label assig_Positionen_zur_Bereitstellung_von_Bewegungsdaten_zum_Datenabruf"
               xlink:arcrole="http://xbrl.org/arcrole/2008/element-label"
               xlink:from="loc_label_assig_Positionen_zur_Bereitstellung_von_Bewegungsdaten_zum_Datenabruf"
               xlink:to="label_assig_Positionen_zur_Bereitstellung_von_Bewegungsdaten_zum_Datenabruf"/>
      <label:label xlink:type="resource" xlink:title="label"
                   xlink:role="http://www.xbrl.org/2003/role/label"
                   xlink:label="label_assig_Positionen_zur_Bereitstellung_von_Bewegungsdaten_zum_Datenabruf"
                   id="assig_Positionen_zur_Bereitstellung_von_Bewegungsdaten_zum_Datenabruf"
                   xml:lang="de">Positionen zur Bereitstellung von Bewegungsdaten zum Datenabruf</label:label>
      <link:loc xlink:type="locator"
                xlink:href="de-bra-2018-04-01-shell-with-2017-04-01-versioning.xml#assig_DRS_24"
                xlink:label="loc_label_assig_DRS_24"/>
      <gen:arc xlink:type="arc" xlink:title="label assig_DRS_24"
               xlink:arcrole="http://xbrl.org/arcrole/2008/element-label"
               xlink:from="loc_label_assig_DRS_24"
               xlink:to="label_assig_DRS_24"/>
      <label:label xlink:type="resource" xlink:title="label"
                   xlink:role="http://www.xbrl.org/2003/role/label"
                   xlink:label="label_assig_DRS_24"
                   id="assig_DRS_24"
                   xml:lang="de">DRS 24</label:label>
      <link:loc xlink:type="locator"
                xlink:href="de-bra-2018-04-01-shell-with-2017-04-01-versioning.xml#assig_SoBil/ErBil_im_eigenen_Datensatz"
                xlink:label="loc_label_assig_SoBil/ErBil_im_eigenen_Datensatz"/>
      <gen:arc xlink:type="arc" xlink:title="label assig_SoBil/ErBil_im_eigenen_Datensatz"
               xlink:arcrole="http://xbrl.org/arcrole/2008/element-label"
               xlink:from="loc_label_assig_SoBil/ErBil_im_eigenen_Datensatz"
               xlink:to="label_assig_SoBil/ErBil_im_eigenen_Datensatz"/>
      <label:label xlink:type="resource" xlink:title="label"
                   xlink:role="http://www.xbrl.org/2003/role/label"
                   xlink:label="label_assig_SoBil/ErBil_im_eigenen_Datensatz"
                   id="assig_SoBil/ErBil_im_eigenen_Datensatz"
                   xml:lang="de">SoBil/ErBil im eigenen Datensatz</label:label>
      <link:loc xlink:type="locator"
                xlink:href="de-bra-2018-04-01-shell-with-2017-04-01-versioning.xml#assig_fehlerhafte_Ausprägung"
                xlink:label="loc_label_assig_fehlerhafte_Ausprägung"/>
      <gen:arc xlink:type="arc" xlink:title="label assig_fehlerhafte_Ausprägung"
               xlink:arcrole="http://xbrl.org/arcrole/2008/element-label"
               xlink:from="loc_label_assig_fehlerhafte_Ausprägung"
               xlink:to="label_assig_fehlerhafte_Ausprägung"/>
      <label:label xlink:type="resource" xlink:title="label"
                   xlink:role="http://www.xbrl.org/2003/role/label"
                   xlink:label="label_assig_fehlerhafte_Ausprägung"
                   id="assig_fehlerhafte_Ausprägung"
                   xml:lang="de">fehlerhafte Ausprägung</label:label>
      <link:loc xlink:type="locator"
                xlink:href="de-bra-2018-04-01-shell-with-2017-04-01-versioning.xml#assig_Verpflichtungsübernahme_§_5_(7)_EStG"
                xlink:label="loc_label_assig_Verpflichtungsübernahme_§_5_(7)_EStG"/>
      <gen:arc xlink:type="arc" xlink:title="label assig_Verpflichtungsübernahme_§_5_(7)_EStG"
               xlink:arcrole="http://xbrl.org/arcrole/2008/element-label"
               xlink:from="loc_label_assig_Verpflichtungsübernahme_§_5_(7)_EStG"
               xlink:to="label_assig_Verpflichtungsübernahme_§_5_(7)_EStG"/>
      <label:label xlink:type="resource" xlink:title="label"
                   xlink:role="http://www.xbrl.org/2003/role/label"
                   xlink:label="label_assig_Verpflichtungsübernahme_§_5_(7)_EStG"
                   id="assig_Verpflichtungsübernahme_§_5_(7)_EStG"
                   xml:lang="de">Verpflichtungsübernahme § 5 (7) EStG</label:label>
      <link:loc xlink:type="locator"
                xlink:href="de-bra-2018-04-01-shell-with-2017-04-01-versioning.xml#assig_steuerlicher_Gewinn,_Hinzurechnung"
                xlink:label="loc_label_assig_steuerlicher_Gewinn,_Hinzurechnung"/>
      <gen:arc xlink:type="arc" xlink:title="label assig_steuerlicher_Gewinn,_Hinzurechnung"
               xlink:arcrole="http://xbrl.org/arcrole/2008/element-label"
               xlink:from="loc_label_assig_steuerlicher_Gewinn,_Hinzurechnung"
               xlink:to="label_assig_steuerlicher_Gewinn,_Hinzurechnung"/>
      <label:label xlink:type="resource" xlink:title="label"
                   xlink:role="http://www.xbrl.org/2003/role/label"
                   xlink:label="label_assig_steuerlicher_Gewinn,_Hinzurechnung"
                   id="assig_steuerlicher_Gewinn,_Hinzurechnung"
                   xml:lang="de">steuerlicher Gewinn, Hinzurechnung</label:label>
      <link:loc xlink:type="locator"
                xlink:href="de-bra-2018-04-01-shell-with-2017-04-01-versioning.xml#assig_steuerfreier_Sanierungsertrag"
                xlink:label="loc_label_assig_steuerfreier_Sanierungsertrag"/>
      <gen:arc xlink:type="arc" xlink:title="label assig_steuerfreier_Sanierungsertrag"
               xlink:arcrole="http://xbrl.org/arcrole/2008/element-label"
               xlink:from="loc_label_assig_steuerfreier_Sanierungsertrag"
               xlink:to="label_assig_steuerfreier_Sanierungsertrag"/>
      <label:label xlink:type="resource" xlink:title="label"
                   xlink:role="http://www.xbrl.org/2003/role/label"
                   xlink:label="label_assig_steuerfreier_Sanierungsertrag"
                   id="assig_steuerfreier_Sanierungsertrag"
                   xml:lang="de">steuerfreier Sanierungsertrag</label:label>
      <link:loc xlink:type="locator"
                xlink:href="de-bra-2018-04-01-shell-with-2017-04-01-versioning.xml#assig_Kennzeichnung_von_Posten_wg._Rechenbarkeit_"
                xlink:label="loc_label_assig_Kennzeichnung_von_Posten_wg._Rechenbarkeit_"/>
      <gen:arc xlink:type="arc"
               xlink:title="label assig_Kennzeichnung_von_Posten_wg._Rechenbarkeit_"
               xlink:arcrole="http://xbrl.org/arcrole/2008/element-label"
               xlink:from="loc_label_assig_Kennzeichnung_von_Posten_wg._Rechenbarkeit_"
               xlink:to="label_assig_Kennzeichnung_von_Posten_wg._Rechenbarkeit_"/>
      <label:label xlink:type="resource" xlink:title="label"
                   xlink:role="http://www.xbrl.org/2003/role/label"
                   xlink:label="label_assig_Kennzeichnung_von_Posten_wg._Rechenbarkeit_"
                   id="assig_Kennzeichnung_von_Posten_wg._Rechenbarkeit_"
                   xml:lang="de">Kennzeichnung von Posten wg. Rechenbarkeit </label:label>
      <link:loc xlink:type="locator"
                xlink:href="de-bra-2018-04-01-shell-with-2017-04-01-versioning.xml#ver_100133"
                xlink:label="loc_label_ver_100133"/>
      <gen:arc xlink:type="arc" xlink:title="label ver_100133"
               xlink:arcrole="http://xbrl.org/arcrole/2008/element-label"
               xlink:from="loc_label_ver_100133"
               xlink:to="label_ver_100133"/>
      <label:label xlink:type="resource" xlink:title="label"
                   xlink:role="http://www.xbrl.org/2003/role/label"
                   xlink:label="label_ver_100133"
                   id="ver_100133"
                   xml:lang="de">deleted</label:label>
      <link:loc xlink:type="locator"
                xlink:href="de-bra-2018-04-01-shell-with-2017-04-01-versioning.xml#ver_100136"
                xlink:label="loc_label_ver_100136"/>
      <gen:arc xlink:type="arc" xlink:title="label ver_100136"
               xlink:arcrole="http://xbrl.org/arcrole/2008/element-label"
               xlink:from="loc_label_ver_100136"
               xlink:to="label_ver_100136"/>
      <label:label xlink:type="resource" xlink:title="label"
                   xlink:role="http://www.xbrl.org/2003/role/label"
                   xlink:label="label_ver_100136"
                   id="ver_100136"
                   xml:lang="de">Gewinn lt. E-Bilanzdatensatz soll mit Gewinn lt. Steuererklärung übereinstimmen</label:label>
      <link:loc xlink:type="locator"
                xlink:href="de-bra-2018-04-01-shell-with-2017-04-01-versioning.xml#ver_100222"
                xlink:label="loc_label_ver_100222"/>
      <gen:arc xlink:type="arc" xlink:title="label ver_100222"
               xlink:arcrole="http://xbrl.org/arcrole/2008/element-label"
               xlink:from="loc_label_ver_100222"
               xlink:to="label_ver_100222"/>
      <label:label xlink:type="resource" xlink:title="label"
                   xlink:role="http://www.xbrl.org/2003/role/label"
                   xlink:label="label_ver_100222"
                   id="ver_100222"
                   xml:lang="de">Gewinn lt. E-Bilanzdatensatz soll mit Gewinn lt. Steuererklärung übereinstimmen</label:label>
      <link:loc xlink:type="locator"
                xlink:href="de-bra-2018-04-01-shell-with-2017-04-01-versioning.xml#ver_100241"
                xlink:label="loc_label_ver_100241"/>
      <gen:arc xlink:type="arc" xlink:title="label ver_100241"
               xlink:arcrole="http://xbrl.org/arcrole/2008/element-label"
               xlink:from="loc_label_ver_100241"
               xlink:to="label_ver_100241"/>
      <label:label xlink:type="resource" xlink:title="label"
                   xlink:role="http://www.xbrl.org/2003/role/label"
                   xlink:label="label_ver_100241"
                   id="ver_100241"
                   xml:lang="de">Gewinn lt. E-Bilanzdatensatz soll mit Gewinn lt. Steuererklärung übereinstimmen</label:label>
      <link:loc xlink:type="locator"
                xlink:href="de-bra-2018-04-01-shell-with-2017-04-01-versioning.xml#ver_100306"
                xlink:label="loc_label_ver_100306"/>
      <gen:arc xlink:type="arc" xlink:title="label ver_100306"
               xlink:arcrole="http://xbrl.org/arcrole/2008/element-label"
               xlink:from="loc_label_ver_100306"
               xlink:to="label_ver_100306"/>
      <label:label xlink:type="resource" xlink:title="label"
                   xlink:role="http://www.xbrl.org/2003/role/label"
                   xlink:label="label_ver_100306"
                   id="ver_100306"
                   xml:lang="de">Gewinn lt. E-Bilanzdatensatz soll mit Gewinn lt. Steuererklärung übereinstimmen</label:label>
      <link:loc xlink:type="locator"
                xlink:href="de-bra-2018-04-01-shell-with-2017-04-01-versioning.xml#ver_100320"
                xlink:label="loc_label_ver_100320"/>
      <gen:arc xlink:type="arc" xlink:title="label ver_100320"
               xlink:arcrole="http://xbrl.org/arcrole/2008/element-label"
               xlink:from="loc_label_ver_100320"
               xlink:to="label_ver_100320"/>
      <label:label xlink:type="resource" xlink:title="label"
                   xlink:role="http://www.xbrl.org/2003/role/label"
                   xlink:label="label_ver_100320"
                   id="ver_100320"
                   xml:lang="de">Gewinn lt. E-Bilanzdatensatz soll mit Gewinn lt. Steuererklärung übereinstimmen</label:label>
      <link:loc xlink:type="locator"
                xlink:href="de-bra-2018-04-01-shell-with-2017-04-01-versioning.xml#ver_100339"
                xlink:label="loc_label_ver_100339"/>
      <gen:arc xlink:type="arc" xlink:title="label ver_100339"
               xlink:arcrole="http://xbrl.org/arcrole/2008/element-label"
               xlink:from="loc_label_ver_100339"
               xlink:to="label_ver_100339"/>
      <label:label xlink:type="resource" xlink:title="label"
                   xlink:role="http://www.xbrl.org/2003/role/label"
                   xlink:label="label_ver_100339"
                   id="ver_100339"
                   xml:lang="de">Gewinn lt. E-Bilanzdatensatz soll mit Gewinn lt. Steuererklärung übereinstimmen</label:label>
      <link:loc xlink:type="locator"
                xlink:href="de-bra-2018-04-01-shell-with-2017-04-01-versioning.xml#ver_100363"
                xlink:label="loc_label_ver_100363"/>
      <gen:arc xlink:type="arc" xlink:title="label ver_100363"
               xlink:arcrole="http://xbrl.org/arcrole/2008/element-label"
               xlink:from="loc_label_ver_100363"
               xlink:to="label_ver_100363"/>
      <label:label xlink:type="resource" xlink:title="label"
                   xlink:role="http://www.xbrl.org/2003/role/label"
                   xlink:label="label_ver_100363"
                   id="ver_100363"
                   xml:lang="de">Gewinn lt. E-Bilanzdatensatz soll mit Gewinn lt. Steuererklärung übereinstimmen</label:label>
      <link:loc xlink:type="locator"
                xlink:href="de-bra-2018-04-01-shell-with-2017-04-01-versioning.xml#ver_100399"
                xlink:label="loc_label_ver_100399"/>
      <gen:arc xlink:type="arc" xlink:title="label ver_100399"
               xlink:arcrole="http://xbrl.org/arcrole/2008/element-label"
               xlink:from="loc_label_ver_100399"
               xlink:to="label_ver_100399"/>
      <label:label xlink:type="resource" xlink:title="label"
                   xlink:role="http://www.xbrl.org/2003/role/label"
                   xlink:label="label_ver_100399"
                   id="ver_100399"
                   xml:lang="de">Untergliederung ebenso wie bei Steuernachzahlungen/-erstattungen für Vorjahre</label:label>
      <link:loc xlink:type="locator"
                xlink:href="de-bra-2018-04-01-shell-with-2017-04-01-versioning.xml#ver_100408"
                xlink:label="loc_label_ver_100408"/>
      <gen:arc xlink:type="arc" xlink:title="label ver_100408"
               xlink:arcrole="http://xbrl.org/arcrole/2008/element-label"
               xlink:from="loc_label_ver_100408"
               xlink:to="label_ver_100408"/>
      <label:label xlink:type="resource" xlink:title="label"
                   xlink:role="http://www.xbrl.org/2003/role/label"
                   xlink:label="label_ver_100408"
                   id="ver_100408"
                   xml:lang="de">Gewinn lt. E-Bilanzdatensatz soll mit Gewinn lt. Steuererklärung übereinstimmen</label:label>
      <link:loc xlink:type="locator"
                xlink:href="de-bra-2018-04-01-shell-with-2017-04-01-versioning.xml#ver_100520"
                xlink:label="loc_label_ver_100520"/>
      <gen:arc xlink:type="arc" xlink:title="label ver_100520"
               xlink:arcrole="http://xbrl.org/arcrole/2008/element-label"
               xlink:from="loc_label_ver_100520"
               xlink:to="label_ver_100520"/>
      <label:label xlink:type="resource" xlink:title="label"
                   xlink:role="http://www.xbrl.org/2003/role/label"
                   xlink:label="label_ver_100520"
                   id="ver_100520"
                   xml:lang="de">Gewinn lt. E-Bilanzdatensatz soll mit Gewinn lt. Steuererklärung übereinstimmen</label:label>
      <link:loc xlink:type="locator"
                xlink:href="de-bra-2018-04-01-shell-with-2017-04-01-versioning.xml#ver_100536"
                xlink:label="loc_label_ver_100536"/>
      <gen:arc xlink:type="arc" xlink:title="label ver_100536"
               xlink:arcrole="http://xbrl.org/arcrole/2008/element-label"
               xlink:from="loc_label_ver_100536"
               xlink:to="label_ver_100536"/>
      <label:label xlink:type="resource" xlink:title="label"
                   xlink:role="http://www.xbrl.org/2003/role/label"
                   xlink:label="label_ver_100536"
                   id="ver_100536"
                   xml:lang="de">Untergliederung ebenso wie bei Steuernachzahlungen/-erstattungen für Vorjahre</label:label>
      <link:loc xlink:type="locator"
                xlink:href="de-bra-2018-04-01-shell-with-2017-04-01-versioning.xml#ver_100566"
                xlink:label="loc_label_ver_100566"/>
      <gen:arc xlink:type="arc" xlink:title="label ver_100566"
               xlink:arcrole="http://xbrl.org/arcrole/2008/element-label"
               xlink:from="loc_label_ver_100566"
               xlink:to="label_ver_100566"/>
      <label:label xlink:type="resource" xlink:title="label"
                   xlink:role="http://www.xbrl.org/2003/role/label"
                   xlink:label="label_ver_100566"
                   id="ver_100566"
                   xml:lang="de">Gewinn lt. E-Bilanzdatensatz soll mit Gewinn lt. Steuererklärung übereinstimmen</label:label>
      <link:loc xlink:type="locator"
                xlink:href="de-bra-2018-04-01-shell-with-2017-04-01-versioning.xml#ver_100627"
                xlink:label="loc_label_ver_100627"/>
      <gen:arc xlink:type="arc" xlink:title="label ver_100627"
               xlink:arcrole="http://xbrl.org/arcrole/2008/element-label"
               xlink:from="loc_label_ver_100627"
               xlink:to="label_ver_100627"/>
      <label:label xlink:type="resource" xlink:title="label"
                   xlink:role="http://www.xbrl.org/2003/role/label"
                   xlink:label="label_ver_100627"
                   id="ver_100627"
                   xml:lang="de">Gewinn lt. E-Bilanzdatensatz soll mit Gewinn lt. Steuererklärung übereinstimmen</label:label>
      <link:loc xlink:type="locator"
                xlink:href="de-bra-2018-04-01-shell-with-2017-04-01-versioning.xml#ver_100637"
                xlink:label="loc_label_ver_100637"/>
      <gen:arc xlink:type="arc" xlink:title="label ver_100637"
               xlink:arcrole="http://xbrl.org/arcrole/2008/element-label"
               xlink:from="loc_label_ver_100637"
               xlink:to="label_ver_100637"/>
      <label:label xlink:type="resource" xlink:title="label"
                   xlink:role="http://www.xbrl.org/2003/role/label"
                   xlink:label="label_ver_100637"
                   id="ver_100637"
                   xml:lang="de">Gewinn lt. E-Bilanzdatensatz soll mit Gewinn lt. Steuererklärung übereinstimmen</label:label>
      <link:loc xlink:type="locator"
                xlink:href="de-bra-2018-04-01-shell-with-2017-04-01-versioning.xml#ver_100664"
                xlink:label="loc_label_ver_100664"/>
      <gen:arc xlink:type="arc" xlink:title="label ver_100664"
               xlink:arcrole="http://xbrl.org/arcrole/2008/element-label"
               xlink:from="loc_label_ver_100664"
               xlink:to="label_ver_100664"/>
      <label:label xlink:type="resource" xlink:title="label"
                   xlink:role="http://www.xbrl.org/2003/role/label"
                   xlink:label="label_ver_100664"
                   id="ver_100664"
                   xml:lang="de">Gewinnrücklage/Ergebnisrücklage bei EU nicht möglich</label:label>
      <link:loc xlink:type="locator"
                xlink:href="de-bra-2018-04-01-shell-with-2017-04-01-versioning.xml#ver_100752"
                xlink:label="loc_label_ver_100752"/>
      <gen:arc xlink:type="arc" xlink:title="label ver_100752"
               xlink:arcrole="http://xbrl.org/arcrole/2008/element-label"
               xlink:from="loc_label_ver_100752"
               xlink:to="label_ver_100752"/>
      <label:label xlink:type="resource" xlink:title="label"
                   xlink:role="http://www.xbrl.org/2003/role/label"
                   xlink:label="label_ver_100752"
                   id="ver_100752"
                   xml:lang="de">Gewinn lt. E-Bilanzdatensatz soll mit Gewinn lt. Steuererklärung übereinstimmen</label:label>
      <link:loc xlink:type="locator"
                xlink:href="de-bra-2018-04-01-shell-with-2017-04-01-versioning.xml#ver_100755"
                xlink:label="loc_label_ver_100755"/>
      <gen:arc xlink:type="arc" xlink:title="label ver_100755"
               xlink:arcrole="http://xbrl.org/arcrole/2008/element-label"
               xlink:from="loc_label_ver_100755"
               xlink:to="label_ver_100755"/>
      <label:label xlink:type="resource" xlink:title="label"
                   xlink:role="http://www.xbrl.org/2003/role/label"
                   xlink:label="label_ver_100755"
                   id="ver_100755"
                   xml:lang="de">Untergliederung ebenso wie bei Steuernachzahlungen/-erstattungen für Vorjahre</label:label>
      <link:loc xlink:type="locator"
                xlink:href="de-bra-2018-04-01-shell-with-2017-04-01-versioning.xml#ver_100796"
                xlink:label="loc_label_ver_100796"/>
      <gen:arc xlink:type="arc" xlink:title="label ver_100796"
               xlink:arcrole="http://xbrl.org/arcrole/2008/element-label"
               xlink:from="loc_label_ver_100796"
               xlink:to="label_ver_100796"/>
      <label:label xlink:type="resource" xlink:title="label"
                   xlink:role="http://www.xbrl.org/2003/role/label"
                   xlink:label="label_ver_100796"
                   id="ver_100796"
                   xml:lang="de">Gewinn lt. E-Bilanzdatensatz soll mit Gewinn lt. Steuererklärung übereinstimmen</label:label>
      <link:loc xlink:type="locator"
                xlink:href="de-bra-2018-04-01-shell-with-2017-04-01-versioning.xml#ver_100818"
                xlink:label="loc_label_ver_100818"/>
      <gen:arc xlink:type="arc" xlink:title="label ver_100818"
               xlink:arcrole="http://xbrl.org/arcrole/2008/element-label"
               xlink:from="loc_label_ver_100818"
               xlink:to="label_ver_100818"/>
      <label:label xlink:type="resource" xlink:title="label"
                   xlink:role="http://www.xbrl.org/2003/role/label"
                   xlink:label="label_ver_100818"
                   id="ver_100818"
                   xml:lang="de">Gewinn lt. E-Bilanzdatensatz soll mit Gewinn lt. Steuererklärung übereinstimmen</label:label>
      <link:loc xlink:type="locator"
                xlink:href="de-bra-2018-04-01-shell-with-2017-04-01-versioning.xml#ver_100850"
                xlink:label="loc_label_ver_100850"/>
      <gen:arc xlink:type="arc" xlink:title="label ver_100850"
               xlink:arcrole="http://xbrl.org/arcrole/2008/element-label"
               xlink:from="loc_label_ver_100850"
               xlink:to="label_ver_100850"/>
      <label:label xlink:type="resource" xlink:title="label"
                   xlink:role="http://www.xbrl.org/2003/role/label"
                   xlink:label="label_ver_100850"
                   id="ver_100850"
                   xml:lang="de">Untergliederung ebenso wie bei Steuernachzahlungen/-erstattungen für Vorjahre</label:label>
      <link:loc xlink:type="locator"
                xlink:href="de-bra-2018-04-01-shell-with-2017-04-01-versioning.xml#ver_100912"
                xlink:label="loc_label_ver_100912"/>
      <gen:arc xlink:type="arc" xlink:title="label ver_100912"
               xlink:arcrole="http://xbrl.org/arcrole/2008/element-label"
               xlink:from="loc_label_ver_100912"
               xlink:to="label_ver_100912"/>
      <label:label xlink:type="resource" xlink:title="label"
                   xlink:role="http://www.xbrl.org/2003/role/label"
                   xlink:label="label_ver_100912"
                   id="ver_100912"
                   xml:lang="de">Gewinn lt. E-Bilanzdatensatz soll mit Gewinn lt. Steuererklärung übereinstimmen</label:label>
      <link:loc xlink:type="locator"
                xlink:href="de-bra-2018-04-01-shell-with-2017-04-01-versioning.xml#ver_100945"
                xlink:label="loc_label_ver_100945"/>
      <gen:arc xlink:type="arc" xlink:title="label ver_100945"
               xlink:arcrole="http://xbrl.org/arcrole/2008/element-label"
               xlink:from="loc_label_ver_100945"
               xlink:to="label_ver_100945"/>
      <label:label xlink:type="resource" xlink:title="label"
                   xlink:role="http://www.xbrl.org/2003/role/label"
                   xlink:label="label_ver_100945"
                   id="ver_100945"
                   xml:lang="de">Gewinn lt. E-Bilanzdatensatz soll mit Gewinn lt. Steuererklärung übereinstimmen</label:label>
   </gen:link>
</link:linkbase>