<?xml version="1.0" encoding="utf-8"?>
<!--(c) XBRL Deutschland e.V. - see http://www.xbrl.de-->


<linkbase xmlns="http://www.xbrl.org/2003/linkbase"
          xmlns:xsi="http://www.w3.org/2001/XMLSchema-instance"
          xsi:schemaLocation="http://www.xbrl.org/2003/linkbase http://www.xbrl.org/2003/xbrl-linkbase-2003-12-31.xsd">
   <roleRef xmlns:xlink="http://www.w3.org/1999/xlink"
            roleURI="http://www.xbrl.de/taxonomies/de-gaap-ci/role/notes"
            xlink:href="../de-gaap-ci-2018-04-01/de-gaap-ci-2018-04-01.xsd#role_notes"
            xlink:type="simple"/>
   <presentationLink xmlns:xlink="http://www.w3.org/1999/xlink"
                     xlink:role="http://www.xbrl.de/taxonomies/de-gaap-ci/role/notes"
                     xlink:type="extended">
      <loc xlink:type="locator"
           xlink:href="../de-gaap-ci-2018-04-01/de-gaap-ci-2018-04-01.xsd#de-gaap-ci_bs.ass.fixAss"
           xlink:label="de-gaap-ci_bs.ass.fixAss"/>
      <loc xlink:type="locator"
           xlink:href="../de-gaap-ci-2018-04-01/de-gaap-ci-2018-04-01.xsd#de-gaap-ci_bs.ass.fixAss.intan"
           xlink:label="de-gaap-ci_bs.ass.fixAss.intan"/>
      <loc xlink:type="locator"
           xlink:href="../de-gaap-ci-2018-04-01/de-gaap-ci-2018-04-01.xsd#de-gaap-ci_bs.ass.fixAss.intan.other"
           xlink:label="de-gaap-ci_bs.ass.fixAss.intan.other"/>
      <loc xlink:type="locator"
           xlink:href="../de-gaap-ci-2018-04-01/de-gaap-ci-2018-04-01.xsd#de-gaap-ci_bs.ass.fixAss.intan.freeConcession"
           xlink:label="de-gaap-ci_bs.ass.fixAss.intan.freeConcession"/>
      <loc xlink:type="locator"
           xlink:href="../de-gaap-ci-2018-04-01/de-gaap-ci-2018-04-01.xsd#de-gaap-ci_bs.ass.fixAss.intan.freeConcession.concession"
           xlink:label="de-gaap-ci_bs.ass.fixAss.intan.freeConcession.concession"/>
      <loc xlink:type="locator"
           xlink:href="../de-gaap-ci-2018-04-01/de-gaap-ci-2018-04-01.xsd#de-gaap-ci_bs.ass.fixAss.intan.freeConcession.software"
           xlink:label="de-gaap-ci_bs.ass.fixAss.intan.freeConcession.software"/>
      <loc xlink:type="locator"
           xlink:href="../de-gaap-ci-2018-04-01/de-gaap-ci-2018-04-01.xsd#de-gaap-ci_bs.ass.fixAss.intan.freeConcession.licenses"
           xlink:label="de-gaap-ci_bs.ass.fixAss.intan.freeConcession.licenses"/>
      <loc xlink:type="locator"
           xlink:href="../de-gaap-ci-2018-04-01/de-gaap-ci-2018-04-01.xsd#de-gaap-ci_bs.ass.fixAss.intan.freeConcession.propertyRight"
           xlink:label="de-gaap-ci_bs.ass.fixAss.intan.freeConcession.propertyRight"/>
      <loc xlink:type="locator"
           xlink:href="../de-gaap-ci-2018-04-01/de-gaap-ci-2018-04-01.xsd#de-gaap-ci_bs.ass.fixAss.intan.freeConcession.otherRight"
           xlink:label="de-gaap-ci_bs.ass.fixAss.intan.freeConcession.otherRight"/>
      <loc xlink:type="locator"
           xlink:href="../de-gaap-ci-2018-04-01/de-gaap-ci-2018-04-01.xsd#de-gaap-ci_bs.ass.fixAss.intan.freeConcession.otherForeign"
           xlink:label="de-gaap-ci_bs.ass.fixAss.intan.freeConcession.otherForeign"/>
      <loc xlink:type="locator"
           xlink:href="../de-gaap-ci-2018-04-01/de-gaap-ci-2018-04-01.xsd#de-gaap-ci_bs.ass.fixAss.intan.concessionBrands"
           xlink:label="de-gaap-ci_bs.ass.fixAss.intan.concessionBrands"/>
      <loc xlink:type="locator"
           xlink:href="../de-gaap-ci-2018-04-01/de-gaap-ci-2018-04-01.xsd#de-gaap-ci_bs.ass.fixAss.intan.concessionBrands.other"
           xlink:label="de-gaap-ci_bs.ass.fixAss.intan.concessionBrands.other"/>
      <loc xlink:type="locator"
           xlink:href="../de-gaap-ci-2018-04-01/de-gaap-ci-2018-04-01.xsd#de-gaap-ci_bs.ass.fixAss.intan.concessionBrands.tradeMarks"
           xlink:label="de-gaap-ci_bs.ass.fixAss.intan.concessionBrands.tradeMarks"/>
      <loc xlink:type="locator"
           xlink:href="../de-gaap-ci-2018-04-01/de-gaap-ci-2018-04-01.xsd#de-gaap-ci_bs.ass.fixAss.intan.concessionBrands.licenses"
           xlink:label="de-gaap-ci_bs.ass.fixAss.intan.concessionBrands.licenses"/>
      <loc xlink:type="locator"
           xlink:href="../de-gaap-ci-2018-04-01/de-gaap-ci-2018-04-01.xsd#de-gaap-ci_bs.ass.fixAss.intan.concessionBrands.software"
           xlink:label="de-gaap-ci_bs.ass.fixAss.intan.concessionBrands.software"/>
      <loc xlink:type="locator"
           xlink:href="../de-gaap-ci-2018-04-01/de-gaap-ci-2018-04-01.xsd#de-gaap-ci_bs.ass.fixAss.intan.concessionBrands.concession"
           xlink:label="de-gaap-ci_bs.ass.fixAss.intan.concessionBrands.concession"/>
      <loc xlink:type="locator"
           xlink:href="../de-gaap-ci-2018-04-01/de-gaap-ci-2018-04-01.xsd#de-gaap-ci_bs.ass.fixAss.intan.concessionBrandsOtherForeign"
           xlink:label="de-gaap-ci_bs.ass.fixAss.intan.concessionBrandsOtherForeign"/>
      <loc xlink:type="locator"
           xlink:href="../de-gaap-ci-2018-04-01/de-gaap-ci-2018-04-01.xsd#de-gaap-ci_bs.ass.fixAss.intan.goodwill"
           xlink:label="de-gaap-ci_bs.ass.fixAss.intan.goodwill"/>
      <loc xlink:type="locator"
           xlink:href="../de-gaap-ci-2018-04-01/de-gaap-ci-2018-04-01.xsd#de-gaap-ci_bs.ass.fixAss.intan.goodwillOtherForeign"
           xlink:label="de-gaap-ci_bs.ass.fixAss.intan.goodwillOtherForeign"/>
      <loc xlink:type="locator"
           xlink:href="../de-gaap-ci-2018-04-01/de-gaap-ci-2018-04-01.xsd#de-gaap-ci_bs.ass.fixAss.intan.goodwill.purchased"
           xlink:label="de-gaap-ci_bs.ass.fixAss.intan.goodwill.purchased"/>
      <loc xlink:type="locator"
           xlink:href="de-bra-2018-04-01.xsd#de-bra_bs.ass.fixAss.intan.concessionBrands.paymentEntitlements"
           xlink:label="de-bra_bs.ass.fixAss.intan.concessionBrands.paymentEntitlements"/>
      <loc xlink:type="locator"
           xlink:href="../de-gaap-ci-2018-04-01/de-gaap-ci-2018-04-01.xsd#de-gaap-ci_bs.ass.fixAss.intan.development"
           xlink:label="de-gaap-ci_bs.ass.fixAss.intan.development"/>
      <loc xlink:type="locator"
           xlink:href="../de-gaap-ci-2018-04-01/de-gaap-ci-2018-04-01.xsd#de-gaap-ci_bs.ass.fixAss.intan.freeAndPaidConcession"
           xlink:label="de-gaap-ci_bs.ass.fixAss.intan.freeAndPaidConcession"/>
      <loc xlink:type="locator"
           xlink:href="../de-gaap-ci-2018-04-01/de-gaap-ci-2018-04-01.xsd#de-gaap-ci_bs.ass.fixAss.intan.freeAndPaidConcession.propertyRight"
           xlink:label="de-gaap-ci_bs.ass.fixAss.intan.freeAndPaidConcession.propertyRight"/>
      <loc xlink:type="locator"
           xlink:href="../de-gaap-ci-2018-04-01/de-gaap-ci-2018-04-01.xsd#de-gaap-ci_bs.ass.fixAss.intan.freeAndPaidConcession.propertyRight.free"
           xlink:label="de-gaap-ci_bs.ass.fixAss.intan.freeAndPaidConcession.propertyRight.free"/>
      <loc xlink:type="locator"
           xlink:href="../de-gaap-ci-2018-04-01/de-gaap-ci-2018-04-01.xsd#de-gaap-ci_bs.ass.fixAss.intan.freeAndPaidConcession.free"
           xlink:label="de-gaap-ci_bs.ass.fixAss.intan.freeAndPaidConcession.free"/>
      <loc xlink:type="locator"
           xlink:href="../de-gaap-ci-2018-04-01/de-gaap-ci-2018-04-01.xsd#de-gaap-ci_bs.ass.fixAss.intan.freeAndPaidConcession.otherRight"
           xlink:label="de-gaap-ci_bs.ass.fixAss.intan.freeAndPaidConcession.otherRight"/>
      <loc xlink:type="locator"
           xlink:href="../de-gaap-ci-2018-04-01/de-gaap-ci-2018-04-01.xsd#de-gaap-ci_bs.ass.fixAss.intan.freeAndPaidConcession.otherRight.free"
           xlink:label="de-gaap-ci_bs.ass.fixAss.intan.freeAndPaidConcession.otherRight.free"/>
      <loc xlink:type="locator"
           xlink:href="../de-gaap-ci-2018-04-01/de-gaap-ci-2018-04-01.xsd#de-gaap-ci_bs.ass.fixAss.intan.freeAndPaidConcession.software"
           xlink:label="de-gaap-ci_bs.ass.fixAss.intan.freeAndPaidConcession.software"/>
      <loc xlink:type="locator"
           xlink:href="../de-gaap-ci-2018-04-01/de-gaap-ci-2018-04-01.xsd#de-gaap-ci_bs.ass.fixAss.intan.freeAndPaidConcession.software.free"
           xlink:label="de-gaap-ci_bs.ass.fixAss.intan.freeAndPaidConcession.software.free"/>
      <loc xlink:type="locator"
           xlink:href="../de-gaap-ci-2018-04-01/de-gaap-ci-2018-04-01.xsd#de-gaap-ci_bs.ass.fixAss.intan.freeAndPaidConcession.licenses"
           xlink:label="de-gaap-ci_bs.ass.fixAss.intan.freeAndPaidConcession.licenses"/>
      <loc xlink:type="locator"
           xlink:href="../de-gaap-ci-2018-04-01/de-gaap-ci-2018-04-01.xsd#de-gaap-ci_bs.ass.fixAss.intan.freeAndPaidConcession.licenses.free"
           xlink:label="de-gaap-ci_bs.ass.fixAss.intan.freeAndPaidConcession.licenses.free"/>
      <loc xlink:type="locator"
           xlink:href="../de-gaap-ci-2018-04-01/de-gaap-ci-2018-04-01.xsd#de-gaap-ci_bs.ass.fixAss.intan.freeAndPaidConcession.otherForeign"
           xlink:label="de-gaap-ci_bs.ass.fixAss.intan.freeAndPaidConcession.otherForeign"/>
      <loc xlink:type="locator"
           xlink:href="../de-gaap-ci-2018-04-01/de-gaap-ci-2018-04-01.xsd#de-gaap-ci_bs.ass.fixAss.intan.freeAndPaidConcession.otherForeign.free"
           xlink:label="de-gaap-ci_bs.ass.fixAss.intan.freeAndPaidConcession.otherForeign.free"/>
      <loc xlink:type="locator"
           xlink:href="../de-gaap-ci-2018-04-01/de-gaap-ci-2018-04-01.xsd#de-gaap-ci_bs.ass.fixAss.intan.freeAndPaidConcession.concession"
           xlink:label="de-gaap-ci_bs.ass.fixAss.intan.freeAndPaidConcession.concession"/>
      <loc xlink:type="locator"
           xlink:href="../de-gaap-ci-2018-04-01/de-gaap-ci-2018-04-01.xsd#de-gaap-ci_bs.ass.fixAss.intan.freeAndPaidConcession.concession.free"
           xlink:label="de-gaap-ci_bs.ass.fixAss.intan.freeAndPaidConcession.concession.free"/>
      <loc xlink:type="locator"
           xlink:href="de-bra-2018-04-01.xsd#de-bra_bs.ass.fixAss.intan.paidInvestmentGrants"
           xlink:label="de-bra_bs.ass.fixAss.intan.paidInvestmentGrants"/>
      <loc xlink:type="locator"
           xlink:href="../de-gaap-ci-2018-04-01/de-gaap-ci-2018-04-01.xsd#de-gaap-ci_bs.ass.fixAss.intan.selfmade"
           xlink:label="de-gaap-ci_bs.ass.fixAss.intan.selfmade"/>
      <loc xlink:type="locator"
           xlink:href="../de-gaap-ci-2018-04-01/de-gaap-ci-2018-04-01.xsd#de-gaap-ci_bs.ass.fixAss.intan.selfmade.finished"
           xlink:label="de-gaap-ci_bs.ass.fixAss.intan.selfmade.finished"/>
      <loc xlink:type="locator"
           xlink:href="../de-gaap-ci-2018-04-01/de-gaap-ci-2018-04-01.xsd#de-gaap-ci_bs.ass.fixAss.intan.selfmade.underConstr"
           xlink:label="de-gaap-ci_bs.ass.fixAss.intan.selfmade.underConstr"/>
      <loc xlink:type="locator"
           xlink:href="de-bra-2018-04-01.xsd#de-bra_bs.ass.fixAss.intan.buildingCostSubsidies"
           xlink:label="de-bra_bs.ass.fixAss.intan.buildingCostSubsidies"/>
      <loc xlink:type="locator"
           xlink:href="../de-gaap-ci-2018-04-01/de-gaap-ci-2018-04-01.xsd#de-gaap-ci_bs.ass.fixAss.intan.advPaym"
           xlink:label="de-gaap-ci_bs.ass.fixAss.intan.advPaym"/>
      <loc xlink:type="locator"
           xlink:href="de-bra-2018-04-01.xsd#de-bra_bs.ass.fixAss.intan.concessionBrands.MilkTradeLicenses"
           xlink:label="de-bra_bs.ass.fixAss.intan.concessionBrands.MilkTradeLicenses"/>
      <loc xlink:type="locator"
           xlink:href="../de-gaap-ci-2018-04-01/de-gaap-ci-2018-04-01.xsd#de-gaap-ci_bs.ass.fixAss.tan"
           xlink:label="de-gaap-ci_bs.ass.fixAss.tan"/>
      <loc xlink:type="locator"
           xlink:href="../de-gaap-ci-2018-04-01/de-gaap-ci-2018-04-01.xsd#de-gaap-ci_bs.ass.fixAss.tan.machinery"
           xlink:label="de-gaap-ci_bs.ass.fixAss.tan.machinery"/>
      <loc xlink:type="locator"
           xlink:href="de-bra-2018-04-01.xsd#de-bra_bs.ass.fixAss.tan.machinery.greenhouses"
           xlink:label="de-bra_bs.ass.fixAss.tan.machinery.greenhouses"/>
      <loc xlink:type="locator"
           xlink:href="de-bra-2018-04-01.xsd#de-bra_bs.ass.fixAss.tan.machinery.fishingVesselsEngines"
           xlink:label="de-bra_bs.ass.fixAss.tan.machinery.fishingVesselsEngines"/>
      <loc xlink:type="locator"
           xlink:href="de-bra-2018-04-01.xsd#de-bra_bs.ass.fixAss.tan.machinery.wineryEquipment"
           xlink:label="de-bra_bs.ass.fixAss.tan.machinery.wineryEquipment"/>
      <loc xlink:type="locator"
           xlink:href="../de-gaap-ci-2018-04-01/de-gaap-ci-2018-04-01.xsd#de-gaap-ci_bs.ass.fixAss.tan.machinery.gwgsammelposten"
           xlink:label="de-gaap-ci_bs.ass.fixAss.tan.machinery.gwgsammelposten"/>
      <loc xlink:type="locator"
           xlink:href="de-bra-2018-04-01.xsd#de-bra_bs.ass.fixAss.tan.machinery.machineryLuF"
           xlink:label="de-bra_bs.ass.fixAss.tan.machinery.machineryLuF"/>
      <loc xlink:type="locator"
           xlink:href="../de-gaap-ci-2018-04-01/de-gaap-ci-2018-04-01.xsd#de-gaap-ci_bs.ass.fixAss.tan.machinery.othermachinery"
           xlink:label="de-gaap-ci_bs.ass.fixAss.tan.machinery.othermachinery"/>
      <loc xlink:type="locator"
           xlink:href="../de-gaap-ci-2018-04-01/de-gaap-ci-2018-04-01.xsd#de-gaap-ci_bs.ass.fixAss.tan.machinery.gwg"
           xlink:label="de-gaap-ci_bs.ass.fixAss.tan.machinery.gwg"/>
      <loc xlink:type="locator"
           xlink:href="de-bra-2018-04-01.xsd#de-bra_bs.ass.fixAss.tan.machinery.fishingEquipm"
           xlink:label="de-bra_bs.ass.fixAss.tan.machinery.fishingEquipm"/>
      <loc xlink:type="locator"
           xlink:href="../de-gaap-ci-2018-04-01/de-gaap-ci-2018-04-01.xsd#de-gaap-ci_bs.ass.fixAss.tan.machinery.machinery"
           xlink:label="de-gaap-ci_bs.ass.fixAss.tan.machinery.machinery"/>
      <loc xlink:type="locator"
           xlink:href="../de-gaap-ci-2018-04-01/de-gaap-ci-2018-04-01.xsd#de-gaap-ci_bs.ass.fixAss.tan.machinery.spareParts"
           xlink:label="de-gaap-ci_bs.ass.fixAss.tan.machinery.spareParts"/>
      <loc xlink:type="locator"
           xlink:href="../de-gaap-ci-2018-04-01/de-gaap-ci-2018-04-01.xsd#de-gaap-ci_bs.ass.fixAss.tan.machinery.technEquipm"
           xlink:label="de-gaap-ci_bs.ass.fixAss.tan.machinery.technEquipm"/>
      <loc xlink:type="locator"
           xlink:href="../de-gaap-ci-2018-04-01/de-gaap-ci-2018-04-01.xsd#de-gaap-ci_bs.ass.fixAss.tan.machinery.otherForeign"
           xlink:label="de-gaap-ci_bs.ass.fixAss.tan.machinery.otherForeign"/>
      <loc xlink:type="locator"
           xlink:href="de-bra-2018-04-01.xsd#de-bra_bs.ass.fixAss.tan.machinery.heatingSystems"
           xlink:label="de-bra_bs.ass.fixAss.tan.machinery.heatingSystems"/>
      <loc xlink:type="locator"
           xlink:href="../de-gaap-ci-2018-04-01/de-gaap-ci-2018-04-01.xsd#de-gaap-ci_bs.ass.fixAss.tan.machinery.installations"
           xlink:label="de-gaap-ci_bs.ass.fixAss.tan.machinery.installations"/>
      <loc xlink:type="locator"
           xlink:href="de-bra-2018-04-01.xsd#de-bra_bs.ass.fixAss.tan.machinery.fishingVessels"
           xlink:label="de-bra_bs.ass.fixAss.tan.machinery.fishingVessels"/>
      <loc xlink:type="locator"
           xlink:href="de-bra-2018-04-01.xsd#de-bra_bs.ass.fixAss.tan.wasteDisposalFacilities"
           xlink:label="de-bra_bs.ass.fixAss.tan.wasteDisposalFacilities"/>
      <loc xlink:type="locator"
           xlink:href="de-bra-2018-04-01.xsd#de-bra_bs.ass.fixAss.tan.collectionSystemsGross"
           xlink:label="de-bra_bs.ass.fixAss.tan.collectionSystemsGross"/>
      <loc xlink:type="locator"
           xlink:href="de-bra-2018-04-01.xsd#de-bra_bs.ass.fixAss.tan.landWithHeritableBuildingRights"
           xlink:label="de-bra_bs.ass.fixAss.tan.landWithHeritableBuildingRights"/>
      <loc xlink:type="locator"
           xlink:href="de-bra-2018-04-01.xsd#de-bra_bs.ass.fixAss.tan.landWithOperatingBuildings"
           xlink:label="de-bra_bs.ass.fixAss.tan.landWithOperatingBuildings"/>
      <loc xlink:type="locator"
           xlink:href="de-bra-2018-04-01.xsd#de-bra_bs.ass.fixAss.tan.landWithOperatingBuildings.thirdPartyLand"
           xlink:label="de-bra_bs.ass.fixAss.tan.landWithOperatingBuildings.thirdPartyLand"/>
      <loc xlink:type="locator"
           xlink:href="de-bra-2018-04-01.xsd#de-bra_bs.ass.fixAss.tan.landWithOperatingBuildings.land"
           xlink:label="de-bra_bs.ass.fixAss.tan.landWithOperatingBuildings.land"/>
      <loc xlink:type="locator"
           xlink:href="de-bra-2018-04-01.xsd#de-bra_bs.ass.fixAss.tan.landWithOperatingBuildings.operatingBuildings"
           xlink:label="de-bra_bs.ass.fixAss.tan.landWithOperatingBuildings.operatingBuildings"/>
      <loc xlink:type="locator"
           xlink:href="de-bra-2018-04-01.xsd#de-bra_bs.ass.fixAss.tan.otherMachinery"
           xlink:label="de-bra_bs.ass.fixAss.tan.otherMachinery"/>
      <loc xlink:type="locator"
           xlink:href="../de-gaap-ci-2018-04-01/de-gaap-ci-2018-04-01.xsd#de-gaap-ci_bs.ass.fixAss.tan.landBuildings"
           xlink:label="de-gaap-ci_bs.ass.fixAss.tan.landBuildings"/>
      <loc xlink:type="locator"
           xlink:href="../de-gaap-ci-2018-04-01/de-gaap-ci-2018-04-01.xsd#de-gaap-ci_bs.ass.fixAss.tan.landBuildings.costAllocItem"
           xlink:label="de-gaap-ci_bs.ass.fixAss.tan.landBuildings.costAllocItem"/>
      <loc xlink:type="locator"
           xlink:href="de-bra-2018-04-01.xsd#de-bra_bs.ass.fixAss.tan.landBuildings.otherLuF"
           xlink:label="de-bra_bs.ass.fixAss.tan.landBuildings.otherLuF"/>
      <loc xlink:type="locator"
           xlink:href="../de-gaap-ci-2018-04-01/de-gaap-ci-2018-04-01.xsd#de-gaap-ci_bs.ass.fixAss.tan.landBuildings.buildingsOnOwnLand"
           xlink:label="de-gaap-ci_bs.ass.fixAss.tan.landBuildings.buildingsOnOwnLand"/>
      <loc xlink:type="locator"
           xlink:href="../de-gaap-ci-2018-04-01/de-gaap-ci-2018-04-01.xsd#de-gaap-ci_bs.ass.fixAss.tan.landBuildings.buildingsOnOwnLand.landValueShare"
           xlink:label="de-gaap-ci_bs.ass.fixAss.tan.landBuildings.buildingsOnOwnLand.landValueShare"/>
      <loc xlink:type="locator"
           xlink:href="de-bra-2018-04-01.xsd#de-bra_bs.ass.fixAss.tan.landBuildings.infrastructureAssets"
           xlink:label="de-bra_bs.ass.fixAss.tan.landBuildings.infrastructureAssets"/>
      <loc xlink:type="locator"
           xlink:href="de-bra-2018-04-01.xsd#de-bra_bs.ass.fixAss.tan.landBuildings.structures"
           xlink:label="de-bra_bs.ass.fixAss.tan.landBuildings.structures"/>
      <loc xlink:type="locator"
           xlink:href="de-bra-2018-04-01.xsd#de-bra_bs.ass.fixAss.tan.landBuildings.residentialBuildingsLuF"
           xlink:label="de-bra_bs.ass.fixAss.tan.landBuildings.residentialBuildingsLuF"/>
      <loc xlink:type="locator"
           xlink:href="../de-gaap-ci-2018-04-01/de-gaap-ci-2018-04-01.xsd#de-gaap-ci_bs.ass.fixAss.tan.landBuildings.buildingsOnNonOwnedLand"
           xlink:label="de-gaap-ci_bs.ass.fixAss.tan.landBuildings.buildingsOnNonOwnedLand"/>
      <loc xlink:type="locator"
           xlink:href="de-bra-2018-04-01.xsd#de-bra_bs.ass.fixAss.tan.landBuildings.sportsFacilities"
           xlink:label="de-bra_bs.ass.fixAss.tan.landBuildings.sportsFacilities"/>
      <loc xlink:type="locator"
           xlink:href="de-bra-2018-04-01.xsd#de-bra_bs.ass.fixAss.tan.landBuildings.otherBusinessBuildings"
           xlink:label="de-bra_bs.ass.fixAss.tan.landBuildings.otherBusinessBuildings"/>
      <loc xlink:type="locator"
           xlink:href="de-bra-2018-04-01.xsd#de-bra_bs.ass.fixAss.tan.landBuildings.businessBuildings"
           xlink:label="de-bra_bs.ass.fixAss.tan.landBuildings.businessBuildings"/>
      <loc xlink:type="locator"
           xlink:href="de-bra-2018-04-01.xsd#de-bra_bs.ass.fixAss.tan.landBuildings.culturalFacilities"
           xlink:label="de-bra_bs.ass.fixAss.tan.landBuildings.culturalFacilities"/>
      <loc xlink:type="locator"
           xlink:href="../de-gaap-ci-2018-04-01/de-gaap-ci-2018-04-01.xsd#de-gaap-ci_bs.ass.fixAss.tan.landBuildings.rightEquivalentToLandWithoutBuildings"
           xlink:label="de-gaap-ci_bs.ass.fixAss.tan.landBuildings.rightEquivalentToLandWithoutBuildings"/>
      <loc xlink:type="locator"
           xlink:href="../de-gaap-ci-2018-04-01/de-gaap-ci-2018-04-01.xsd#de-gaap-ci_bs.ass.fixAss.tan.landBuildings.other"
           xlink:label="de-gaap-ci_bs.ass.fixAss.tan.landBuildings.other"/>
      <loc xlink:type="locator"
           xlink:href="de-bra-2018-04-01.xsd#de-bra_bs.ass.fixAss.tan.landBuildings.landImprovements"
           xlink:label="de-bra_bs.ass.fixAss.tan.landBuildings.landImprovements"/>
      <loc xlink:type="locator"
           xlink:href="../de-gaap-ci-2018-04-01/de-gaap-ci-2018-04-01.xsd#de-gaap-ci_bs.ass.fixAss.tan.landBuildings.landWithoutBuildings"
           xlink:label="de-gaap-ci_bs.ass.fixAss.tan.landBuildings.landWithoutBuildings"/>
      <loc xlink:type="locator"
           xlink:href="de-bra-2018-04-01.xsd#de-bra_bs.ass.fixAss.tan.landBuildings.officeBuildings"
           xlink:label="de-bra_bs.ass.fixAss.tan.landBuildings.officeBuildings"/>
      <loc xlink:type="locator"
           xlink:href="de-bra-2018-04-01.xsd#de-bra_bs.ass.fixAss.tan.landBuildings.residentialBuildingsEBV"
           xlink:label="de-bra_bs.ass.fixAss.tan.landBuildings.residentialBuildingsEBV"/>
      <loc xlink:type="locator"
           xlink:href="../de-gaap-ci-2018-04-01/de-gaap-ci-2018-04-01.xsd#de-gaap-ci_bs.ass.fixAss.tan.landBuildingsOtherForeign"
           xlink:label="de-gaap-ci_bs.ass.fixAss.tan.landBuildingsOtherForeign"/>
      <loc xlink:type="locator"
           xlink:href="de-bra-2018-04-01.xsd#de-bra_bs.ass.fixAss.tan.landBuildings.schools"
           xlink:label="de-bra_bs.ass.fixAss.tan.landBuildings.schools"/>
      <loc xlink:type="locator"
           xlink:href="de-bra-2018-04-01.xsd#de-bra_bs.ass.fixAss.tan.landBuildings.railroads"
           xlink:label="de-bra_bs.ass.fixAss.tan.landBuildings.railroads"/>
      <loc xlink:type="locator"
           xlink:href="de-bra-2018-04-01.xsd#de-bra_bs.ass.fixAss.tan.landBuildings.gardenFacilities"
           xlink:label="de-bra_bs.ass.fixAss.tan.landBuildings.gardenFacilities"/>
      <loc xlink:type="locator"
           xlink:href="de-bra-2018-04-01.xsd#de-bra_bs.ass.fixAss.tan.landBuildings.welfareFacilities"
           xlink:label="de-bra_bs.ass.fixAss.tan.landBuildings.welfareFacilities"/>
      <loc xlink:type="locator"
           xlink:href="de-bra-2018-04-01.xsd#de-bra_bs.ass.fixAss.tan.landBuildings.landEStG55_1"
           xlink:label="de-bra_bs.ass.fixAss.tan.landBuildings.landEStG55_1"/>
      <loc xlink:type="locator"
           xlink:href="de-bra-2018-04-01.xsd#de-bra_bs.ass.fixAss.tan.landBuildings.greenhouses"
           xlink:label="de-bra_bs.ass.fixAss.tan.landBuildings.greenhouses"/>
      <loc xlink:type="locator"
           xlink:href="de-bra-2018-04-01.xsd#de-bra_bs.ass.fixAss.tan.vehicles"
           xlink:label="de-bra_bs.ass.fixAss.tan.vehicles"/>
      <loc xlink:type="locator"
           xlink:href="../de-gaap-ci-2018-04-01/de-gaap-ci-2018-04-01.xsd#de-gaap-ci_bs.ass.fixAss.tan.inConstrAdvPaym"
           xlink:label="de-gaap-ci_bs.ass.fixAss.tan.inConstrAdvPaym"/>
      <loc xlink:type="locator"
           xlink:href="../de-gaap-ci-2018-04-01/de-gaap-ci-2018-04-01.xsd#de-gaap-ci_bs.ass.fixAss.tan.inConstrAdvPaym.buildingUnderConstr"
           xlink:label="de-gaap-ci_bs.ass.fixAss.tan.inConstrAdvPaym.buildingUnderConstr"/>
      <loc xlink:type="locator"
           xlink:href="../de-gaap-ci-2018-04-01/de-gaap-ci-2018-04-01.xsd#de-gaap-ci_bs.ass.fixAss.tan.inConstrAdvPaym.advPaym"
           xlink:label="de-gaap-ci_bs.ass.fixAss.tan.inConstrAdvPaym.advPaym"/>
      <loc xlink:type="locator"
           xlink:href="../de-gaap-ci-2018-04-01/de-gaap-ci-2018-04-01.xsd#de-gaap-ci_bs.ass.fixAss.tan.inConstrAdvPaymOtherForeign"
           xlink:label="de-gaap-ci_bs.ass.fixAss.tan.inConstrAdvPaymOtherForeign"/>
      <loc xlink:type="locator"
           xlink:href="../de-gaap-ci-2018-04-01/de-gaap-ci-2018-04-01.xsd#de-gaap-ci_bs.ass.fixAss.tan.inConstrAdvPaym.equipmUnderConstr"
           xlink:label="de-gaap-ci_bs.ass.fixAss.tan.inConstrAdvPaym.equipmUnderConstr"/>
      <loc xlink:type="locator"
           xlink:href="de-bra-2018-04-01.xsd#de-bra_bs.ass.fixAss.tan.buildingsThirdPartyLand"
           xlink:label="de-bra_bs.ass.fixAss.tan.buildingsThirdPartyLand"/>
      <loc xlink:type="locator"
           xlink:href="de-bra-2018-04-01.xsd#de-bra_bs.ass.fixAss.tan.allocationStructures"
           xlink:label="de-bra_bs.ass.fixAss.tan.allocationStructures"/>
      <loc xlink:type="locator"
           xlink:href="de-bra-2018-04-01.xsd#de-bra_bs.ass.fixAss.tan.underConstr"
           xlink:label="de-bra_bs.ass.fixAss.tan.underConstr"/>
      <loc xlink:type="locator"
           xlink:href="de-bra-2018-04-01.xsd#de-bra_bs.ass.fixAss.tan.landWithoutBuildingsKHBV"
           xlink:label="de-bra_bs.ass.fixAss.tan.landWithoutBuildingsKHBV"/>
      <loc xlink:type="locator"
           xlink:href="de-bra-2018-04-01.xsd#de-bra_bs.ass.fixAss.tan.animals"
           xlink:label="de-bra_bs.ass.fixAss.tan.animals"/>
      <loc xlink:type="locator"
           xlink:href="de-bra-2018-04-01.xsd#de-bra_bs.ass.fixAss.tan.animals.poultry"
           xlink:label="de-bra_bs.ass.fixAss.tan.animals.poultry"/>
      <loc xlink:type="locator"
           xlink:href="de-bra-2018-04-01.xsd#de-bra_bs.ass.fixAss.tan.animals.cattle"
           xlink:label="de-bra_bs.ass.fixAss.tan.animals.cattle"/>
      <loc xlink:type="locator"
           xlink:href="de-bra-2018-04-01.xsd#de-bra_bs.ass.fixAss.tan.animals.swine"
           xlink:label="de-bra_bs.ass.fixAss.tan.animals.swine"/>
      <loc xlink:type="locator"
           xlink:href="de-bra-2018-04-01.xsd#de-bra_bs.ass.fixAss.tan.animals.other"
           xlink:label="de-bra_bs.ass.fixAss.tan.animals.other"/>
      <loc xlink:type="locator"
           xlink:href="de-bra-2018-04-01.xsd#de-bra_bs.ass.fixAss.tan.animals.sheep"
           xlink:label="de-bra_bs.ass.fixAss.tan.animals.sheep"/>
      <loc xlink:type="locator"
           xlink:href="de-bra-2018-04-01.xsd#de-bra_bs.ass.fixAss.tan.animals.horses"
           xlink:label="de-bra_bs.ass.fixAss.tan.animals.horses"/>
      <loc xlink:type="locator"
           xlink:href="de-bra-2018-04-01.xsd#de-bra_bs.ass.fixAss.tan.wewageTreatmentFacilities"
           xlink:label="de-bra_bs.ass.fixAss.tan.wewageTreatmentFacilities"/>
      <loc xlink:type="locator"
           xlink:href="de-bra-2018-04-01.xsd#de-bra_bs.ass.fixAss.tan.equipm"
           xlink:label="de-bra_bs.ass.fixAss.tan.equipm"/>
      <loc xlink:type="locator"
           xlink:href="de-bra-2018-04-01.xsd#de-bra_bs.ass.fixAss.tan.equipm.gwg"
           xlink:label="de-bra_bs.ass.fixAss.tan.equipm.gwg"/>
      <loc xlink:type="locator"
           xlink:href="de-bra-2018-04-01.xsd#de-bra_bs.ass.fixAss.tan.equipm.gwgsammelposten"
           xlink:label="de-bra_bs.ass.fixAss.tan.equipm.gwgsammelposten"/>
      <loc xlink:type="locator"
           xlink:href="de-bra-2018-04-01.xsd#de-bra_bs.ass.fixAss.tan.equipm.other"
           xlink:label="de-bra_bs.ass.fixAss.tan.equipm.other"/>
      <loc xlink:type="locator"
           xlink:href="de-bra-2018-04-01.xsd#de-bra_bs.ass.fixAss.tan.procurementStructures"
           xlink:label="de-bra_bs.ass.fixAss.tan.procurementStructures"/>
      <loc xlink:type="locator"
           xlink:href="de-bra-2018-04-01.xsd#de-bra_bs.ass.fixAss.tan.disposalSystems"
           xlink:label="de-bra_bs.ass.fixAss.tan.disposalSystems"/>
      <loc xlink:type="locator"
           xlink:href="de-bra-2018-04-01.xsd#de-bra_bs.ass.fixAss.tan.technEquipm"
           xlink:label="de-bra_bs.ass.fixAss.tan.technEquipm"/>
      <loc xlink:type="locator"
           xlink:href="de-bra-2018-04-01.xsd#de-bra_bs.ass.fixAss.tan.technEquipm.gwg"
           xlink:label="de-bra_bs.ass.fixAss.tan.technEquipm.gwg"/>
      <loc xlink:type="locator"
           xlink:href="de-bra-2018-04-01.xsd#de-bra_bs.ass.fixAss.tan.technEquipm.gwgsammelposten"
           xlink:label="de-bra_bs.ass.fixAss.tan.technEquipm.gwgsammelposten"/>
      <loc xlink:type="locator"
           xlink:href="de-bra-2018-04-01.xsd#de-bra_bs.ass.fixAss.tan.technEquipm.other"
           xlink:label="de-bra_bs.ass.fixAss.tan.technEquipm.other"/>
      <loc xlink:type="locator"
           xlink:href="../de-gaap-ci-2018-04-01/de-gaap-ci-2018-04-01.xsd#de-gaap-ci_bs.ass.fixAss.tan.otherEquipm"
           xlink:label="de-gaap-ci_bs.ass.fixAss.tan.otherEquipm"/>
      <loc xlink:type="locator"
           xlink:href="de-bra-2018-04-01.xsd#de-bra_bs.ass.fixAss.tan.otherEquipm.pointOfSaleFittings"
           xlink:label="de-bra_bs.ass.fixAss.tan.otherEquipm.pointOfSaleFittings"/>
      <loc xlink:type="locator"
           xlink:href="../de-gaap-ci-2018-04-01/de-gaap-ci-2018-04-01.xsd#de-gaap-ci_bs.ass.fixAss.tan.otherEquipm.gwgsammelposten"
           xlink:label="de-gaap-ci_bs.ass.fixAss.tan.otherEquipm.gwgsammelposten"/>
      <loc xlink:type="locator"
           xlink:href="de-bra-2018-04-01.xsd#de-bra_bs.ass.fixAss.tan.otherEquipm.passengerCarsLuF"
           xlink:label="de-bra_bs.ass.fixAss.tan.otherEquipm.passengerCarsLuF"/>
      <loc xlink:type="locator"
           xlink:href="../de-gaap-ci-2018-04-01/de-gaap-ci-2018-04-01.xsd#de-gaap-ci_bs.ass.fixAss.tan.otherEquipm.factory"
           xlink:label="de-gaap-ci_bs.ass.fixAss.tan.otherEquipm.factory"/>
      <loc xlink:type="locator"
           xlink:href="../de-gaap-ci-2018-04-01/de-gaap-ci-2018-04-01.xsd#de-gaap-ci_bs.ass.fixAss.tan.otherEquipm.gwg"
           xlink:label="de-gaap-ci_bs.ass.fixAss.tan.otherEquipm.gwg"/>
      <loc xlink:type="locator"
           xlink:href="de-bra-2018-04-01.xsd#de-bra_bs.ass.fixAss.tan.otherEquipm.officeFittings"
           xlink:label="de-bra_bs.ass.fixAss.tan.otherEquipm.officeFittings"/>
      <loc xlink:type="locator"
           xlink:href="../de-gaap-ci-2018-04-01/de-gaap-ci-2018-04-01.xsd#de-gaap-ci_bs.ass.fixAss.tan.otherEquipm.otherbga"
           xlink:label="de-gaap-ci_bs.ass.fixAss.tan.otherEquipm.otherbga"/>
      <loc xlink:type="locator"
           xlink:href="../de-gaap-ci-2018-04-01/de-gaap-ci-2018-04-01.xsd#de-gaap-ci_bs.ass.fixAss.tan.otherEquipm.office"
           xlink:label="de-gaap-ci_bs.ass.fixAss.tan.otherEquipm.office"/>
      <loc xlink:type="locator"
           xlink:href="../de-gaap-ci-2018-04-01/de-gaap-ci-2018-04-01.xsd#de-gaap-ci_bs.ass.fixAss.tan.otherEquipm.other"
           xlink:label="de-gaap-ci_bs.ass.fixAss.tan.otherEquipm.other"/>
      <loc xlink:type="locator"
           xlink:href="de-bra-2018-04-01.xsd#de-bra_bs.ass.fixAss.tan.otherEquipm.workshopFittings"
           xlink:label="de-bra_bs.ass.fixAss.tan.otherEquipm.workshopFittings"/>
      <loc xlink:type="locator"
           xlink:href="de-bra-2018-04-01.xsd#de-bra_bs.ass.fixAss.tan.otherEquipm.vehicleFleet"
           xlink:label="de-bra_bs.ass.fixAss.tan.otherEquipm.vehicleFleet"/>
      <loc xlink:type="locator"
           xlink:href="../de-gaap-ci-2018-04-01/de-gaap-ci-2018-04-01.xsd#de-gaap-ci_bs.ass.fixAss.tan.otherEquipmOtherForeign"
           xlink:label="de-gaap-ci_bs.ass.fixAss.tan.otherEquipmOtherForeign"/>
      <loc xlink:type="locator"
           xlink:href="de-bra-2018-04-01.xsd#de-bra_bs.ass.fixAss.tan.stayingWood"
           xlink:label="de-bra_bs.ass.fixAss.tan.stayingWood"/>
      <loc xlink:type="locator"
           xlink:href="de-bra-2018-04-01.xsd#de-bra_bs.ass.fixAss.tan.prepayments"
           xlink:label="de-bra_bs.ass.fixAss.tan.prepayments"/>
      <loc xlink:type="locator"
           xlink:href="de-bra-2018-04-01.xsd#de-bra_bs.ass.fixAss.tan.sewerInterceptorFacilities"
           xlink:label="de-bra_bs.ass.fixAss.tan.sewerInterceptorFacilities"/>
      <loc xlink:type="locator"
           xlink:href="de-bra-2018-04-01.xsd#de-bra_bs.ass.fixAss.tan.pubDomain"
           xlink:label="de-bra_bs.ass.fixAss.tan.pubDomain"/>
      <loc xlink:type="locator"
           xlink:href="de-bra-2018-04-01.xsd#de-bra_bs.ass.fixAss.tan.pubDomain.cultHeritage"
           xlink:label="de-bra_bs.ass.fixAss.tan.pubDomain.cultHeritage"/>
      <loc xlink:type="locator"
           xlink:href="de-bra-2018-04-01.xsd#de-bra_bs.ass.fixAss.tan.pubDomain.infrastructure"
           xlink:label="de-bra_bs.ass.fixAss.tan.pubDomain.infrastructure"/>
      <loc xlink:type="locator"
           xlink:href="de-bra-2018-04-01.xsd#de-bra_bs.ass.fixAss.tan.pubDomain.naturalHeritage"
           xlink:label="de-bra_bs.ass.fixAss.tan.pubDomain.naturalHeritage"/>
      <loc xlink:type="locator"
           xlink:href="de-bra-2018-04-01.xsd#de-bra_bs.ass.fixAss.tan.pubDomain.floraFaunaCollections"
           xlink:label="de-bra_bs.ass.fixAss.tan.pubDomain.floraFaunaCollections"/>
      <loc xlink:type="locator"
           xlink:href="de-bra-2018-04-01.xsd#de-bra_bs.ass.fixAss.tan.pubDomain.lowValueAssets"
           xlink:label="de-bra_bs.ass.fixAss.tan.pubDomain.lowValueAssets"/>
      <loc xlink:type="locator"
           xlink:href="de-bra-2018-04-01.xsd#de-bra_bs.ass.fixAss.tan.pubDomain.aquaticHeritage"
           xlink:label="de-bra_bs.ass.fixAss.tan.pubDomain.aquaticHeritage"/>
      <loc xlink:type="locator"
           xlink:href="de-bra-2018-04-01.xsd#de-bra_bs.ass.fixAss.tan.pubDomain.forestHeritage"
           xlink:label="de-bra_bs.ass.fixAss.tan.pubDomain.forestHeritage"/>
      <loc xlink:type="locator"
           xlink:href="de-bra-2018-04-01.xsd#de-bra_bs.ass.fixAss.tan.collectionSystemsSubsidies"
           xlink:label="de-bra_bs.ass.fixAss.tan.collectionSystemsSubsidies"/>
      <loc xlink:type="locator"
           xlink:href="de-bra-2018-04-01.xsd#de-bra_bs.ass.fixAss.tan.vehiclesForTransport"
           xlink:label="de-bra_bs.ass.fixAss.tan.vehiclesForTransport"/>
      <loc xlink:type="locator"
           xlink:href="../de-gaap-ci-2018-04-01/de-gaap-ci-2018-04-01.xsd#de-gaap-ci_bs.ass.fixAss.tan.other"
           xlink:label="de-gaap-ci_bs.ass.fixAss.tan.other"/>
      <loc xlink:type="locator"
           xlink:href="../de-gaap-ci-2018-04-01/de-gaap-ci-2018-04-01.xsd#de-gaap-ci_bs.ass.fixAss.tan.other.other"
           xlink:label="de-gaap-ci_bs.ass.fixAss.tan.other.other"/>
      <loc xlink:type="locator"
           xlink:href="../de-gaap-ci-2018-04-01/de-gaap-ci-2018-04-01.xsd#de-gaap-ci_bs.ass.fixAss.tan.other.leasedAss"
           xlink:label="de-gaap-ci_bs.ass.fixAss.tan.other.leasedAss"/>
      <loc xlink:type="locator"
           xlink:href="../de-gaap-ci-2018-04-01/de-gaap-ci-2018-04-01.xsd#de-gaap-ci_bs.ass.fixAss.tan.branche_kfz"
           xlink:label="de-gaap-ci_bs.ass.fixAss.tan.branche_kfz"/>
      <loc xlink:type="locator"
           xlink:href="../de-gaap-ci-2018-04-01/de-gaap-ci-2018-04-01.xsd#de-gaap-ci_bs.ass.fixAss.tan.branche_kfz.compCar"
           xlink:label="de-gaap-ci_bs.ass.fixAss.tan.branche_kfz.compCar"/>
      <loc xlink:type="locator"
           xlink:href="../de-gaap-ci-2018-04-01/de-gaap-ci-2018-04-01.xsd#de-gaap-ci_bs.ass.fixAss.tan.branche_kfz.demoModel"
           xlink:label="de-gaap-ci_bs.ass.fixAss.tan.branche_kfz.demoModel"/>
      <loc xlink:type="locator"
           xlink:href="de-bra-2018-04-01.xsd#de-bra_bs.ass.fixAss.tan.landWithoutBuildingsWUV"
           xlink:label="de-bra_bs.ass.fixAss.tan.landWithoutBuildingsWUV"/>
      <loc xlink:type="locator"
           xlink:href="de-bra-2018-04-01.xsd#de-bra_bs.ass.fixAss.tan.collectionSystemsNet"
           xlink:label="de-bra_bs.ass.fixAss.tan.collectionSystemsNet"/>
      <loc xlink:type="locator"
           xlink:href="de-bra-2018-04-01.xsd#de-bra_bs.ass.fixAss.tan.permanentPlants"
           xlink:label="de-bra_bs.ass.fixAss.tan.permanentPlants"/>
      <loc xlink:type="locator"
           xlink:href="de-bra-2018-04-01.xsd#de-bra_bs.ass.fixAss.tan.constrPrepCosts"
           xlink:label="de-bra_bs.ass.fixAss.tan.constrPrepCosts"/>
      <loc xlink:type="locator"
           xlink:href="de-bra-2018-04-01.xsd#de-bra_bs.ass.fixAss.tan.safetySystems"
           xlink:label="de-bra_bs.ass.fixAss.tan.safetySystems"/>
      <loc xlink:type="locator"
           xlink:href="de-bra-2018-04-01.xsd#de-bra_bs.ass.fixAss.tan.landWithBusinessBuildings"
           xlink:label="de-bra_bs.ass.fixAss.tan.landWithBusinessBuildings"/>
      <loc xlink:type="locator"
           xlink:href="de-bra-2018-04-01.xsd#de-bra_bs.ass.fixAss.tan.landWithBusinessBuildings.land"
           xlink:label="de-bra_bs.ass.fixAss.tan.landWithBusinessBuildings.land"/>
      <loc xlink:type="locator"
           xlink:href="de-bra-2018-04-01.xsd#de-bra_bs.ass.fixAss.tan.landWithResidentialBuildingsKHBV"
           xlink:label="de-bra_bs.ass.fixAss.tan.landWithResidentialBuildingsKHBV"/>
      <loc xlink:type="locator"
           xlink:href="de-bra-2018-04-01.xsd#de-bra_bs.ass.fixAss.tan.landWithResidentialBuildingsKHBV.residentialBuildings"
           xlink:label="de-bra_bs.ass.fixAss.tan.landWithResidentialBuildingsKHBV.residentialBuildings"/>
      <loc xlink:type="locator"
           xlink:href="de-bra-2018-04-01.xsd#de-bra_bs.ass.fixAss.tan.landWithResidentialBuildingsKHBV.thirdPartyLand"
           xlink:label="de-bra_bs.ass.fixAss.tan.landWithResidentialBuildingsKHBV.thirdPartyLand"/>
      <loc xlink:type="locator"
           xlink:href="de-bra-2018-04-01.xsd#de-bra_bs.ass.fixAss.tan.landWithResidentialBuildingsKHBV.land"
           xlink:label="de-bra_bs.ass.fixAss.tan.landWithResidentialBuildingsKHBV.land"/>
      <loc xlink:type="locator"
           xlink:href="de-bra-2018-04-01.xsd#de-bra_bs.ass.fixAss.tan.landWithResidentialBuildingsKHBV.costAllocItem"
           xlink:label="de-bra_bs.ass.fixAss.tan.landWithResidentialBuildingsKHBV.costAllocItem"/>
      <loc xlink:type="locator"
           xlink:href="de-bra-2018-04-01.xsd#de-bra_bs.ass.fixAss.tan.landWithResidentialBuildingsWUV"
           xlink:label="de-bra_bs.ass.fixAss.tan.landWithResidentialBuildingsWUV"/>
      <loc xlink:type="locator"
           xlink:href="de-bra-2018-04-01.xsd#de-bra_bs.ass.fixAss.tan.landWithResidentialBuildingsWUV.costAllocItem"
           xlink:label="de-bra_bs.ass.fixAss.tan.landWithResidentialBuildingsWUV.costAllocItem"/>
      <loc xlink:type="locator"
           xlink:href="de-bra-2018-04-01.xsd#de-bra_bs.ass.fixAss.tan.landWithResidentialBuildingsWUV.land"
           xlink:label="de-bra_bs.ass.fixAss.tan.landWithResidentialBuildingsWUV.land"/>
      <loc xlink:type="locator"
           xlink:href="de-bra-2018-04-01.xsd#de-bra_bs.ass.fixAss.tan.equipmWithoutVehicles"
           xlink:label="de-bra_bs.ass.fixAss.tan.equipmWithoutVehicles"/>
      <loc xlink:type="locator"
           xlink:href="de-bra-2018-04-01.xsd#de-bra_bs.ass.fixAss.tan.equipmWithoutVehicles.other"
           xlink:label="de-bra_bs.ass.fixAss.tan.equipmWithoutVehicles.other"/>
      <loc xlink:type="locator"
           xlink:href="de-bra-2018-04-01.xsd#de-bra_bs.ass.fixAss.tan.equipmWithoutVehicles.gwgsammelposten"
           xlink:label="de-bra_bs.ass.fixAss.tan.equipmWithoutVehicles.gwgsammelposten"/>
      <loc xlink:type="locator"
           xlink:href="de-bra-2018-04-01.xsd#de-bra_bs.ass.fixAss.tan.equipmWithoutVehicles.gwg"
           xlink:label="de-bra_bs.ass.fixAss.tan.equipmWithoutVehicles.gwg"/>
      <loc xlink:type="locator"
           xlink:href="de-bra-2018-04-01.xsd#de-bra_bs.ass.fixAss.tan.wasteTreatmentFacilities"
           xlink:label="de-bra_bs.ass.fixAss.tan.wasteTreatmentFacilities"/>
      <loc xlink:type="locator"
           xlink:href="../de-gaap-ci-2018-04-01/de-gaap-ci-2018-04-01.xsd#de-gaap-ci_bs.ass.fixAss.fin"
           xlink:label="de-gaap-ci_bs.ass.fixAss.fin"/>
      <loc xlink:type="locator"
           xlink:href="../de-gaap-ci-2018-04-01/de-gaap-ci-2018-04-01.xsd#de-gaap-ci_bs.ass.fixAss.fin.loansToSharehold"
           xlink:label="de-gaap-ci_bs.ass.fixAss.fin.loansToSharehold"/>
      <loc xlink:type="locator"
           xlink:href="../de-gaap-ci-2018-04-01/de-gaap-ci-2018-04-01.xsd#de-gaap-ci_bs.ass.fixAss.fin.loansToSharehold.gmbhSilent"
           xlink:label="de-gaap-ci_bs.ass.fixAss.fin.loansToSharehold.gmbhSilent"/>
      <loc xlink:type="locator"
           xlink:href="../de-gaap-ci-2018-04-01/de-gaap-ci-2018-04-01.xsd#de-gaap-ci_bs.ass.fixAss.fin.loansToSharehold.misc"
           xlink:label="de-gaap-ci_bs.ass.fixAss.fin.loansToSharehold.misc"/>
      <loc xlink:type="locator"
           xlink:href="../de-gaap-ci-2018-04-01/de-gaap-ci-2018-04-01.xsd#de-gaap-ci_bs.ass.fixAss.fin.loansToSharehold.unlimitedLiable"
           xlink:label="de-gaap-ci_bs.ass.fixAss.fin.loansToSharehold.unlimitedLiable"/>
      <loc xlink:type="locator"
           xlink:href="../de-gaap-ci-2018-04-01/de-gaap-ci-2018-04-01.xsd#de-gaap-ci_bs.ass.fixAss.fin.loansToSharehold.limitedLiable"
           xlink:label="de-gaap-ci_bs.ass.fixAss.fin.loansToSharehold.limitedLiable"/>
      <loc xlink:type="locator"
           xlink:href="../de-gaap-ci-2018-04-01/de-gaap-ci-2018-04-01.xsd#de-gaap-ci_bs.ass.fixAss.fin.loansToParticip"
           xlink:label="de-gaap-ci_bs.ass.fixAss.fin.loansToParticip"/>
      <loc xlink:type="locator"
           xlink:href="../de-gaap-ci-2018-04-01/de-gaap-ci-2018-04-01.xsd#de-gaap-ci_bs.ass.fixAss.fin.loansToParticip.subsidiaries"
           xlink:label="de-gaap-ci_bs.ass.fixAss.fin.loansToParticip.subsidiaries"/>
      <loc xlink:type="locator"
           xlink:href="../de-gaap-ci-2018-04-01/de-gaap-ci-2018-04-01.xsd#de-gaap-ci_bs.ass.fixAss.fin.loansToParticip.parentComp"
           xlink:label="de-gaap-ci_bs.ass.fixAss.fin.loansToParticip.parentComp"/>
      <loc xlink:type="locator"
           xlink:href="../de-gaap-ci-2018-04-01/de-gaap-ci-2018-04-01.xsd#de-gaap-ci_bs.ass.fixAss.fin.loansToParticip.corporations"
           xlink:label="de-gaap-ci_bs.ass.fixAss.fin.loansToParticip.corporations"/>
      <loc xlink:type="locator"
           xlink:href="../de-gaap-ci-2018-04-01/de-gaap-ci-2018-04-01.xsd#de-gaap-ci_bs.ass.fixAss.fin.loansToParticipOtherForeign"
           xlink:label="de-gaap-ci_bs.ass.fixAss.fin.loansToParticipOtherForeign"/>
      <loc xlink:type="locator"
           xlink:href="../de-gaap-ci-2018-04-01/de-gaap-ci-2018-04-01.xsd#de-gaap-ci_bs.ass.fixAss.fin.loansToParticip.other"
           xlink:label="de-gaap-ci_bs.ass.fixAss.fin.loansToParticip.other"/>
      <loc xlink:type="locator"
           xlink:href="../de-gaap-ci-2018-04-01/de-gaap-ci-2018-04-01.xsd#de-gaap-ci_bs.ass.fixAss.fin.loansToParticip.partnerships"
           xlink:label="de-gaap-ci_bs.ass.fixAss.fin.loansToParticip.partnerships"/>
      <loc xlink:type="locator"
           xlink:href="../de-gaap-ci-2018-04-01/de-gaap-ci-2018-04-01.xsd#de-gaap-ci_bs.ass.fixAss.fin.securities"
           xlink:label="de-gaap-ci_bs.ass.fixAss.fin.securities"/>
      <loc xlink:type="locator"
           xlink:href="../de-gaap-ci-2018-04-01/de-gaap-ci-2018-04-01.xsd#de-gaap-ci_bs.ass.fixAss.fin.securities.partCertificate"
           xlink:label="de-gaap-ci_bs.ass.fixAss.fin.securities.partCertificate"/>
      <loc xlink:type="locator"
           xlink:href="../de-gaap-ci-2018-04-01/de-gaap-ci-2018-04-01.xsd#de-gaap-ci_bs.ass.fixAss.fin.securities.mutInvestm"
           xlink:label="de-gaap-ci_bs.ass.fixAss.fin.securities.mutInvestm"/>
      <loc xlink:type="locator"
           xlink:href="../de-gaap-ci-2018-04-01/de-gaap-ci-2018-04-01.xsd#de-gaap-ci_bs.ass.fixAss.fin.securitiesOtherForeign"
           xlink:label="de-gaap-ci_bs.ass.fixAss.fin.securitiesOtherForeign"/>
      <loc xlink:type="locator"
           xlink:href="../de-gaap-ci-2018-04-01/de-gaap-ci-2018-04-01.xsd#de-gaap-ci_bs.ass.fixAss.fin.securities.other"
           xlink:label="de-gaap-ci_bs.ass.fixAss.fin.securities.other"/>
      <loc xlink:type="locator"
           xlink:href="../de-gaap-ci-2018-04-01/de-gaap-ci-2018-04-01.xsd#de-gaap-ci_bs.ass.fixAss.fin.securities.convertBond"
           xlink:label="de-gaap-ci_bs.ass.fixAss.fin.securities.convertBond"/>
      <loc xlink:type="locator"
           xlink:href="../de-gaap-ci-2018-04-01/de-gaap-ci-2018-04-01.xsd#de-gaap-ci_bs.ass.fixAss.fin.securities.securities"
           xlink:label="de-gaap-ci_bs.ass.fixAss.fin.securities.securities"/>
      <loc xlink:type="locator"
           xlink:href="../de-gaap-ci-2018-04-01/de-gaap-ci-2018-04-01.xsd#de-gaap-ci_bs.ass.fixAss.fin.securities.shares"
           xlink:label="de-gaap-ci_bs.ass.fixAss.fin.securities.shares"/>
      <loc xlink:type="locator"
           xlink:href="../de-gaap-ci-2018-04-01/de-gaap-ci-2018-04-01.xsd#de-gaap-ci_bs.ass.fixAss.fin.securities.warrants"
           xlink:label="de-gaap-ci_bs.ass.fixAss.fin.securities.warrants"/>
      <loc xlink:type="locator"
           xlink:href="../de-gaap-ci-2018-04-01/de-gaap-ci-2018-04-01.xsd#de-gaap-ci_bs.ass.fixAss.fin.securities.bonds"
           xlink:label="de-gaap-ci_bs.ass.fixAss.fin.securities.bonds"/>
      <loc xlink:type="locator"
           xlink:href="../de-gaap-ci-2018-04-01/de-gaap-ci-2018-04-01.xsd#de-gaap-ci_bs.ass.fixAss.fin.particip"
           xlink:label="de-gaap-ci_bs.ass.fixAss.fin.particip"/>
      <loc xlink:type="locator"
           xlink:href="../de-gaap-ci-2018-04-01/de-gaap-ci-2018-04-01.xsd#de-gaap-ci_bs.ass.fixAss.fin.particip.silent"
           xlink:label="de-gaap-ci_bs.ass.fixAss.fin.particip.silent"/>
      <loc xlink:type="locator"
           xlink:href="../de-gaap-ci-2018-04-01/de-gaap-ci-2018-04-01.xsd#de-gaap-ci_bs.ass.fixAss.fin.particip.silent.atypical"
           xlink:label="de-gaap-ci_bs.ass.fixAss.fin.particip.silent.atypical"/>
      <loc xlink:type="locator"
           xlink:href="../de-gaap-ci-2018-04-01/de-gaap-ci-2018-04-01.xsd#de-gaap-ci_bs.ass.fixAss.fin.particip.silent.typical"
           xlink:label="de-gaap-ci_bs.ass.fixAss.fin.particip.silent.typical"/>
      <loc xlink:type="locator"
           xlink:href="../de-gaap-ci-2018-04-01/de-gaap-ci-2018-04-01.xsd#de-gaap-ci_bs.ass.fixAss.fin.particip.generalPartners"
           xlink:label="de-gaap-ci_bs.ass.fixAss.fin.particip.generalPartners"/>
      <loc xlink:type="locator"
           xlink:href="../de-gaap-ci-2018-04-01/de-gaap-ci-2018-04-01.xsd#de-gaap-ci_bs.ass.fixAss.fin.particip.corporations"
           xlink:label="de-gaap-ci_bs.ass.fixAss.fin.particip.corporations"/>
      <loc xlink:type="locator"
           xlink:href="../de-gaap-ci-2018-04-01/de-gaap-ci-2018-04-01.xsd#de-gaap-ci_bs.ass.fixAss.fin.particip.partnerships"
           xlink:label="de-gaap-ci_bs.ass.fixAss.fin.particip.partnerships"/>
      <loc xlink:type="locator"
           xlink:href="../de-gaap-ci-2018-04-01/de-gaap-ci-2018-04-01.xsd#de-gaap-ci_bs.ass.fixAss.fin.particip.other"
           xlink:label="de-gaap-ci_bs.ass.fixAss.fin.particip.other"/>
      <loc xlink:type="locator"
           xlink:href="../de-gaap-ci-2018-04-01/de-gaap-ci-2018-04-01.xsd#de-gaap-ci_bs.ass.fixAss.fin.participOtherForeign"
           xlink:label="de-gaap-ci_bs.ass.fixAss.fin.participOtherForeign"/>
      <loc xlink:type="locator"
           xlink:href="de-bra-2018-04-01.xsd#de-bra_bs.ass.fixAss.fin.separate"
           xlink:label="de-bra_bs.ass.fixAss.fin.separate"/>
      <loc xlink:type="locator"
           xlink:href="../de-gaap-ci-2018-04-01/de-gaap-ci-2018-04-01.xsd#de-gaap-ci_bs.ass.fixAss.fin.loansToAffil"
           xlink:label="de-gaap-ci_bs.ass.fixAss.fin.loansToAffil"/>
      <loc xlink:type="locator"
           xlink:href="../de-gaap-ci-2018-04-01/de-gaap-ci-2018-04-01.xsd#de-gaap-ci_bs.ass.fixAss.fin.loansToAffil.parentComp"
           xlink:label="de-gaap-ci_bs.ass.fixAss.fin.loansToAffil.parentComp"/>
      <loc xlink:type="locator"
           xlink:href="../de-gaap-ci-2018-04-01/de-gaap-ci-2018-04-01.xsd#de-gaap-ci_bs.ass.fixAss.fin.loansToAffil.soleProprietor"
           xlink:label="de-gaap-ci_bs.ass.fixAss.fin.loansToAffil.soleProprietor"/>
      <loc xlink:type="locator"
           xlink:href="../de-gaap-ci-2018-04-01/de-gaap-ci-2018-04-01.xsd#de-gaap-ci_bs.ass.fixAss.fin.loansToAffil.other"
           xlink:label="de-gaap-ci_bs.ass.fixAss.fin.loansToAffil.other"/>
      <loc xlink:type="locator"
           xlink:href="../de-gaap-ci-2018-04-01/de-gaap-ci-2018-04-01.xsd#de-gaap-ci_bs.ass.fixAss.fin.loansToAffil.subsidiaries"
           xlink:label="de-gaap-ci_bs.ass.fixAss.fin.loansToAffil.subsidiaries"/>
      <loc xlink:type="locator"
           xlink:href="../de-gaap-ci-2018-04-01/de-gaap-ci-2018-04-01.xsd#de-gaap-ci_bs.ass.fixAss.fin.loansToAffilOtherForeign"
           xlink:label="de-gaap-ci_bs.ass.fixAss.fin.loansToAffilOtherForeign"/>
      <loc xlink:type="locator"
           xlink:href="../de-gaap-ci-2018-04-01/de-gaap-ci-2018-04-01.xsd#de-gaap-ci_bs.ass.fixAss.fin.loansToAffil.partnerships"
           xlink:label="de-gaap-ci_bs.ass.fixAss.fin.loansToAffil.partnerships"/>
      <loc xlink:type="locator"
           xlink:href="../de-gaap-ci-2018-04-01/de-gaap-ci-2018-04-01.xsd#de-gaap-ci_bs.ass.fixAss.fin.loansToAffil.corporations"
           xlink:label="de-gaap-ci_bs.ass.fixAss.fin.loansToAffil.corporations"/>
      <loc xlink:type="locator"
           xlink:href="../de-gaap-ci-2018-04-01/de-gaap-ci-2018-04-01.xsd#de-gaap-ci_bs.ass.fixAss.fin.LoansToShareholder"
           xlink:label="de-gaap-ci_bs.ass.fixAss.fin.LoansToShareholder"/>
      <loc xlink:type="locator"
           xlink:href="../de-gaap-ci-2018-04-01/de-gaap-ci-2018-04-01.xsd#de-gaap-ci_bs.ass.fixAss.fin.otherLoans"
           xlink:label="de-gaap-ci_bs.ass.fixAss.fin.otherLoans"/>
      <loc xlink:type="locator"
           xlink:href="../de-gaap-ci-2018-04-01/de-gaap-ci-2018-04-01.xsd#de-gaap-ci_bs.ass.fixAss.fin.otherLoansOtherForeign"
           xlink:label="de-gaap-ci_bs.ass.fixAss.fin.otherLoansOtherForeign"/>
      <loc xlink:type="locator"
           xlink:href="../de-gaap-ci-2018-04-01/de-gaap-ci-2018-04-01.xsd#de-gaap-ci_bs.ass.fixAss.fin.otherLoans.other"
           xlink:label="de-gaap-ci_bs.ass.fixAss.fin.otherLoans.other"/>
      <loc xlink:type="locator"
           xlink:href="../de-gaap-ci-2018-04-01/de-gaap-ci-2018-04-01.xsd#de-gaap-ci_bs.ass.fixAss.fin.otherLoans.employees"
           xlink:label="de-gaap-ci_bs.ass.fixAss.fin.otherLoans.employees"/>
      <loc xlink:type="locator"
           xlink:href="de-bra-2018-04-01.xsd#de-bra_bs.ass.fixAss.fin.sepAsset"
           xlink:label="de-bra_bs.ass.fixAss.fin.sepAsset"/>
      <loc xlink:type="locator"
           xlink:href="../de-gaap-ci-2018-04-01/de-gaap-ci-2018-04-01.xsd#de-gaap-ci_bs.ass.fixAss.fin.otherFinAss"
           xlink:label="de-gaap-ci_bs.ass.fixAss.fin.otherFinAss"/>
      <loc xlink:type="locator"
           xlink:href="../de-gaap-ci-2018-04-01/de-gaap-ci-2018-04-01.xsd#de-gaap-ci_bs.ass.fixAss.fin.otherFinAss.profSharRights"
           xlink:label="de-gaap-ci_bs.ass.fixAss.fin.otherFinAss.profSharRights"/>
      <loc xlink:type="locator"
           xlink:href="../de-gaap-ci-2018-04-01/de-gaap-ci-2018-04-01.xsd#de-gaap-ci_bs.ass.fixAss.fin.otherFinAss.coopShares"
           xlink:label="de-gaap-ci_bs.ass.fixAss.fin.otherFinAss.coopShares"/>
      <loc xlink:type="locator"
           xlink:href="../de-gaap-ci-2018-04-01/de-gaap-ci-2018-04-01.xsd#de-gaap-ci_bs.ass.fixAss.fin.otherFinAss.other"
           xlink:label="de-gaap-ci_bs.ass.fixAss.fin.otherFinAss.other"/>
      <loc xlink:type="locator"
           xlink:href="../de-gaap-ci-2018-04-01/de-gaap-ci-2018-04-01.xsd#de-gaap-ci_bs.ass.fixAss.fin.otherFinAss.reInsurClaim"
           xlink:label="de-gaap-ci_bs.ass.fixAss.fin.otherFinAss.reInsurClaim"/>
      <loc xlink:type="locator"
           xlink:href="../de-gaap-ci-2018-04-01/de-gaap-ci-2018-04-01.xsd#de-gaap-ci_bs.ass.fixAss.fin.otherFinAss.silent"
           xlink:label="de-gaap-ci_bs.ass.fixAss.fin.otherFinAss.silent"/>
      <loc xlink:type="locator"
           xlink:href="de-bra-2018-04-01.xsd#de-bra_bs.ass.fixAss.fin.otherFinAss.shareholdersKHBV"
           xlink:label="de-bra_bs.ass.fixAss.fin.otherFinAss.shareholdersKHBV"/>
      <loc xlink:type="locator"
           xlink:href="de-bra-2018-04-01.xsd#de-bra_bs.ass.fixAss.fin.loansToSeparateAssets"
           xlink:label="de-bra_bs.ass.fixAss.fin.loansToSeparateAssets"/>
      <loc xlink:type="locator"
           xlink:href="../de-gaap-ci-2018-04-01/de-gaap-ci-2018-04-01.xsd#de-gaap-ci_bs.ass.fixAss.fin.sharesInAffil"
           xlink:label="de-gaap-ci_bs.ass.fixAss.fin.sharesInAffil"/>
      <loc xlink:type="locator"
           xlink:href="../de-gaap-ci-2018-04-01/de-gaap-ci-2018-04-01.xsd#de-gaap-ci_bs.ass.fixAss.fin.sharesInAffil.other"
           xlink:label="de-gaap-ci_bs.ass.fixAss.fin.sharesInAffil.other"/>
      <loc xlink:type="locator"
           xlink:href="../de-gaap-ci-2018-04-01/de-gaap-ci-2018-04-01.xsd#de-gaap-ci_bs.ass.fixAss.fin.sharesInAffil.generalPartners"
           xlink:label="de-gaap-ci_bs.ass.fixAss.fin.sharesInAffil.generalPartners"/>
      <loc xlink:type="locator"
           xlink:href="../de-gaap-ci-2018-04-01/de-gaap-ci-2018-04-01.xsd#de-gaap-ci_bs.ass.fixAss.fin.sharesInAffilOtherForeign"
           xlink:label="de-gaap-ci_bs.ass.fixAss.fin.sharesInAffilOtherForeign"/>
      <loc xlink:type="locator"
           xlink:href="../de-gaap-ci-2018-04-01/de-gaap-ci-2018-04-01.xsd#de-gaap-ci_bs.ass.fixAss.fin.sharesInAffil.partnerships"
           xlink:label="de-gaap-ci_bs.ass.fixAss.fin.sharesInAffil.partnerships"/>
      <loc xlink:type="locator"
           xlink:href="../de-gaap-ci-2018-04-01/de-gaap-ci-2018-04-01.xsd#de-gaap-ci_bs.ass.fixAss.fin.sharesInAffil.parentComp"
           xlink:label="de-gaap-ci_bs.ass.fixAss.fin.sharesInAffil.parentComp"/>
      <loc xlink:type="locator"
           xlink:href="../de-gaap-ci-2018-04-01/de-gaap-ci-2018-04-01.xsd#de-gaap-ci_bs.ass.fixAss.fin.sharesInAffil.subsidiaries"
           xlink:label="de-gaap-ci_bs.ass.fixAss.fin.sharesInAffil.subsidiaries"/>
      <loc xlink:type="locator"
           xlink:href="../de-gaap-ci-2018-04-01/de-gaap-ci-2018-04-01.xsd#de-gaap-ci_bs.ass.fixAss.fin.sharesInAffil.corporations"
           xlink:label="de-gaap-ci_bs.ass.fixAss.fin.sharesInAffil.corporations"/>
      <presentationArc xlink:from="de-gaap-ci_bs.ass.fixAss.intan"
                       xlink:to="de-bra_bs.ass.fixAss.intan.concessionBrands.paymentEntitlements"
                       order="0.9"
                       xlink:arcrole="http://www.xbrl.org/2003/arcrole/parent-child"
                       xlink:type="arc"/>
      <presentationArc xlink:from="de-gaap-ci_bs.ass.fixAss.intan"
                       xlink:to="de-bra_bs.ass.fixAss.intan.paidInvestmentGrants"
                       order="3.5"
                       xlink:arcrole="http://www.xbrl.org/2003/arcrole/parent-child"
                       xlink:type="arc"/>
      <presentationArc xlink:from="de-gaap-ci_bs.ass.fixAss.intan"
                       xlink:to="de-bra_bs.ass.fixAss.intan.buildingCostSubsidies"
                       order="2.8"
                       xlink:arcrole="http://www.xbrl.org/2003/arcrole/parent-child"
                       xlink:type="arc"/>
      <presentationArc xlink:from="de-gaap-ci_bs.ass.fixAss.intan"
                       xlink:to="de-bra_bs.ass.fixAss.intan.concessionBrands.MilkTradeLicenses"
                       order="0.8"
                       xlink:arcrole="http://www.xbrl.org/2003/arcrole/parent-child"
                       xlink:type="arc"/>
      <presentationArc xlink:from="de-gaap-ci_bs.ass.fixAss.tan.machinery"
                       xlink:to="de-bra_bs.ass.fixAss.tan.machinery.greenhouses"
                       order="3.2"
                       xlink:arcrole="http://www.xbrl.org/2003/arcrole/parent-child"
                       xlink:type="arc"/>
      <presentationArc xlink:from="de-gaap-ci_bs.ass.fixAss.tan.machinery"
                       xlink:to="de-bra_bs.ass.fixAss.tan.machinery.fishingVesselsEngines"
                       order="3.6"
                       xlink:arcrole="http://www.xbrl.org/2003/arcrole/parent-child"
                       xlink:type="arc"/>
      <presentationArc xlink:from="de-gaap-ci_bs.ass.fixAss.tan.machinery"
                       xlink:to="de-bra_bs.ass.fixAss.tan.machinery.wineryEquipment"
                       order="3.4"
                       xlink:arcrole="http://www.xbrl.org/2003/arcrole/parent-child"
                       xlink:type="arc"/>
      <presentationArc xlink:from="de-gaap-ci_bs.ass.fixAss.tan.machinery"
                       xlink:to="de-bra_bs.ass.fixAss.tan.machinery.machineryLuF"
                       order="3.1"
                       xlink:arcrole="http://www.xbrl.org/2003/arcrole/parent-child"
                       xlink:type="arc"/>
      <presentationArc xlink:from="de-gaap-ci_bs.ass.fixAss.tan.machinery"
                       xlink:to="de-bra_bs.ass.fixAss.tan.machinery.fishingEquipm"
                       order="3.7"
                       xlink:arcrole="http://www.xbrl.org/2003/arcrole/parent-child"
                       xlink:type="arc"/>
      <presentationArc xlink:from="de-gaap-ci_bs.ass.fixAss.tan.machinery"
                       xlink:to="de-bra_bs.ass.fixAss.tan.machinery.heatingSystems"
                       order="3.3"
                       xlink:arcrole="http://www.xbrl.org/2003/arcrole/parent-child"
                       xlink:type="arc"/>
      <presentationArc xlink:from="de-gaap-ci_bs.ass.fixAss.tan.machinery"
                       xlink:to="de-bra_bs.ass.fixAss.tan.machinery.fishingVessels"
                       order="3.5"
                       xlink:arcrole="http://www.xbrl.org/2003/arcrole/parent-child"
                       xlink:type="arc"/>
      <presentationArc xlink:from="de-gaap-ci_bs.ass.fixAss.tan"
                       xlink:to="de-bra_bs.ass.fixAss.tan.wasteDisposalFacilities"
                       order="2.16"
                       xlink:arcrole="http://www.xbrl.org/2003/arcrole/parent-child"
                       xlink:type="arc"/>
      <presentationArc xlink:from="de-gaap-ci_bs.ass.fixAss.tan"
                       xlink:to="de-bra_bs.ass.fixAss.tan.collectionSystemsGross"
                       order="2.5"
                       xlink:arcrole="http://www.xbrl.org/2003/arcrole/parent-child"
                       xlink:type="arc"/>
      <presentationArc xlink:from="de-gaap-ci_bs.ass.fixAss.tan"
                       xlink:to="de-bra_bs.ass.fixAss.tan.landWithHeritableBuildingRights"
                       order="1.4"
                       xlink:arcrole="http://www.xbrl.org/2003/arcrole/parent-child"
                       xlink:type="arc"/>
      <presentationArc xlink:from="de-gaap-ci_bs.ass.fixAss.tan"
                       xlink:to="de-bra_bs.ass.fixAss.tan.landWithOperatingBuildings"
                       order="1.6"
                       xlink:arcrole="http://www.xbrl.org/2003/arcrole/parent-child"
                       xlink:type="arc"/>
      <presentationArc xlink:from="de-bra_bs.ass.fixAss.tan.landWithOperatingBuildings"
                       xlink:to="de-bra_bs.ass.fixAss.tan.landWithOperatingBuildings.thirdPartyLand"
                       order="2"
                       xlink:arcrole="http://www.xbrl.org/2003/arcrole/parent-child"
                       xlink:type="arc"/>
      <presentationArc xlink:from="de-bra_bs.ass.fixAss.tan.landWithOperatingBuildings"
                       xlink:to="de-bra_bs.ass.fixAss.tan.landWithOperatingBuildings.land"
                       order="3"
                       xlink:arcrole="http://www.xbrl.org/2003/arcrole/parent-child"
                       xlink:type="arc"/>
      <presentationArc xlink:from="de-bra_bs.ass.fixAss.tan.landWithOperatingBuildings"
                       xlink:to="de-bra_bs.ass.fixAss.tan.landWithOperatingBuildings.operatingBuildings"
                       order="1"
                       xlink:arcrole="http://www.xbrl.org/2003/arcrole/parent-child"
                       xlink:type="arc"/>
      <presentationArc xlink:from="de-gaap-ci_bs.ass.fixAss.tan"
                       xlink:to="de-bra_bs.ass.fixAss.tan.otherMachinery"
                       order="2.8"
                       xlink:arcrole="http://www.xbrl.org/2003/arcrole/parent-child"
                       xlink:type="arc"/>
      <presentationArc xlink:from="de-gaap-ci_bs.ass.fixAss.tan.landBuildings"
                       xlink:to="de-bra_bs.ass.fixAss.tan.landBuildings.otherLuF"
                       order="0.2"
                       xlink:arcrole="http://www.xbrl.org/2003/arcrole/parent-child"
                       xlink:type="arc"/>
      <presentationArc xlink:from="de-gaap-ci_bs.ass.fixAss.tan.landBuildings"
                       xlink:to="de-bra_bs.ass.fixAss.tan.landBuildings.infrastructureAssets"
                       order="15"
                       xlink:arcrole="http://www.xbrl.org/2003/arcrole/parent-child"
                       xlink:type="arc"/>
      <presentationArc xlink:from="de-gaap-ci_bs.ass.fixAss.tan.landBuildings"
                       xlink:to="de-bra_bs.ass.fixAss.tan.landBuildings.structures"
                       order="3.1"
                       xlink:arcrole="http://www.xbrl.org/2003/arcrole/parent-child"
                       xlink:type="arc"/>
      <presentationArc xlink:from="de-gaap-ci_bs.ass.fixAss.tan.landBuildings"
                       xlink:to="de-bra_bs.ass.fixAss.tan.landBuildings.residentialBuildingsLuF"
                       order="3.2"
                       xlink:arcrole="http://www.xbrl.org/2003/arcrole/parent-child"
                       xlink:type="arc"/>
      <presentationArc xlink:from="de-gaap-ci_bs.ass.fixAss.tan.landBuildings"
                       xlink:to="de-bra_bs.ass.fixAss.tan.landBuildings.sportsFacilities"
                       order="12"
                       xlink:arcrole="http://www.xbrl.org/2003/arcrole/parent-child"
                       xlink:type="arc"/>
      <presentationArc xlink:from="de-gaap-ci_bs.ass.fixAss.tan.landBuildings"
                       xlink:to="de-bra_bs.ass.fixAss.tan.landBuildings.otherBusinessBuildings"
                       order="14"
                       xlink:arcrole="http://www.xbrl.org/2003/arcrole/parent-child"
                       xlink:type="arc"/>
      <presentationArc xlink:from="de-gaap-ci_bs.ass.fixAss.tan.landBuildings"
                       xlink:to="de-bra_bs.ass.fixAss.tan.landBuildings.businessBuildings"
                       order="6"
                       xlink:arcrole="http://www.xbrl.org/2003/arcrole/parent-child"
                       xlink:type="arc"/>
      <presentationArc xlink:from="de-gaap-ci_bs.ass.fixAss.tan.landBuildings"
                       xlink:to="de-bra_bs.ass.fixAss.tan.landBuildings.culturalFacilities"
                       order="11"
                       xlink:arcrole="http://www.xbrl.org/2003/arcrole/parent-child"
                       xlink:type="arc"/>
      <presentationArc xlink:from="de-gaap-ci_bs.ass.fixAss.tan.landBuildings"
                       xlink:to="de-bra_bs.ass.fixAss.tan.landBuildings.landImprovements"
                       order="0.3"
                       xlink:arcrole="http://www.xbrl.org/2003/arcrole/parent-child"
                       xlink:type="arc"/>
      <presentationArc xlink:from="de-gaap-ci_bs.ass.fixAss.tan.landBuildings"
                       xlink:to="de-bra_bs.ass.fixAss.tan.landBuildings.officeBuildings"
                       order="3.3"
                       xlink:arcrole="http://www.xbrl.org/2003/arcrole/parent-child"
                       xlink:type="arc"/>
      <presentationArc xlink:from="de-gaap-ci_bs.ass.fixAss.tan.landBuildings"
                       xlink:to="de-bra_bs.ass.fixAss.tan.landBuildings.residentialBuildingsEBV"
                       order="7"
                       xlink:arcrole="http://www.xbrl.org/2003/arcrole/parent-child"
                       xlink:type="arc"/>
      <presentationArc xlink:from="de-gaap-ci_bs.ass.fixAss.tan.landBuildings"
                       xlink:to="de-bra_bs.ass.fixAss.tan.landBuildings.schools"
                       order="10"
                       xlink:arcrole="http://www.xbrl.org/2003/arcrole/parent-child"
                       xlink:type="arc"/>
      <presentationArc xlink:from="de-gaap-ci_bs.ass.fixAss.tan.landBuildings"
                       xlink:to="de-bra_bs.ass.fixAss.tan.landBuildings.railroads"
                       order="8"
                       xlink:arcrole="http://www.xbrl.org/2003/arcrole/parent-child"
                       xlink:type="arc"/>
      <presentationArc xlink:from="de-gaap-ci_bs.ass.fixAss.tan.landBuildings"
                       xlink:to="de-bra_bs.ass.fixAss.tan.landBuildings.gardenFacilities"
                       order="13"
                       xlink:arcrole="http://www.xbrl.org/2003/arcrole/parent-child"
                       xlink:type="arc"/>
      <presentationArc xlink:from="de-gaap-ci_bs.ass.fixAss.tan.landBuildings"
                       xlink:to="de-bra_bs.ass.fixAss.tan.landBuildings.welfareFacilities"
                       order="9"
                       xlink:arcrole="http://www.xbrl.org/2003/arcrole/parent-child"
                       xlink:type="arc"/>
      <presentationArc xlink:from="de-gaap-ci_bs.ass.fixAss.tan.landBuildings"
                       xlink:to="de-bra_bs.ass.fixAss.tan.landBuildings.landEStG55_1"
                       order="0.1"
                       xlink:arcrole="http://www.xbrl.org/2003/arcrole/parent-child"
                       xlink:type="arc"/>
      <presentationArc xlink:from="de-gaap-ci_bs.ass.fixAss.tan.landBuildings"
                       xlink:to="de-bra_bs.ass.fixAss.tan.landBuildings.greenhouses"
                       order="3.4"
                       xlink:arcrole="http://www.xbrl.org/2003/arcrole/parent-child"
                       xlink:type="arc"/>
      <presentationArc xlink:from="de-gaap-ci_bs.ass.fixAss.tan"
                       xlink:to="de-bra_bs.ass.fixAss.tan.vehicles"
                       order="3.21"
                       xlink:arcrole="http://www.xbrl.org/2003/arcrole/parent-child"
                       xlink:type="arc"/>
      <presentationArc xlink:from="de-gaap-ci_bs.ass.fixAss.tan"
                       xlink:to="de-bra_bs.ass.fixAss.tan.buildingsThirdPartyLand"
                       order="1.5"
                       xlink:arcrole="http://www.xbrl.org/2003/arcrole/parent-child"
                       xlink:type="arc"/>
      <presentationArc xlink:from="de-gaap-ci_bs.ass.fixAss.tan"
                       xlink:to="de-bra_bs.ass.fixAss.tan.allocationStructures"
                       order="2.14"
                       xlink:arcrole="http://www.xbrl.org/2003/arcrole/parent-child"
                       xlink:type="arc"/>
      <presentationArc xlink:from="de-gaap-ci_bs.ass.fixAss.tan"
                       xlink:to="de-bra_bs.ass.fixAss.tan.underConstr"
                       order="4.1"
                       xlink:arcrole="http://www.xbrl.org/2003/arcrole/parent-child"
                       xlink:type="arc"/>
      <presentationArc xlink:from="de-gaap-ci_bs.ass.fixAss.tan"
                       xlink:to="de-bra_bs.ass.fixAss.tan.landWithoutBuildingsKHBV"
                       order="1.8"
                       xlink:arcrole="http://www.xbrl.org/2003/arcrole/parent-child"
                       xlink:type="arc"/>
      <presentationArc xlink:from="de-gaap-ci_bs.ass.fixAss.tan"
                       xlink:to="de-bra_bs.ass.fixAss.tan.animals"
                       order="4.4"
                       xlink:arcrole="http://www.xbrl.org/2003/arcrole/parent-child"
                       xlink:type="arc"/>
      <presentationArc xlink:from="de-bra_bs.ass.fixAss.tan.animals"
                       xlink:to="de-bra_bs.ass.fixAss.tan.animals.poultry"
                       order="5"
                       xlink:arcrole="http://www.xbrl.org/2003/arcrole/parent-child"
                       xlink:type="arc"/>
      <presentationArc xlink:from="de-bra_bs.ass.fixAss.tan.animals"
                       xlink:to="de-bra_bs.ass.fixAss.tan.animals.cattle"
                       order="2"
                       xlink:arcrole="http://www.xbrl.org/2003/arcrole/parent-child"
                       xlink:type="arc"/>
      <presentationArc xlink:from="de-bra_bs.ass.fixAss.tan.animals"
                       xlink:to="de-bra_bs.ass.fixAss.tan.animals.swine"
                       order="3"
                       xlink:arcrole="http://www.xbrl.org/2003/arcrole/parent-child"
                       xlink:type="arc"/>
      <presentationArc xlink:from="de-bra_bs.ass.fixAss.tan.animals"
                       xlink:to="de-bra_bs.ass.fixAss.tan.animals.other"
                       order="6"
                       xlink:arcrole="http://www.xbrl.org/2003/arcrole/parent-child"
                       xlink:type="arc"/>
      <presentationArc xlink:from="de-bra_bs.ass.fixAss.tan.animals"
                       xlink:to="de-bra_bs.ass.fixAss.tan.animals.sheep"
                       order="4"
                       xlink:arcrole="http://www.xbrl.org/2003/arcrole/parent-child"
                       xlink:type="arc"/>
      <presentationArc xlink:from="de-bra_bs.ass.fixAss.tan.animals"
                       xlink:to="de-bra_bs.ass.fixAss.tan.animals.horses"
                       order="1"
                       xlink:arcrole="http://www.xbrl.org/2003/arcrole/parent-child"
                       xlink:type="arc"/>
      <presentationArc xlink:from="de-gaap-ci_bs.ass.fixAss.tan"
                       xlink:to="de-bra_bs.ass.fixAss.tan.wewageTreatmentFacilities"
                       order="2.12"
                       xlink:arcrole="http://www.xbrl.org/2003/arcrole/parent-child"
                       xlink:type="arc"/>
      <presentationArc xlink:from="de-gaap-ci_bs.ass.fixAss.tan"
                       xlink:to="de-bra_bs.ass.fixAss.tan.equipm"
                       order="3.22"
                       xlink:arcrole="http://www.xbrl.org/2003/arcrole/parent-child"
                       xlink:type="arc"/>
      <presentationArc xlink:from="de-bra_bs.ass.fixAss.tan.equipm"
                       xlink:to="de-bra_bs.ass.fixAss.tan.equipm.gwg"
                       order="1"
                       xlink:arcrole="http://www.xbrl.org/2003/arcrole/parent-child"
                       xlink:type="arc"/>
      <presentationArc xlink:from="de-bra_bs.ass.fixAss.tan.equipm"
                       xlink:to="de-bra_bs.ass.fixAss.tan.equipm.gwgsammelposten"
                       order="2"
                       xlink:arcrole="http://www.xbrl.org/2003/arcrole/parent-child"
                       xlink:type="arc"/>
      <presentationArc xlink:from="de-bra_bs.ass.fixAss.tan.equipm"
                       xlink:to="de-bra_bs.ass.fixAss.tan.equipm.other"
                       order="3"
                       xlink:arcrole="http://www.xbrl.org/2003/arcrole/parent-child"
                       xlink:type="arc"/>
      <presentationArc xlink:from="de-gaap-ci_bs.ass.fixAss.tan"
                       xlink:to="de-bra_bs.ass.fixAss.tan.procurementStructures"
                       order="2.11"
                       xlink:arcrole="http://www.xbrl.org/2003/arcrole/parent-child"
                       xlink:type="arc"/>
      <presentationArc xlink:from="de-gaap-ci_bs.ass.fixAss.tan"
                       xlink:to="de-bra_bs.ass.fixAss.tan.disposalSystems"
                       order="2.2"
                       xlink:arcrole="http://www.xbrl.org/2003/arcrole/parent-child"
                       xlink:type="arc"/>
      <presentationArc xlink:from="de-gaap-ci_bs.ass.fixAss.tan"
                       xlink:to="de-bra_bs.ass.fixAss.tan.technEquipm"
                       order="3.1"
                       xlink:arcrole="http://www.xbrl.org/2003/arcrole/parent-child"
                       xlink:type="arc"/>
      <presentationArc xlink:from="de-bra_bs.ass.fixAss.tan.technEquipm"
                       xlink:to="de-bra_bs.ass.fixAss.tan.technEquipm.gwg"
                       order="1"
                       xlink:arcrole="http://www.xbrl.org/2003/arcrole/parent-child"
                       xlink:type="arc"/>
      <presentationArc xlink:from="de-bra_bs.ass.fixAss.tan.technEquipm"
                       xlink:to="de-bra_bs.ass.fixAss.tan.technEquipm.gwgsammelposten"
                       order="2"
                       xlink:arcrole="http://www.xbrl.org/2003/arcrole/parent-child"
                       xlink:type="arc"/>
      <presentationArc xlink:from="de-bra_bs.ass.fixAss.tan.technEquipm"
                       xlink:to="de-bra_bs.ass.fixAss.tan.technEquipm.other"
                       order="3"
                       xlink:arcrole="http://www.xbrl.org/2003/arcrole/parent-child"
                       xlink:type="arc"/>
      <presentationArc xlink:from="de-gaap-ci_bs.ass.fixAss.tan.otherEquipm"
                       xlink:to="de-bra_bs.ass.fixAss.tan.otherEquipm.pointOfSaleFittings"
                       order="0.4"
                       xlink:arcrole="http://www.xbrl.org/2003/arcrole/parent-child"
                       xlink:type="arc"/>
      <presentationArc xlink:from="de-gaap-ci_bs.ass.fixAss.tan.otherEquipm"
                       xlink:to="de-bra_bs.ass.fixAss.tan.otherEquipm.passengerCarsLuF"
                       order="0.1"
                       xlink:arcrole="http://www.xbrl.org/2003/arcrole/parent-child"
                       xlink:type="arc"/>
      <presentationArc xlink:from="de-gaap-ci_bs.ass.fixAss.tan.otherEquipm"
                       xlink:to="de-bra_bs.ass.fixAss.tan.otherEquipm.officeFittings"
                       order="0.5"
                       xlink:arcrole="http://www.xbrl.org/2003/arcrole/parent-child"
                       xlink:type="arc"/>
      <presentationArc xlink:from="de-gaap-ci_bs.ass.fixAss.tan.otherEquipm"
                       xlink:to="de-bra_bs.ass.fixAss.tan.otherEquipm.workshopFittings"
                       order="0.3"
                       xlink:arcrole="http://www.xbrl.org/2003/arcrole/parent-child"
                       xlink:type="arc"/>
      <presentationArc xlink:from="de-gaap-ci_bs.ass.fixAss.tan.otherEquipm"
                       xlink:to="de-bra_bs.ass.fixAss.tan.otherEquipm.vehicleFleet"
                       order="0.2"
                       xlink:arcrole="http://www.xbrl.org/2003/arcrole/parent-child"
                       xlink:type="arc"/>
      <presentationArc xlink:from="de-gaap-ci_bs.ass.fixAss.tan"
                       xlink:to="de-bra_bs.ass.fixAss.tan.stayingWood"
                       order="3.05"
                       xlink:arcrole="http://www.xbrl.org/2003/arcrole/parent-child"
                       xlink:type="arc"/>
      <presentationArc xlink:from="de-gaap-ci_bs.ass.fixAss.tan"
                       xlink:to="de-bra_bs.ass.fixAss.tan.prepayments"
                       order="4.3"
                       xlink:arcrole="http://www.xbrl.org/2003/arcrole/parent-child"
                       xlink:type="arc"/>
      <presentationArc xlink:from="de-gaap-ci_bs.ass.fixAss.tan"
                       xlink:to="de-bra_bs.ass.fixAss.tan.sewerInterceptorFacilities"
                       order="2.15"
                       xlink:arcrole="http://www.xbrl.org/2003/arcrole/parent-child"
                       xlink:type="arc"/>
      <presentationArc xlink:from="de-gaap-ci_bs.ass.fixAss.tan"
                       xlink:to="de-bra_bs.ass.fixAss.tan.pubDomain"
                       order="1.85"
                       xlink:arcrole="http://www.xbrl.org/2003/arcrole/parent-child"
                       xlink:type="arc"/>
      <presentationArc xlink:from="de-bra_bs.ass.fixAss.tan.pubDomain"
                       xlink:to="de-bra_bs.ass.fixAss.tan.pubDomain.cultHeritage"
                       order="2"
                       xlink:arcrole="http://www.xbrl.org/2003/arcrole/parent-child"
                       xlink:type="arc"/>
      <presentationArc xlink:from="de-bra_bs.ass.fixAss.tan.pubDomain"
                       xlink:to="de-bra_bs.ass.fixAss.tan.pubDomain.infrastructure"
                       order="1"
                       xlink:arcrole="http://www.xbrl.org/2003/arcrole/parent-child"
                       xlink:type="arc"/>
      <presentationArc xlink:from="de-bra_bs.ass.fixAss.tan.pubDomain"
                       xlink:to="de-bra_bs.ass.fixAss.tan.pubDomain.naturalHeritage"
                       order="3"
                       xlink:arcrole="http://www.xbrl.org/2003/arcrole/parent-child"
                       xlink:type="arc"/>
      <presentationArc xlink:from="de-bra_bs.ass.fixAss.tan.pubDomain"
                       xlink:to="de-bra_bs.ass.fixAss.tan.pubDomain.floraFaunaCollections"
                       order="5"
                       xlink:arcrole="http://www.xbrl.org/2003/arcrole/parent-child"
                       xlink:type="arc"/>
      <presentationArc xlink:from="de-bra_bs.ass.fixAss.tan.pubDomain"
                       xlink:to="de-bra_bs.ass.fixAss.tan.pubDomain.lowValueAssets"
                       order="7"
                       xlink:arcrole="http://www.xbrl.org/2003/arcrole/parent-child"
                       xlink:type="arc"/>
      <presentationArc xlink:from="de-bra_bs.ass.fixAss.tan.pubDomain"
                       xlink:to="de-bra_bs.ass.fixAss.tan.pubDomain.aquaticHeritage"
                       order="4"
                       xlink:arcrole="http://www.xbrl.org/2003/arcrole/parent-child"
                       xlink:type="arc"/>
      <presentationArc xlink:from="de-bra_bs.ass.fixAss.tan.pubDomain"
                       xlink:to="de-bra_bs.ass.fixAss.tan.pubDomain.forestHeritage"
                       order="6"
                       xlink:arcrole="http://www.xbrl.org/2003/arcrole/parent-child"
                       xlink:type="arc"/>
      <presentationArc xlink:from="de-gaap-ci_bs.ass.fixAss.tan"
                       xlink:to="de-bra_bs.ass.fixAss.tan.collectionSystemsSubsidies"
                       order="2.4"
                       xlink:arcrole="http://www.xbrl.org/2003/arcrole/parent-child"
                       xlink:type="arc"/>
      <presentationArc xlink:from="de-gaap-ci_bs.ass.fixAss.tan"
                       xlink:to="de-bra_bs.ass.fixAss.tan.vehiclesForTransport"
                       order="2.7"
                       xlink:arcrole="http://www.xbrl.org/2003/arcrole/parent-child"
                       xlink:type="arc"/>
      <presentationArc xlink:from="de-gaap-ci_bs.ass.fixAss.tan"
                       xlink:to="de-bra_bs.ass.fixAss.tan.landWithoutBuildingsWUV"
                       order="1.3"
                       xlink:arcrole="http://www.xbrl.org/2003/arcrole/parent-child"
                       xlink:type="arc"/>
      <presentationArc xlink:from="de-gaap-ci_bs.ass.fixAss.tan"
                       xlink:to="de-bra_bs.ass.fixAss.tan.collectionSystemsNet"
                       order="2.3"
                       xlink:arcrole="http://www.xbrl.org/2003/arcrole/parent-child"
                       xlink:type="arc"/>
      <presentationArc xlink:from="de-gaap-ci_bs.ass.fixAss.tan"
                       xlink:to="de-bra_bs.ass.fixAss.tan.permanentPlants"
                       order="3.06"
                       xlink:arcrole="http://www.xbrl.org/2003/arcrole/parent-child"
                       xlink:type="arc"/>
      <presentationArc xlink:from="de-gaap-ci_bs.ass.fixAss.tan"
                       xlink:to="de-bra_bs.ass.fixAss.tan.constrPrepCosts"
                       order="4.2"
                       xlink:arcrole="http://www.xbrl.org/2003/arcrole/parent-child"
                       xlink:type="arc"/>
      <presentationArc xlink:from="de-gaap-ci_bs.ass.fixAss.tan"
                       xlink:to="de-bra_bs.ass.fixAss.tan.safetySystems"
                       order="2.6"
                       xlink:arcrole="http://www.xbrl.org/2003/arcrole/parent-child"
                       xlink:type="arc"/>
      <presentationArc xlink:from="de-gaap-ci_bs.ass.fixAss.tan"
                       xlink:to="de-bra_bs.ass.fixAss.tan.landWithBusinessBuildings"
                       order="1.2"
                       xlink:arcrole="http://www.xbrl.org/2003/arcrole/parent-child"
                       xlink:type="arc"/>
      <presentationArc xlink:from="de-bra_bs.ass.fixAss.tan.landWithBusinessBuildings"
                       xlink:to="de-bra_bs.ass.fixAss.tan.landWithBusinessBuildings.land"
                       order="1"
                       xlink:arcrole="http://www.xbrl.org/2003/arcrole/parent-child"
                       xlink:type="arc"/>
      <presentationArc xlink:from="de-gaap-ci_bs.ass.fixAss.tan"
                       xlink:to="de-bra_bs.ass.fixAss.tan.landWithResidentialBuildingsKHBV"
                       order="1.7"
                       xlink:arcrole="http://www.xbrl.org/2003/arcrole/parent-child"
                       xlink:type="arc"/>
      <presentationArc xlink:from="de-bra_bs.ass.fixAss.tan.landWithResidentialBuildingsKHBV"
                       xlink:to="de-bra_bs.ass.fixAss.tan.landWithResidentialBuildingsKHBV.residentialBuildings"
                       order="1"
                       xlink:arcrole="http://www.xbrl.org/2003/arcrole/parent-child"
                       xlink:type="arc"/>
      <presentationArc xlink:from="de-bra_bs.ass.fixAss.tan.landWithResidentialBuildingsKHBV"
                       xlink:to="de-bra_bs.ass.fixAss.tan.landWithResidentialBuildingsKHBV.thirdPartyLand"
                       order="2"
                       xlink:arcrole="http://www.xbrl.org/2003/arcrole/parent-child"
                       xlink:type="arc"/>
      <presentationArc xlink:from="de-bra_bs.ass.fixAss.tan.landWithResidentialBuildingsKHBV"
                       xlink:to="de-bra_bs.ass.fixAss.tan.landWithResidentialBuildingsKHBV.land"
                       order="3"
                       xlink:arcrole="http://www.xbrl.org/2003/arcrole/parent-child"
                       xlink:type="arc"/>
      <presentationArc xlink:from="de-bra_bs.ass.fixAss.tan.landWithResidentialBuildingsKHBV"
                       xlink:to="de-bra_bs.ass.fixAss.tan.landWithResidentialBuildingsKHBV.costAllocItem"
                       order="4"
                       xlink:arcrole="http://www.xbrl.org/2003/arcrole/parent-child"
                       xlink:type="arc"/>
      <presentationArc xlink:from="de-gaap-ci_bs.ass.fixAss.tan"
                       xlink:to="de-bra_bs.ass.fixAss.tan.landWithResidentialBuildingsWUV"
                       order="1.1"
                       xlink:arcrole="http://www.xbrl.org/2003/arcrole/parent-child"
                       xlink:type="arc"/>
      <presentationArc xlink:from="de-bra_bs.ass.fixAss.tan.landWithResidentialBuildingsWUV"
                       xlink:to="de-bra_bs.ass.fixAss.tan.landWithResidentialBuildingsWUV.costAllocItem"
                       order="2"
                       xlink:arcrole="http://www.xbrl.org/2003/arcrole/parent-child"
                       xlink:type="arc"/>
      <presentationArc xlink:from="de-bra_bs.ass.fixAss.tan.landWithResidentialBuildingsWUV"
                       xlink:to="de-bra_bs.ass.fixAss.tan.landWithResidentialBuildingsWUV.land"
                       order="1"
                       xlink:arcrole="http://www.xbrl.org/2003/arcrole/parent-child"
                       xlink:type="arc"/>
      <presentationArc xlink:from="de-gaap-ci_bs.ass.fixAss.tan"
                       xlink:to="de-bra_bs.ass.fixAss.tan.equipmWithoutVehicles"
                       order="3.2"
                       xlink:arcrole="http://www.xbrl.org/2003/arcrole/parent-child"
                       xlink:type="arc"/>
      <presentationArc xlink:from="de-bra_bs.ass.fixAss.tan.equipmWithoutVehicles"
                       xlink:to="de-bra_bs.ass.fixAss.tan.equipmWithoutVehicles.other"
                       order="3"
                       xlink:arcrole="http://www.xbrl.org/2003/arcrole/parent-child"
                       xlink:type="arc"/>
      <presentationArc xlink:from="de-bra_bs.ass.fixAss.tan.equipmWithoutVehicles"
                       xlink:to="de-bra_bs.ass.fixAss.tan.equipmWithoutVehicles.gwgsammelposten"
                       order="2"
                       xlink:arcrole="http://www.xbrl.org/2003/arcrole/parent-child"
                       xlink:type="arc"/>
      <presentationArc xlink:from="de-bra_bs.ass.fixAss.tan.equipmWithoutVehicles"
                       xlink:to="de-bra_bs.ass.fixAss.tan.equipmWithoutVehicles.gwg"
                       order="1"
                       xlink:arcrole="http://www.xbrl.org/2003/arcrole/parent-child"
                       xlink:type="arc"/>
      <presentationArc xlink:from="de-gaap-ci_bs.ass.fixAss.tan"
                       xlink:to="de-bra_bs.ass.fixAss.tan.wasteTreatmentFacilities"
                       order="2.13"
                       xlink:arcrole="http://www.xbrl.org/2003/arcrole/parent-child"
                       xlink:type="arc"/>
      <presentationArc xlink:from="de-gaap-ci_bs.ass.fixAss.fin"
                       xlink:to="de-bra_bs.ass.fixAss.fin.separate"
                       order="0.5"
                       xlink:arcrole="http://www.xbrl.org/2003/arcrole/parent-child"
                       xlink:type="arc"/>
      <presentationArc xlink:from="de-gaap-ci_bs.ass.fixAss.fin"
                       xlink:to="de-bra_bs.ass.fixAss.fin.sepAsset"
                       order="7.5"
                       xlink:arcrole="http://www.xbrl.org/2003/arcrole/parent-child"
                       xlink:type="arc"/>
      <presentationArc xlink:from="de-gaap-ci_bs.ass.fixAss.fin"
                       xlink:to="de-bra_bs.ass.fixAss.fin.otherFinAss.shareholdersKHBV"
                       order="9"
                       xlink:arcrole="http://www.xbrl.org/2003/arcrole/parent-child"
                       xlink:type="arc"/>
      <presentationArc xlink:from="de-gaap-ci_bs.ass.fixAss.fin"
                       xlink:to="de-bra_bs.ass.fixAss.fin.loansToSeparateAssets"
                       order="2.5"
                       xlink:arcrole="http://www.xbrl.org/2003/arcrole/parent-child"
                       xlink:type="arc"/>
   </presentationLink>
</linkbase>