<?xml version="1.0" encoding="utf-8"?>
<!--(c) XBRL Deutschland e.V. - see http://www.xbrl.de-->


<linkbase xmlns="http://www.xbrl.org/2003/linkbase"
          xmlns:xsi="http://www.w3.org/2001/XMLSchema-instance"
          xsi:schemaLocation="http://www.xbrl.org/2003/linkbase http://www.xbrl.org/2003/xbrl-linkbase-2003-12-31.xsd">
   <roleRef xmlns:xlink="http://www.w3.org/1999/xlink"
            roleURI="http://www.xbrl.de/roles/labels/terse60Label"
            xlink:href="../de-gcd-2018-04-01/hgbrole-2018-04-01.xsd#role_terse60Label"
            xlink:type="simple"/>
   <labelLink xmlns:xlink="http://www.w3.org/1999/xlink"
              xlink:role="http://www.xbrl.org/2003/role/link"
              xlink:type="extended">
      <loc xlink:type="locator"
           xlink:href="de-bra-2018-04-01.xsd#de-bra_bs.ass.currAss.receiv.shareholdersKHBV"
           xlink:label="de-bra_bs.ass.currAss.receiv.shareholdersKHBV"/>
      <loc xlink:type="locator"
           xlink:href="de-bra-2018-04-01.xsd#de-bra_bs.ass.currAss.receiv.shareholdersKHBV.above1year"
           xlink:label="de-bra_bs.ass.currAss.receiv.shareholdersKHBV.above1year"/>
      <loc xlink:type="locator"
           xlink:href="de-bra-2018-04-01.xsd#de-bra_bs.eqLiab.specResEmissionRights"
           xlink:label="de-bra_bs.eqLiab.specResEmissionRights"/>
      <loc xlink:type="locator"
           xlink:href="de-bra-2018-04-01.xsd#de-bra_bs.eqLiab.specResFixAssFinancingCostsSubsidies.public"
           xlink:label="de-bra_bs.eqLiab.specResFixAssFinancingCostsSubsidies.public"/>
      <loc xlink:type="locator"
           xlink:href="de-bra-2018-04-01.xsd#de-bra_bs.eqLiab.specResFixAssFinancingCostsSubsidies.private"
           xlink:label="de-bra_bs.eqLiab.specResFixAssFinancingCostsSubsidies.private"/>
      <loc xlink:type="locator"
           xlink:href="de-bra-2018-04-01.xsd#de-bra_bs.eqLiab.liab.shareholdersKHBV.gmbhSilent"
           xlink:label="de-bra_bs.eqLiab.liab.shareholdersKHBV.gmbhSilent"/>
      <loc xlink:type="locator"
           xlink:href="de-bra-2018-04-01.xsd#de-bra_bs.eqLiab.liab.fixAssFinancingSubsidies"
           xlink:label="de-bra_bs.eqLiab.liab.fixAssFinancingSubsidies"/>
      <loc xlink:type="locator"
           xlink:href="de-bra-2018-04-01.xsd#de-bra_is.netIncome.regular.operatingTC.grossTradingProfit.totalOutput.netSales.investmentCostCharge"
           xlink:label="de-bra_is.netIncome.regular.operatingTC.grossTradingProfit.totalOutput.netSales.investmentCostCharge"/>
      <loc xlink:type="locator"
           xlink:href="de-bra-2018-04-01.xsd#de-bra_is.netIncome.regular.operatingTC.grossTradingProfit.materialServices.food.unknownVAT"
           xlink:label="de-bra_is.netIncome.regular.operatingTC.grossTradingProfit.materialServices.food.unknownVAT"/>
      <loc xlink:type="locator"
           xlink:href="de-bra-2018-04-01.xsd#de-bra_is.netIncome.regular.operatingTC.releaseAdjustmentItemLoanAndEquityGrants"
           xlink:label="de-bra_is.netIncome.regular.operatingTC.releaseAdjustmentItemLoanAndEquityGrants"/>
      <loc xlink:type="locator"
           xlink:href="de-bra-2018-04-01.xsd#de-bra_bs.ass.currAss.receiv.subsidies"
           xlink:label="de-bra_bs.ass.currAss.receiv.subsidies"/>
      <loc xlink:type="locator"
           xlink:href="de-bra-2018-04-01.xsd#de-bra_bs.eqLiab.liab.grants"
           xlink:label="de-bra_bs.eqLiab.liab.grants"/>
      <loc xlink:type="locator"
           xlink:href="de-bra-2018-04-01.xsd#de-bra_is.netIncome.transitFunds"
           xlink:label="de-bra_is.netIncome.transitFunds"/>
      <!--
internal labels
--><labelArc xlink:from="de-bra_bs.ass.currAss.receiv.shareholdersKHBV"
                xlink:to="label_de-bra_bs.ass.currAss.receiv.shareholdersKHBV"
                xlink:arcrole="http://www.xbrl.org/2003/arcrole/concept-label"
                xlink:type="arc"/>
      <label xlink:label="label_de-bra_bs.ass.currAss.receiv.shareholdersKHBV"
             id="label_de-bra_bs.ass.currAss.receiv.shareholdersKHBV"
             xlink:role="http://www.xbrl.de/roles/labels/terse60Label"
             xlink:type="resource"
             xml:lang="en">Receiv. from partners or institutional owners</label>
      <labelArc xlink:from="de-bra_bs.ass.currAss.receiv.shareholdersKHBV.above1year"
                xlink:to="label_de-bra_bs.ass.currAss.receiv.shareholdersKHBV.above1year"
                xlink:arcrole="http://www.xbrl.org/2003/arcrole/concept-label"
                xlink:type="arc"/>
      <label xlink:label="label_de-bra_bs.ass.currAss.receiv.shareholdersKHBV.above1year"
             id="label_de-bra_bs.ass.currAss.receiv.shareholdersKHBV.above1year"
             xlink:role="http://www.xbrl.de/roles/labels/terse60Label"
             xlink:type="resource"
             xml:lang="en">Receiv. from partners or institutional owners, due &gt; 1 year</label>
      <labelArc xlink:from="de-bra_bs.ass.currAss.receiv.subsidies"
                xlink:to="label_de-bra_bs.ass.currAss.receiv.subsidies"
                xlink:arcrole="http://www.xbrl.org/2003/arcrole/concept-label"
                xlink:type="arc"/>
      <label xlink:label="label_de-bra_bs.ass.currAss.receiv.subsidies"
             id="label_de-bra_bs.ass.currAss.receiv.subsidies"
             xlink:role="http://www.xbrl.de/roles/labels/terse60Label"
             xlink:type="resource"
             xml:lang="en">Receiv. from any grants and subsidies (incl. transit funds)</label>
      <labelArc xlink:from="de-bra_bs.eqLiab.liab.fixAssFinancingSubsidies"
                xlink:to="label_de-bra_bs.eqLiab.liab.fixAssFinancingSubsidies"
                xlink:arcrole="http://www.xbrl.org/2003/arcrole/concept-label"
                xlink:type="arc"/>
      <label xlink:label="label_de-bra_bs.eqLiab.liab.fixAssFinancingSubsidies"
             id="label_de-bra_bs.eqLiab.liab.fixAssFinancingSubsidies"
             xlink:role="http://www.xbrl.de/roles/labels/terse60Label"
             xlink:type="resource"
             xml:lang="en">Liab. from other grants for financing of fixed assets</label>
      <labelArc xlink:from="de-bra_bs.eqLiab.liab.grants"
                xlink:to="label_de-bra_bs.eqLiab.liab.grants"
                xlink:arcrole="http://www.xbrl.org/2003/arcrole/concept-label"
                xlink:type="arc"/>
      <label xlink:label="label_de-bra_bs.eqLiab.liab.grants"
             id="label_de-bra_bs.eqLiab.liab.grants"
             xlink:role="http://www.xbrl.de/roles/labels/terse60Label"
             xlink:type="resource"
             xml:lang="en">From grants and subsidies, and investment subsidies</label>
      <labelArc xlink:from="de-bra_bs.eqLiab.liab.shareholdersKHBV.gmbhSilent"
                xlink:to="label_de-bra_bs.eqLiab.liab.shareholdersKHBV.gmbhSilent"
                xlink:arcrole="http://www.xbrl.org/2003/arcrole/concept-label"
                xlink:type="arc"/>
      <label xlink:label="label_de-bra_bs.eqLiab.liab.shareholdersKHBV.gmbhSilent"
             id="label_de-bra_bs.eqLiab.liab.shareholdersKHBV.gmbhSilent"
             xlink:role="http://www.xbrl.de/roles/labels/terse60Label"
             xlink:type="resource"
             xml:lang="en">Liabilites to shareholders of a GmbH and to silent partners</label>
      <labelArc xlink:from="de-bra_bs.eqLiab.specResEmissionRights"
                xlink:to="label_de-bra_bs.eqLiab.specResEmissionRights"
                xlink:arcrole="http://www.xbrl.org/2003/arcrole/concept-label"
                xlink:type="arc"/>
      <label xlink:label="label_de-bra_bs.eqLiab.specResEmissionRights"
             id="label_de-bra_bs.eqLiab.specResEmissionRights"
             xlink:role="http://www.xbrl.de/roles/labels/terse60Label"
             xlink:type="resource"
             xml:lang="en">Spec. res. for gratuitous issued greenhouse emission rights</label>
      <labelArc xlink:from="de-bra_bs.eqLiab.specResFixAssFinancingCostsSubsidies.private"
                xlink:to="label_de-bra_bs.eqLiab.specResFixAssFinancingCostsSubsidies.private"
                xlink:arcrole="http://www.xbrl.org/2003/arcrole/concept-label"
                xlink:type="arc"/>
      <label xlink:label="label_de-bra_bs.eqLiab.specResFixAssFinancingCostsSubsidies.private"
             id="label_de-bra_bs.eqLiab.specResFixAssFinancingCostsSubsidies.private"
             xlink:role="http://www.xbrl.de/roles/labels/terse60Label"
             xlink:type="resource"
             xml:lang="en">Spec. res. for private grants towards investements</label>
      <labelArc xlink:from="de-bra_bs.eqLiab.specResFixAssFinancingCostsSubsidies.public"
                xlink:to="label_de-bra_bs.eqLiab.specResFixAssFinancingCostsSubsidies.public"
                xlink:arcrole="http://www.xbrl.org/2003/arcrole/concept-label"
                xlink:type="arc"/>
      <label xlink:label="label_de-bra_bs.eqLiab.specResFixAssFinancingCostsSubsidies.public"
             id="label_de-bra_bs.eqLiab.specResFixAssFinancingCostsSubsidies.public"
             xlink:role="http://www.xbrl.de/roles/labels/terse60Label"
             xlink:type="resource"
             xml:lang="en">Spec. res. for government subsidies towards investments</label>
      <labelArc xlink:from="de-bra_is.netIncome.regular.operatingTC.grossTradingProfit.materialServices.food.unknownVAT"
                xlink:to="label_de-bra_is.netIncome.regular.operatingTC.grossTradingProfit.materialServices.food.unknownVAT"
                xlink:arcrole="http://www.xbrl.org/2003/arcrole/concept-label"
                xlink:type="arc"/>
      <label xlink:label="label_de-bra_is.netIncome.regular.operatingTC.grossTradingProfit.materialServices.food.unknownVAT"
             id="label_de-bra_is.netIncome.regular.operatingTC.grossTradingProfit.materialServices.food.unknownVAT"
             xlink:role="http://www.xbrl.de/roles/labels/terse60Label"
             xlink:type="resource"
             xml:lang="en">Other purchases without VAT classification</label>
      <labelArc xlink:from="de-bra_is.netIncome.regular.operatingTC.grossTradingProfit.totalOutput.netSales.investmentCostCharge"
                xlink:to="label_de-bra_is.netIncome.regular.operatingTC.grossTradingProfit.totalOutput.netSales.investmentCostCharge"
                xlink:arcrole="http://www.xbrl.org/2003/arcrole/concept-label"
                xlink:type="arc"/>
      <label xlink:label="label_de-bra_is.netIncome.regular.operatingTC.grossTradingProfit.totalOutput.netSales.investmentCostCharge"
             id="label_de-bra_is.netIncome.regular.operatingTC.grossTradingProfit.totalOutput.netSales.investmentCostCharge"
             xlink:role="http://www.xbrl.de/roles/labels/terse60Label"
             xlink:type="resource"
             xml:lang="en">Income from seperate investment cost charge (care)</label>
      <labelArc xlink:from="de-bra_is.netIncome.regular.operatingTC.releaseAdjustmentItemLoanAndEquityGrants"
                xlink:to="label_de-bra_is.netIncome.regular.operatingTC.releaseAdjustmentItemLoanAndEquityGrants"
                xlink:arcrole="http://www.xbrl.org/2003/arcrole/concept-label"
                xlink:type="arc"/>
      <label xlink:label="label_de-bra_is.netIncome.regular.operatingTC.releaseAdjustmentItemLoanAndEquityGrants"
             id="label_de-bra_is.netIncome.regular.operatingTC.releaseAdjustmentItemLoanAndEquityGrants"
             xlink:role="http://www.xbrl.de/roles/labels/terse60Label"
             xlink:type="resource"
             xml:lang="en">Costs from reversal of an asset-side adjust. item of grants</label>
      <labelArc xlink:from="de-bra_is.netIncome.transitFunds"
                xlink:to="label_de-bra_is.netIncome.transitFunds"
                xlink:arcrole="http://www.xbrl.org/2003/arcrole/concept-label"
                xlink:type="arc"/>
      <label xlink:label="label_de-bra_is.netIncome.transitFunds"
             id="label_de-bra_is.netIncome.transitFunds"
             xlink:role="http://www.xbrl.de/roles/labels/terse60Label"
             xlink:type="resource"
             xml:lang="en">Expenses from general grants and subsidies (transit funds)</label>
      <!--
external labels
--></labelLink>
</linkbase>