<?xml version="1.0" encoding="utf-8"?>
<!--(c) XBRL Deutschland e.V. - see http://www.xbrl.de-->


<linkbase xmlns="http://www.xbrl.org/2003/linkbase"
          xmlns:xsi="http://www.w3.org/2001/XMLSchema-instance"
          xsi:schemaLocation="http://www.xbrl.org/2003/linkbase http://www.xbrl.org/2003/xbrl-linkbase-2003-12-31.xsd">
   <labelLink xmlns:xlink="http://www.w3.org/1999/xlink"
              xlink:role="http://www.xbrl.org/2003/role/link"
              xlink:type="extended">
      <loc xlink:type="locator"
           xlink:href="de-bra-2018-04-01.xsd#de-bra_is.netIncome.regular.operatingTC.grossTradingProfit.totalOutput.netSales.grossSales.suppliedSubcontractorServices"
           xlink:label="de-bra_is.netIncome.regular.operatingTC.grossTradingProfit.totalOutput.netSales.grossSales.suppliedSubcontractorServices"/>
      <loc xlink:type="locator"
           xlink:href="de-bra-2018-04-01.xsd#de-bra_is.netIncome.regular.operatingTC.grossTradingProfit.totalOutput.netSales.grossSales.provisionOfTractionCurrent"
           xlink:label="de-bra_is.netIncome.regular.operatingTC.grossTradingProfit.totalOutput.netSales.grossSales.provisionOfTractionCurrent"/>
      <!--
internal labels
--><labelArc xlink:from="de-bra_is.netIncome.regular.operatingTC.grossTradingProfit.totalOutput.netSales.grossSales.provisionOfTractionCurrent"
                xlink:to="label_de-bra_is.netIncome.regular.operatingTC.grossTradingProfit.totalOutput.netSales.grossSales.provisionOfTractionCurrent"
                xlink:arcrole="http://www.xbrl.org/2003/arcrole/concept-label"
                xlink:type="arc"/>
      <label xlink:label="label_de-bra_is.netIncome.regular.operatingTC.grossTradingProfit.totalOutput.netSales.grossSales.provisionOfTractionCurrent"
             id="label_de-bra_is.netIncome.regular.operatingTC.grossTradingProfit.totalOutput.netSales.grossSales.provisionOfTractionCurrent"
             xlink:role="http://www.xbrl.org/2003/role/terseLabel"
             xlink:type="resource"
             xml:lang="de">davon Erträge aus Bereitstellung Bahnstrom</label>
      <labelArc xlink:from="de-bra_is.netIncome.regular.operatingTC.grossTradingProfit.totalOutput.netSales.grossSales.suppliedSubcontractorServices"
                xlink:to="label_de-bra_is.netIncome.regular.operatingTC.grossTradingProfit.totalOutput.netSales.grossSales.suppliedSubcontractorServices"
                xlink:arcrole="http://www.xbrl.org/2003/arcrole/concept-label"
                xlink:type="arc"/>
      <label xlink:label="label_de-bra_is.netIncome.regular.operatingTC.grossTradingProfit.totalOutput.netSales.grossSales.suppliedSubcontractorServices"
             id="label_de-bra_is.netIncome.regular.operatingTC.grossTradingProfit.totalOutput.netSales.grossSales.suppliedSubcontractorServices"
             xlink:role="http://www.xbrl.org/2003/role/terseLabel"
             xlink:type="resource"
             xml:lang="de">davon erbrachte Subunternehmerleistung</label>
      <!--
external labels
--><labelArc xlink:from="de-bra_is.netIncome.regular.operatingTC.grossTradingProfit.totalOutput.netSales.grossSales.provisionOfTractionCurrent"
                xlink:to="extlabel_de-bra_is.netIncome.regular.operatingTC.grossTradingProfit.totalOutput.netSales.grossSales.provisionOfTractionCurrent_1"
                priority="1"
                use="prohibited"
                xlink:arcrole="http://www.xbrl.org/2003/arcrole/concept-label"
                xlink:type="arc"/>
      <labelArc xlink:from="de-bra_is.netIncome.regular.operatingTC.grossTradingProfit.totalOutput.netSales.grossSales.suppliedSubcontractorServices"
                xlink:to="extlabel_de-bra_is.netIncome.regular.operatingTC.grossTradingProfit.totalOutput.netSales.grossSales.suppliedSubcontractorServices_1"
                priority="1"
                use="prohibited"
                xlink:arcrole="http://www.xbrl.org/2003/arcrole/concept-label"
                xlink:type="arc"/>
      <loc xlink:type="locator"
           xlink:href="de-bra-2018-04-01-label-de.xml#label_de-bra_is.netIncome.regular.operatingTC.grossTradingProfit.totalOutput.netSales.grossSales.provisionOfTractionCurrent_1"
           xlink:label="extlabel_de-bra_is.netIncome.regular.operatingTC.grossTradingProfit.totalOutput.netSales.grossSales.provisionOfTractionCurrent_1"/>
      <loc xlink:type="locator"
           xlink:href="de-bra-2018-04-01-label-de.xml#label_de-bra_is.netIncome.regular.operatingTC.grossTradingProfit.totalOutput.netSales.grossSales.suppliedSubcontractorServices_1"
           xlink:label="extlabel_de-bra_is.netIncome.regular.operatingTC.grossTradingProfit.totalOutput.netSales.grossSales.suppliedSubcontractorServices_1"/>
   </labelLink>
</linkbase>