<?xml version="1.0" encoding="utf-8"?>
<!--(c) XBRL Deutschland e.V. - see http://www.xbrl.de-->


<linkbase xmlns="http://www.xbrl.org/2003/linkbase"
          xmlns:xsi="http://www.w3.org/2001/XMLSchema-instance"
          xsi:schemaLocation="http://www.xbrl.org/2003/linkbase http://www.xbrl.org/2003/xbrl-linkbase-2003-12-31.xsd">
   <roleRef xmlns:xlink="http://www.w3.org/1999/xlink"
            roleURI="http://www.xbrl.de/roles/labels/terse60Label"
            xlink:href="../de-gcd-2018-04-01/hgbrole-2018-04-01.xsd#role_terse60Label"
            xlink:type="simple"/>
   <labelLink xmlns:xlink="http://www.w3.org/1999/xlink"
              xlink:role="http://www.xbrl.org/2003/role/link"
              xlink:type="extended">
      <loc xlink:type="locator"
           xlink:href="de-bra-2018-04-01.xsd#de-bra_bs.ass.fixAss.tan.landWithResidentialBuildingsWUV"
           xlink:label="de-bra_bs.ass.fixAss.tan.landWithResidentialBuildingsWUV"/>
      <loc xlink:type="locator"
           xlink:href="de-bra-2018-04-01.xsd#de-bra_bs.ass.fixAss.tan.landWithBusinessBuildings"
           xlink:label="de-bra_bs.ass.fixAss.tan.landWithBusinessBuildings"/>
      <loc xlink:type="locator"
           xlink:href="de-bra-2018-04-01.xsd#de-bra_bs.ass.fixAss.tan.landWithOperatingBuildings"
           xlink:label="de-bra_bs.ass.fixAss.tan.landWithOperatingBuildings"/>
      <loc xlink:type="locator"
           xlink:href="de-bra-2018-04-01.xsd#de-bra_bs.ass.fixAss.tan.landWithResidentialBuildingsKHBV"
           xlink:label="de-bra_bs.ass.fixAss.tan.landWithResidentialBuildingsKHBV"/>
      <loc xlink:type="locator"
           xlink:href="de-bra-2018-04-01.xsd#de-bra_bs.ass.fixAss.tan.landWithoutBuildingsKHBV"
           xlink:label="de-bra_bs.ass.fixAss.tan.landWithoutBuildingsKHBV"/>
      <loc xlink:type="locator"
           xlink:href="de-bra-2018-04-01.xsd#de-bra_bs.ass.fixAss.tan.disposalSystems"
           xlink:label="de-bra_bs.ass.fixAss.tan.disposalSystems"/>
      <loc xlink:type="locator"
           xlink:href="de-bra-2018-04-01.xsd#de-bra_bs.ass.fixAss.tan.collectionSystemsSubsidies"
           xlink:label="de-bra_bs.ass.fixAss.tan.collectionSystemsSubsidies"/>
      <loc xlink:type="locator"
           xlink:href="de-bra-2018-04-01.xsd#de-bra_bs.ass.fixAss.tan.safetySystems"
           xlink:label="de-bra_bs.ass.fixAss.tan.safetySystems"/>
      <loc xlink:type="locator"
           xlink:href="de-bra-2018-04-01.xsd#de-bra_bs.ass.currAss.landForSale.landWithBuildingsUnderConstr"
           xlink:label="de-bra_bs.ass.currAss.landForSale.landWithBuildingsUnderConstr"/>
      <loc xlink:type="locator"
           xlink:href="de-bra-2018-04-01.xsd#de-bra_bs.ass.currAss.landForSale.landWithFinishedBuildings"
           xlink:label="de-bra_bs.ass.currAss.landForSale.landWithFinishedBuildings"/>
      <loc xlink:type="locator"
           xlink:href="de-bra-2018-04-01.xsd#de-bra_bs.ass.currAss.receiv.municipality"
           xlink:label="de-bra_bs.ass.currAss.receiv.municipality"/>
      <loc xlink:type="locator"
           xlink:href="de-bra-2018-04-01.xsd#de-bra_bs.ass.currAss.receiv.shareholdersKHBV"
           xlink:label="de-bra_bs.ass.currAss.receiv.shareholdersKHBV"/>
      <loc xlink:type="locator"
           xlink:href="de-bra-2018-04-01.xsd#de-bra_bs.ass.currAss.receiv.shareholdersKHBV.above1year"
           xlink:label="de-bra_bs.ass.currAss.receiv.shareholdersKHBV.above1year"/>
      <loc xlink:type="locator"
           xlink:href="de-bra-2018-04-01.xsd#de-bra_bs.ass.currAss.receiv.shareholdersKHBV.institutionalOwners"
           xlink:label="de-bra_bs.ass.currAss.receiv.shareholdersKHBV.institutionalOwners"/>
      <loc xlink:type="locator"
           xlink:href="de-bra-2018-04-01.xsd#de-bra_bs.ass.currAss.receiv.shareholdersKHBV.limitedLiable"
           xlink:label="de-bra_bs.ass.currAss.receiv.shareholdersKHBV.limitedLiable"/>
      <loc xlink:type="locator"
           xlink:href="de-bra-2018-04-01.xsd#de-bra_bs.eqLiab.equity.revenueRes.statutory.profitPresentYear"
           xlink:label="de-bra_bs.eqLiab.equity.revenueRes.statutory.profitPresentYear"/>
      <loc xlink:type="locator"
           xlink:href="de-bra-2018-04-01.xsd#de-bra_bs.eqLiab.equity.revenueRes.other.profitPresentYear"
           xlink:label="de-bra_bs.eqLiab.equity.revenueRes.other.profitPresentYear"/>
      <loc xlink:type="locator"
           xlink:href="de-bra-2018-04-01.xsd#de-bra_bs.eqLiab.specResEmissionRights"
           xlink:label="de-bra_bs.eqLiab.specResEmissionRights"/>
      <loc xlink:type="locator"
           xlink:href="de-bra-2018-04-01.xsd#de-bra_bs.eqLiab.specResFixAssFinancingCostsSubsidies"
           xlink:label="de-bra_bs.eqLiab.specResFixAssFinancingCostsSubsidies"/>
      <loc xlink:type="locator"
           xlink:href="de-bra-2018-04-01.xsd#de-bra_bs.eqLiab.specResFixAssFinancingCostsSubsidies.public"
           xlink:label="de-bra_bs.eqLiab.specResFixAssFinancingCostsSubsidies.public"/>
      <loc xlink:type="locator"
           xlink:href="de-bra-2018-04-01.xsd#de-bra_bs.eqLiab.specResFixAssFinancingCostsSubsidies.private"
           xlink:label="de-bra_bs.eqLiab.specResFixAssFinancingCostsSubsidies.private"/>
      <loc xlink:type="locator"
           xlink:href="de-bra-2018-04-01.xsd#de-bra_bs.eqLiab.specResFixAssFinancingCostsSubsidies.government"
           xlink:label="de-bra_bs.eqLiab.specResFixAssFinancingCostsSubsidies.government"/>
      <loc xlink:type="locator"
           xlink:href="de-bra-2018-04-01.xsd#de-bra_bs.eqLiab.liab.municipality"
           xlink:label="de-bra_bs.eqLiab.liab.municipality"/>
      <loc xlink:type="locator"
           xlink:href="de-bra-2018-04-01.xsd#de-bra_bs.eqLiab.liab.shareholdersKHBV"
           xlink:label="de-bra_bs.eqLiab.liab.shareholdersKHBV"/>
      <loc xlink:type="locator"
           xlink:href="de-bra-2018-04-01.xsd#de-bra_bs.eqLiab.liab.shareholdersKHBV.gmbhSilent"
           xlink:label="de-bra_bs.eqLiab.liab.shareholdersKHBV.gmbhSilent"/>
      <loc xlink:type="locator"
           xlink:href="de-bra-2018-04-01.xsd#de-bra_bs.eqLiab.liab.shareholdersKHBV.unlimitedLiable"
           xlink:label="de-bra_bs.eqLiab.liab.shareholdersKHBV.unlimitedLiable"/>
      <loc xlink:type="locator"
           xlink:href="de-bra-2018-04-01.xsd#de-bra_bs.eqLiab.liab.fixAssFinancingSubsidies"
           xlink:label="de-bra_bs.eqLiab.liab.fixAssFinancingSubsidies"/>
      <loc xlink:type="locator"
           xlink:href="de-bra-2018-04-01.xsd#de-bra_bs.eqLiab.liab.governmentSubsidies"
           xlink:label="de-bra_bs.eqLiab.liab.governmentSubsidies"/>
      <loc xlink:type="locator"
           xlink:href="de-bra-2018-04-01.xsd#de-bra_bs.eqLiab.liab.privateGrants"
           xlink:label="de-bra_bs.eqLiab.liab.privateGrants"/>
      <loc xlink:type="locator"
           xlink:href="de-bra-2018-04-01.xsd#de-bra_is.netIncome.regular.operatingTC.grossTradingProfit.totalOutput.netSales.generalCareServices"
           xlink:label="de-bra_is.netIncome.regular.operatingTC.grossTradingProfit.totalOutput.netSales.generalCareServices"/>
      <loc xlink:type="locator"
           xlink:href="de-bra-2018-04-01.xsd#de-bra_is.netIncome.regular.operatingTC.grossTradingProfit.totalOutput.netSales.investmentCostCharge"
           xlink:label="de-bra_is.netIncome.regular.operatingTC.grossTradingProfit.totalOutput.netSales.investmentCostCharge"/>
      <loc xlink:type="locator"
           xlink:href="de-bra-2018-04-01.xsd#de-bra_is.netIncome.regular.operatingTC.grossTradingProfit.subsidiesToOperatingCosts"
           xlink:label="de-bra_is.netIncome.regular.operatingTC.grossTradingProfit.subsidiesToOperatingCosts"/>
      <loc xlink:type="locator"
           xlink:href="de-bra-2018-04-01.xsd#de-bra_is.netIncome.regular.operatingTC.otherOpRevenue.rentalIncomeAgricultureLandUse"
           xlink:label="de-bra_is.netIncome.regular.operatingTC.otherOpRevenue.rentalIncomeAgricultureLandUse"/>
      <loc xlink:type="locator"
           xlink:href="de-bra-2018-04-01.xsd#de-bra_is.netIncome.regular.operatingTC.grossTradingProfit.materialServices.food.unknownVAT"
           xlink:label="de-bra_is.netIncome.regular.operatingTC.grossTradingProfit.materialServices.food.unknownVAT"/>
      <loc xlink:type="locator"
           xlink:href="de-bra-2018-04-01.xsd#de-bra_is.netIncome.regular.operatingTC.grossTradingProfit.materialServices.optionalServices.unknownVAT"
           xlink:label="de-bra_is.netIncome.regular.operatingTC.grossTradingProfit.materialServices.optionalServices.unknownVAT"/>
      <loc xlink:type="locator"
           xlink:href="de-bra-2018-04-01.xsd#de-bra_is.netIncome.regular.operatingTC.grossTradingProfit.materialServices.housekeeping.unknownVAT"
           xlink:label="de-bra_is.netIncome.regular.operatingTC.grossTradingProfit.materialServices.housekeeping.unknownVAT"/>
      <loc xlink:type="locator"
           xlink:href="de-bra-2018-04-01.xsd#de-bra_is.netIncome.regular.operatingTC.grossTradingProfit.materialServices.housekeeping.otherUnknownVAT"
           xlink:label="de-bra_is.netIncome.regular.operatingTC.grossTradingProfit.materialServices.housekeeping.otherUnknownVAT"/>
      <loc xlink:type="locator"
           xlink:href="de-bra-2018-04-01.xsd#de-bra_is.netIncome.regular.operatingTC.grossTradingProfit.centralServices.unknownVAT"
           xlink:label="de-bra_is.netIncome.regular.operatingTC.grossTradingProfit.centralServices.unknownVAT"/>
      <loc xlink:type="locator"
           xlink:href="de-bra-2018-04-01.xsd#de-bra_is.netIncome.regular.operatingTC.grossTradingProfit.rent.immovables.other"
           xlink:label="de-bra_is.netIncome.regular.operatingTC.grossTradingProfit.rent.immovables.other"/>
      <loc xlink:type="locator"
           xlink:href="de-bra-2018-04-01.xsd#de-bra_is.netIncome.regular.operatingTC.grossTradingProfit.rent.moveables.other"
           xlink:label="de-bra_is.netIncome.regular.operatingTC.grossTradingProfit.rent.moveables.other"/>
      <loc xlink:type="locator"
           xlink:href="de-bra-2018-04-01.xsd#de-bra_is.netIncome.regular.operatingTC.grantsToInvestments"
           xlink:label="de-bra_is.netIncome.regular.operatingTC.grantsToInvestments"/>
      <loc xlink:type="locator"
           xlink:href="de-bra-2018-04-01.xsd#de-bra_is.netIncome.regular.operatingTC.refundAdjustmentItemLoanGrants"
           xlink:label="de-bra_is.netIncome.regular.operatingTC.refundAdjustmentItemLoanGrants"/>
      <loc xlink:type="locator"
           xlink:href="de-bra-2018-04-01.xsd#de-bra_is.netIncome.regular.operatingTC.addSpecRes"
           xlink:label="de-bra_is.netIncome.regular.operatingTC.addSpecRes"/>
      <loc xlink:type="locator"
           xlink:href="de-bra-2018-04-01.xsd#de-bra_is.netIncome.regular.operatingTC.addAdjustmentItemLoanGrantsPBV"
           xlink:label="de-bra_is.netIncome.regular.operatingTC.addAdjustmentItemLoanGrantsPBV"/>
      <loc xlink:type="locator"
           xlink:href="de-bra-2018-04-01.xsd#de-bra_is.netIncome.regular.operatingTC.addAdjustmentItemLoanAndEquityGrantsKHBV"
           xlink:label="de-bra_is.netIncome.regular.operatingTC.addAdjustmentItemLoanAndEquityGrantsKHBV"/>
      <loc xlink:type="locator"
           xlink:href="de-bra-2018-04-01.xsd#de-bra_is.netIncome.regular.operatingTC.releaseSpecResKHG"
           xlink:label="de-bra_is.netIncome.regular.operatingTC.releaseSpecResKHG"/>
      <loc xlink:type="locator"
           xlink:href="de-bra-2018-04-01.xsd#de-bra_is.netIncome.regular.operatingTC.releaseAdjustmentItemLoanGrantsKHBV"
           xlink:label="de-bra_is.netIncome.regular.operatingTC.releaseAdjustmentItemLoanGrantsKHBV"/>
      <loc xlink:type="locator"
           xlink:href="de-bra-2018-04-01.xsd#de-bra_is.netIncome.regular.operatingTC.addSpecResKHG"
           xlink:label="de-bra_is.netIncome.regular.operatingTC.addSpecResKHG"/>
      <loc xlink:type="locator"
           xlink:href="de-bra-2018-04-01.xsd#de-bra_is.netIncome.regular.operatingTC.addAdjustmentItemLoanGrantsKHBV"
           xlink:label="de-bra_is.netIncome.regular.operatingTC.addAdjustmentItemLoanGrantsKHBV"/>
      <loc xlink:type="locator"
           xlink:href="de-bra-2018-04-01.xsd#de-bra_is.netIncome.regular.operatingTC.fixAssKHG"
           xlink:label="de-bra_is.netIncome.regular.operatingTC.fixAssKHG"/>
      <loc xlink:type="locator"
           xlink:href="de-bra-2018-04-01.xsd#de-bra_is.netIncome.regular.operatingTC.nonCapitalisableCostsKHG"
           xlink:label="de-bra_is.netIncome.regular.operatingTC.nonCapitalisableCostsKHG"/>
      <loc xlink:type="locator"
           xlink:href="de-bra-2018-04-01.xsd#de-bra_is.netIncome.regular.operatingTC.releaseAdjustmentItemLoanAndEquityGrants"
           xlink:label="de-bra_is.netIncome.regular.operatingTC.releaseAdjustmentItemLoanAndEquityGrants"/>
      <loc xlink:type="locator"
           xlink:href="de-bra-2018-04-01.xsd#de-bra_is.netIncome.regular.operatingTC.deprAmort.receiv"
           xlink:label="de-bra_is.netIncome.regular.operatingTC.deprAmort.receiv"/>
      <loc xlink:type="locator"
           xlink:href="de-bra-2018-04-01.xsd#de-bra_bs.ass.assInbetwFixAndCurr.animals.fixAss"
           xlink:label="de-bra_bs.ass.assInbetwFixAndCurr.animals.fixAss"/>
      <loc xlink:type="locator"
           xlink:href="de-bra-2018-04-01.xsd#de-bra_bs.ass.assInbetwFixAndCurr.animals.currAss"
           xlink:label="de-bra_bs.ass.assInbetwFixAndCurr.animals.currAss"/>
      <loc xlink:type="locator"
           xlink:href="de-bra-2018-04-01.xsd#de-bra_bs.eqLiab.liab.shareholdersKHBV.institutionalOwners"
           xlink:label="de-bra_bs.eqLiab.liab.shareholdersKHBV.institutionalOwners"/>
      <loc xlink:type="locator"
           xlink:href="de-bra-2018-04-01.xsd#de-bra_is.netIncome.regular.operatingTC.grossTradingProfit.totalOutput.netSales.grossSales.leasePassengerAndFreightTransportVehicles"
           xlink:label="de-bra_is.netIncome.regular.operatingTC.grossTradingProfit.totalOutput.netSales.grossSales.leasePassengerAndFreightTransportVehicles"/>
      <loc xlink:type="locator"
           xlink:href="de-bra-2018-04-01.xsd#de-bra_is.netIncome.regular.operatingTC.grossTradingProfit.totalOutput.netSales.grossSales.nonInvestmentContribution"
           xlink:label="de-bra_is.netIncome.regular.operatingTC.grossTradingProfit.totalOutput.netSales.grossSales.nonInvestmentContribution"/>
      <loc xlink:type="locator"
           xlink:href="de-bra-2018-04-01.xsd#de-bra_is.netIncome.regular.operatingTC.grossTradingProfit.totalOutput.netSales.grossSales.suppliedServices"
           xlink:label="de-bra_is.netIncome.regular.operatingTC.grossTradingProfit.totalOutput.netSales.grossSales.suppliedServices"/>
      <loc xlink:type="locator"
           xlink:href="de-bra-2018-04-01.xsd#de-bra_is.netIncome.regular.operatingTC.grossTradingProfit.totalOutput.netSales.grossSales.provisionOfInfrastructure"
           xlink:label="de-bra_is.netIncome.regular.operatingTC.grossTradingProfit.totalOutput.netSales.grossSales.provisionOfInfrastructure"/>
      <loc xlink:type="locator"
           xlink:href="de-bra-2018-04-01.xsd#de-bra_is.netIncome.regular.operatingTC.otherOpRevenue.releaseSpecResEigVo21"
           xlink:label="de-bra_is.netIncome.regular.operatingTC.otherOpRevenue.releaseSpecResEigVo21"/>
      <loc xlink:type="locator"
           xlink:href="de-bra-2018-04-01.xsd#de-bra_bs.ass.currAss.cashEquiv.KHG"
           xlink:label="de-bra_bs.ass.currAss.cashEquiv.KHG"/>
      <loc xlink:type="locator"
           xlink:href="de-bra-2018-04-01.xsd#de-bra_bs.ass.currAss.receiv.subsidies"
           xlink:label="de-bra_bs.ass.currAss.receiv.subsidies"/>
      <loc xlink:type="locator"
           xlink:href="de-bra-2018-04-01.xsd#de-bra_bs.eqLiab.liab.grants"
           xlink:label="de-bra_bs.eqLiab.liab.grants"/>
      <loc xlink:type="locator"
           xlink:href="de-bra-2018-04-01.xsd#de-bra_is.netIncome.regular.operatingTC.otherOpRevenue.grantsTransit"
           xlink:label="de-bra_is.netIncome.regular.operatingTC.otherOpRevenue.grantsTransit"/>
      <loc xlink:type="locator"
           xlink:href="de-bra-2018-04-01.xsd#de-bra_is.netIncome.regular.operatingTC.grossTradingProfit.grants"
           xlink:label="de-bra_is.netIncome.regular.operatingTC.grossTradingProfit.grants"/>
      <loc xlink:type="locator"
           xlink:href="de-bra-2018-04-01.xsd#de-bra_is.netIncome.transitFunds"
           xlink:label="de-bra_is.netIncome.transitFunds"/>
      <loc xlink:type="locator"
           xlink:href="de-bra-2018-04-01.xsd#de-bra_bs.eqLiab.liab.tradeOtherForeign"
           xlink:label="de-bra_bs.eqLiab.liab.tradeOtherForeign"/>
      <loc xlink:type="locator"
           xlink:href="de-bra-2018-04-01.xsd#de-bra_is.netIncome.regular.operatingTC.grossTradingProfit.totalOutput.netsales.HGB277_1PBV"
           xlink:label="de-bra_is.netIncome.regular.operatingTC.grossTradingProfit.totalOutput.netsales.HGB277_1PBV"/>
      <loc xlink:type="locator"
           xlink:href="de-bra-2018-04-01.xsd#de-bra_is.netIncome.regular.operatingTC.grossTradingProfit.totalOutput.netsales.HGB277_1KHBV"
           xlink:label="de-bra_is.netIncome.regular.operatingTC.grossTradingProfit.totalOutput.netsales.HGB277_1KHBV"/>
      <!--
internal labels
--><labelArc xlink:from="de-bra_bs.ass.assInbetwFixAndCurr.animals.currAss"
                xlink:to="label_de-bra_bs.ass.assInbetwFixAndCurr.animals.currAss"
                xlink:arcrole="http://www.xbrl.org/2003/arcrole/concept-label"
                xlink:type="arc"/>
      <label xlink:label="label_de-bra_bs.ass.assInbetwFixAndCurr.animals.currAss"
             id="label_de-bra_bs.ass.assInbetwFixAndCurr.animals.currAss"
             xlink:role="http://www.xbrl.de/roles/labels/terse60Label"
             xlink:type="resource"
             xml:lang="de">davon Tiervermögen, das dem UV zugeordnet werden kann</label>
      <labelArc xlink:from="de-bra_bs.ass.assInbetwFixAndCurr.animals.fixAss"
                xlink:to="label_de-bra_bs.ass.assInbetwFixAndCurr.animals.fixAss"
                xlink:arcrole="http://www.xbrl.org/2003/arcrole/concept-label"
                xlink:type="arc"/>
      <label xlink:label="label_de-bra_bs.ass.assInbetwFixAndCurr.animals.fixAss"
             id="label_de-bra_bs.ass.assInbetwFixAndCurr.animals.fixAss"
             xlink:role="http://www.xbrl.de/roles/labels/terse60Label"
             xlink:type="resource"
             xml:lang="de">davon Tiervermögen, das dem AV zugeordnet werden kann</label>
      <labelArc xlink:from="de-bra_bs.ass.currAss.cashEquiv.KHG"
                xlink:to="label_de-bra_bs.ass.currAss.cashEquiv.KHG"
                xlink:arcrole="http://www.xbrl.org/2003/arcrole/concept-label"
                xlink:type="arc"/>
      <label xlink:label="label_de-bra_bs.ass.currAss.cashEquiv.KHG"
             id="label_de-bra_bs.ass.currAss.cashEquiv.KHG"
             xlink:role="http://www.xbrl.de/roles/labels/terse60Label"
             xlink:type="resource"
             xml:lang="de">flüssige Mittel, davon zweckgebunden nach KHG und LPflegEG</label>
      <labelArc xlink:from="de-bra_bs.ass.currAss.landForSale.landWithBuildingsUnderConstr"
                xlink:to="label_de-bra_bs.ass.currAss.landForSale.landWithBuildingsUnderConstr"
                xlink:arcrole="http://www.xbrl.org/2003/arcrole/concept-label"
                xlink:type="arc"/>
      <label xlink:label="label_de-bra_bs.ass.currAss.landForSale.landWithBuildingsUnderConstr"
             id="label_de-bra_bs.ass.currAss.landForSale.landWithBuildingsUnderConstr"
             xlink:role="http://www.xbrl.de/roles/labels/terse60Label"
             xlink:type="resource"
             xml:lang="de">Grundstücke/ grundstücksgleiche Rechte mit unfertigen Bauten</label>
      <labelArc xlink:from="de-bra_bs.ass.currAss.landForSale.landWithFinishedBuildings"
                xlink:to="label_de-bra_bs.ass.currAss.landForSale.landWithFinishedBuildings"
                xlink:arcrole="http://www.xbrl.org/2003/arcrole/concept-label"
                xlink:type="arc"/>
      <label xlink:label="label_de-bra_bs.ass.currAss.landForSale.landWithFinishedBuildings"
             id="label_de-bra_bs.ass.currAss.landForSale.landWithFinishedBuildings"
             xlink:role="http://www.xbrl.de/roles/labels/terse60Label"
             xlink:type="resource"
             xml:lang="de">Grundstücke / grundstücksgleiche Rechte mit fertigen Bauten</label>
      <labelArc xlink:from="de-bra_bs.ass.currAss.receiv.municipality"
                xlink:to="label_de-bra_bs.ass.currAss.receiv.municipality"
                xlink:arcrole="http://www.xbrl.org/2003/arcrole/concept-label"
                xlink:type="arc"/>
      <label xlink:label="label_de-bra_bs.ass.currAss.receiv.municipality"
             id="label_de-bra_bs.ass.currAss.receiv.municipality"
             xlink:role="http://www.xbrl.de/roles/labels/terse60Label"
             xlink:type="resource"
             xml:lang="de">Ford. an Stadt, Gemeinde, and. Eigenbetriebe, So.Verm, usw.</label>
      <labelArc xlink:from="de-bra_bs.ass.currAss.receiv.shareholdersKHBV.above1year"
                xlink:to="label_de-bra_bs.ass.currAss.receiv.shareholdersKHBV.above1year"
                xlink:arcrole="http://www.xbrl.org/2003/arcrole/concept-label"
                xlink:type="arc"/>
      <label xlink:label="label_de-bra_bs.ass.currAss.receiv.shareholdersKHBV.above1year"
             id="label_de-bra_bs.ass.currAss.receiv.shareholdersKHBV.above1year"
             xlink:role="http://www.xbrl.de/roles/labels/terse60Label"
             xlink:type="resource"
             xml:lang="de">Ford. geg. Gesellschafter, Krankenhausträger, dav. RL &gt; 1 J.</label>
      <labelArc xlink:from="de-bra_bs.ass.currAss.receiv.shareholdersKHBV.institutionalOwners"
                xlink:to="label_de-bra_bs.ass.currAss.receiv.shareholdersKHBV.institutionalOwners"
                xlink:arcrole="http://www.xbrl.org/2003/arcrole/concept-label"
                xlink:type="arc"/>
      <label xlink:label="label_de-bra_bs.ass.currAss.receiv.shareholdersKHBV.institutionalOwners"
             id="label_de-bra_bs.ass.currAss.receiv.shareholdersKHBV.institutionalOwners"
             xlink:role="http://www.xbrl.de/roles/labels/terse60Label"
             xlink:type="resource"
             xml:lang="de">Ford. geg. Träger der Einrichtung / Krankenhausträger</label>
      <labelArc xlink:from="de-bra_bs.ass.currAss.receiv.shareholdersKHBV.limitedLiable"
                xlink:to="label_de-bra_bs.ass.currAss.receiv.shareholdersKHBV.limitedLiable"
                xlink:arcrole="http://www.xbrl.org/2003/arcrole/concept-label"
                xlink:type="arc"/>
      <label xlink:label="label_de-bra_bs.ass.currAss.receiv.shareholdersKHBV.limitedLiable"
             id="label_de-bra_bs.ass.currAss.receiv.shareholdersKHBV.limitedLiable"
             xlink:role="http://www.xbrl.de/roles/labels/terse60Label"
             xlink:type="resource"
             xml:lang="de">Ford. gegen Kommanditisten und atypisch stillen Gesell.</label>
      <labelArc xlink:from="de-bra_bs.ass.currAss.receiv.shareholdersKHBV"
                xlink:to="label_de-bra_bs.ass.currAss.receiv.shareholdersKHBV"
                xlink:arcrole="http://www.xbrl.org/2003/arcrole/concept-label"
                xlink:type="arc"/>
      <label xlink:label="label_de-bra_bs.ass.currAss.receiv.shareholdersKHBV"
             id="label_de-bra_bs.ass.currAss.receiv.shareholdersKHBV"
             xlink:role="http://www.xbrl.de/roles/labels/terse60Label"
             xlink:type="resource"
             xml:lang="de">Ford. geg. Gesellschafter, Einrichtungs-, Krankenhausträger</label>
      <labelArc xlink:from="de-bra_bs.ass.currAss.receiv.subsidies"
                xlink:to="label_de-bra_bs.ass.currAss.receiv.subsidies"
                xlink:arcrole="http://www.xbrl.org/2003/arcrole/concept-label"
                xlink:type="arc"/>
      <label xlink:label="label_de-bra_bs.ass.currAss.receiv.subsidies"
             id="label_de-bra_bs.ass.currAss.receiv.subsidies"
             xlink:role="http://www.xbrl.de/roles/labels/terse60Label"
             xlink:type="resource"
             xml:lang="de">Ford. a. Zuweisungen/ (Inv.-) Zusch./ Darl./ Prod.-abgelt.</label>
      <labelArc xlink:from="de-bra_bs.ass.fixAss.tan.collectionSystemsSubsidies"
                xlink:to="label_de-bra_bs.ass.fixAss.tan.collectionSystemsSubsidies"
                xlink:arcrole="http://www.xbrl.org/2003/arcrole/concept-label"
                xlink:type="arc"/>
      <label xlink:label="label_de-bra_bs.ass.fixAss.tan.collectionSystemsSubsidies"
             id="label_de-bra_bs.ass.fixAss.tan.collectionSystemsSubsidies"
             xlink:role="http://www.xbrl.de/roles/labels/terse60Label"
             xlink:type="resource"
             xml:lang="de">Verteilungs- u. Sammlungsanl. (Erhaltene Baukostenzuschüsse)</label>
      <labelArc xlink:from="de-bra_bs.ass.fixAss.tan.disposalSystems"
                xlink:to="label_de-bra_bs.ass.fixAss.tan.disposalSystems"
                xlink:arcrole="http://www.xbrl.org/2003/arcrole/concept-label"
                xlink:type="arc"/>
      <label xlink:label="label_de-bra_bs.ass.fixAss.tan.disposalSystems"
             id="label_de-bra_bs.ass.fixAss.tan.disposalSystems"
             xlink:role="http://www.xbrl.de/roles/labels/terse60Label"
             xlink:type="resource"
             xml:lang="de">Anl. zur Erzeugung, Gewinnung, Bezug, Reinigung, Entsorgung</label>
      <labelArc xlink:from="de-bra_bs.ass.fixAss.tan.landWithBusinessBuildings"
                xlink:to="label_de-bra_bs.ass.fixAss.tan.landWithBusinessBuildings"
                xlink:arcrole="http://www.xbrl.org/2003/arcrole/concept-label"
                xlink:type="arc"/>
      <label xlink:label="label_de-bra_bs.ass.fixAss.tan.landWithBusinessBuildings"
             id="label_de-bra_bs.ass.fixAss.tan.landWithBusinessBuildings"
             xlink:role="http://www.xbrl.de/roles/labels/terse60Label"
             xlink:type="resource"
             xml:lang="de">Grundst. u. grundst.gl. Rechte m. Geschäfts- u. and. Bauten</label>
      <labelArc xlink:from="de-bra_bs.ass.fixAss.tan.landWithOperatingBuildings"
                xlink:to="label_de-bra_bs.ass.fixAss.tan.landWithOperatingBuildings"
                xlink:arcrole="http://www.xbrl.org/2003/arcrole/concept-label"
                xlink:type="arc"/>
      <label xlink:label="label_de-bra_bs.ass.fixAss.tan.landWithOperatingBuildings"
             id="label_de-bra_bs.ass.fixAss.tan.landWithOperatingBuildings"
             xlink:role="http://www.xbrl.de/roles/labels/terse60Label"
             xlink:type="resource"
             xml:lang="de">Grundstücke und grundstücksgleiche Rechte mit Betriebsbauten</label>
      <labelArc xlink:from="de-bra_bs.ass.fixAss.tan.landWithResidentialBuildingsKHBV"
                xlink:to="label_de-bra_bs.ass.fixAss.tan.landWithResidentialBuildingsKHBV"
                xlink:arcrole="http://www.xbrl.org/2003/arcrole/concept-label"
                xlink:type="arc"/>
      <label xlink:label="label_de-bra_bs.ass.fixAss.tan.landWithResidentialBuildingsKHBV"
             id="label_de-bra_bs.ass.fixAss.tan.landWithResidentialBuildingsKHBV"
             xlink:role="http://www.xbrl.de/roles/labels/terse60Label"
             xlink:type="resource"
             xml:lang="de">Grundstücke u. gleiche Rechte m. Wohnbauten auch a. fr. Gru.</label>
      <labelArc xlink:from="de-bra_bs.ass.fixAss.tan.landWithResidentialBuildingsWUV"
                xlink:to="label_de-bra_bs.ass.fixAss.tan.landWithResidentialBuildingsWUV"
                xlink:arcrole="http://www.xbrl.org/2003/arcrole/concept-label"
                xlink:type="arc"/>
      <label xlink:label="label_de-bra_bs.ass.fixAss.tan.landWithResidentialBuildingsWUV"
             id="label_de-bra_bs.ass.fixAss.tan.landWithResidentialBuildingsWUV"
             xlink:role="http://www.xbrl.de/roles/labels/terse60Label"
             xlink:type="resource"
             xml:lang="de">Grundstücke und grundstücksgleiche Rechte mit Wohnbauten</label>
      <labelArc xlink:from="de-bra_bs.ass.fixAss.tan.landWithoutBuildingsKHBV"
                xlink:to="label_de-bra_bs.ass.fixAss.tan.landWithoutBuildingsKHBV"
                xlink:arcrole="http://www.xbrl.org/2003/arcrole/concept-label"
                xlink:type="arc"/>
      <label xlink:label="label_de-bra_bs.ass.fixAss.tan.landWithoutBuildingsKHBV"
             id="label_de-bra_bs.ass.fixAss.tan.landWithoutBuildingsKHBV"
             xlink:role="http://www.xbrl.de/roles/labels/terse60Label"
             xlink:type="resource"
             xml:lang="de">Grundstücke und grundstücksgl. Rechte ohne Bauten (KHBV;PBV)</label>
      <labelArc xlink:from="de-bra_bs.ass.fixAss.tan.safetySystems"
                xlink:to="label_de-bra_bs.ass.fixAss.tan.safetySystems"
                xlink:arcrole="http://www.xbrl.org/2003/arcrole/concept-label"
                xlink:type="arc"/>
      <label xlink:label="label_de-bra_bs.ass.fixAss.tan.safetySystems"
             id="label_de-bra_bs.ass.fixAss.tan.safetySystems"
             xlink:role="http://www.xbrl.de/roles/labels/terse60Label"
             xlink:type="resource"
             xml:lang="de">Gleis-, Sicherungsanl., Gleichrichterwerk, Streckenausrüst.</label>
      <labelArc xlink:from="de-bra_bs.eqLiab.equity.revenueRes.other.profitPresentYear"
                xlink:to="label_de-bra_bs.eqLiab.equity.revenueRes.other.profitPresentYear"
                xlink:arcrole="http://www.xbrl.org/2003/arcrole/concept-label"
                xlink:type="arc"/>
      <label xlink:label="label_de-bra_bs.eqLiab.equity.revenueRes.other.profitPresentYear"
             id="label_de-bra_bs.eqLiab.equity.revenueRes.other.profitPresentYear"
             xlink:role="http://www.xbrl.de/roles/labels/terse60Label"
             xlink:type="resource"
             xml:lang="de">davon a. d. Jahresüberschuss des Geschäftsjahres eingestellt</label>
      <labelArc xlink:from="de-bra_bs.eqLiab.equity.revenueRes.statutory.profitPresentYear"
                xlink:to="label_de-bra_bs.eqLiab.equity.revenueRes.statutory.profitPresentYear"
                xlink:arcrole="http://www.xbrl.org/2003/arcrole/concept-label"
                xlink:type="arc"/>
      <label xlink:label="label_de-bra_bs.eqLiab.equity.revenueRes.statutory.profitPresentYear"
             id="label_de-bra_bs.eqLiab.equity.revenueRes.statutory.profitPresentYear"
             xlink:role="http://www.xbrl.de/roles/labels/terse60Label"
             xlink:type="resource"
             xml:lang="de">davon a. d. Jahresüberschuss des Geschäftsjahres eingestellt</label>
      <labelArc xlink:from="de-bra_bs.eqLiab.liab.fixAssFinancingSubsidies"
                xlink:to="label_de-bra_bs.eqLiab.liab.fixAssFinancingSubsidies"
                xlink:arcrole="http://www.xbrl.org/2003/arcrole/concept-label"
                xlink:type="arc"/>
      <label xlink:label="label_de-bra_bs.eqLiab.liab.fixAssFinancingSubsidies"
             id="label_de-bra_bs.eqLiab.liab.fixAssFinancingSubsidies"
             xlink:role="http://www.xbrl.de/roles/labels/terse60Label"
             xlink:type="resource"
             xml:lang="de">Vbk aus sonst. Zuwendungen zur Finanzierung des AV</label>
      <labelArc xlink:from="de-bra_bs.eqLiab.liab.governmentSubsidies"
                xlink:to="label_de-bra_bs.eqLiab.liab.governmentSubsidies"
                xlink:arcrole="http://www.xbrl.org/2003/arcrole/concept-label"
                xlink:type="arc"/>
      <label xlink:label="label_de-bra_bs.eqLiab.liab.governmentSubsidies"
             id="label_de-bra_bs.eqLiab.liab.governmentSubsidies"
             xlink:role="http://www.xbrl.de/roles/labels/terse60Label"
             xlink:type="resource"
             xml:lang="de">Vbk aus öffentlichen Fördermitteln für Investitionen</label>
      <labelArc xlink:from="de-bra_bs.eqLiab.liab.grants"
                xlink:to="label_de-bra_bs.eqLiab.liab.grants"
                xlink:arcrole="http://www.xbrl.org/2003/arcrole/concept-label"
                xlink:type="arc"/>
      <label xlink:label="label_de-bra_bs.eqLiab.liab.grants"
             id="label_de-bra_bs.eqLiab.liab.grants"
             xlink:role="http://www.xbrl.de/roles/labels/terse60Label"
             xlink:type="resource"
             xml:lang="de">aus Zuweisungen u. Zuschüssen u. Investitionszuschüssen</label>
      <labelArc xlink:from="de-bra_bs.eqLiab.liab.municipality"
                xlink:to="label_de-bra_bs.eqLiab.liab.municipality"
                xlink:arcrole="http://www.xbrl.org/2003/arcrole/concept-label"
                xlink:type="arc"/>
      <label xlink:label="label_de-bra_bs.eqLiab.liab.municipality"
             id="label_de-bra_bs.eqLiab.liab.municipality"
             xlink:role="http://www.xbrl.de/roles/labels/terse60Label"
             xlink:type="resource"
             xml:lang="de">gegen Stadt/Gemeinde/Eigenbetrieben/Gebietskörperschaft</label>
      <labelArc xlink:from="de-bra_bs.eqLiab.liab.privateGrants"
                xlink:to="label_de-bra_bs.eqLiab.liab.privateGrants"
                xlink:arcrole="http://www.xbrl.org/2003/arcrole/concept-label"
                xlink:type="arc"/>
      <label xlink:label="label_de-bra_bs.eqLiab.liab.privateGrants"
             id="label_de-bra_bs.eqLiab.liab.privateGrants"
             xlink:role="http://www.xbrl.de/roles/labels/terse60Label"
             xlink:type="resource"
             xml:lang="de">Vbk aus nicht-öffentlicher Förderung für Investitionen</label>
      <labelArc xlink:from="de-bra_bs.eqLiab.liab.shareholdersKHBV.gmbhSilent"
                xlink:to="label_de-bra_bs.eqLiab.liab.shareholdersKHBV.gmbhSilent"
                xlink:arcrole="http://www.xbrl.org/2003/arcrole/concept-label"
                xlink:type="arc"/>
      <label xlink:label="label_de-bra_bs.eqLiab.liab.shareholdersKHBV.gmbhSilent"
             id="label_de-bra_bs.eqLiab.liab.shareholdersKHBV.gmbhSilent"
             xlink:role="http://www.xbrl.de/roles/labels/terse60Label"
             xlink:type="resource"
             xml:lang="de">Vbk. geg. GmbH-Gesellschaftern und stillen Gesellschaftern</label>
      <labelArc xlink:from="de-bra_bs.eqLiab.liab.shareholdersKHBV.institutionalOwners"
                xlink:to="label_de-bra_bs.eqLiab.liab.shareholdersKHBV.institutionalOwners"
                xlink:arcrole="http://www.xbrl.org/2003/arcrole/concept-label"
                xlink:type="arc"/>
      <label xlink:label="label_de-bra_bs.eqLiab.liab.shareholdersKHBV.institutionalOwners"
             id="label_de-bra_bs.eqLiab.liab.shareholdersKHBV.institutionalOwners"
             xlink:role="http://www.xbrl.de/roles/labels/terse60Label"
             xlink:type="resource"
             xml:lang="de">Vbk gegenüber dem Träger der Einrichtung / Krankenhausträger</label>
      <labelArc xlink:from="de-bra_bs.eqLiab.liab.shareholdersKHBV.unlimitedLiable"
                xlink:to="label_de-bra_bs.eqLiab.liab.shareholdersKHBV.unlimitedLiable"
                xlink:arcrole="http://www.xbrl.org/2003/arcrole/concept-label"
                xlink:type="arc"/>
      <label xlink:label="label_de-bra_bs.eqLiab.liab.shareholdersKHBV.unlimitedLiable"
             id="label_de-bra_bs.eqLiab.liab.shareholdersKHBV.unlimitedLiable"
             xlink:role="http://www.xbrl.de/roles/labels/terse60Label"
             xlink:type="resource"
             xml:lang="de">Vbk. gegenüber persönlich haftenden Geselschaftern</label>
      <labelArc xlink:from="de-bra_bs.eqLiab.liab.shareholdersKHBV"
                xlink:to="label_de-bra_bs.eqLiab.liab.shareholdersKHBV"
                xlink:arcrole="http://www.xbrl.org/2003/arcrole/concept-label"
                xlink:type="arc"/>
      <label xlink:label="label_de-bra_bs.eqLiab.liab.shareholdersKHBV"
             id="label_de-bra_bs.eqLiab.liab.shareholdersKHBV"
             xlink:role="http://www.xbrl.de/roles/labels/terse60Label"
             xlink:type="resource"
             xml:lang="de">geg. Gesellschafter, bzw. Einrichtungs-/Krankenhausträger</label>
      <labelArc xlink:from="de-bra_bs.eqLiab.liab.tradeOtherForeign"
                xlink:to="label_de-bra_bs.eqLiab.liab.tradeOtherForeign"
                xlink:arcrole="http://www.xbrl.org/2003/arcrole/concept-label"
                xlink:type="arc"/>
      <label xlink:label="label_de-bra_bs.eqLiab.liab.tradeOtherForeign"
             id="label_de-bra_bs.eqLiab.liab.tradeOtherForeign"
             xlink:role="http://www.xbrl.de/roles/labels/terse60Label"
             xlink:type="resource"
             xml:lang="de">soweit bei ausl. Betriebsstätten nicht anders zuordenbar</label>
      <labelArc xlink:from="de-bra_bs.eqLiab.specResEmissionRights"
                xlink:to="label_de-bra_bs.eqLiab.specResEmissionRights"
                xlink:arcrole="http://www.xbrl.org/2003/arcrole/concept-label"
                xlink:type="arc"/>
      <label xlink:label="label_de-bra_bs.eqLiab.specResEmissionRights"
             id="label_de-bra_bs.eqLiab.specResEmissionRights"
             xlink:role="http://www.xbrl.de/roles/labels/terse60Label"
             xlink:type="resource"
             xml:lang="de">Sopo für unentgeltlich ausgegebene Schadstoffemissionsrechte</label>
      <labelArc xlink:from="de-bra_bs.eqLiab.specResFixAssFinancingCostsSubsidies"
                xlink:to="label_de-bra_bs.eqLiab.specResFixAssFinancingCostsSubsidies"
                xlink:arcrole="http://www.xbrl.org/2003/arcrole/concept-label"
                xlink:type="arc"/>
      <label xlink:label="label_de-bra_bs.eqLiab.specResFixAssFinancingCostsSubsidies"
             id="label_de-bra_bs.eqLiab.specResFixAssFinancingCostsSubsidies"
             xlink:role="http://www.xbrl.de/roles/labels/terse60Label"
             xlink:type="resource"
             xml:lang="de">Sopo a. Zusch. u. Zuweis./ Zuwend. zur Finanz. d. Sachanl.</label>
      <labelArc xlink:from="de-bra_bs.eqLiab.specResFixAssFinancingCostsSubsidies.government"
                xlink:to="label_de-bra_bs.eqLiab.specResFixAssFinancingCostsSubsidies.government"
                xlink:arcrole="http://www.xbrl.org/2003/arcrole/concept-label"
                xlink:type="arc"/>
      <label xlink:label="label_de-bra_bs.eqLiab.specResFixAssFinancingCostsSubsidies.government"
             id="label_de-bra_bs.eqLiab.specResFixAssFinancingCostsSubsidies.government"
             xlink:role="http://www.xbrl.de/roles/labels/terse60Label"
             xlink:type="resource"
             xml:lang="de">Sopo aus Zuweisungen und Zuschüssen der öffentlichen Hand</label>
      <labelArc xlink:from="de-bra_bs.eqLiab.specResFixAssFinancingCostsSubsidies.private"
                xlink:to="label_de-bra_bs.eqLiab.specResFixAssFinancingCostsSubsidies.private"
                xlink:arcrole="http://www.xbrl.org/2003/arcrole/concept-label"
                xlink:type="arc"/>
      <label xlink:label="label_de-bra_bs.eqLiab.specResFixAssFinancingCostsSubsidies.private"
             id="label_de-bra_bs.eqLiab.specResFixAssFinancingCostsSubsidies.private"
             xlink:role="http://www.xbrl.de/roles/labels/terse60Label"
             xlink:type="resource"
             xml:lang="de">Sopo aus nicht-öffentlicher Förderung für Investitionen</label>
      <labelArc xlink:from="de-bra_bs.eqLiab.specResFixAssFinancingCostsSubsidies.public"
                xlink:to="label_de-bra_bs.eqLiab.specResFixAssFinancingCostsSubsidies.public"
                xlink:arcrole="http://www.xbrl.org/2003/arcrole/concept-label"
                xlink:type="arc"/>
      <label xlink:label="label_de-bra_bs.eqLiab.specResFixAssFinancingCostsSubsidies.public"
             id="label_de-bra_bs.eqLiab.specResFixAssFinancingCostsSubsidies.public"
             xlink:role="http://www.xbrl.de/roles/labels/terse60Label"
             xlink:type="resource"
             xml:lang="de">Sopo aus öffentlichen Fördermitteln für Investitionen</label>
      <labelArc xlink:from="de-bra_is.netIncome.regular.operatingTC.addAdjustmentItemLoanAndEquityGrantsKHBV"
                xlink:to="label_de-bra_is.netIncome.regular.operatingTC.addAdjustmentItemLoanAndEquityGrantsKHBV"
                xlink:arcrole="http://www.xbrl.org/2003/arcrole/concept-label"
                xlink:type="arc"/>
      <label xlink:label="label_de-bra_is.netIncome.regular.operatingTC.addAdjustmentItemLoanAndEquityGrantsKHBV"
             id="label_de-bra_is.netIncome.regular.operatingTC.addAdjustmentItemLoanAndEquityGrantsKHBV"
             xlink:role="http://www.xbrl.de/roles/labels/terse60Label"
             xlink:type="resource"
             xml:lang="de">Erträge Einstellung AP aus Darlehens-/ Eigenmittelförderung</label>
      <labelArc xlink:from="de-bra_is.netIncome.regular.operatingTC.addAdjustmentItemLoanGrantsKHBV"
                xlink:to="label_de-bra_is.netIncome.regular.operatingTC.addAdjustmentItemLoanGrantsKHBV"
                xlink:arcrole="http://www.xbrl.org/2003/arcrole/concept-label"
                xlink:type="arc"/>
      <label xlink:label="label_de-bra_is.netIncome.regular.operatingTC.addAdjustmentItemLoanGrantsKHBV"
             id="label_de-bra_is.netIncome.regular.operatingTC.addAdjustmentItemLoanGrantsKHBV"
             xlink:role="http://www.xbrl.de/roles/labels/terse60Label"
             xlink:type="resource"
             xml:lang="de">Aufw. aus der Zuführung zu AP aus Darlehensförderung</label>
      <labelArc xlink:from="de-bra_is.netIncome.regular.operatingTC.addAdjustmentItemLoanGrantsPBV"
                xlink:to="label_de-bra_is.netIncome.regular.operatingTC.addAdjustmentItemLoanGrantsPBV"
                xlink:arcrole="http://www.xbrl.org/2003/arcrole/concept-label"
                xlink:type="arc"/>
      <label xlink:label="label_de-bra_is.netIncome.regular.operatingTC.addAdjustmentItemLoanGrantsPBV"
             id="label_de-bra_is.netIncome.regular.operatingTC.addAdjustmentItemLoanGrantsPBV"
             xlink:role="http://www.xbrl.de/roles/labels/terse60Label"
             xlink:type="resource"
             xml:lang="de">Aufwendungen aus der Zuführung zu AP aus Darlehensförderung</label>
      <labelArc xlink:from="de-bra_is.netIncome.regular.operatingTC.addSpecResKHG"
                xlink:to="label_de-bra_is.netIncome.regular.operatingTC.addSpecResKHG"
                xlink:arcrole="http://www.xbrl.org/2003/arcrole/concept-label"
                xlink:type="arc"/>
      <label xlink:label="label_de-bra_is.netIncome.regular.operatingTC.addSpecResKHG"
             id="label_de-bra_is.netIncome.regular.operatingTC.addSpecResKHG"
             xlink:role="http://www.xbrl.de/roles/labels/terse60Label"
             xlink:type="resource"
             xml:lang="de">Aufw. Zuführung Sopo/Vbk. nach KHG und zur Finanzierung AV</label>
      <labelArc xlink:from="de-bra_is.netIncome.regular.operatingTC.addSpecRes"
                xlink:to="label_de-bra_is.netIncome.regular.operatingTC.addSpecRes"
                xlink:arcrole="http://www.xbrl.org/2003/arcrole/concept-label"
                xlink:type="arc"/>
      <label xlink:label="label_de-bra_is.netIncome.regular.operatingTC.addSpecRes"
             id="label_de-bra_is.netIncome.regular.operatingTC.addSpecRes"
             xlink:role="http://www.xbrl.de/roles/labels/terse60Label"
             xlink:type="resource"
             xml:lang="de">Aufwendungen aus der Zuführung zu Sopo / Verbindlichkeiten</label>
      <labelArc xlink:from="de-bra_is.netIncome.regular.operatingTC.deprAmort.receiv"
                xlink:to="label_de-bra_is.netIncome.regular.operatingTC.deprAmort.receiv"
                xlink:arcrole="http://www.xbrl.org/2003/arcrole/concept-label"
                xlink:type="arc"/>
      <label xlink:label="label_de-bra_is.netIncome.regular.operatingTC.deprAmort.receiv"
             id="label_de-bra_is.netIncome.regular.operatingTC.deprAmort.receiv"
             xlink:role="http://www.xbrl.de/roles/labels/terse60Label"
             xlink:type="resource"
             xml:lang="de">auf Forderungen und sonstige Vermögensgegenstände (PBV)</label>
      <labelArc xlink:from="de-bra_is.netIncome.regular.operatingTC.fixAssKHG"
                xlink:to="label_de-bra_is.netIncome.regular.operatingTC.fixAssKHG"
                xlink:arcrole="http://www.xbrl.org/2003/arcrole/concept-label"
                xlink:type="arc"/>
      <label xlink:label="label_de-bra_is.netIncome.regular.operatingTC.fixAssKHG"
             id="label_de-bra_is.netIncome.regular.operatingTC.fixAssKHG"
             xlink:role="http://www.xbrl.de/roles/labels/terse60Label"
             xlink:type="resource"
             xml:lang="de">Aufw. für nach KHG geförderte Nutzung von Anlagegegenständen</label>
      <labelArc xlink:from="de-bra_is.netIncome.regular.operatingTC.grantsToInvestments"
                xlink:to="label_de-bra_is.netIncome.regular.operatingTC.grantsToInvestments"
                xlink:arcrole="http://www.xbrl.org/2003/arcrole/concept-label"
                xlink:type="arc"/>
      <label xlink:label="label_de-bra_is.netIncome.regular.operatingTC.grantsToInvestments"
             id="label_de-bra_is.netIncome.regular.operatingTC.grantsToInvestments"
             xlink:role="http://www.xbrl.de/roles/labels/terse60Label"
             xlink:type="resource"
             xml:lang="de">Erträge aus Förderung von Investitionen</label>
      <labelArc xlink:from="de-bra_is.netIncome.regular.operatingTC.grossTradingProfit.centralServices.unknownVAT"
                xlink:to="label_de-bra_is.netIncome.regular.operatingTC.grossTradingProfit.centralServices.unknownVAT"
                xlink:arcrole="http://www.xbrl.org/2003/arcrole/concept-label"
                xlink:type="arc"/>
      <label xlink:label="label_de-bra_is.netIncome.regular.operatingTC.grossTradingProfit.centralServices.unknownVAT"
             id="label_de-bra_is.netIncome.regular.operatingTC.grossTradingProfit.centralServices.unknownVAT"
             xlink:role="http://www.xbrl.de/roles/labels/terse60Label"
             xlink:type="resource"
             xml:lang="de">Übrige Leistungen o. Zuordnung nach Umsatzsteuertatbeständen</label>
      <labelArc xlink:from="de-bra_is.netIncome.regular.operatingTC.grossTradingProfit.grants"
                xlink:to="label_de-bra_is.netIncome.regular.operatingTC.grossTradingProfit.grants"
                xlink:arcrole="http://www.xbrl.org/2003/arcrole/concept-label"
                xlink:type="arc"/>
      <label xlink:label="label_de-bra_is.netIncome.regular.operatingTC.grossTradingProfit.grants"
             id="label_de-bra_is.netIncome.regular.operatingTC.grossTradingProfit.grants"
             xlink:role="http://www.xbrl.de/roles/labels/terse60Label"
             xlink:type="resource"
             xml:lang="de">Aufw. f. Zuweisungen, Zuschüsse, Kostenerst., Produktabgelt.</label>
      <labelArc xlink:from="de-bra_is.netIncome.regular.operatingTC.grossTradingProfit.materialServices.food.unknownVAT"
                xlink:to="label_de-bra_is.netIncome.regular.operatingTC.grossTradingProfit.materialServices.food.unknownVAT"
                xlink:arcrole="http://www.xbrl.org/2003/arcrole/concept-label"
                xlink:type="arc"/>
      <label xlink:label="label_de-bra_is.netIncome.regular.operatingTC.grossTradingProfit.materialServices.food.unknownVAT"
             id="label_de-bra_is.netIncome.regular.operatingTC.grossTradingProfit.materialServices.food.unknownVAT"
             xlink:role="http://www.xbrl.de/roles/labels/terse60Label"
             xlink:type="resource"
             xml:lang="de">übriger WEK ohne Zuordnung nach Umsatzsteuertatbeständen</label>
      <labelArc xlink:from="de-bra_is.netIncome.regular.operatingTC.grossTradingProfit.materialServices.housekeeping.otherUnknownVAT"
                xlink:to="label_de-bra_is.netIncome.regular.operatingTC.grossTradingProfit.materialServices.housekeeping.otherUnknownVAT"
                xlink:arcrole="http://www.xbrl.org/2003/arcrole/concept-label"
                xlink:type="arc"/>
      <label xlink:label="label_de-bra_is.netIncome.regular.operatingTC.grossTradingProfit.materialServices.housekeeping.otherUnknownVAT"
             id="label_de-bra_is.netIncome.regular.operatingTC.grossTradingProfit.materialServices.housekeeping.otherUnknownVAT"
             xlink:role="http://www.xbrl.de/roles/labels/terse60Label"
             xlink:type="resource"
             xml:lang="de">Übrige Leistungen o. Zuordnung nach Umsatzsteuertatbeständen</label>
      <labelArc xlink:from="de-bra_is.netIncome.regular.operatingTC.grossTradingProfit.materialServices.housekeeping.unknownVAT"
                xlink:to="label_de-bra_is.netIncome.regular.operatingTC.grossTradingProfit.materialServices.housekeeping.unknownVAT"
                xlink:arcrole="http://www.xbrl.org/2003/arcrole/concept-label"
                xlink:type="arc"/>
      <label xlink:label="label_de-bra_is.netIncome.regular.operatingTC.grossTradingProfit.materialServices.housekeeping.unknownVAT"
             id="label_de-bra_is.netIncome.regular.operatingTC.grossTradingProfit.materialServices.housekeeping.unknownVAT"
             xlink:role="http://www.xbrl.de/roles/labels/terse60Label"
             xlink:type="resource"
             xml:lang="de">übriger WEK ohne Zuordnung nach Umsatzsteuertatbeständen</label>
      <labelArc xlink:from="de-bra_is.netIncome.regular.operatingTC.grossTradingProfit.materialServices.optionalServices.unknownVAT"
                xlink:to="label_de-bra_is.netIncome.regular.operatingTC.grossTradingProfit.materialServices.optionalServices.unknownVAT"
                xlink:arcrole="http://www.xbrl.org/2003/arcrole/concept-label"
                xlink:type="arc"/>
      <label xlink:label="label_de-bra_is.netIncome.regular.operatingTC.grossTradingProfit.materialServices.optionalServices.unknownVAT"
             id="label_de-bra_is.netIncome.regular.operatingTC.grossTradingProfit.materialServices.optionalServices.unknownVAT"
             xlink:role="http://www.xbrl.de/roles/labels/terse60Label"
             xlink:type="resource"
             xml:lang="de">Übrige Leistungen o. Zuordnung nach Umsatzsteuertatbeständen</label>
      <labelArc xlink:from="de-bra_is.netIncome.regular.operatingTC.grossTradingProfit.rent.immovables.other"
                xlink:to="label_de-bra_is.netIncome.regular.operatingTC.grossTradingProfit.rent.immovables.other"
                xlink:arcrole="http://www.xbrl.org/2003/arcrole/concept-label"
                xlink:type="arc"/>
      <label xlink:label="label_de-bra_is.netIncome.regular.operatingTC.grossTradingProfit.rent.immovables.other"
             id="label_de-bra_is.netIncome.regular.operatingTC.grossTradingProfit.rent.immovables.other"
             xlink:role="http://www.xbrl.de/roles/labels/terse60Label"
             xlink:type="resource"
             xml:lang="de">Übrige / n. zuordenb. Mieten, Pacht, Leasing f. unbewegl. WG</label>
      <labelArc xlink:from="de-bra_is.netIncome.regular.operatingTC.grossTradingProfit.rent.moveables.other"
                xlink:to="label_de-bra_is.netIncome.regular.operatingTC.grossTradingProfit.rent.moveables.other"
                xlink:arcrole="http://www.xbrl.org/2003/arcrole/concept-label"
                xlink:type="arc"/>
      <label xlink:label="label_de-bra_is.netIncome.regular.operatingTC.grossTradingProfit.rent.moveables.other"
             id="label_de-bra_is.netIncome.regular.operatingTC.grossTradingProfit.rent.moveables.other"
             xlink:role="http://www.xbrl.de/roles/labels/terse60Label"
             xlink:type="resource"
             xml:lang="de">Übrige / n. zuordenb. Mieten, Pacht, Leasing f. bewegl. WG</label>
      <labelArc xlink:from="de-bra_is.netIncome.regular.operatingTC.grossTradingProfit.subsidiesToOperatingCosts"
                xlink:to="label_de-bra_is.netIncome.regular.operatingTC.grossTradingProfit.subsidiesToOperatingCosts"
                xlink:arcrole="http://www.xbrl.org/2003/arcrole/concept-label"
                xlink:type="arc"/>
      <label xlink:label="label_de-bra_is.netIncome.regular.operatingTC.grossTradingProfit.subsidiesToOperatingCosts"
             id="label_de-bra_is.netIncome.regular.operatingTC.grossTradingProfit.subsidiesToOperatingCosts"
             xlink:role="http://www.xbrl.de/roles/labels/terse60Label"
             xlink:type="resource"
             xml:lang="de">Zuweisungen und Zuschüsse zu Betriebskosten / der öff. Hand</label>
      <labelArc xlink:from="de-bra_is.netIncome.regular.operatingTC.grossTradingProfit.totalOutput.netSales.generalCareServices"
                xlink:to="label_de-bra_is.netIncome.regular.operatingTC.grossTradingProfit.totalOutput.netSales.generalCareServices"
                xlink:arcrole="http://www.xbrl.org/2003/arcrole/concept-label"
                xlink:type="arc"/>
      <label xlink:label="label_de-bra_is.netIncome.regular.operatingTC.grossTradingProfit.totalOutput.netSales.generalCareServices"
             id="label_de-bra_is.netIncome.regular.operatingTC.grossTradingProfit.totalOutput.netSales.generalCareServices"
             xlink:role="http://www.xbrl.de/roles/labels/terse60Label"
             xlink:type="resource"
             xml:lang="de">Erträge aus Pflegeleistungen</label>
      <labelArc xlink:from="de-bra_is.netIncome.regular.operatingTC.grossTradingProfit.totalOutput.netSales.grossSales.leasePassengerAndFreightTransportVehicles"
                xlink:to="label_de-bra_is.netIncome.regular.operatingTC.grossTradingProfit.totalOutput.netSales.grossSales.leasePassengerAndFreightTransportVehicles"
                xlink:arcrole="http://www.xbrl.org/2003/arcrole/concept-label"
                xlink:type="arc"/>
      <label xlink:label="label_de-bra_is.netIncome.regular.operatingTC.grossTradingProfit.totalOutput.netSales.grossSales.leasePassengerAndFreightTransportVehicles"
             id="label_de-bra_is.netIncome.regular.operatingTC.grossTradingProfit.totalOutput.netSales.grossSales.leasePassengerAndFreightTransportVehicles"
             xlink:role="http://www.xbrl.de/roles/labels/terse60Label"
             xlink:type="resource"
             xml:lang="de">davon Erträge aus Vermietung von Fahrzeugen</label>
      <labelArc xlink:from="de-bra_is.netIncome.regular.operatingTC.grossTradingProfit.totalOutput.netSales.grossSales.nonInvestmentContribution"
                xlink:to="label_de-bra_is.netIncome.regular.operatingTC.grossTradingProfit.totalOutput.netSales.grossSales.nonInvestmentContribution"
                xlink:arcrole="http://www.xbrl.org/2003/arcrole/concept-label"
                xlink:type="arc"/>
      <label xlink:label="label_de-bra_is.netIncome.regular.operatingTC.grossTradingProfit.totalOutput.netSales.grossSales.nonInvestmentContribution"
             id="label_de-bra_is.netIncome.regular.operatingTC.grossTradingProfit.totalOutput.netSales.grossSales.nonInvestmentContribution"
             xlink:role="http://www.xbrl.de/roles/labels/terse60Label"
             xlink:type="resource"
             xml:lang="de">davon n.investive Zuwend./Finanzierung d öff. Aufgabenträger</label>
      <labelArc xlink:from="de-bra_is.netIncome.regular.operatingTC.grossTradingProfit.totalOutput.netSales.grossSales.provisionOfInfrastructure"
                xlink:to="label_de-bra_is.netIncome.regular.operatingTC.grossTradingProfit.totalOutput.netSales.grossSales.provisionOfInfrastructure"
                xlink:arcrole="http://www.xbrl.org/2003/arcrole/concept-label"
                xlink:type="arc"/>
      <label xlink:label="label_de-bra_is.netIncome.regular.operatingTC.grossTradingProfit.totalOutput.netSales.grossSales.provisionOfInfrastructure"
             id="label_de-bra_is.netIncome.regular.operatingTC.grossTradingProfit.totalOutput.netSales.grossSales.provisionOfInfrastructure"
             xlink:role="http://www.xbrl.de/roles/labels/terse60Label"
             xlink:type="resource"
             xml:lang="de">davon Ertr. a. Bereitstell. Infrastruktur (z.B.Schienennetz)</label>
      <labelArc xlink:from="de-bra_is.netIncome.regular.operatingTC.grossTradingProfit.totalOutput.netSales.grossSales.suppliedServices"
                xlink:to="label_de-bra_is.netIncome.regular.operatingTC.grossTradingProfit.totalOutput.netSales.grossSales.suppliedServices"
                xlink:arcrole="http://www.xbrl.org/2003/arcrole/concept-label"
                xlink:type="arc"/>
      <label xlink:label="label_de-bra_is.netIncome.regular.operatingTC.grossTradingProfit.totalOutput.netSales.grossSales.suppliedServices"
             id="label_de-bra_is.netIncome.regular.operatingTC.grossTradingProfit.totalOutput.netSales.grossSales.suppliedServices"
             xlink:role="http://www.xbrl.de/roles/labels/terse60Label"
             xlink:type="resource"
             xml:lang="de">davon weitere erbrachte Leistungen an Dritte</label>
      <labelArc xlink:from="de-bra_is.netIncome.regular.operatingTC.grossTradingProfit.totalOutput.netSales.investmentCostCharge"
                xlink:to="label_de-bra_is.netIncome.regular.operatingTC.grossTradingProfit.totalOutput.netSales.investmentCostCharge"
                xlink:arcrole="http://www.xbrl.org/2003/arcrole/concept-label"
                xlink:type="arc"/>
      <label xlink:label="label_de-bra_is.netIncome.regular.operatingTC.grossTradingProfit.totalOutput.netSales.investmentCostCharge"
             id="label_de-bra_is.netIncome.regular.operatingTC.grossTradingProfit.totalOutput.netSales.investmentCostCharge"
             xlink:role="http://www.xbrl.de/roles/labels/terse60Label"
             xlink:type="resource"
             xml:lang="de">Ertr. aus gesond. Berechn. v. Inv.Kosten geg. Pflegebedürft.</label>
      <labelArc xlink:from="de-bra_is.netIncome.regular.operatingTC.grossTradingProfit.totalOutput.netsales.HGB277_1KHBV"
                xlink:to="label_de-bra_is.netIncome.regular.operatingTC.grossTradingProfit.totalOutput.netsales.HGB277_1KHBV"
                xlink:arcrole="http://www.xbrl.org/2003/arcrole/concept-label"
                xlink:type="arc"/>
      <label xlink:label="label_de-bra_is.netIncome.regular.operatingTC.grossTradingProfit.totalOutput.netsales.HGB277_1KHBV"
             id="label_de-bra_is.netIncome.regular.operatingTC.grossTradingProfit.totalOutput.netsales.HGB277_1KHBV"
             xlink:role="http://www.xbrl.de/roles/labels/terse60Label"
             xlink:type="resource"
             xml:lang="de">Umsatzerlöse n. § 277 Abs.1 HGB, soweit nicht o.g.</label>
      <labelArc xlink:from="de-bra_is.netIncome.regular.operatingTC.grossTradingProfit.totalOutput.netsales.HGB277_1PBV"
                xlink:to="label_de-bra_is.netIncome.regular.operatingTC.grossTradingProfit.totalOutput.netsales.HGB277_1PBV"
                xlink:arcrole="http://www.xbrl.org/2003/arcrole/concept-label"
                xlink:type="arc"/>
      <label xlink:label="label_de-bra_is.netIncome.regular.operatingTC.grossTradingProfit.totalOutput.netsales.HGB277_1PBV"
             id="label_de-bra_is.netIncome.regular.operatingTC.grossTradingProfit.totalOutput.netsales.HGB277_1PBV"
             xlink:role="http://www.xbrl.de/roles/labels/terse60Label"
             xlink:type="resource"
             xml:lang="de">Umsatzerlöse n. § 277 Abs.1 HGB, soweit nicht o.g.</label>
      <labelArc xlink:from="de-bra_is.netIncome.regular.operatingTC.nonCapitalisableCostsKHG"
                xlink:to="label_de-bra_is.netIncome.regular.operatingTC.nonCapitalisableCostsKHG"
                xlink:arcrole="http://www.xbrl.org/2003/arcrole/concept-label"
                xlink:type="arc"/>
      <label xlink:label="label_de-bra_is.netIncome.regular.operatingTC.nonCapitalisableCostsKHG"
             id="label_de-bra_is.netIncome.regular.operatingTC.nonCapitalisableCostsKHG"
             xlink:role="http://www.xbrl.de/roles/labels/terse60Label"
             xlink:type="resource"
             xml:lang="de">Aufw. f. nach KHG geförderte n. aktivierungsfähige Maßnahmen</label>
      <labelArc xlink:from="de-bra_is.netIncome.regular.operatingTC.otherOpRevenue.grantsTransit"
                xlink:to="label_de-bra_is.netIncome.regular.operatingTC.otherOpRevenue.grantsTransit"
                xlink:arcrole="http://www.xbrl.org/2003/arcrole/concept-label"
                xlink:type="arc"/>
      <label xlink:label="label_de-bra_is.netIncome.regular.operatingTC.otherOpRevenue.grantsTransit"
             id="label_de-bra_is.netIncome.regular.operatingTC.otherOpRevenue.grantsTransit"
             xlink:role="http://www.xbrl.de/roles/labels/terse60Label"
             xlink:type="resource"
             xml:lang="de">Zuweisungen, Zuschüsse und Investitionszuschüsse</label>
      <labelArc xlink:from="de-bra_is.netIncome.regular.operatingTC.otherOpRevenue.releaseSpecResEigVo21"
                xlink:to="label_de-bra_is.netIncome.regular.operatingTC.otherOpRevenue.releaseSpecResEigVo21"
                xlink:arcrole="http://www.xbrl.org/2003/arcrole/concept-label"
                xlink:type="arc"/>
      <label xlink:label="label_de-bra_is.netIncome.regular.operatingTC.otherOpRevenue.releaseSpecResEigVo21"
             id="label_de-bra_is.netIncome.regular.operatingTC.otherOpRevenue.releaseSpecResEigVo21"
             xlink:role="http://www.xbrl.de/roles/labels/terse60Label"
             xlink:type="resource"
             xml:lang="de">Erträge aus Auflösung von Sopo nach § 21 Abs.4-6 EigVo (MV)</label>
      <labelArc xlink:from="de-bra_is.netIncome.regular.operatingTC.otherOpRevenue.rentalIncomeAgricultureLandUse"
                xlink:to="label_de-bra_is.netIncome.regular.operatingTC.otherOpRevenue.rentalIncomeAgricultureLandUse"
                xlink:arcrole="http://www.xbrl.org/2003/arcrole/concept-label"
                xlink:type="arc"/>
      <label xlink:label="label_de-bra_is.netIncome.regular.operatingTC.otherOpRevenue.rentalIncomeAgricultureLandUse"
             id="label_de-bra_is.netIncome.regular.operatingTC.otherOpRevenue.rentalIncomeAgricultureLandUse"
             xlink:role="http://www.xbrl.de/roles/labels/terse60Label"
             xlink:type="resource"
             xml:lang="de">davon Pachterträge für land- u. forstwirtschaftliche Flächen</label>
      <labelArc xlink:from="de-bra_is.netIncome.regular.operatingTC.refundAdjustmentItemLoanGrants"
                xlink:to="label_de-bra_is.netIncome.regular.operatingTC.refundAdjustmentItemLoanGrants"
                xlink:arcrole="http://www.xbrl.org/2003/arcrole/concept-label"
                xlink:type="arc"/>
      <label xlink:label="label_de-bra_is.netIncome.regular.operatingTC.refundAdjustmentItemLoanGrants"
             id="label_de-bra_is.netIncome.regular.operatingTC.refundAdjustmentItemLoanGrants"
             xlink:role="http://www.xbrl.de/roles/labels/terse60Label"
             xlink:type="resource"
             xml:lang="de">Erträge aus Erst. von AP aus Darlehns-/ Eigenmittelförderung</label>
      <labelArc xlink:from="de-bra_is.netIncome.regular.operatingTC.releaseAdjustmentItemLoanAndEquityGrants"
                xlink:to="label_de-bra_is.netIncome.regular.operatingTC.releaseAdjustmentItemLoanAndEquityGrants"
                xlink:arcrole="http://www.xbrl.org/2003/arcrole/concept-label"
                xlink:type="arc"/>
      <label xlink:label="label_de-bra_is.netIncome.regular.operatingTC.releaseAdjustmentItemLoanAndEquityGrants"
             id="label_de-bra_is.netIncome.regular.operatingTC.releaseAdjustmentItemLoanAndEquityGrants"
             xlink:role="http://www.xbrl.de/roles/labels/terse60Label"
             xlink:type="resource"
             xml:lang="de">Aufw. aus Auflösung AP aus Darl.- u. f. Eigenmittelförderung</label>
      <labelArc xlink:from="de-bra_is.netIncome.regular.operatingTC.releaseAdjustmentItemLoanGrantsKHBV"
                xlink:to="label_de-bra_is.netIncome.regular.operatingTC.releaseAdjustmentItemLoanGrantsKHBV"
                xlink:arcrole="http://www.xbrl.org/2003/arcrole/concept-label"
                xlink:type="arc"/>
      <label xlink:label="label_de-bra_is.netIncome.regular.operatingTC.releaseAdjustmentItemLoanGrantsKHBV"
             id="label_de-bra_is.netIncome.regular.operatingTC.releaseAdjustmentItemLoanGrantsKHBV"
             xlink:role="http://www.xbrl.de/roles/labels/terse60Label"
             xlink:type="resource"
             xml:lang="de">Erträge aus der Auflösung des AP für Darlehensförderung</label>
      <labelArc xlink:from="de-bra_is.netIncome.regular.operatingTC.releaseSpecResKHG"
                xlink:to="label_de-bra_is.netIncome.regular.operatingTC.releaseSpecResKHG"
                xlink:arcrole="http://www.xbrl.org/2003/arcrole/concept-label"
                xlink:type="arc"/>
      <label xlink:label="label_de-bra_is.netIncome.regular.operatingTC.releaseSpecResKHG"
             id="label_de-bra_is.netIncome.regular.operatingTC.releaseSpecResKHG"
             xlink:role="http://www.xbrl.de/roles/labels/terse60Label"
             xlink:type="resource"
             xml:lang="de">Ertr. Auflösung Sopo/Vbk. nach KHG und zur Finanzierung AV</label>
      <labelArc xlink:from="de-bra_is.netIncome.transitFunds"
                xlink:to="label_de-bra_is.netIncome.transitFunds"
                xlink:arcrole="http://www.xbrl.org/2003/arcrole/concept-label"
                xlink:type="arc"/>
      <label xlink:label="label_de-bra_is.netIncome.transitFunds"
             id="label_de-bra_is.netIncome.transitFunds"
             xlink:role="http://www.xbrl.de/roles/labels/terse60Label"
             xlink:type="resource"
             xml:lang="de">Aufw. aus allg. Zuweisung, Zuschüssen (durchlaufende Mittel)</label>
      <!--
external labels
--></labelLink>
</linkbase>