<?xml version="1.0" encoding="utf-8"?>
<!--(c) XBRL Deutschland e.V. - see http://www.xbrl.de-->


<linkbase xmlns="http://www.xbrl.org/2003/linkbase"
          xmlns:xsi="http://www.w3.org/2001/XMLSchema-instance"
          xsi:schemaLocation="http://www.xbrl.org/2003/linkbase http://www.xbrl.org/2003/xbrl-linkbase-2003-12-31.xsd">
   <roleRef xmlns:xlink="http://www.w3.org/1999/xlink"
            roleURI="http://www.xbrl.de/taxonomies/de-gaap-ci/role/notes"
            xlink:href="../de-gaap-ci-2018-04-01/de-gaap-ci-2018-04-01.xsd#role_notes"
            xlink:type="simple"/>
   <presentationLink xmlns:xlink="http://www.w3.org/1999/xlink"
                     xlink:role="http://www.xbrl.de/taxonomies/de-gaap-ci/role/notes"
                     xlink:type="extended">
      <loc xlink:type="locator"
           xlink:href="../de-gaap-ci-2018-04-01/de-gaap-ci-2018-04-01.xsd#de-gaap-ci_bs.ass.currAss.receiv"
           xlink:label="de-gaap-ci_bs.ass.currAss.receiv"/>
      <loc xlink:type="locator"
           xlink:href="de-bra-2018-04-01.xsd#de-bra_bs.ass.currAss.receiv.krankenhausfinanzierungsrecht"
           xlink:label="de-bra_bs.ass.currAss.receiv.krankenhausfinanzierungsrecht"/>
      <loc xlink:type="locator"
           xlink:href="de-bra-2018-04-01.xsd#de-bra_bs.ass.currAss.receiv.municipality"
           xlink:label="de-bra_bs.ass.currAss.receiv.municipality"/>
      <loc xlink:type="locator"
           xlink:href="../de-gaap-ci-2018-04-01/de-gaap-ci-2018-04-01.xsd#de-gaap-ci_bs.ass.currAss.receiv.other"
           xlink:label="de-gaap-ci_bs.ass.currAss.receiv.other"/>
      <loc xlink:type="locator"
           xlink:href="de-bra-2018-04-01.xsd#de-bra_bs.ass.currAss.receiv.governmentSubsidies"
           xlink:label="de-bra_bs.ass.currAss.receiv.governmentSubsidies"/>
      <loc xlink:type="locator"
           xlink:href="../de-gaap-ci-2018-04-01/de-gaap-ci-2018-04-01.xsd#de-gaap-ci_bs.ass.currAss.receiv.shareholders"
           xlink:label="de-gaap-ci_bs.ass.currAss.receiv.shareholders"/>
      <loc xlink:type="locator"
           xlink:href="../de-gaap-ci-2018-04-01/de-gaap-ci-2018-04-01.xsd#de-gaap-ci_bs.ass.currAss.receiv.claim"
           xlink:label="de-gaap-ci_bs.ass.currAss.receiv.claim"/>
      <loc xlink:type="locator"
           xlink:href="de-bra-2018-04-01.xsd#de-bra_bs.ass.currAss.receiv.care"
           xlink:label="de-bra_bs.ass.currAss.receiv.care"/>
      <loc xlink:type="locator"
           xlink:href="../de-gaap-ci-2018-04-01/de-gaap-ci-2018-04-01.xsd#de-gaap-ci_bs.ass.currAss.receiv.regulatory"
           xlink:label="de-gaap-ci_bs.ass.currAss.receiv.regulatory"/>
      <loc xlink:type="locator"
           xlink:href="../de-gaap-ci-2018-04-01/de-gaap-ci-2018-04-01.xsd#de-gaap-ci_bs.ass.currAss.receiv.unpaidCapitalPartners"
           xlink:label="de-gaap-ci_bs.ass.currAss.receiv.unpaidCapitalPartners"/>
      <loc xlink:type="locator"
           xlink:href="../de-gaap-ci-2018-04-01/de-gaap-ci-2018-04-01.xsd#de-gaap-ci_bs.ass.currAss.receiv.other.unpaidCapitalLimitedLiablePartner"
           xlink:label="de-gaap-ci_bs.ass.currAss.receiv.other.unpaidCapitalLimitedLiablePartner"/>
      <loc xlink:type="locator"
           xlink:href="de-bra-2018-04-01.xsd#de-bra_bs.ass.currAss.receiv.privateGrants"
           xlink:label="de-bra_bs.ass.currAss.receiv.privateGrants"/>
      <loc xlink:type="locator"
           xlink:href="../de-gaap-ci-2018-04-01/de-gaap-ci-2018-04-01.xsd#de-gaap-ci_bs.ass.currAss.receiv.other.unpaidCapitalUnlimitedLiablePartner"
           xlink:label="de-gaap-ci_bs.ass.currAss.receiv.other.unpaidCapitalUnlimitedLiablePartner"/>
      <loc xlink:type="locator"
           xlink:href="de-bra-2018-04-01.xsd#de-bra_bs.ass.currAss.receiv.propertySales"
           xlink:label="de-bra_bs.ass.currAss.receiv.propertySales"/>
      <loc xlink:type="locator"
           xlink:href="../de-gaap-ci-2018-04-01/de-gaap-ci-2018-04-01.xsd#de-gaap-ci_bs.ass.currAss.receiv.affil"
           xlink:label="de-gaap-ci_bs.ass.currAss.receiv.affil"/>
      <loc xlink:type="locator"
           xlink:href="de-bra-2018-04-01.xsd#de-bra_bs.ass.currAss.receiv.shareholdersKHBV"
           xlink:label="de-bra_bs.ass.currAss.receiv.shareholdersKHBV"/>
      <loc xlink:type="locator"
           xlink:href="../de-gaap-ci-2018-04-01/de-gaap-ci-2018-04-01.xsd#de-gaap-ci_bs.ass.currAss.receiv.particip"
           xlink:label="de-gaap-ci_bs.ass.currAss.receiv.particip"/>
      <loc xlink:type="locator"
           xlink:href="de-bra-2018-04-01.xsd#de-bra_bs.ass.currAss.receiv.subsidies"
           xlink:label="de-bra_bs.ass.currAss.receiv.subsidies"/>
      <loc xlink:type="locator"
           xlink:href="de-bra-2018-04-01.xsd#de-bra_bs.ass.currAss.receiv.tradeOther"
           xlink:label="de-bra_bs.ass.currAss.receiv.tradeOther"/>
      <loc xlink:type="locator"
           xlink:href="de-bra-2018-04-01.xsd#de-bra_bs.ass.currAss.receiv.institutionalOwners"
           xlink:label="de-bra_bs.ass.currAss.receiv.institutionalOwners"/>
      <loc xlink:type="locator"
           xlink:href="../de-gaap-ci-2018-04-01/de-gaap-ci-2018-04-01.xsd#de-gaap-ci_bs.ass.currAss.receiv.trade"
           xlink:label="de-gaap-ci_bs.ass.currAss.receiv.trade"/>
      <loc xlink:type="locator"
           xlink:href="../de-gaap-ci-2018-04-01/de-gaap-ci-2018-04-01.xsd#de-gaap-ci_bs.ass.currAss.receiv.other.unpaidCapital"
           xlink:label="de-gaap-ci_bs.ass.currAss.receiv.other.unpaidCapital"/>
      <loc xlink:type="locator"
           xlink:href="de-bra-2018-04-01.xsd#de-bra_bs.ass.currAss.receiv.lease"
           xlink:label="de-bra_bs.ass.currAss.receiv.lease"/>
      <presentationArc xlink:from="de-gaap-ci_bs.ass.currAss.receiv"
                       xlink:to="de-bra_bs.ass.currAss.receiv.krankenhausfinanzierungsrecht"
                       order="4.5"
                       xlink:arcrole="http://www.xbrl.org/2003/arcrole/parent-child"
                       xlink:type="arc"/>
      <presentationArc xlink:from="de-gaap-ci_bs.ass.currAss.receiv"
                       xlink:to="de-bra_bs.ass.currAss.receiv.municipality"
                       order="2.75"
                       xlink:arcrole="http://www.xbrl.org/2003/arcrole/parent-child"
                       xlink:type="arc"/>
      <presentationArc xlink:from="de-gaap-ci_bs.ass.currAss.receiv"
                       xlink:to="de-bra_bs.ass.currAss.receiv.governmentSubsidies"
                       order="6.26"
                       xlink:arcrole="http://www.xbrl.org/2003/arcrole/parent-child"
                       xlink:type="arc"/>
      <presentationArc xlink:from="de-gaap-ci_bs.ass.currAss.receiv"
                       xlink:to="de-bra_bs.ass.currAss.receiv.care"
                       order="2.23"
                       xlink:arcrole="http://www.xbrl.org/2003/arcrole/parent-child"
                       xlink:type="arc"/>
      <presentationArc xlink:from="de-gaap-ci_bs.ass.currAss.receiv"
                       xlink:to="de-bra_bs.ass.currAss.receiv.privateGrants"
                       order="6.3"
                       xlink:arcrole="http://www.xbrl.org/2003/arcrole/parent-child"
                       xlink:type="arc"/>
      <presentationArc xlink:from="de-gaap-ci_bs.ass.currAss.receiv"
                       xlink:to="de-bra_bs.ass.currAss.receiv.propertySales"
                       order="2.22"
                       xlink:arcrole="http://www.xbrl.org/2003/arcrole/parent-child"
                       xlink:type="arc"/>
      <presentationArc xlink:from="de-gaap-ci_bs.ass.currAss.receiv"
                       xlink:to="de-bra_bs.ass.currAss.receiv.shareholdersKHBV"
                       order="3.5"
                       xlink:arcrole="http://www.xbrl.org/2003/arcrole/parent-child"
                       xlink:type="arc"/>
      <presentationArc xlink:from="de-gaap-ci_bs.ass.currAss.receiv"
                       xlink:to="de-bra_bs.ass.currAss.receiv.subsidies"
                       order="2.8"
                       xlink:arcrole="http://www.xbrl.org/2003/arcrole/parent-child"
                       xlink:type="arc"/>
      <presentationArc xlink:from="de-gaap-ci_bs.ass.currAss.receiv"
                       xlink:to="de-bra_bs.ass.currAss.receiv.tradeOther"
                       order="2.24"
                       xlink:arcrole="http://www.xbrl.org/2003/arcrole/parent-child"
                       xlink:type="arc"/>
      <presentationArc xlink:from="de-gaap-ci_bs.ass.currAss.receiv"
                       xlink:to="de-bra_bs.ass.currAss.receiv.institutionalOwners"
                       order="2.6"
                       xlink:arcrole="http://www.xbrl.org/2003/arcrole/parent-child"
                       xlink:type="arc"/>
      <presentationArc xlink:from="de-gaap-ci_bs.ass.currAss.receiv"
                       xlink:to="de-bra_bs.ass.currAss.receiv.lease"
                       order="2.21"
                       xlink:arcrole="http://www.xbrl.org/2003/arcrole/parent-child"
                       xlink:type="arc"/>
   </presentationLink>
</linkbase>