<?xml version="1.0" encoding="utf-8"?>
<!--(c) XBRL Deutschland e.V. - see http://www.xbrl.de-->


<linkbase xmlns="http://www.xbrl.org/2003/linkbase"
          xmlns:xsi="http://www.w3.org/2001/XMLSchema-instance"
          xsi:schemaLocation="http://www.xbrl.org/2003/linkbase http://www.xbrl.org/2003/xbrl-linkbase-2003-12-31.xsd">
   <labelLink xmlns:xlink="http://www.w3.org/1999/xlink"
              xlink:role="http://www.xbrl.org/2003/role/link"
              xlink:type="extended">
      <loc xlink:type="locator"
           xlink:href="de-bra-2018-04-01.xsd#de-bra_bs.eqLiab.equity.profitLossFormerYear.comment"
           xlink:label="de-bra_bs.eqLiab.equity.profitLossFormerYear.comment"/>
      <loc xlink:type="locator"
           xlink:href="de-bra-2018-04-01.xsd#de-bra_is.netIncome.regular.operatingTC.grossTradingProfit.materialServices.food.generalRateVAT"
           xlink:label="de-bra_is.netIncome.regular.operatingTC.grossTradingProfit.materialServices.food.generalRateVAT"/>
      <loc xlink:type="locator"
           xlink:href="de-bra-2018-04-01.xsd#de-bra_is.netIncome.regular.operatingTC.grossTradingProfit.materialServices.food.reducedRateVAT"
           xlink:label="de-bra_is.netIncome.regular.operatingTC.grossTradingProfit.materialServices.food.reducedRateVAT"/>
      <loc xlink:type="locator"
           xlink:href="de-bra-2018-04-01.xsd#de-bra_is.netIncome.regular.operatingTC.grossTradingProfit.materialServices.food.intraEU"
           xlink:label="de-bra_is.netIncome.regular.operatingTC.grossTradingProfit.materialServices.food.intraEU"/>
      <loc xlink:type="locator"
           xlink:href="de-bra-2018-04-01.xsd#de-bra_is.netIncome.regular.operatingTC.grossTradingProfit.materialServices.food.unknownVAT"
           xlink:label="de-bra_is.netIncome.regular.operatingTC.grossTradingProfit.materialServices.food.unknownVAT"/>
      <loc xlink:type="locator"
           xlink:href="de-bra-2018-04-01.xsd#de-bra_is.netIncome.regular.operatingTC.grossTradingProfit.materialServices.food.inventoryChange"
           xlink:label="de-bra_is.netIncome.regular.operatingTC.grossTradingProfit.materialServices.food.inventoryChange"/>
      <loc xlink:type="locator"
           xlink:href="de-bra-2018-04-01.xsd#de-bra_is.netIncome.regular.operatingTC.grossTradingProfit.materialServices.optionalServices"
           xlink:label="de-bra_is.netIncome.regular.operatingTC.grossTradingProfit.materialServices.optionalServices"/>
      <loc xlink:type="locator"
           xlink:href="de-bra-2018-04-01.xsd#de-bra_is.netIncome.regular.operatingTC.grossTradingProfit.materialServices.optionalServices.UStG13bDedInputTax"
           xlink:label="de-bra_is.netIncome.regular.operatingTC.grossTradingProfit.materialServices.optionalServices.UStG13bDedInputTax"/>
      <loc xlink:type="locator"
           xlink:href="de-bra-2018-04-01.xsd#de-bra_is.netIncome.regular.operatingTC.grossTradingProfit.materialServices.optionalServices.UStG13bNonDedInputTax"
           xlink:label="de-bra_is.netIncome.regular.operatingTC.grossTradingProfit.materialServices.optionalServices.UStG13bNonDedInputTax"/>
      <loc xlink:type="locator"
           xlink:href="de-bra-2018-04-01.xsd#de-bra_is.netIncome.regular.operatingTC.grossTradingProfit.materialServices.optionalServices.OtherDedInputTax"
           xlink:label="de-bra_is.netIncome.regular.operatingTC.grossTradingProfit.materialServices.optionalServices.OtherDedInputTax"/>
      <loc xlink:type="locator"
           xlink:href="de-bra-2018-04-01.xsd#de-bra_is.netIncome.regular.operatingTC.grossTradingProfit.materialServices.optionalServices.OtherNonDedInputTax"
           xlink:label="de-bra_is.netIncome.regular.operatingTC.grossTradingProfit.materialServices.optionalServices.OtherNonDedInputTax"/>
      <loc xlink:type="locator"
           xlink:href="de-bra-2018-04-01.xsd#de-bra_is.netIncome.regular.operatingTC.grossTradingProfit.materialServices.optionalServices.unknownVAT"
           xlink:label="de-bra_is.netIncome.regular.operatingTC.grossTradingProfit.materialServices.optionalServices.unknownVAT"/>
      <loc xlink:type="locator"
           xlink:href="de-bra-2018-04-01.xsd#de-bra_is.netIncome.regular.operatingTC.grossTradingProfit.materialServices.water"
           xlink:label="de-bra_is.netIncome.regular.operatingTC.grossTradingProfit.materialServices.water"/>
      <loc xlink:type="locator"
           xlink:href="de-bra-2018-04-01.xsd#de-bra_is.netIncome.regular.operatingTC.grossTradingProfit.materialServices.housekeeping"
           xlink:label="de-bra_is.netIncome.regular.operatingTC.grossTradingProfit.materialServices.housekeeping"/>
      <loc xlink:type="locator"
           xlink:href="de-bra-2018-04-01.xsd#de-bra_is.netIncome.regular.operatingTC.grossTradingProfit.materialServices.housekeeping.generalRateVAT"
           xlink:label="de-bra_is.netIncome.regular.operatingTC.grossTradingProfit.materialServices.housekeeping.generalRateVAT"/>
      <loc xlink:type="locator"
           xlink:href="de-bra-2018-04-01.xsd#de-bra_is.netIncome.regular.operatingTC.grossTradingProfit.materialServices.housekeeping.reducedRateVAT"
           xlink:label="de-bra_is.netIncome.regular.operatingTC.grossTradingProfit.materialServices.housekeeping.reducedRateVAT"/>
      <loc xlink:type="locator"
           xlink:href="de-bra-2018-04-01.xsd#de-bra_is.netIncome.regular.operatingTC.grossTradingProfit.materialServices.housekeeping.intraEU"
           xlink:label="de-bra_is.netIncome.regular.operatingTC.grossTradingProfit.materialServices.housekeeping.intraEU"/>
      <loc xlink:type="locator"
           xlink:href="de-bra-2018-04-01.xsd#de-bra_is.netIncome.regular.operatingTC.grossTradingProfit.materialServices.housekeeping.unknownVAT"
           xlink:label="de-bra_is.netIncome.regular.operatingTC.grossTradingProfit.materialServices.housekeeping.unknownVAT"/>
      <loc xlink:type="locator"
           xlink:href="de-bra-2018-04-01.xsd#de-bra_is.netIncome.regular.operatingTC.grossTradingProfit.materialServices.housekeeping.inventoryChange"
           xlink:label="de-bra_is.netIncome.regular.operatingTC.grossTradingProfit.materialServices.housekeeping.inventoryChange"/>
      <loc xlink:type="locator"
           xlink:href="de-bra-2018-04-01.xsd#de-bra_is.netIncome.regular.operatingTC.grossTradingProfit.materialServices.housekeeping.UStG13bDedInputTax"
           xlink:label="de-bra_is.netIncome.regular.operatingTC.grossTradingProfit.materialServices.housekeeping.UStG13bDedInputTax"/>
      <loc xlink:type="locator"
           xlink:href="de-bra-2018-04-01.xsd#de-bra_is.netIncome.regular.operatingTC.grossTradingProfit.materialServices.housekeeping.UStG13bNonDedInputTax"
           xlink:label="de-bra_is.netIncome.regular.operatingTC.grossTradingProfit.materialServices.housekeeping.UStG13bNonDedInputTax"/>
      <loc xlink:type="locator"
           xlink:href="de-bra-2018-04-01.xsd#de-bra_is.netIncome.regular.operatingTC.grossTradingProfit.materialServices.housekeeping.OtherDedInputTax"
           xlink:label="de-bra_is.netIncome.regular.operatingTC.grossTradingProfit.materialServices.housekeeping.OtherDedInputTax"/>
      <loc xlink:type="locator"
           xlink:href="de-bra-2018-04-01.xsd#de-bra_is.netIncome.regular.operatingTC.grossTradingProfit.materialServices.housekeeping.OtherNonDedInputTax"
           xlink:label="de-bra_is.netIncome.regular.operatingTC.grossTradingProfit.materialServices.housekeeping.OtherNonDedInputTax"/>
      <loc xlink:type="locator"
           xlink:href="de-bra-2018-04-01.xsd#de-bra_is.netIncome.regular.operatingTC.grossTradingProfit.materialServices.housekeeping.otherUnknownVAT"
           xlink:label="de-bra_is.netIncome.regular.operatingTC.grossTradingProfit.materialServices.housekeeping.otherUnknownVAT"/>
      <loc xlink:type="locator"
           xlink:href="de-bra-2018-04-01.xsd#de-bra_is.netIncome.regular.operatingTC.grossTradingProfit.centralServices"
           xlink:label="de-bra_is.netIncome.regular.operatingTC.grossTradingProfit.centralServices"/>
      <loc xlink:type="locator"
           xlink:href="de-bra-2018-04-01.xsd#de-bra_is.netIncome.regular.operatingTC.grossTradingProfit.centralServices.UStG13bDedInputTax"
           xlink:label="de-bra_is.netIncome.regular.operatingTC.grossTradingProfit.centralServices.UStG13bDedInputTax"/>
      <loc xlink:type="locator"
           xlink:href="de-bra-2018-04-01.xsd#de-bra_is.netIncome.regular.operatingTC.grossTradingProfit.centralServices.UStG13bNonDedInputTax"
           xlink:label="de-bra_is.netIncome.regular.operatingTC.grossTradingProfit.centralServices.UStG13bNonDedInputTax"/>
      <loc xlink:type="locator"
           xlink:href="de-bra-2018-04-01.xsd#de-bra_is.netIncome.regular.operatingTC.grossTradingProfit.centralServices.OtherDedInputTax"
           xlink:label="de-bra_is.netIncome.regular.operatingTC.grossTradingProfit.centralServices.OtherDedInputTax"/>
      <loc xlink:type="locator"
           xlink:href="de-bra-2018-04-01.xsd#de-bra_is.netIncome.regular.operatingTC.grossTradingProfit.centralServices.unknownVAT"
           xlink:label="de-bra_is.netIncome.regular.operatingTC.grossTradingProfit.centralServices.unknownVAT"/>
      <loc xlink:type="locator"
           xlink:href="de-bra-2018-04-01.xsd#de-bra_is.netIncome.regular.operatingTC.grossTradingProfit.taxes"
           xlink:label="de-bra_is.netIncome.regular.operatingTC.grossTradingProfit.taxes"/>
      <loc xlink:type="locator"
           xlink:href="de-bra-2018-04-01.xsd#de-bra_is.netIncome.regular.operatingTC.grossTradingProfit.materialCostsForAuxiliaryBusinesses"
           xlink:label="de-bra_is.netIncome.regular.operatingTC.grossTradingProfit.materialCostsForAuxiliaryBusinesses"/>
      <loc xlink:type="locator"
           xlink:href="de-bra-2018-04-01.xsd#de-bra_is.netIncome.regular.operatingTC.grossTradingProfit.rent"
           xlink:label="de-bra_is.netIncome.regular.operatingTC.grossTradingProfit.rent"/>
      <loc xlink:type="locator"
           xlink:href="de-bra-2018-04-01.xsd#de-bra_is.netIncome.regular.operatingTC.grossTradingProfit.rent.immovables"
           xlink:label="de-bra_is.netIncome.regular.operatingTC.grossTradingProfit.rent.immovables"/>
      <loc xlink:type="locator"
           xlink:href="de-bra-2018-04-01.xsd#de-bra_is.netIncome.regular.operatingTC.grossTradingProfit.rent.immovables.partners"
           xlink:label="de-bra_is.netIncome.regular.operatingTC.grossTradingProfit.rent.immovables.partners"/>
      <loc xlink:type="locator"
           xlink:href="de-bra-2018-04-01.xsd#de-bra_is.netIncome.regular.operatingTC.grossTradingProfit.rent.immovables.shareholders"
           xlink:label="de-bra_is.netIncome.regular.operatingTC.grossTradingProfit.rent.immovables.shareholders"/>
      <loc xlink:type="locator"
           xlink:href="de-bra-2018-04-01.xsd#de-bra_is.netIncome.regular.operatingTC.grossTradingProfit.rent.immovables.other"
           xlink:label="de-bra_is.netIncome.regular.operatingTC.grossTradingProfit.rent.immovables.other"/>
      <loc xlink:type="locator"
           xlink:href="de-bra-2018-04-01.xsd#de-bra_is.netIncome.regular.operatingTC.grossTradingProfit.rent.moveables"
           xlink:label="de-bra_is.netIncome.regular.operatingTC.grossTradingProfit.rent.moveables"/>
      <loc xlink:type="locator"
           xlink:href="de-bra-2018-04-01.xsd#de-bra_is.netIncome.regular.operatingTC.grossTradingProfit.rent.moveables.partners"
           xlink:label="de-bra_is.netIncome.regular.operatingTC.grossTradingProfit.rent.moveables.partners"/>
      <loc xlink:type="locator"
           xlink:href="de-bra-2018-04-01.xsd#de-bra_is.netIncome.regular.operatingTC.grossTradingProfit.rent.moveables.shareholders"
           xlink:label="de-bra_is.netIncome.regular.operatingTC.grossTradingProfit.rent.moveables.shareholders"/>
      <loc xlink:type="locator"
           xlink:href="de-bra-2018-04-01.xsd#de-bra_is.netIncome.regular.operatingTC.grossTradingProfit.rent.moveables.other"
           xlink:label="de-bra_is.netIncome.regular.operatingTC.grossTradingProfit.rent.moveables.other"/>
      <loc xlink:type="locator"
           xlink:href="de-bra-2018-04-01.xsd#de-bra_is.netIncome.regular.operatingTC.grossTradingProfit.totalOutput.netSales.grossSales.localRailPassengerTransport"
           xlink:label="de-bra_is.netIncome.regular.operatingTC.grossTradingProfit.totalOutput.netSales.grossSales.localRailPassengerTransport"/>
      <loc xlink:type="locator"
           xlink:href="de-bra-2018-04-01.xsd#de-bra_is.netIncome.regular.operatingTC.grossTradingProfit.totalOutput.netSales.grossSales.passengerAndFreightTransport"
           xlink:label="de-bra_is.netIncome.regular.operatingTC.grossTradingProfit.totalOutput.netSales.grossSales.passengerAndFreightTransport"/>
      <loc xlink:type="locator"
           xlink:href="de-bra-2018-04-01.xsd#de-bra_is.netIncome.regular.operatingTC.grossTradingProfit.totalOutput.netSales.grossSales.scheduledServices"
           xlink:label="de-bra_is.netIncome.regular.operatingTC.grossTradingProfit.totalOutput.netSales.grossSales.scheduledServices"/>
      <loc xlink:type="locator"
           xlink:href="de-bra-2018-04-01.xsd#de-bra_fpl.additions.LossEStG55_6"
           xlink:label="de-bra_fpl.additions.LossEStG55_6"/>
      <loc xlink:type="locator"
           xlink:href="de-bra-2018-04-01.xsd#de-bra_bs.eqLiab.liab.tradeOtherForeign"
           xlink:label="de-bra_bs.eqLiab.liab.tradeOtherForeign"/>
      <loc xlink:type="locator"
           xlink:href="de-bra-2018-04-01.xsd#de-bra_is.netIncome.regular.operatingTC.grossTradingProfit.totalOutput.netSales.grossSales.passengerTransport"
           xlink:label="de-bra_is.netIncome.regular.operatingTC.grossTradingProfit.totalOutput.netSales.grossSales.passengerTransport"/>
      <loc xlink:type="locator"
           xlink:href="de-bra-2018-04-01.xsd#de-bra_is.netIncome.regular.operatingTC.grossTradingProfit.materialServices.material.purchased.purchased"
           xlink:label="de-bra_is.netIncome.regular.operatingTC.grossTradingProfit.materialServices.material.purchased.purchased"/>
      <loc xlink:type="locator"
           xlink:href="de-bra-2018-04-01.xsd#de-bra_bs.ass.fixAss.tan.landWithResidentialBuildingsWUV.costAllocItem"
           xlink:label="de-bra_bs.ass.fixAss.tan.landWithResidentialBuildingsWUV.costAllocItem"/>
      <loc xlink:type="locator"
           xlink:href="de-bra-2018-04-01.xsd#de-bra_bs.ass.fixAss.tan.landWithResidentialBuildingsKHBV.costAllocItem"
           xlink:label="de-bra_bs.ass.fixAss.tan.landWithResidentialBuildingsKHBV.costAllocItem"/>
      <!--
internal labels
--><labelArc xlink:from="de-bra_bs.ass.fixAss.tan.landWithResidentialBuildingsKHBV.costAllocItem"
                xlink:to="label_de-bra_bs.ass.fixAss.tan.landWithResidentialBuildingsKHBV.costAllocItem"
                xlink:arcrole="http://www.xbrl.org/2003/arcrole/concept-label"
                xlink:type="arc"/>
      <label xlink:label="label_de-bra_bs.ass.fixAss.tan.landWithResidentialBuildingsKHBV.costAllocItem"
             id="label_de-bra_bs.ass.fixAss.tan.landWithResidentialBuildingsKHBV.costAllocItem"
             xlink:role="http://www.xbrl.org/2003/role/definitionGuidance"
             xlink:type="resource"
             xml:lang="de">Mit Urteil vom 09. März 2016 – X R 46/14 –, BFHE 253, 156, BStBl II 2016, 976 hat der BFH entschieden, dass für ein betrieblich genutztes Gebäude, das der Betriebsinhaber angeschafft hat und auf einem Grundstück steht, das sowohl dem Betriebsinhaber als auch seinem Ehegatten gehört, in der Bilanz neben dem eigentlichen Wirtschaftsgut ein „Aufwandsverteilungsposten“ zu bilden ist. Diese Position ist in der Handelsbilanz nicht zulässig.</label>
      <labelArc xlink:from="de-bra_bs.ass.fixAss.tan.landWithResidentialBuildingsWUV.costAllocItem"
                xlink:to="label_de-bra_bs.ass.fixAss.tan.landWithResidentialBuildingsWUV.costAllocItem"
                xlink:arcrole="http://www.xbrl.org/2003/arcrole/concept-label"
                xlink:type="arc"/>
      <label xlink:label="label_de-bra_bs.ass.fixAss.tan.landWithResidentialBuildingsWUV.costAllocItem"
             id="label_de-bra_bs.ass.fixAss.tan.landWithResidentialBuildingsWUV.costAllocItem"
             xlink:role="http://www.xbrl.org/2003/role/definitionGuidance"
             xlink:type="resource"
             xml:lang="de">Mit Urteil vom 09. März 2016 – X R 46/14 –, BFHE 253, 156, BStBl II 2016, 976 hat der BFH entschieden, dass für ein betrieblich genutztes Gebäude, das der Betriebsinhaber angeschafft hat und auf einem Grundstück steht, das sowohl dem Betriebsinhaber als auch seinem Ehegatten gehört, in der Bilanz neben dem eigentlichen Wirtschaftsgut ein „Aufwandsverteilungsposten“ zu bilden ist. Diese Position ist in der Handelsbilanz nicht zulässig.</label>
      <labelArc xlink:from="de-bra_bs.eqLiab.equity.profitLossFormerYear.comment"
                xlink:to="label_de-bra_bs.eqLiab.equity.profitLossFormerYear.comment"
                xlink:arcrole="http://www.xbrl.org/2003/arcrole/concept-label"
                xlink:type="arc"/>
      <label xlink:label="label_de-bra_bs.eqLiab.equity.profitLossFormerYear.comment"
             id="label_de-bra_bs.eqLiab.equity.profitLossFormerYear.comment"
             xlink:role="http://www.xbrl.org/2003/role/definitionGuidance"
             xlink:type="resource"
             xml:lang="de">Die entsprechende Berechnung/Erläuterung/detaillierte Darstellung ist als Fußnote zu berichten.</label>
      <labelArc xlink:from="de-bra_bs.eqLiab.liab.tradeOtherForeign"
                xlink:to="label_de-bra_bs.eqLiab.liab.tradeOtherForeign"
                xlink:arcrole="http://www.xbrl.org/2003/arcrole/concept-label"
                xlink:type="arc"/>
      <label xlink:label="label_de-bra_bs.eqLiab.liab.tradeOtherForeign"
             id="label_de-bra_bs.eqLiab.liab.tradeOtherForeign"
             xlink:role="http://www.xbrl.org/2003/role/definitionGuidance"
             xlink:type="resource"
             xml:lang="de">Die Position dient als Auffangposition für Verbindlichkeiten ausländischer Betriebsstätten, soweit keine detaillierte Zuordnung auf die unter der Position "Verbindlichkeiten aus Lieferungen und Leistungen" vorhandenen Positionen möglich ist.</label>
      <labelArc xlink:from="de-bra_fpl.additions.LossEStG55_6"
                xlink:to="label_de-bra_fpl.additions.LossEStG55_6"
                xlink:arcrole="http://www.xbrl.org/2003/arcrole/concept-label"
                xlink:type="arc"/>
      <label xlink:label="label_de-bra_fpl.additions.LossEStG55_6"
             id="label_de-bra_fpl.additions.LossEStG55_6"
             xlink:role="http://www.xbrl.org/2003/role/definitionGuidance"
             xlink:type="resource"
             xml:lang="de">Ist der Grund und Boden nach dem dem pauschalierenden Verfahren (§ 55 Abs. 1 bis 4 EStG) bewertet worden, dürfen Verluste, die bei der Veräußerung oder Entnahme oder durch eine Teilwertabschreibung entstehen, nicht berücksichtigt werden.</label>
      <labelArc xlink:from="de-bra_is.netIncome.regular.operatingTC.grossTradingProfit.centralServices"
                xlink:to="label_de-bra_is.netIncome.regular.operatingTC.grossTradingProfit.centralServices"
                xlink:arcrole="http://www.xbrl.org/2003/arcrole/concept-label"
                xlink:type="arc"/>
      <label xlink:label="label_de-bra_is.netIncome.regular.operatingTC.grossTradingProfit.centralServices"
             id="label_de-bra_is.netIncome.regular.operatingTC.grossTradingProfit.centralServices"
             xlink:role="http://www.xbrl.org/2003/role/definitionGuidance"
             xlink:type="resource"
             xml:lang="de">Aufwendungen für zentrale Dienstleistungen nach der PBV</label>
      <labelArc xlink:from="de-bra_is.netIncome.regular.operatingTC.grossTradingProfit.centralServices.OtherDedInputTax"
                xlink:to="label_de-bra_is.netIncome.regular.operatingTC.grossTradingProfit.centralServices.OtherDedInputTax"
                xlink:arcrole="http://www.xbrl.org/2003/arcrole/concept-label"
                xlink:type="arc"/>
      <label xlink:label="label_de-bra_is.netIncome.regular.operatingTC.grossTradingProfit.centralServices.OtherDedInputTax"
             id="label_de-bra_is.netIncome.regular.operatingTC.grossTradingProfit.centralServices.OtherDedInputTax"
             xlink:role="http://www.xbrl.org/2003/role/definitionGuidance"
             xlink:type="resource"
             xml:lang="de">Übrige bezogene Leistungen mit Vorsteuerabzug</label>
      <labelArc xlink:from="de-bra_is.netIncome.regular.operatingTC.grossTradingProfit.centralServices.UStG13bDedInputTax"
                xlink:to="label_de-bra_is.netIncome.regular.operatingTC.grossTradingProfit.centralServices.UStG13bDedInputTax"
                xlink:arcrole="http://www.xbrl.org/2003/arcrole/concept-label"
                xlink:type="arc"/>
      <label xlink:label="label_de-bra_is.netIncome.regular.operatingTC.grossTradingProfit.centralServices.UStG13bDedInputTax"
             id="label_de-bra_is.netIncome.regular.operatingTC.grossTradingProfit.centralServices.UStG13bDedInputTax"
             xlink:role="http://www.xbrl.org/2003/role/definitionGuidance"
             xlink:type="resource"
             xml:lang="de">Leistungen nach § 13b UStG mit Vorsteuerabzug, soweit sie nach der PBV den Aufwendungen für zentrale Dienstleistungen zuzurechnen sind</label>
      <labelArc xlink:from="de-bra_is.netIncome.regular.operatingTC.grossTradingProfit.centralServices.UStG13bNonDedInputTax"
                xlink:to="label_de-bra_is.netIncome.regular.operatingTC.grossTradingProfit.centralServices.UStG13bNonDedInputTax"
                xlink:arcrole="http://www.xbrl.org/2003/arcrole/concept-label"
                xlink:type="arc"/>
      <label xlink:label="label_de-bra_is.netIncome.regular.operatingTC.grossTradingProfit.centralServices.UStG13bNonDedInputTax"
             id="label_de-bra_is.netIncome.regular.operatingTC.grossTradingProfit.centralServices.UStG13bNonDedInputTax"
             xlink:role="http://www.xbrl.org/2003/role/definitionGuidance"
             xlink:type="resource"
             xml:lang="de">Leistungen nach § 13b UStG ohne Vorsteuerabzug, soweit sie nach der PBV den Aufwendungen für zentrale Dienstleistungen zuzurechnen sind</label>
      <labelArc xlink:from="de-bra_is.netIncome.regular.operatingTC.grossTradingProfit.centralServices.unknownVAT"
                xlink:to="label_de-bra_is.netIncome.regular.operatingTC.grossTradingProfit.centralServices.unknownVAT"
                xlink:arcrole="http://www.xbrl.org/2003/arcrole/concept-label"
                xlink:type="arc"/>
      <label xlink:label="label_de-bra_is.netIncome.regular.operatingTC.grossTradingProfit.centralServices.unknownVAT"
             id="label_de-bra_is.netIncome.regular.operatingTC.grossTradingProfit.centralServices.unknownVAT"
             xlink:role="http://www.xbrl.org/2003/role/definitionGuidance"
             xlink:type="resource"
             xml:lang="de">Auffangposition für übrige Leistungen nach der PBV ohne Zuordnung nach Umsatzsteuertatbeständen die den Aufwendungen für zentrale Dienstleistungen zuzurechnen sind, soweit eine detaillierte Zuordnung auf die in der gleichen Ebene vorhandenen Positionen nicht möglich ist.</label>
      <labelArc xlink:from="de-bra_is.netIncome.regular.operatingTC.grossTradingProfit.materialCostsForAuxiliaryBusinesses"
                xlink:to="label_de-bra_is.netIncome.regular.operatingTC.grossTradingProfit.materialCostsForAuxiliaryBusinesses"
                xlink:arcrole="http://www.xbrl.org/2003/arcrole/concept-label"
                xlink:type="arc"/>
      <label xlink:label="label_de-bra_is.netIncome.regular.operatingTC.grossTradingProfit.materialCostsForAuxiliaryBusinesses"
             id="label_de-bra_is.netIncome.regular.operatingTC.grossTradingProfit.materialCostsForAuxiliaryBusinesses"
             xlink:role="http://www.xbrl.org/2003/role/definitionGuidance"
             xlink:type="resource"
             xml:lang="de">Sachaufwendungen für Hilfs- und Nebenbetriebe nach PBV</label>
      <labelArc xlink:from="de-bra_is.netIncome.regular.operatingTC.grossTradingProfit.materialServices.food.generalRateVAT"
                xlink:to="label_de-bra_is.netIncome.regular.operatingTC.grossTradingProfit.materialServices.food.generalRateVAT"
                xlink:arcrole="http://www.xbrl.org/2003/arcrole/concept-label"
                xlink:type="arc"/>
      <label xlink:label="label_de-bra_is.netIncome.regular.operatingTC.grossTradingProfit.materialServices.food.generalRateVAT"
             id="label_de-bra_is.netIncome.regular.operatingTC.grossTradingProfit.materialServices.food.generalRateVAT"
             xlink:role="http://www.xbrl.org/2003/role/definitionGuidance"
             xlink:type="resource"
             xml:lang="de">Lebensmittel - Wareneinkauf zum Regelsteuersatz</label>
      <labelArc xlink:from="de-bra_is.netIncome.regular.operatingTC.grossTradingProfit.materialServices.food.intraEU"
                xlink:to="label_de-bra_is.netIncome.regular.operatingTC.grossTradingProfit.materialServices.food.intraEU"
                xlink:arcrole="http://www.xbrl.org/2003/arcrole/concept-label"
                xlink:type="arc"/>
      <label xlink:label="label_de-bra_is.netIncome.regular.operatingTC.grossTradingProfit.materialServices.food.intraEU"
             id="label_de-bra_is.netIncome.regular.operatingTC.grossTradingProfit.materialServices.food.intraEU"
             xlink:role="http://www.xbrl.org/2003/role/definitionGuidance"
             xlink:type="resource"
             xml:lang="de">Innergemeinschaftliche Erwerbe, soweit es sich um Aufwendungen für Lebensmittel handelt</label>
      <labelArc xlink:from="de-bra_is.netIncome.regular.operatingTC.grossTradingProfit.materialServices.food.inventoryChange"
                xlink:to="label_de-bra_is.netIncome.regular.operatingTC.grossTradingProfit.materialServices.food.inventoryChange"
                xlink:arcrole="http://www.xbrl.org/2003/arcrole/concept-label"
                xlink:type="arc"/>
      <label xlink:label="label_de-bra_is.netIncome.regular.operatingTC.grossTradingProfit.materialServices.food.inventoryChange"
             id="label_de-bra_is.netIncome.regular.operatingTC.grossTradingProfit.materialServices.food.inventoryChange"
             xlink:role="http://www.xbrl.org/2003/role/definitionGuidance"
             xlink:type="resource"
             xml:lang="de">Bestandsveränderungen bei Lebensmitteln</label>
      <labelArc xlink:from="de-bra_is.netIncome.regular.operatingTC.grossTradingProfit.materialServices.food.reducedRateVAT"
                xlink:to="label_de-bra_is.netIncome.regular.operatingTC.grossTradingProfit.materialServices.food.reducedRateVAT"
                xlink:arcrole="http://www.xbrl.org/2003/arcrole/concept-label"
                xlink:type="arc"/>
      <label xlink:label="label_de-bra_is.netIncome.regular.operatingTC.grossTradingProfit.materialServices.food.reducedRateVAT"
             id="label_de-bra_is.netIncome.regular.operatingTC.grossTradingProfit.materialServices.food.reducedRateVAT"
             xlink:role="http://www.xbrl.org/2003/role/definitionGuidance"
             xlink:type="resource"
             xml:lang="de">Lebensmittel - Wareneinkauf zum aktuell ermäßigten Steuersatz (§ 12 Abs. 2 UStG) – nicht Durchschnittssteuersatz i.S. d. §§ 23, 24 UStG.</label>
      <labelArc xlink:from="de-bra_is.netIncome.regular.operatingTC.grossTradingProfit.materialServices.food.unknownVAT"
                xlink:to="label_de-bra_is.netIncome.regular.operatingTC.grossTradingProfit.materialServices.food.unknownVAT"
                xlink:arcrole="http://www.xbrl.org/2003/arcrole/concept-label"
                xlink:type="arc"/>
      <label xlink:label="label_de-bra_is.netIncome.regular.operatingTC.grossTradingProfit.materialServices.food.unknownVAT"
             id="label_de-bra_is.netIncome.regular.operatingTC.grossTradingProfit.materialServices.food.unknownVAT"
             xlink:role="http://www.xbrl.org/2003/role/definitionGuidance"
             xlink:type="resource"
             xml:lang="de">Auffangposition zum Erwerb von Lebensmitteln, soweit eine detaillierte Zuordnung auf die in der gleichen Ebene vorhandenen Positionen nicht möglich ist.</label>
      <labelArc xlink:from="de-bra_is.netIncome.regular.operatingTC.grossTradingProfit.materialServices.housekeeping"
                xlink:to="label_de-bra_is.netIncome.regular.operatingTC.grossTradingProfit.materialServices.housekeeping"
                xlink:arcrole="http://www.xbrl.org/2003/arcrole/concept-label"
                xlink:type="arc"/>
      <label xlink:label="label_de-bra_is.netIncome.regular.operatingTC.grossTradingProfit.materialServices.housekeeping"
             id="label_de-bra_is.netIncome.regular.operatingTC.grossTradingProfit.materialServices.housekeeping"
             xlink:role="http://www.xbrl.org/2003/role/definitionGuidance"
             xlink:type="resource"
             xml:lang="de">Wirtschaftsbedarf/Verwaltungsbedarf nach der PBV</label>
      <labelArc xlink:from="de-bra_is.netIncome.regular.operatingTC.grossTradingProfit.materialServices.housekeeping.OtherDedInputTax"
                xlink:to="label_de-bra_is.netIncome.regular.operatingTC.grossTradingProfit.materialServices.housekeeping.OtherDedInputTax"
                xlink:arcrole="http://www.xbrl.org/2003/arcrole/concept-label"
                xlink:type="arc"/>
      <label xlink:label="label_de-bra_is.netIncome.regular.operatingTC.grossTradingProfit.materialServices.housekeeping.OtherDedInputTax"
             id="label_de-bra_is.netIncome.regular.operatingTC.grossTradingProfit.materialServices.housekeeping.OtherDedInputTax"
             xlink:role="http://www.xbrl.org/2003/role/definitionGuidance"
             xlink:type="resource"
             xml:lang="de">Übrige Leistungen mit Vorsteuerabzug, soweit sie nach der PBV dem Wirtschaftsbedarf/Verwaltungsbedarf zuzurechnen sind</label>
      <labelArc xlink:from="de-bra_is.netIncome.regular.operatingTC.grossTradingProfit.materialServices.housekeeping.OtherNonDedInputTax"
                xlink:to="label_de-bra_is.netIncome.regular.operatingTC.grossTradingProfit.materialServices.housekeeping.OtherNonDedInputTax"
                xlink:arcrole="http://www.xbrl.org/2003/arcrole/concept-label"
                xlink:type="arc"/>
      <label xlink:label="label_de-bra_is.netIncome.regular.operatingTC.grossTradingProfit.materialServices.housekeeping.OtherNonDedInputTax"
             id="label_de-bra_is.netIncome.regular.operatingTC.grossTradingProfit.materialServices.housekeeping.OtherNonDedInputTax"
             xlink:role="http://www.xbrl.org/2003/role/definitionGuidance"
             xlink:type="resource"
             xml:lang="de">Übrige Leistungen ohne Vorsteuerabzug, soweit sie nach der PBV dem Wirtschaftsbedarf/Verwaltungsbedarf zuzurechnen sind</label>
      <labelArc xlink:from="de-bra_is.netIncome.regular.operatingTC.grossTradingProfit.materialServices.housekeeping.UStG13bDedInputTax"
                xlink:to="label_de-bra_is.netIncome.regular.operatingTC.grossTradingProfit.materialServices.housekeeping.UStG13bDedInputTax"
                xlink:arcrole="http://www.xbrl.org/2003/arcrole/concept-label"
                xlink:type="arc"/>
      <label xlink:label="label_de-bra_is.netIncome.regular.operatingTC.grossTradingProfit.materialServices.housekeeping.UStG13bDedInputTax"
             id="label_de-bra_is.netIncome.regular.operatingTC.grossTradingProfit.materialServices.housekeeping.UStG13bDedInputTax"
             xlink:role="http://www.xbrl.org/2003/role/definitionGuidance"
             xlink:type="resource"
             xml:lang="de">Leistungen nach § 13b UStG mit Vorsteuerabzug, soweit sie nach der PBV dem Wirtschaftsbedarf/Verwaltungsbedarf zuzurechnen sind.</label>
      <labelArc xlink:from="de-bra_is.netIncome.regular.operatingTC.grossTradingProfit.materialServices.housekeeping.UStG13bNonDedInputTax"
                xlink:to="label_de-bra_is.netIncome.regular.operatingTC.grossTradingProfit.materialServices.housekeeping.UStG13bNonDedInputTax"
                xlink:arcrole="http://www.xbrl.org/2003/arcrole/concept-label"
                xlink:type="arc"/>
      <label xlink:label="label_de-bra_is.netIncome.regular.operatingTC.grossTradingProfit.materialServices.housekeeping.UStG13bNonDedInputTax"
             id="label_de-bra_is.netIncome.regular.operatingTC.grossTradingProfit.materialServices.housekeeping.UStG13bNonDedInputTax"
             xlink:role="http://www.xbrl.org/2003/role/definitionGuidance"
             xlink:type="resource"
             xml:lang="de">Leistungen nach § 13b UStG ohne Vorsteuerabzug.</label>
      <labelArc xlink:from="de-bra_is.netIncome.regular.operatingTC.grossTradingProfit.materialServices.housekeeping.generalRateVAT"
                xlink:to="label_de-bra_is.netIncome.regular.operatingTC.grossTradingProfit.materialServices.housekeeping.generalRateVAT"
                xlink:arcrole="http://www.xbrl.org/2003/arcrole/concept-label"
                xlink:type="arc"/>
      <label xlink:label="label_de-bra_is.netIncome.regular.operatingTC.grossTradingProfit.materialServices.housekeeping.generalRateVAT"
             id="label_de-bra_is.netIncome.regular.operatingTC.grossTradingProfit.materialServices.housekeeping.generalRateVAT"
             xlink:role="http://www.xbrl.org/2003/role/definitionGuidance"
             xlink:type="resource"
             xml:lang="de">Wareneinkauf zum Regelsteuersatz soweit dem Wirtschaftsbedarf/Verwaltungsbedarf nach der PBV zuzurechnen</label>
      <labelArc xlink:from="de-bra_is.netIncome.regular.operatingTC.grossTradingProfit.materialServices.housekeeping.intraEU"
                xlink:to="label_de-bra_is.netIncome.regular.operatingTC.grossTradingProfit.materialServices.housekeeping.intraEU"
                xlink:arcrole="http://www.xbrl.org/2003/arcrole/concept-label"
                xlink:type="arc"/>
      <label xlink:label="label_de-bra_is.netIncome.regular.operatingTC.grossTradingProfit.materialServices.housekeeping.intraEU"
             id="label_de-bra_is.netIncome.regular.operatingTC.grossTradingProfit.materialServices.housekeeping.intraEU"
             xlink:role="http://www.xbrl.org/2003/role/definitionGuidance"
             xlink:type="resource"
             xml:lang="de">Innergemeinschaftliche Erwerbe soweit dem Wirtschaftsbedarf/Verwaltungsbedarf nach der PBV zuzurechnen</label>
      <labelArc xlink:from="de-bra_is.netIncome.regular.operatingTC.grossTradingProfit.materialServices.housekeeping.inventoryChange"
                xlink:to="label_de-bra_is.netIncome.regular.operatingTC.grossTradingProfit.materialServices.housekeeping.inventoryChange"
                xlink:arcrole="http://www.xbrl.org/2003/arcrole/concept-label"
                xlink:type="arc"/>
      <label xlink:label="label_de-bra_is.netIncome.regular.operatingTC.grossTradingProfit.materialServices.housekeeping.inventoryChange"
             id="label_de-bra_is.netIncome.regular.operatingTC.grossTradingProfit.materialServices.housekeeping.inventoryChange"
             xlink:role="http://www.xbrl.org/2003/role/definitionGuidance"
             xlink:type="resource"
             xml:lang="de">Bestandsveränderungen der dem Wirtschaftsbedarf/Verwaltungsbedarf nach der PBV zuzurechnenden Waren</label>
      <labelArc xlink:from="de-bra_is.netIncome.regular.operatingTC.grossTradingProfit.materialServices.housekeeping.otherUnknownVAT"
                xlink:to="label_de-bra_is.netIncome.regular.operatingTC.grossTradingProfit.materialServices.housekeeping.otherUnknownVAT"
                xlink:arcrole="http://www.xbrl.org/2003/arcrole/concept-label"
                xlink:type="arc"/>
      <label xlink:label="label_de-bra_is.netIncome.regular.operatingTC.grossTradingProfit.materialServices.housekeeping.otherUnknownVAT"
             id="label_de-bra_is.netIncome.regular.operatingTC.grossTradingProfit.materialServices.housekeeping.otherUnknownVAT"
             xlink:role="http://www.xbrl.org/2003/role/definitionGuidance"
             xlink:type="resource"
             xml:lang="de">Auffangposition für übrige Leistungen nach der PBV ohne Zuordnung nach Umsatzsteuertatbeständen, soweit eine detaillierte Zuordnung auf die in der gleichen Ebene vorhandenen Positionen nicht möglich ist.</label>
      <labelArc xlink:from="de-bra_is.netIncome.regular.operatingTC.grossTradingProfit.materialServices.housekeeping.reducedRateVAT"
                xlink:to="label_de-bra_is.netIncome.regular.operatingTC.grossTradingProfit.materialServices.housekeeping.reducedRateVAT"
                xlink:arcrole="http://www.xbrl.org/2003/arcrole/concept-label"
                xlink:type="arc"/>
      <label xlink:label="label_de-bra_is.netIncome.regular.operatingTC.grossTradingProfit.materialServices.housekeeping.reducedRateVAT"
             id="label_de-bra_is.netIncome.regular.operatingTC.grossTradingProfit.materialServices.housekeeping.reducedRateVAT"
             xlink:role="http://www.xbrl.org/2003/role/definitionGuidance"
             xlink:type="resource"
             xml:lang="de">Wareneinkauf zum ermäßigten Steuersatz soweit dem Wirtschaftsbedarf/Verwaltungsbedarf nach der PBV zuzurechnen</label>
      <labelArc xlink:from="de-bra_is.netIncome.regular.operatingTC.grossTradingProfit.materialServices.housekeeping.unknownVAT"
                xlink:to="label_de-bra_is.netIncome.regular.operatingTC.grossTradingProfit.materialServices.housekeeping.unknownVAT"
                xlink:arcrole="http://www.xbrl.org/2003/arcrole/concept-label"
                xlink:type="arc"/>
      <label xlink:label="label_de-bra_is.netIncome.regular.operatingTC.grossTradingProfit.materialServices.housekeeping.unknownVAT"
             id="label_de-bra_is.netIncome.regular.operatingTC.grossTradingProfit.materialServices.housekeeping.unknownVAT"
             xlink:role="http://www.xbrl.org/2003/role/definitionGuidance"
             xlink:type="resource"
             xml:lang="de">Auffangposition für den dem Wirtschaftsbedarf/Verwaltungsbedarf nach der PBV zuzurechnenden Wareneinkauf, soweit eine detaillierte Zuordnung auf die in der gleichen Ebene vorhandenen Positionen nicht möglich ist.</label>
      <labelArc xlink:from="de-bra_is.netIncome.regular.operatingTC.grossTradingProfit.materialServices.optionalServices"
                xlink:to="label_de-bra_is.netIncome.regular.operatingTC.grossTradingProfit.materialServices.optionalServices"
                xlink:arcrole="http://www.xbrl.org/2003/arcrole/concept-label"
                xlink:type="arc"/>
      <label xlink:label="label_de-bra_is.netIncome.regular.operatingTC.grossTradingProfit.materialServices.optionalServices"
             id="label_de-bra_is.netIncome.regular.operatingTC.grossTradingProfit.materialServices.optionalServices"
             xlink:role="http://www.xbrl.org/2003/role/definitionGuidance"
             xlink:type="resource"
             xml:lang="de">Zusatzleistungen nach der PBV</label>
      <labelArc xlink:from="de-bra_is.netIncome.regular.operatingTC.grossTradingProfit.materialServices.optionalServices.OtherDedInputTax"
                xlink:to="label_de-bra_is.netIncome.regular.operatingTC.grossTradingProfit.materialServices.optionalServices.OtherDedInputTax"
                xlink:arcrole="http://www.xbrl.org/2003/arcrole/concept-label"
                xlink:type="arc"/>
      <label xlink:label="label_de-bra_is.netIncome.regular.operatingTC.grossTradingProfit.materialServices.optionalServices.OtherDedInputTax"
             id="label_de-bra_is.netIncome.regular.operatingTC.grossTradingProfit.materialServices.optionalServices.OtherDedInputTax"
             xlink:role="http://www.xbrl.org/2003/role/definitionGuidance"
             xlink:type="resource"
             xml:lang="de">Übrige betriebliche Zusatzleistungen nach der PBV mit Vorsteueranspruch</label>
      <labelArc xlink:from="de-bra_is.netIncome.regular.operatingTC.grossTradingProfit.materialServices.optionalServices.OtherNonDedInputTax"
                xlink:to="label_de-bra_is.netIncome.regular.operatingTC.grossTradingProfit.materialServices.optionalServices.OtherNonDedInputTax"
                xlink:arcrole="http://www.xbrl.org/2003/arcrole/concept-label"
                xlink:type="arc"/>
      <label xlink:label="label_de-bra_is.netIncome.regular.operatingTC.grossTradingProfit.materialServices.optionalServices.OtherNonDedInputTax"
             id="label_de-bra_is.netIncome.regular.operatingTC.grossTradingProfit.materialServices.optionalServices.OtherNonDedInputTax"
             xlink:role="http://www.xbrl.org/2003/role/definitionGuidance"
             xlink:type="resource"
             xml:lang="de">Übrige betriebliche Zusatzleistungen nach der PBV ohne Vorsteueranspruch</label>
      <labelArc xlink:from="de-bra_is.netIncome.regular.operatingTC.grossTradingProfit.materialServices.optionalServices.UStG13bDedInputTax"
                xlink:to="label_de-bra_is.netIncome.regular.operatingTC.grossTradingProfit.materialServices.optionalServices.UStG13bDedInputTax"
                xlink:arcrole="http://www.xbrl.org/2003/arcrole/concept-label"
                xlink:type="arc"/>
      <label xlink:label="label_de-bra_is.netIncome.regular.operatingTC.grossTradingProfit.materialServices.optionalServices.UStG13bDedInputTax"
             id="label_de-bra_is.netIncome.regular.operatingTC.grossTradingProfit.materialServices.optionalServices.UStG13bDedInputTax"
             xlink:role="http://www.xbrl.org/2003/role/definitionGuidance"
             xlink:type="resource"
             xml:lang="de">Zusatzleistungen nach der PBV, bei denen der Leistungsempfänger Umsatzsteuersteuerschuldner ist (§ 13b UStG) und gleichzeitig ein Vorsteueranspruch besteht</label>
      <labelArc xlink:from="de-bra_is.netIncome.regular.operatingTC.grossTradingProfit.materialServices.optionalServices.UStG13bNonDedInputTax"
                xlink:to="label_de-bra_is.netIncome.regular.operatingTC.grossTradingProfit.materialServices.optionalServices.UStG13bNonDedInputTax"
                xlink:arcrole="http://www.xbrl.org/2003/arcrole/concept-label"
                xlink:type="arc"/>
      <label xlink:label="label_de-bra_is.netIncome.regular.operatingTC.grossTradingProfit.materialServices.optionalServices.UStG13bNonDedInputTax"
             id="label_de-bra_is.netIncome.regular.operatingTC.grossTradingProfit.materialServices.optionalServices.UStG13bNonDedInputTax"
             xlink:role="http://www.xbrl.org/2003/role/definitionGuidance"
             xlink:type="resource"
             xml:lang="de">Zusatzleistungen nach der PBV, bei denen der Leistungsempfänger Umsatzsteuersteuerschuldner ist (§ 13b UStG) aber kein Vorsteueranspruch besteht</label>
      <labelArc xlink:from="de-bra_is.netIncome.regular.operatingTC.grossTradingProfit.materialServices.optionalServices.unknownVAT"
                xlink:to="label_de-bra_is.netIncome.regular.operatingTC.grossTradingProfit.materialServices.optionalServices.unknownVAT"
                xlink:arcrole="http://www.xbrl.org/2003/arcrole/concept-label"
                xlink:type="arc"/>
      <label xlink:label="label_de-bra_is.netIncome.regular.operatingTC.grossTradingProfit.materialServices.optionalServices.unknownVAT"
             id="label_de-bra_is.netIncome.regular.operatingTC.grossTradingProfit.materialServices.optionalServices.unknownVAT"
             xlink:role="http://www.xbrl.org/2003/role/definitionGuidance"
             xlink:type="resource"
             xml:lang="de">Auffangposition für Aufwendungen von Zusatzleistungen nach der PBV, soweit eine detaillierte Zuordnung auf die in der gleichen Ebene vorhandenen Positionen nicht möglich ist.</label>
      <labelArc xlink:from="de-bra_is.netIncome.regular.operatingTC.grossTradingProfit.materialServices.water"
                xlink:to="label_de-bra_is.netIncome.regular.operatingTC.grossTradingProfit.materialServices.water"
                xlink:arcrole="http://www.xbrl.org/2003/arcrole/concept-label"
                xlink:type="arc"/>
      <label xlink:label="label_de-bra_is.netIncome.regular.operatingTC.grossTradingProfit.materialServices.water"
             id="label_de-bra_is.netIncome.regular.operatingTC.grossTradingProfit.materialServices.water"
             xlink:role="http://www.xbrl.org/2003/role/definitionGuidance"
             xlink:type="resource"
             xml:lang="de">Aufwendungen für Wasser und Energie (incl.Brennstoffe) nach der PBV</label>
      <labelArc xlink:from="de-bra_is.netIncome.regular.operatingTC.grossTradingProfit.rent"
                xlink:to="label_de-bra_is.netIncome.regular.operatingTC.grossTradingProfit.rent"
                xlink:arcrole="http://www.xbrl.org/2003/arcrole/concept-label"
                xlink:type="arc"/>
      <label xlink:label="label_de-bra_is.netIncome.regular.operatingTC.grossTradingProfit.rent"
             id="label_de-bra_is.netIncome.regular.operatingTC.grossTradingProfit.rent"
             xlink:role="http://www.xbrl.org/2003/role/definitionGuidance"
             xlink:type="resource"
             xml:lang="de">Mieten, Pacht, Leasing nach PBV</label>
      <labelArc xlink:from="de-bra_is.netIncome.regular.operatingTC.grossTradingProfit.rent.immovables"
                xlink:to="label_de-bra_is.netIncome.regular.operatingTC.grossTradingProfit.rent.immovables"
                xlink:arcrole="http://www.xbrl.org/2003/arcrole/concept-label"
                xlink:type="arc"/>
      <label xlink:label="label_de-bra_is.netIncome.regular.operatingTC.grossTradingProfit.rent.immovables"
             id="label_de-bra_is.netIncome.regular.operatingTC.grossTradingProfit.rent.immovables"
             xlink:role="http://www.xbrl.org/2003/role/definitionGuidance"
             xlink:type="resource"
             xml:lang="de">Mieten, Pacht, Leasing für unbewegliche Wirtschaftsgüter nach PBV</label>
      <labelArc xlink:from="de-bra_is.netIncome.regular.operatingTC.grossTradingProfit.rent.immovables.other"
                xlink:to="label_de-bra_is.netIncome.regular.operatingTC.grossTradingProfit.rent.immovables.other"
                xlink:arcrole="http://www.xbrl.org/2003/arcrole/concept-label"
                xlink:type="arc"/>
      <label xlink:label="label_de-bra_is.netIncome.regular.operatingTC.grossTradingProfit.rent.immovables.other"
             id="label_de-bra_is.netIncome.regular.operatingTC.grossTradingProfit.rent.immovables.other"
             xlink:role="http://www.xbrl.org/2003/role/definitionGuidance"
             xlink:type="resource"
             xml:lang="de">Übrige / nicht zuordenbare Mieten, Pacht, Leasing nach PBV für unbewegliche Wirtschaftsgüter</label>
      <labelArc xlink:from="de-bra_is.netIncome.regular.operatingTC.grossTradingProfit.rent.immovables.partners"
                xlink:to="label_de-bra_is.netIncome.regular.operatingTC.grossTradingProfit.rent.immovables.partners"
                xlink:arcrole="http://www.xbrl.org/2003/arcrole/concept-label"
                xlink:type="arc"/>
      <label xlink:label="label_de-bra_is.netIncome.regular.operatingTC.grossTradingProfit.rent.immovables.partners"
             id="label_de-bra_is.netIncome.regular.operatingTC.grossTradingProfit.rent.immovables.partners"
             xlink:role="http://www.xbrl.org/2003/role/definitionGuidance"
             xlink:type="resource"
             xml:lang="de">Mieten, Pacht, Leasing für unbewegliche Wirtschaftsgüter nach PBV an Mitunternehmer</label>
      <labelArc xlink:from="de-bra_is.netIncome.regular.operatingTC.grossTradingProfit.rent.immovables.shareholders"
                xlink:to="label_de-bra_is.netIncome.regular.operatingTC.grossTradingProfit.rent.immovables.shareholders"
                xlink:arcrole="http://www.xbrl.org/2003/arcrole/concept-label"
                xlink:type="arc"/>
      <label xlink:label="label_de-bra_is.netIncome.regular.operatingTC.grossTradingProfit.rent.immovables.shareholders"
             id="label_de-bra_is.netIncome.regular.operatingTC.grossTradingProfit.rent.immovables.shareholders"
             xlink:role="http://www.xbrl.org/2003/role/definitionGuidance"
             xlink:type="resource"
             xml:lang="de">Mieten, Pacht, Leasing für unbewegliche Wirtschaftsgüter nach PBV an Gesellschafter</label>
      <labelArc xlink:from="de-bra_is.netIncome.regular.operatingTC.grossTradingProfit.rent.moveables"
                xlink:to="label_de-bra_is.netIncome.regular.operatingTC.grossTradingProfit.rent.moveables"
                xlink:arcrole="http://www.xbrl.org/2003/arcrole/concept-label"
                xlink:type="arc"/>
      <label xlink:label="label_de-bra_is.netIncome.regular.operatingTC.grossTradingProfit.rent.moveables"
             id="label_de-bra_is.netIncome.regular.operatingTC.grossTradingProfit.rent.moveables"
             xlink:role="http://www.xbrl.org/2003/role/definitionGuidance"
             xlink:type="resource"
             xml:lang="de">Mieten, Pacht, Leasing für bewegliche Wirtschaftsgüter</label>
      <labelArc xlink:from="de-bra_is.netIncome.regular.operatingTC.grossTradingProfit.rent.moveables.other"
                xlink:to="label_de-bra_is.netIncome.regular.operatingTC.grossTradingProfit.rent.moveables.other"
                xlink:arcrole="http://www.xbrl.org/2003/arcrole/concept-label"
                xlink:type="arc"/>
      <label xlink:label="label_de-bra_is.netIncome.regular.operatingTC.grossTradingProfit.rent.moveables.other"
             id="label_de-bra_is.netIncome.regular.operatingTC.grossTradingProfit.rent.moveables.other"
             xlink:role="http://www.xbrl.org/2003/role/definitionGuidance"
             xlink:type="resource"
             xml:lang="de">Auffangposition für übrige / nicht zuordenbare Mieten, Pacht oder Leasing für bewegliche Wirtschaftsgüter nach der PBV ohne Zuordnung nach Umsatzsteuertatbeständen die den Aufwendungen für zentrale Dienstleistungen zuzurechnen sind, soweit eine detaillierte Zuordnung auf die in der gleichen Ebene vorhandenen Positionen nicht möglich ist.</label>
      <labelArc xlink:from="de-bra_is.netIncome.regular.operatingTC.grossTradingProfit.rent.moveables.partners"
                xlink:to="label_de-bra_is.netIncome.regular.operatingTC.grossTradingProfit.rent.moveables.partners"
                xlink:arcrole="http://www.xbrl.org/2003/arcrole/concept-label"
                xlink:type="arc"/>
      <label xlink:label="label_de-bra_is.netIncome.regular.operatingTC.grossTradingProfit.rent.moveables.partners"
             id="label_de-bra_is.netIncome.regular.operatingTC.grossTradingProfit.rent.moveables.partners"
             xlink:role="http://www.xbrl.org/2003/role/definitionGuidance"
             xlink:type="resource"
             xml:lang="de">Mieten, Pacht, Leasing für bewegliche Wirtschaftsgüter an Mitunternehmer</label>
      <labelArc xlink:from="de-bra_is.netIncome.regular.operatingTC.grossTradingProfit.rent.moveables.shareholders"
                xlink:to="label_de-bra_is.netIncome.regular.operatingTC.grossTradingProfit.rent.moveables.shareholders"
                xlink:arcrole="http://www.xbrl.org/2003/arcrole/concept-label"
                xlink:type="arc"/>
      <label xlink:label="label_de-bra_is.netIncome.regular.operatingTC.grossTradingProfit.rent.moveables.shareholders"
             id="label_de-bra_is.netIncome.regular.operatingTC.grossTradingProfit.rent.moveables.shareholders"
             xlink:role="http://www.xbrl.org/2003/role/definitionGuidance"
             xlink:type="resource"
             xml:lang="de">Mieten, Pacht, Leasing für bewegliche Wirtschaftsgüter an Gesellschafter</label>
      <labelArc xlink:from="de-bra_is.netIncome.regular.operatingTC.grossTradingProfit.taxes"
                xlink:to="label_de-bra_is.netIncome.regular.operatingTC.grossTradingProfit.taxes"
                xlink:arcrole="http://www.xbrl.org/2003/arcrole/concept-label"
                xlink:type="arc"/>
      <label xlink:label="label_de-bra_is.netIncome.regular.operatingTC.grossTradingProfit.taxes"
             id="label_de-bra_is.netIncome.regular.operatingTC.grossTradingProfit.taxes"
             xlink:role="http://www.xbrl.org/2003/role/definitionGuidance"
             xlink:type="resource"
             xml:lang="de">Steuern, Abgaben, Versicherungen nach PBV</label>
      <labelArc xlink:from="de-bra_is.netIncome.regular.operatingTC.grossTradingProfit.materialServices.material.purchased.purchased"
                xlink:to="label_de-bra_is.netIncome.regular.operatingTC.grossTradingProfit.materialServices.material.purchased.purchased"
                xlink:arcrole="http://www.xbrl.org/2003/arcrole/concept-label"
                xlink:type="arc"/>
      <label xlink:label="label_de-bra_is.netIncome.regular.operatingTC.grossTradingProfit.materialServices.material.purchased.purchased"
             id="label_de-bra_is.netIncome.regular.operatingTC.grossTradingProfit.materialServices.material.purchased.purchased"
             xlink:role="http://www.xbrl.org/2003/role/definitionGuidance"
             xlink:type="resource"
             xml:lang="de">In dieser Position sind alle Aufwendungen für Einkäufe auszuweisen, die ohne weitere Be- oder Verarbeitung weiterverkauft werden sollen. Die eingekauften Waren fließen also nicht in den Produktionsprozess ein und sind nur für den Handel bestimmt.</label>
      <labelArc xlink:from="de-bra_is.netIncome.regular.operatingTC.grossTradingProfit.totalOutput.netSales.grossSales.localRailPassengerTransport"
                xlink:to="label_de-bra_is.netIncome.regular.operatingTC.grossTradingProfit.totalOutput.netSales.grossSales.localRailPassengerTransport"
                xlink:arcrole="http://www.xbrl.org/2003/arcrole/concept-label"
                xlink:type="arc"/>
      <label xlink:label="label_de-bra_is.netIncome.regular.operatingTC.grossTradingProfit.totalOutput.netSales.grossSales.localRailPassengerTransport"
             id="label_de-bra_is.netIncome.regular.operatingTC.grossTradingProfit.totalOutput.netSales.grossSales.localRailPassengerTransport"
             xlink:role="http://www.xbrl.org/2003/role/definitionGuidance"
             xlink:type="resource"
             xml:lang="de">Grundsätzlich sind alle Erlöse mit direktem Bezug zur Personenbeförderung im Schienenpersonenverkehr (AEG, RegG) einzubeziehen (Fahrkartenverkäufe; Ausgleichs- und Erstattungsleistungen; Bestellerentgelte)</label>
      <labelArc xlink:from="de-bra_is.netIncome.regular.operatingTC.grossTradingProfit.totalOutput.netSales.grossSales.passengerAndFreightTransport"
                xlink:to="label_de-bra_is.netIncome.regular.operatingTC.grossTradingProfit.totalOutput.netSales.grossSales.passengerAndFreightTransport"
                xlink:arcrole="http://www.xbrl.org/2003/arcrole/concept-label"
                xlink:type="arc"/>
      <label xlink:label="label_de-bra_is.netIncome.regular.operatingTC.grossTradingProfit.totalOutput.netSales.grossSales.passengerAndFreightTransport"
             id="label_de-bra_is.netIncome.regular.operatingTC.grossTradingProfit.totalOutput.netSales.grossSales.passengerAndFreightTransport"
             xlink:role="http://www.xbrl.org/2003/role/definitionGuidance"
             xlink:type="resource"
             xml:lang="de">Grundsätzlich sind alle Erlöse mit direktem Bezug zur Güterbeförderung einzubeziehen, unabhängig davon, wer die Zahlung leistet.</label>
      <labelArc xlink:from="de-bra_is.netIncome.regular.operatingTC.grossTradingProfit.totalOutput.netSales.grossSales.passengerTransport"
                xlink:to="label_de-bra_is.netIncome.regular.operatingTC.grossTradingProfit.totalOutput.netSales.grossSales.passengerTransport"
                xlink:arcrole="http://www.xbrl.org/2003/arcrole/concept-label"
                xlink:type="arc"/>
      <label xlink:label="label_de-bra_is.netIncome.regular.operatingTC.grossTradingProfit.totalOutput.netSales.grossSales.passengerTransport"
             id="label_de-bra_is.netIncome.regular.operatingTC.grossTradingProfit.totalOutput.netSales.grossSales.passengerTransport"
             xlink:role="http://www.xbrl.org/2003/role/definitionGuidance"
             xlink:type="resource"
             xml:lang="de">Grundsätzlich sind alle Erlöse mit direktem Bezug zur Personenbeförderung einzubeziehen, unabhängig davon, wer die Zahlung leistet. Hierzu zählen im Personenverkehr u.a. Einnahmen im Liniennah- und Fernverkehr sowie in Sonderformen des Linienverkehrs (§ 42-45 PBefG), freigestellten Verkehren (z.B. freigestellter Schülerverkehr) und Gelegenheitsverkehren. Einzubeziehen sind u.a. Einnahmen aus Fahrkartenverkäufen, Bestellerentgelte, Abgeltungszahlungen für die Beförderung von Schülern, Studenten und Auszubildenden (§ 45a PBefG; § 6a AEG), sowie Abgeltungszahlungen für Schwerbehinderte § 148 IX SGB und andere begünstigte Personengruppen.</label>
      <labelArc xlink:from="de-bra_is.netIncome.regular.operatingTC.grossTradingProfit.totalOutput.netSales.grossSales.scheduledServices"
                xlink:to="label_de-bra_is.netIncome.regular.operatingTC.grossTradingProfit.totalOutput.netSales.grossSales.scheduledServices"
                xlink:arcrole="http://www.xbrl.org/2003/arcrole/concept-label"
                xlink:type="arc"/>
      <label xlink:label="label_de-bra_is.netIncome.regular.operatingTC.grossTradingProfit.totalOutput.netSales.grossSales.scheduledServices"
             id="label_de-bra_is.netIncome.regular.operatingTC.grossTradingProfit.totalOutput.netSales.grossSales.scheduledServices"
             xlink:role="http://www.xbrl.org/2003/role/definitionGuidance"
             xlink:type="resource"
             xml:lang="de">Grundsätzlich sind alle Erlöse mit direktem Bezug zur Personenbeförderung einzubeziehen, unabhängig davon, wer die Zahlung leistet. Hierzu zählen Einnahmen im Liniennah- und Fernverkehr sowie in Sonderformen des Linienverkehrs (§§ 42-45 PBefG), in der Personenbeförderung mit Straßenbahnen und freigestellten Verkehren (z.B. freigestellter Schülerverkehr). Einzubeziehen sind u.a. Einnahmen aus Fahrkartenverkäufen, Bestellerentgelte, Abgeltungszahlungen für die Beförderung von Schülern, Studenten und Auszubildenden (§ 45a PBefG), sowie Abgeltungszahlungen für Schwerbehinderte § 148 IX SGB und andere begünstigte Personengruppen.</label>
      <!--
external labels
--></labelLink>
</linkbase>