<?xml version="1.0" encoding="utf-8"?>
<!--(c) XBRL Deutschland e.V. - see http://www.xbrl.de-->


<linkbase xmlns="http://www.xbrl.org/2003/linkbase"
          xmlns:xsi="http://www.w3.org/2001/XMLSchema-instance"
          xsi:schemaLocation="http://www.xbrl.org/2003/linkbase http://www.xbrl.org/2003/xbrl-linkbase-2003-12-31.xsd">
   <roleRef xmlns:xbrldt="http://xbrl.org/2005/xbrldt"
            xmlns:xlink="http://www.w3.org/1999/xlink"
            roleURI="http://www.xbrl.de/taxonomies/de-gaap-ci/role/notesTableAnalysisOfLiabilities"
            xlink:href="../de-gaap-ci-2018-04-01/de-gaap-ci-2018-04-01.xsd#role_notesTableAnalysisOfLiabilities"
            xlink:type="simple"/>
   <arcroleRef xmlns:xbrldt="http://xbrl.org/2005/xbrldt"
               xmlns:xlink="http://www.w3.org/1999/xlink"
               arcroleURI="http://xbrl.org/int/dim/arcrole/domain-member"
               xlink:href="http://www.xbrl.org/2005/xbrldt-2005.xsd#domain-member"
               xlink:type="simple"/>
   <definitionLink xmlns:xlink="http://www.w3.org/1999/xlink"
                   xlink:role="http://www.xbrl.de/taxonomies/de-gaap-ci/role/notesTableAnalysisOfLiabilities"
                   xlink:type="extended">
      <loc xlink:type="locator"
           xlink:href="../de-gaap-ci-2018-04-01/de-gaap-ci-2018-04-01.xsd#de-gaap-ci_bs.eqLiab.liab"
           xlink:label="de-gaap-ci_bs.eqLiab.liab"/>
      <loc xlink:type="locator"
           xlink:href="../de-gaap-ci-2018-04-01/de-gaap-ci-2018-04-01.xsd#de-gaap-ci_bs.eqLiab.liab.shareholders"
           xlink:label="de-gaap-ci_bs.eqLiab.liab.shareholders"/>
      <loc xlink:type="locator"
           xlink:href="de-bra-2018-04-01.xsd#de-bra_bs.eqLiab.liab.promotionalLoans"
           xlink:label="de-bra_bs.eqLiab.liab.promotionalLoans"/>
      <loc xlink:type="locator"
           xlink:href="../de-gaap-ci-2018-04-01/de-gaap-ci-2018-04-01.xsd#de-gaap-ci_bs.eqLiab.liab.conditionalRepayableDonations"
           xlink:label="de-gaap-ci_bs.eqLiab.liab.conditionalRepayableDonations"/>
      <loc xlink:type="locator"
           xlink:href="../de-gaap-ci-2018-04-01/de-gaap-ci-2018-04-01.xsd#de-gaap-ci_bs.eqLiab.liab.advPaym"
           xlink:label="de-gaap-ci_bs.eqLiab.liab.advPaym"/>
      <loc xlink:type="locator"
           xlink:href="../de-gaap-ci-2018-04-01/de-gaap-ci-2018-04-01.xsd#de-gaap-ci_bs.eqLiab.liab.bank"
           xlink:label="de-gaap-ci_bs.eqLiab.liab.bank"/>
      <loc xlink:type="locator"
           xlink:href="../de-gaap-ci-2018-04-01/de-gaap-ci-2018-04-01.xsd#de-gaap-ci_bs.eqLiab.liab.notes"
           xlink:label="de-gaap-ci_bs.eqLiab.liab.notes"/>
      <loc xlink:type="locator"
           xlink:href="../de-gaap-ci-2018-04-01/de-gaap-ci-2018-04-01.xsd#de-gaap-ci_bs.eqLiab.liab.otherDebtInstruments"
           xlink:label="de-gaap-ci_bs.eqLiab.liab.otherDebtInstruments"/>
      <loc xlink:type="locator"
           xlink:href="de-bra-2018-04-01.xsd#de-bra_bs.eqLiab.liab.pocketMoneyAccount"
           xlink:label="de-bra_bs.eqLiab.liab.pocketMoneyAccount"/>
      <loc xlink:type="locator"
           xlink:href="../de-gaap-ci-2018-04-01/de-gaap-ci-2018-04-01.xsd#de-gaap-ci_bs.eqLiab.liab.statutoryBenefits"
           xlink:label="de-gaap-ci_bs.eqLiab.liab.statutoryBenefits"/>
      <loc xlink:type="locator"
           xlink:href="../de-gaap-ci-2018-04-01/de-gaap-ci-2018-04-01.xsd#de-gaap-ci_bs.eqLiab.liab.securities"
           xlink:label="de-gaap-ci_bs.eqLiab.liab.securities"/>
      <loc xlink:type="locator"
           xlink:href="de-bra-2018-04-01.xsd#de-bra_bs.eqLiab.liab.shareholdersKHBV"
           xlink:label="de-bra_bs.eqLiab.liab.shareholdersKHBV"/>
      <loc xlink:type="locator"
           xlink:href="../de-gaap-ci-2018-04-01/de-gaap-ci-2018-04-01.xsd#de-gaap-ci_bs.eqLiab.liab.trade"
           xlink:label="de-gaap-ci_bs.eqLiab.liab.trade"/>
      <loc xlink:type="locator"
           xlink:href="../de-gaap-ci-2018-04-01/de-gaap-ci-2018-04-01.xsd#de-gaap-ci_bs.eqLiab.liab.particip"
           xlink:label="de-gaap-ci_bs.eqLiab.liab.particip"/>
      <loc xlink:type="locator"
           xlink:href="de-bra-2018-04-01.xsd#de-bra_bs.eqLiab.liab.municipality"
           xlink:label="de-bra_bs.eqLiab.liab.municipality"/>
      <loc xlink:type="locator"
           xlink:href="../de-gaap-ci-2018-04-01/de-gaap-ci-2018-04-01.xsd#de-gaap-ci_bs.eqLiab.liab.other"
           xlink:label="de-gaap-ci_bs.eqLiab.liab.other"/>
      <loc xlink:type="locator"
           xlink:href="de-bra-2018-04-01.xsd#de-bra_bs.eqLiab.liab.institutionalOwners"
           xlink:label="de-bra_bs.eqLiab.liab.institutionalOwners"/>
      <loc xlink:type="locator"
           xlink:href="de-bra-2018-04-01.xsd#de-bra_bs.eqLiab.liab.savings"
           xlink:label="de-bra_bs.eqLiab.liab.savings"/>
      <loc xlink:type="locator"
           xlink:href="de-bra-2018-04-01.xsd#de-bra_bs.eqLiab.liab.krankenhausfinanzierungsrecht"
           xlink:label="de-bra_bs.eqLiab.liab.krankenhausfinanzierungsrecht"/>
      <loc xlink:type="locator"
           xlink:href="de-bra-2018-04-01.xsd#de-bra_bs.eqLiab.liab.savingBonds"
           xlink:label="de-bra_bs.eqLiab.liab.savingBonds"/>
      <loc xlink:type="locator"
           xlink:href="de-bra-2018-04-01.xsd#de-bra_bs.eqLiab.liab.otherCreditors"
           xlink:label="de-bra_bs.eqLiab.liab.otherCreditors"/>
      <loc xlink:type="locator"
           xlink:href="de-bra-2018-04-01.xsd#de-bra_bs.eqLiab.liab.governmentSubsidies"
           xlink:label="de-bra_bs.eqLiab.liab.governmentSubsidies"/>
      <loc xlink:type="locator"
           xlink:href="de-bra-2018-04-01.xsd#de-bra_bs.eqLiab.liab.grants"
           xlink:label="de-bra_bs.eqLiab.liab.grants"/>
      <loc xlink:type="locator"
           xlink:href="../de-gaap-ci-2018-04-01/de-gaap-ci-2018-04-01.xsd#de-gaap-ci_bs.eqLiab.liab.regulatory"
           xlink:label="de-gaap-ci_bs.eqLiab.liab.regulatory"/>
      <loc xlink:type="locator"
           xlink:href="../de-gaap-ci-2018-04-01/de-gaap-ci-2018-04-01.xsd#de-gaap-ci_bs.eqLiab.liab.assocComp"
           xlink:label="de-gaap-ci_bs.eqLiab.liab.assocComp"/>
      <loc xlink:type="locator"
           xlink:href="de-bra-2018-04-01.xsd#de-bra_bs.eqLiab.liab.privateGrants"
           xlink:label="de-bra_bs.eqLiab.liab.privateGrants"/>
      <loc xlink:type="locator"
           xlink:href="de-bra-2018-04-01.xsd#de-bra_bs.eqLiab.liab.fixAssFinancingSubsidies"
           xlink:label="de-bra_bs.eqLiab.liab.fixAssFinancingSubsidies"/>
      <definitionArc xlink:from="de-gaap-ci_bs.eqLiab.liab"
                     xlink:to="de-gaap-ci_bs.eqLiab.liab.shareholders"
                     order="6"
                     xlink:arcrole="http://xbrl.org/int/dim/arcrole/domain-member"
                     xlink:type="arc"/>
      <definitionArc xlink:from="de-gaap-ci_bs.eqLiab.liab"
                     xlink:to="de-bra_bs.eqLiab.liab.promotionalLoans"
                     order="0.7"
                     xlink:arcrole="http://xbrl.org/int/dim/arcrole/domain-member"
                     xlink:type="arc"/>
      <definitionArc xlink:from="de-gaap-ci_bs.eqLiab.liab"
                     xlink:to="de-gaap-ci_bs.eqLiab.liab.conditionalRepayableDonations"
                     order="8.7"
                     xlink:arcrole="http://xbrl.org/int/dim/arcrole/domain-member"
                     xlink:type="arc"/>
      <definitionArc xlink:from="de-gaap-ci_bs.eqLiab.liab"
                     xlink:to="de-gaap-ci_bs.eqLiab.liab.advPaym"
                     order="3"
                     xlink:arcrole="http://xbrl.org/int/dim/arcrole/domain-member"
                     xlink:type="arc"/>
      <definitionArc xlink:from="de-gaap-ci_bs.eqLiab.liab"
                     xlink:to="de-gaap-ci_bs.eqLiab.liab.bank"
                     order="2"
                     xlink:arcrole="http://xbrl.org/int/dim/arcrole/domain-member"
                     xlink:type="arc"/>
      <definitionArc xlink:from="de-gaap-ci_bs.eqLiab.liab"
                     xlink:to="de-gaap-ci_bs.eqLiab.liab.notes"
                     order="5"
                     xlink:arcrole="http://xbrl.org/int/dim/arcrole/domain-member"
                     xlink:type="arc"/>
      <definitionArc xlink:from="de-gaap-ci_bs.eqLiab.liab"
                     xlink:to="de-gaap-ci_bs.eqLiab.liab.otherDebtInstruments"
                     order="1.5"
                     xlink:arcrole="http://xbrl.org/int/dim/arcrole/domain-member"
                     xlink:type="arc"/>
      <definitionArc xlink:from="de-gaap-ci_bs.eqLiab.liab"
                     xlink:to="de-bra_bs.eqLiab.liab.pocketMoneyAccount"
                     order="10.5"
                     xlink:arcrole="http://xbrl.org/int/dim/arcrole/domain-member"
                     xlink:type="arc"/>
      <definitionArc xlink:from="de-gaap-ci_bs.eqLiab.liab"
                     xlink:to="de-gaap-ci_bs.eqLiab.liab.statutoryBenefits"
                     order="8.8"
                     xlink:arcrole="http://xbrl.org/int/dim/arcrole/domain-member"
                     xlink:type="arc"/>
      <definitionArc xlink:from="de-gaap-ci_bs.eqLiab.liab"
                     xlink:to="de-gaap-ci_bs.eqLiab.liab.securities"
                     order="1"
                     xlink:arcrole="http://xbrl.org/int/dim/arcrole/domain-member"
                     xlink:type="arc"/>
      <definitionArc xlink:from="de-gaap-ci_bs.eqLiab.liab"
                     xlink:to="de-bra_bs.eqLiab.liab.shareholdersKHBV"
                     order="6.5"
                     xlink:arcrole="http://xbrl.org/int/dim/arcrole/domain-member"
                     xlink:type="arc"/>
      <definitionArc xlink:from="de-gaap-ci_bs.eqLiab.liab"
                     xlink:to="de-gaap-ci_bs.eqLiab.liab.trade"
                     order="4"
                     xlink:arcrole="http://xbrl.org/int/dim/arcrole/domain-member"
                     xlink:type="arc"/>
      <definitionArc xlink:from="de-gaap-ci_bs.eqLiab.liab"
                     xlink:to="de-gaap-ci_bs.eqLiab.liab.particip"
                     order="8"
                     xlink:arcrole="http://xbrl.org/int/dim/arcrole/domain-member"
                     xlink:type="arc"/>
      <definitionArc xlink:from="de-gaap-ci_bs.eqLiab.liab"
                     xlink:to="de-bra_bs.eqLiab.liab.municipality"
                     order="5.5"
                     xlink:arcrole="http://xbrl.org/int/dim/arcrole/domain-member"
                     xlink:type="arc"/>
      <definitionArc xlink:from="de-gaap-ci_bs.eqLiab.liab"
                     xlink:to="de-gaap-ci_bs.eqLiab.liab.other"
                     order="9"
                     xlink:arcrole="http://xbrl.org/int/dim/arcrole/domain-member"
                     xlink:type="arc"/>
      <definitionArc xlink:from="de-gaap-ci_bs.eqLiab.liab"
                     xlink:to="de-bra_bs.eqLiab.liab.institutionalOwners"
                     order="5.2"
                     xlink:arcrole="http://xbrl.org/int/dim/arcrole/domain-member"
                     xlink:type="arc"/>
      <definitionArc xlink:from="de-gaap-ci_bs.eqLiab.liab" xlink:to="de-bra_bs.eqLiab.liab.savings"
                     order="2.7"
                     xlink:arcrole="http://xbrl.org/int/dim/arcrole/domain-member"
                     xlink:type="arc"/>
      <definitionArc xlink:from="de-gaap-ci_bs.eqLiab.liab"
                     xlink:to="de-bra_bs.eqLiab.liab.krankenhausfinanzierungsrecht"
                     order="6.6"
                     xlink:arcrole="http://xbrl.org/int/dim/arcrole/domain-member"
                     xlink:type="arc"/>
      <definitionArc xlink:from="de-gaap-ci_bs.eqLiab.liab"
                     xlink:to="de-bra_bs.eqLiab.liab.savingBonds"
                     order="2.8"
                     xlink:arcrole="http://xbrl.org/int/dim/arcrole/domain-member"
                     xlink:type="arc"/>
      <definitionArc xlink:from="de-gaap-ci_bs.eqLiab.liab"
                     xlink:to="de-bra_bs.eqLiab.liab.otherCreditors"
                     order="2.6"
                     xlink:arcrole="http://xbrl.org/int/dim/arcrole/domain-member"
                     xlink:type="arc"/>
      <definitionArc xlink:from="de-gaap-ci_bs.eqLiab.liab"
                     xlink:to="de-bra_bs.eqLiab.liab.governmentSubsidies"
                     order="8.55"
                     xlink:arcrole="http://xbrl.org/int/dim/arcrole/domain-member"
                     xlink:type="arc"/>
      <definitionArc xlink:from="de-gaap-ci_bs.eqLiab.liab" xlink:to="de-bra_bs.eqLiab.liab.grants"
                     order="2.3"
                     xlink:arcrole="http://xbrl.org/int/dim/arcrole/domain-member"
                     xlink:type="arc"/>
      <definitionArc xlink:from="de-gaap-ci_bs.eqLiab.liab"
                     xlink:to="de-gaap-ci_bs.eqLiab.liab.regulatory"
                     order="4.5"
                     xlink:arcrole="http://xbrl.org/int/dim/arcrole/domain-member"
                     xlink:type="arc"/>
      <definitionArc xlink:from="de-gaap-ci_bs.eqLiab.liab"
                     xlink:to="de-gaap-ci_bs.eqLiab.liab.assocComp"
                     order="7"
                     xlink:arcrole="http://xbrl.org/int/dim/arcrole/domain-member"
                     xlink:type="arc"/>
      <definitionArc xlink:from="de-gaap-ci_bs.eqLiab.liab"
                     xlink:to="de-bra_bs.eqLiab.liab.privateGrants"
                     order="8.6"
                     xlink:arcrole="http://xbrl.org/int/dim/arcrole/domain-member"
                     xlink:type="arc"/>
      <definitionArc xlink:from="de-gaap-ci_bs.eqLiab.liab"
                     xlink:to="de-bra_bs.eqLiab.liab.fixAssFinancingSubsidies"
                     order="6.7"
                     xlink:arcrole="http://xbrl.org/int/dim/arcrole/domain-member"
                     xlink:type="arc"/>
   </definitionLink>
</linkbase>