<?xml version="1.0" encoding="utf-8"?>
<!--(c) XBRL Deutschland e.V. - see http://www.xbrl.de-->


<linkbase xmlns="http://www.xbrl.org/2003/linkbase"
          xmlns:de-bra="http://www.xbrl.de/de/bra/2010-12-23"
          xmlns:hgbref="http://www.xbrl.de/taxonomies/de-ref-2010-02-19"
          xmlns:ref="http://www.xbrl.org/2006/ref"
          xmlns:xlink="http://www.w3.org/1999/xlink"
          xmlns:xsi="http://www.w3.org/2001/XMLSchema-instance"
          xsi:schemaLocation="http://www.xbrl.org/2006/ref http://www.xbrl.org/2006/ref-2006-02-27.xsd http://www.xbrl.de/taxonomies/de-ref-2010-02-19 ../de-gcd-2018-04-01/hgbref-2018-04-01.xsd">
   <referenceLink xmlns:xbrli="http://www.xbrl.org/2003/instance"
                  xmlns:de-bra="http://www.xbrl.de/taxonomies/de-bra-2018-04-01"
                  xlink:type="extended"
                  xlink:role="http://www.xbrl.org/2003/role/link">
      <loc xlink:type="locator"
           xlink:href="../de-gaap-ci-2018-04-01/de-gaap-ci-2018-04-01.xsd#de-gaap-ci_bs.eqLiab.equity.revenueRes.legal.profitPresentYear"
           xlink:label="de-gaap-ci_bs.eqLiab.equity.revenueRes.legal.profitPresentYear"/>
      <referenceArc xlink:from="de-gaap-ci_bs.eqLiab.equity.revenueRes.legal.profitPresentYear"
                    xlink:to="reference_de-gaap-ci_bs.eqLiab.equity.revenueRes.legal.profitPresentYear_1"
                    xlink:arcrole="http://www.xbrl.org/2003/arcrole/concept-reference"
                    xlink:type="arc"/>
      <reference xlink:type="resource"
                 xlink:label="reference_de-gaap-ci_bs.eqLiab.equity.revenueRes.legal.profitPresentYear_1"
                 xlink:role="http://www.xbrl.org/2003/role/reference"
                 id="reference_de-gaap-ci_bs.eqLiab.equity.revenueRes.legal.profitPresentYear_1">
         <ref:Name>BMEL-Jahresabschluss, Anlage 1-7; KapG</ref:Name>
         <ref:Subparagraph>III 1</ref:Subparagraph>
         <ref:Paragraph>Code 1412</ref:Paragraph>
      </reference>
      <loc xlink:type="locator"
           xlink:href="../de-gaap-ci-2018-04-01/de-gaap-ci-2018-04-01.xsd#de-gaap-ci_bs.eqLiab.equity.revenueRes.legal.forPresentYear"
           xlink:label="de-gaap-ci_bs.eqLiab.equity.revenueRes.legal.forPresentYear"/>
      <referenceArc xlink:from="de-gaap-ci_bs.eqLiab.equity.revenueRes.legal.forPresentYear"
                    xlink:to="reference_de-gaap-ci_bs.eqLiab.equity.revenueRes.legal.forPresentYear_1"
                    xlink:arcrole="http://www.xbrl.org/2003/arcrole/concept-reference"
                    xlink:type="arc"/>
      <reference xlink:type="resource"
                 xlink:label="reference_de-gaap-ci_bs.eqLiab.equity.revenueRes.legal.forPresentYear_1"
                 xlink:role="http://www.xbrl.org/2003/role/reference"
                 id="reference_de-gaap-ci_bs.eqLiab.equity.revenueRes.legal.forPresentYear_1">
         <ref:Name>BMEL-Jahresabschluss, Anlage 1-7; KapG</ref:Name>
         <ref:Paragraph>Code 1413</ref:Paragraph>
         <ref:Subparagraph>III 1</ref:Subparagraph>
      </reference>
   </referenceLink>
</linkbase>