<?xml version="1.0" encoding="utf-8"?>
<!--(c) XBRL Deutschland e.V. - see http://www.xbrl.de-->


<linkbase xmlns="http://www.xbrl.org/2003/linkbase"
          xmlns:hgbref="http://www.xbrl.de/taxonomies/de-ref-2010-02-19"
          xmlns:ref="http://www.xbrl.org/2006/ref"
          xmlns:xbrli="http://www.xbrl.org/2003/instance"
          xmlns:xlink="http://www.w3.org/1999/xlink"
          xmlns:xsi="http://www.w3.org/2001/XMLSchema-instance"
          xsi:schemaLocation="http://www.xbrl.org/2006/ref http://www.xbrl.org/2006/ref-2006-02-27.xsd http://www.xbrl.de/taxonomies/de-ref-2010-02-19 hgbref-2018-04-01.xsd">
   <referenceLink xlink:type="extended" xlink:role="http://www.xbrl.org/2003/role/link">
      <loc xlink:type="locator"
           xlink:href="de-gcd-2018-04-01.xsd#de-gcd_genInfo.report.id.reportType.reportType.JA"
           xlink:label="de-gcd_genInfo.report.id.reportType.reportType.JA"/>
      <referenceArc xlink:from="de-gcd_genInfo.report.id.reportType.reportType.JA"
                    xlink:to="reference_de-gcd_genInfo.report.id.reportType.reportType.JA_2"
                    xlink:arcrole="http://www.xbrl.org/2003/arcrole/concept-reference"
                    xlink:type="arc"/>
      <reference xlink:type="resource"
                 xlink:label="reference_de-gcd_genInfo.report.id.reportType.reportType.JA_2"
                 xlink:role="http://www.xbrl.org/2003/role/reference"
                 id="reference_de-gcd_genInfo.report.id.reportType.reportType.JA_2">
         <ref:Name>HGB</ref:Name>
         <ref:Paragraph>242</ref:Paragraph>
      </reference>
      <referenceArc xlink:from="de-gcd_genInfo.report.id.reportType.reportType.JA"
                    xlink:to="reference_de-gcd_genInfo.report.id.reportType.reportType.JA_3"
                    xlink:arcrole="http://www.xbrl.org/2003/arcrole/concept-reference"
                    xlink:type="arc"/>
      <reference xlink:type="resource"
                 xlink:label="reference_de-gcd_genInfo.report.id.reportType.reportType.JA_3"
                 xlink:role="http://www.xbrl.org/2003/role/reference"
                 id="reference_de-gcd_genInfo.report.id.reportType.reportType.JA_3">
         <ref:Name>HGB</ref:Name>
         <ref:Paragraph>340a</ref:Paragraph>
      </reference>
      <referenceArc xlink:from="de-gcd_genInfo.report.id.reportType.reportType.JA"
                    xlink:to="reference_de-gcd_genInfo.report.id.reportType.reportType.JA_4"
                    xlink:arcrole="http://www.xbrl.org/2003/arcrole/concept-reference"
                    xlink:type="arc"/>
      <reference xlink:type="resource"
                 xlink:label="reference_de-gcd_genInfo.report.id.reportType.reportType.JA_4"
                 xlink:role="http://www.xbrl.org/2003/role/reference"
                 id="reference_de-gcd_genInfo.report.id.reportType.reportType.JA_4">
         <ref:Name>HGB</ref:Name>
         <ref:Paragraph>264a</ref:Paragraph>
      </reference>
      <referenceArc xlink:from="de-gcd_genInfo.report.id.reportType.reportType.JA"
                    xlink:to="reference_de-gcd_genInfo.report.id.reportType.reportType.JA_5"
                    xlink:arcrole="http://www.xbrl.org/2003/arcrole/concept-reference"
                    xlink:type="arc"/>
      <reference xlink:type="resource"
                 xlink:label="reference_de-gcd_genInfo.report.id.reportType.reportType.JA_5"
                 xlink:role="http://www.xbrl.org/2003/role/reference"
                 id="reference_de-gcd_genInfo.report.id.reportType.reportType.JA_5">
         <ref:Name>HGB</ref:Name>
         <ref:Paragraph>341a</ref:Paragraph>
      </reference>
      <referenceArc xlink:from="de-gcd_genInfo.report.id.reportType.reportType.JA"
                    xlink:to="reference_de-gcd_genInfo.report.id.reportType.reportType.JA_6"
                    xlink:arcrole="http://www.xbrl.org/2003/arcrole/concept-reference"
                    xlink:type="arc"/>
      <reference xlink:type="resource"
                 xlink:label="reference_de-gcd_genInfo.report.id.reportType.reportType.JA_6"
                 xlink:role="http://www.xbrl.org/2003/role/reference"
                 id="reference_de-gcd_genInfo.report.id.reportType.reportType.JA_6">
         <ref:Name>HGB</ref:Name>
         <ref:Paragraph>264</ref:Paragraph>
      </reference>
      <referenceArc xlink:from="de-gcd_genInfo.report.id.reportType.reportType.JA"
                    xlink:to="reference_de-gcd_genInfo.report.id.reportType.reportType.JA_7"
                    xlink:arcrole="http://www.xbrl.org/2003/arcrole/concept-reference"
                    xlink:type="arc"/>
      <reference xlink:type="resource"
                 xlink:label="reference_de-gcd_genInfo.report.id.reportType.reportType.JA_7"
                 xlink:role="http://www.xbrl.org/2003/role/reference"
                 id="reference_de-gcd_genInfo.report.id.reportType.reportType.JA_7">
         <ref:Name>HGB</ref:Name>
         <ref:Paragraph>336</ref:Paragraph>
      </reference>
      <loc xlink:type="locator"
           xlink:href="de-gcd-2018-04-01.xsd#de-gcd_genInfo.report.id.reportElement.reportElements.NA"
           xlink:label="de-gcd_genInfo.report.id.reportElement.reportElements.NA"/>
      <referenceArc xlink:from="de-gcd_genInfo.report.id.reportElement.reportElements.NA"
                    xlink:to="reference_de-gcd_genInfo.report.id.reportElement.reportElements.NA_1"
                    xlink:arcrole="http://www.xbrl.org/2003/arcrole/concept-reference"
                    xlink:type="arc"/>
      <reference xlink:type="resource"
                 xlink:label="reference_de-gcd_genInfo.report.id.reportElement.reportElements.NA_1"
                 xlink:role="http://www.xbrl.org/2003/role/reference"
                 id="reference_de-gcd_genInfo.report.id.reportElement.reportElements.NA_1">
         <hgbref:ValidThrough>2017-12-30</hgbref:ValidThrough>
      </reference>
      <loc xlink:type="locator"
           xlink:href="de-gcd-2018-04-01.xsd#de-gcd_genInfo.report.id.reportElement.allocation.ntAss"
           xlink:label="de-gcd_genInfo.report.id.reportElement.allocation.ntAss"/>
      <referenceArc xlink:from="de-gcd_genInfo.report.id.reportElement.allocation.ntAss"
                    xlink:to="reference_de-gcd_genInfo.report.id.reportElement.allocation.ntAss_1"
                    xlink:arcrole="http://www.xbrl.org/2003/arcrole/concept-reference"
                    xlink:type="arc"/>
      <reference xlink:type="resource"
                 xlink:label="reference_de-gcd_genInfo.report.id.reportElement.allocation.ntAss_1"
                 xlink:role="http://www.xbrl.org/2003/role/reference"
                 id="reference_de-gcd_genInfo.report.id.reportElement.allocation.ntAss_1">
         <hgbref:ValidThrough>2016-12-30</hgbref:ValidThrough>
      </reference>
      <loc xlink:type="locator"
           xlink:href="de-gcd-2018-04-01.xsd#de-gcd_genInfo.report.id.reportElement.allocation.reportElementsLayout.AB"
           xlink:label="de-gcd_genInfo.report.id.reportElement.allocation.reportElementsLayout.AB"/>
      <referenceArc xlink:from="de-gcd_genInfo.report.id.reportElement.allocation.reportElementsLayout.AB"
                    xlink:to="reference_de-gcd_genInfo.report.id.reportElement.allocation.reportElementsLayout.AB_1"
                    xlink:arcrole="http://www.xbrl.org/2003/arcrole/concept-reference"
                    xlink:type="arc"/>
      <reference xlink:type="resource"
                 xlink:label="reference_de-gcd_genInfo.report.id.reportElement.allocation.reportElementsLayout.AB_1"
                 xlink:role="http://www.xbrl.org/2003/role/reference"
                 id="reference_de-gcd_genInfo.report.id.reportElement.allocation.reportElementsLayout.AB_1">
         <hgbref:ValidThrough>2016-12-30</hgbref:ValidThrough>
      </reference>
      <loc xlink:type="locator"
           xlink:href="de-gcd-2018-04-01.xsd#de-gcd_genInfo.report.id.reportElement.allocation.reportElementsLayout.AA"
           xlink:label="de-gcd_genInfo.report.id.reportElement.allocation.reportElementsLayout.AA"/>
      <referenceArc xlink:from="de-gcd_genInfo.report.id.reportElement.allocation.reportElementsLayout.AA"
                    xlink:to="reference_de-gcd_genInfo.report.id.reportElement.allocation.reportElementsLayout.AA_1"
                    xlink:arcrole="http://www.xbrl.org/2003/arcrole/concept-reference"
                    xlink:type="arc"/>
      <reference xlink:type="resource"
                 xlink:label="reference_de-gcd_genInfo.report.id.reportElement.allocation.reportElementsLayout.AA_1"
                 xlink:role="http://www.xbrl.org/2003/role/reference"
                 id="reference_de-gcd_genInfo.report.id.reportElement.allocation.reportElementsLayout.AA_1">
         <hgbref:ValidThrough>2016-12-30</hgbref:ValidThrough>
      </reference>
      <loc xlink:type="locator"
           xlink:href="de-gcd-2018-04-01.xsd#de-gcd_genInfo.report.id.reportElement.allocation.genInfo"
           xlink:label="de-gcd_genInfo.report.id.reportElement.allocation.genInfo"/>
      <referenceArc xlink:from="de-gcd_genInfo.report.id.reportElement.allocation.genInfo"
                    xlink:to="reference_de-gcd_genInfo.report.id.reportElement.allocation.genInfo_2"
                    xlink:arcrole="http://www.xbrl.org/2003/arcrole/concept-reference"
                    xlink:type="arc"/>
      <reference xlink:type="resource"
                 xlink:label="reference_de-gcd_genInfo.report.id.reportElement.allocation.genInfo_2"
                 xlink:role="http://www.xbrl.org/2003/role/reference"
                 id="reference_de-gcd_genInfo.report.id.reportElement.allocation.genInfo_2">
         <ref:Name>HGB</ref:Name>
         <ref:Paragraph>264</ref:Paragraph>
         <ref:Subparagraph>1a</ref:Subparagraph>
      </reference>
      <loc xlink:type="locator"
           xlink:href="de-gcd-2018-04-01.xsd#de-gcd_genInfo.report.id.reportElement.allocation.genInfo.toBalance"
           xlink:label="de-gcd_genInfo.report.id.reportElement.allocation.genInfo.toBalance"/>
      <referenceArc xlink:from="de-gcd_genInfo.report.id.reportElement.allocation.genInfo.toBalance"
                    xlink:to="reference_de-gcd_genInfo.report.id.reportElement.allocation.genInfo.toBalance_1"
                    xlink:arcrole="http://www.xbrl.org/2003/arcrole/concept-reference"
                    xlink:type="arc"/>
      <reference xlink:type="resource"
                 xlink:label="reference_de-gcd_genInfo.report.id.reportElement.allocation.genInfo.toBalance_1"
                 xlink:role="http://www.xbrl.org/2003/role/reference"
                 id="reference_de-gcd_genInfo.report.id.reportElement.allocation.genInfo.toBalance_1">
         <ref:Name>HGB</ref:Name>
         <ref:Paragraph>264</ref:Paragraph>
         <ref:Subparagraph>1a</ref:Subparagraph>
      </reference>
      <loc xlink:type="locator"
           xlink:href="de-gcd-2018-04-01.xsd#de-gcd_genInfo.report.id.reportElement.allocation.genInfo.inNotes"
           xlink:label="de-gcd_genInfo.report.id.reportElement.allocation.genInfo.inNotes"/>
      <referenceArc xlink:from="de-gcd_genInfo.report.id.reportElement.allocation.genInfo.inNotes"
                    xlink:to="reference_de-gcd_genInfo.report.id.reportElement.allocation.genInfo.inNotes_2"
                    xlink:arcrole="http://www.xbrl.org/2003/arcrole/concept-reference"
                    xlink:type="arc"/>
      <reference xlink:type="resource"
                 xlink:label="reference_de-gcd_genInfo.report.id.reportElement.allocation.genInfo.inNotes_2"
                 xlink:role="http://www.xbrl.org/2003/role/reference"
                 id="reference_de-gcd_genInfo.report.id.reportElement.allocation.genInfo.inNotes_2">
         <ref:Name>HGB</ref:Name>
         <ref:Paragraph>264</ref:Paragraph>
         <ref:Subparagraph>1a</ref:Subparagraph>
      </reference>
      <loc xlink:type="locator"
           xlink:href="de-gcd-2018-04-01.xsd#de-gcd_genInfo.report.id.reportElement.allocation.genInfo.OtherPlace"
           xlink:label="de-gcd_genInfo.report.id.reportElement.allocation.genInfo.OtherPlace"/>
      <referenceArc xlink:from="de-gcd_genInfo.report.id.reportElement.allocation.genInfo.OtherPlace"
                    xlink:to="reference_de-gcd_genInfo.report.id.reportElement.allocation.genInfo.OtherPlace_1"
                    xlink:arcrole="http://www.xbrl.org/2003/arcrole/concept-reference"
                    xlink:type="arc"/>
      <reference xlink:type="resource"
                 xlink:label="reference_de-gcd_genInfo.report.id.reportElement.allocation.genInfo.OtherPlace_1"
                 xlink:role="http://www.xbrl.org/2003/role/reference"
                 id="reference_de-gcd_genInfo.report.id.reportElement.allocation.genInfo.OtherPlace_1">
         <ref:Name>HGB</ref:Name>
         <ref:Paragraph>264</ref:Paragraph>
         <ref:Subparagraph>1a</ref:Subparagraph>
      </reference>
      <loc xlink:type="locator"
           xlink:href="de-gcd-2018-04-01.xsd#de-gcd_genInfo.report.id.statementType.statementType.E"
           xlink:label="de-gcd_genInfo.report.id.statementType.statementType.E"/>
      <referenceArc xlink:from="de-gcd_genInfo.report.id.statementType.statementType.E"
                    xlink:to="reference_de-gcd_genInfo.report.id.statementType.statementType.E_1"
                    xlink:arcrole="http://www.xbrl.org/2003/arcrole/concept-reference"
                    xlink:type="arc"/>
      <reference xlink:type="resource"
                 xlink:label="reference_de-gcd_genInfo.report.id.statementType.statementType.E_1"
                 xlink:role="http://www.xbrl.org/2003/role/reference"
                 id="reference_de-gcd_genInfo.report.id.statementType.statementType.E_1">
         <ref:Name>HGB</ref:Name>
         <ref:Paragraph>242</ref:Paragraph>
      </reference>
      <referenceArc xlink:from="de-gcd_genInfo.report.id.statementType.statementType.E"
                    xlink:to="reference_de-gcd_genInfo.report.id.statementType.statementType.E_2"
                    xlink:arcrole="http://www.xbrl.org/2003/arcrole/concept-reference"
                    xlink:type="arc"/>
      <reference xlink:type="resource"
                 xlink:label="reference_de-gcd_genInfo.report.id.statementType.statementType.E_2"
                 xlink:role="http://www.xbrl.org/2003/role/reference"
                 id="reference_de-gcd_genInfo.report.id.statementType.statementType.E_2">
         <ref:Name>HGB</ref:Name>
         <ref:Paragraph>336</ref:Paragraph>
      </reference>
      <referenceArc xlink:from="de-gcd_genInfo.report.id.statementType.statementType.E"
                    xlink:to="reference_de-gcd_genInfo.report.id.statementType.statementType.E_3"
                    xlink:arcrole="http://www.xbrl.org/2003/arcrole/concept-reference"
                    xlink:type="arc"/>
      <reference xlink:type="resource"
                 xlink:label="reference_de-gcd_genInfo.report.id.statementType.statementType.E_3"
                 xlink:role="http://www.xbrl.org/2003/role/reference"
                 id="reference_de-gcd_genInfo.report.id.statementType.statementType.E_3">
         <ref:Name>HGB</ref:Name>
         <ref:Paragraph>264a</ref:Paragraph>
      </reference>
      <referenceArc xlink:from="de-gcd_genInfo.report.id.statementType.statementType.E"
                    xlink:to="reference_de-gcd_genInfo.report.id.statementType.statementType.E_4"
                    xlink:arcrole="http://www.xbrl.org/2003/arcrole/concept-reference"
                    xlink:type="arc"/>
      <reference xlink:type="resource"
                 xlink:label="reference_de-gcd_genInfo.report.id.statementType.statementType.E_4"
                 xlink:role="http://www.xbrl.org/2003/role/reference"
                 id="reference_de-gcd_genInfo.report.id.statementType.statementType.E_4">
         <ref:Name>HGB</ref:Name>
         <ref:Paragraph>340a</ref:Paragraph>
      </reference>
      <referenceArc xlink:from="de-gcd_genInfo.report.id.statementType.statementType.E"
                    xlink:to="reference_de-gcd_genInfo.report.id.statementType.statementType.E_6"
                    xlink:arcrole="http://www.xbrl.org/2003/arcrole/concept-reference"
                    xlink:type="arc"/>
      <reference xlink:type="resource"
                 xlink:label="reference_de-gcd_genInfo.report.id.statementType.statementType.E_6"
                 xlink:role="http://www.xbrl.org/2003/role/reference"
                 id="reference_de-gcd_genInfo.report.id.statementType.statementType.E_6">
         <ref:Name>HGB</ref:Name>
         <ref:Paragraph>264</ref:Paragraph>
      </reference>
      <referenceArc xlink:from="de-gcd_genInfo.report.id.statementType.statementType.E"
                    xlink:to="reference_de-gcd_genInfo.report.id.statementType.statementType.E_7"
                    xlink:arcrole="http://www.xbrl.org/2003/arcrole/concept-reference"
                    xlink:type="arc"/>
      <reference xlink:type="resource"
                 xlink:label="reference_de-gcd_genInfo.report.id.statementType.statementType.E_7"
                 xlink:role="http://www.xbrl.org/2003/role/reference"
                 id="reference_de-gcd_genInfo.report.id.statementType.statementType.E_7">
         <ref:Name>HGB</ref:Name>
         <ref:Paragraph>341a</ref:Paragraph>
      </reference>
      <loc xlink:type="locator"
           xlink:href="de-gcd-2018-04-01.xsd#de-gcd_genInfo.report.id.statementType.statementType.EB"
           xlink:label="de-gcd_genInfo.report.id.statementType.statementType.EB"/>
      <referenceArc xlink:from="de-gcd_genInfo.report.id.statementType.statementType.EB"
                    xlink:to="reference_de-gcd_genInfo.report.id.statementType.statementType.EB_1"
                    xlink:arcrole="http://www.xbrl.org/2003/arcrole/concept-reference"
                    xlink:type="arc"/>
      <reference xlink:type="resource"
                 xlink:label="reference_de-gcd_genInfo.report.id.statementType.statementType.EB_1"
                 xlink:role="http://www.xbrl.org/2003/role/reference"
                 id="reference_de-gcd_genInfo.report.id.statementType.statementType.EB_1">
         <ref:Name>EStDV</ref:Name>
         <ref:Paragraph>60</ref:Paragraph>
         <ref:Clause>1</ref:Clause>
         <ref:Subparagraph>1</ref:Subparagraph>
      </reference>
      <referenceArc xlink:from="de-gcd_genInfo.report.id.statementType.statementType.EB"
                    xlink:to="reference_de-gcd_genInfo.report.id.statementType.statementType.EB_3"
                    xlink:arcrole="http://www.xbrl.org/2003/arcrole/concept-reference"
                    xlink:type="arc"/>
      <reference xlink:type="resource"
                 xlink:label="reference_de-gcd_genInfo.report.id.statementType.statementType.EB_3"
                 xlink:role="http://www.xbrl.org/2003/role/reference"
                 id="reference_de-gcd_genInfo.report.id.statementType.statementType.EB_3">
         <ref:Name>HGB</ref:Name>
         <ref:Paragraph>242</ref:Paragraph>
         <ref:Subparagraph>1</ref:Subparagraph>
      </reference>
      <loc xlink:type="locator"
           xlink:href="de-gcd-2018-04-01.xsd#de-gcd_genInfo.report.id.statementType.statementType.LAB"
           xlink:label="de-gcd_genInfo.report.id.statementType.statementType.LAB"/>
      <referenceArc xlink:from="de-gcd_genInfo.report.id.statementType.statementType.LAB"
                    xlink:to="reference_de-gcd_genInfo.report.id.statementType.statementType.LAB_2"
                    xlink:arcrole="http://www.xbrl.org/2003/arcrole/concept-reference"
                    xlink:type="arc"/>
      <reference xlink:type="resource"
                 xlink:label="reference_de-gcd_genInfo.report.id.statementType.statementType.LAB_2"
                 xlink:role="http://www.xbrl.org/2003/role/reference"
                 id="reference_de-gcd_genInfo.report.id.statementType.statementType.LAB_2">
         <ref:Name>KStG</ref:Name>
         <ref:Paragraph>11</ref:Paragraph>
         <ref:Subparagraph>4</ref:Subparagraph>
      </reference>
      <loc xlink:type="locator"
           xlink:href="de-gcd-2018-04-01.xsd#de-gcd_genInfo.report.id.statementType.statementType.LEB"
           xlink:label="de-gcd_genInfo.report.id.statementType.statementType.LEB"/>
      <referenceArc xlink:from="de-gcd_genInfo.report.id.statementType.statementType.LEB"
                    xlink:to="reference_de-gcd_genInfo.report.id.statementType.statementType.LEB_2"
                    xlink:arcrole="http://www.xbrl.org/2003/arcrole/concept-reference"
                    xlink:type="arc"/>
      <reference xlink:type="resource"
                 xlink:label="reference_de-gcd_genInfo.report.id.statementType.statementType.LEB_2"
                 xlink:role="http://www.xbrl.org/2003/role/reference"
                 id="reference_de-gcd_genInfo.report.id.statementType.statementType.LEB_2">
         <ref:Name>AktG</ref:Name>
         <ref:Paragraph>270</ref:Paragraph>
         <ref:Subparagraph>1</ref:Subparagraph>
      </reference>
      <referenceArc xlink:from="de-gcd_genInfo.report.id.statementType.statementType.LEB"
                    xlink:to="reference_de-gcd_genInfo.report.id.statementType.statementType.LEB_3"
                    xlink:arcrole="http://www.xbrl.org/2003/arcrole/concept-reference"
                    xlink:type="arc"/>
      <reference xlink:type="resource"
                 xlink:label="reference_de-gcd_genInfo.report.id.statementType.statementType.LEB_3"
                 xlink:role="http://www.xbrl.org/2003/role/reference"
                 id="reference_de-gcd_genInfo.report.id.statementType.statementType.LEB_3">
         <ref:Name>GmbHG</ref:Name>
         <ref:Paragraph>71</ref:Paragraph>
         <ref:Subparagraph>1</ref:Subparagraph>
      </reference>
      <loc xlink:type="locator"
           xlink:href="de-gcd-2018-04-01.xsd#de-gcd_genInfo.report.id.statementType.statementType.LZB"
           xlink:label="de-gcd_genInfo.report.id.statementType.statementType.LZB"/>
      <referenceArc xlink:from="de-gcd_genInfo.report.id.statementType.statementType.LZB"
                    xlink:to="reference_de-gcd_genInfo.report.id.statementType.statementType.LZB_2"
                    xlink:arcrole="http://www.xbrl.org/2003/arcrole/concept-reference"
                    xlink:type="arc"/>
      <reference xlink:type="resource"
                 xlink:label="reference_de-gcd_genInfo.report.id.statementType.statementType.LZB_2"
                 xlink:role="http://www.xbrl.org/2003/role/reference"
                 id="reference_de-gcd_genInfo.report.id.statementType.statementType.LZB_2">
         <ref:Name>KStG</ref:Name>
         <ref:Paragraph>11</ref:Paragraph>
         <ref:Subparagraph>1</ref:Subparagraph>
      </reference>
      <loc xlink:type="locator"
           xlink:href="de-gcd-2018-04-01.xsd#de-gcd_genInfo.report.id.statementType.statementType.LSB"
           xlink:label="de-gcd_genInfo.report.id.statementType.statementType.LSB"/>
      <referenceArc xlink:from="de-gcd_genInfo.report.id.statementType.statementType.LSB"
                    xlink:to="reference_de-gcd_genInfo.report.id.statementType.statementType.LSB_1"
                    xlink:arcrole="http://www.xbrl.org/2003/arcrole/concept-reference"
                    xlink:type="arc"/>
      <reference xlink:type="resource"
                 xlink:label="reference_de-gcd_genInfo.report.id.statementType.statementType.LSB_1"
                 xlink:role="http://www.xbrl.org/2003/role/reference"
                 id="reference_de-gcd_genInfo.report.id.statementType.statementType.LSB_1">
         <ref:Name>KStG</ref:Name>
         <ref:Paragraph>11</ref:Paragraph>
         <ref:Subparagraph>3</ref:Subparagraph>
      </reference>
      <loc xlink:type="locator"
           xlink:href="de-gcd-2018-04-01.xsd#de-gcd_genInfo.report.id.statementType.statementType.AB"
           xlink:label="de-gcd_genInfo.report.id.statementType.statementType.AB"/>
      <referenceArc xlink:from="de-gcd_genInfo.report.id.statementType.statementType.AB"
                    xlink:to="reference_de-gcd_genInfo.report.id.statementType.statementType.AB_2"
                    xlink:arcrole="http://www.xbrl.org/2003/arcrole/concept-reference"
                    xlink:type="arc"/>
      <reference xlink:type="resource"
                 xlink:label="reference_de-gcd_genInfo.report.id.statementType.statementType.AB_2"
                 xlink:role="http://www.xbrl.org/2003/role/reference"
                 id="reference_de-gcd_genInfo.report.id.statementType.statementType.AB_2">
         <ref:Name>EStG</ref:Name>
         <ref:Paragraph>16</ref:Paragraph>
         <ref:Subparagraph>2</ref:Subparagraph>
      </reference>
      <loc xlink:type="locator"
           xlink:href="de-gcd-2018-04-01.xsd#de-gcd_genInfo.company.id.legalStatus.legalStatus.SG"
           xlink:label="de-gcd_genInfo.company.id.legalStatus.legalStatus.SG"/>
      <referenceArc xlink:from="de-gcd_genInfo.company.id.legalStatus.legalStatus.SG"
                    xlink:to="reference_de-gcd_genInfo.company.id.legalStatus.legalStatus.SG_1"
                    xlink:arcrole="http://www.xbrl.org/2003/arcrole/concept-reference"
                    xlink:type="arc"/>
      <reference xlink:type="resource"
                 xlink:label="reference_de-gcd_genInfo.company.id.legalStatus.legalStatus.SG_1"
                 xlink:role="http://www.xbrl.org/2003/role/reference"
                 id="reference_de-gcd_genInfo.company.id.legalStatus.legalStatus.SG_1">
         <ref:Name>HGB a.F.</ref:Name>
         <ref:Paragraph>489</ref:Paragraph>
      </reference>
      <loc xlink:type="locator"
           xlink:href="de-gcd-2018-04-01.xsd#de-gcd_genInfo.company.id.legalStatus.legalstatus.PartGmbH"
           xlink:label="de-gcd_genInfo.company.id.legalStatus.legalstatus.PartGmbH"/>
      <referenceArc xlink:from="de-gcd_genInfo.company.id.legalStatus.legalstatus.PartGmbH"
                    xlink:to="reference_de-gcd_genInfo.company.id.legalStatus.legalstatus.PartGmbH_1"
                    xlink:arcrole="http://www.xbrl.org/2003/arcrole/concept-reference"
                    xlink:type="arc"/>
      <reference xlink:type="resource"
                 xlink:label="reference_de-gcd_genInfo.company.id.legalStatus.legalstatus.PartGmbH_1"
                 xlink:role="http://www.xbrl.org/2003/role/reference"
                 id="reference_de-gcd_genInfo.company.id.legalStatus.legalstatus.PartGmbH_1">
         <ref:Name>PartGG</ref:Name>
         <ref:Paragraph>8</ref:Paragraph>
         <ref:Subparagraph>3</ref:Subparagraph>
      </reference>
      <loc xlink:type="locator"
           xlink:href="de-gcd-2018-04-01.xsd#de-gcd_genInfo.company.id.legalStatus.formerStatus.PartGmbH"
           xlink:label="de-gcd_genInfo.company.id.legalStatus.formerStatus.PartGmbH"/>
      <referenceArc xlink:from="de-gcd_genInfo.company.id.legalStatus.formerStatus.PartGmbH"
                    xlink:to="reference_de-gcd_genInfo.company.id.legalStatus.formerStatus.PartGmbH_2"
                    xlink:arcrole="http://www.xbrl.org/2003/arcrole/concept-reference"
                    xlink:type="arc"/>
      <reference xlink:type="resource"
                 xlink:label="reference_de-gcd_genInfo.company.id.legalStatus.formerStatus.PartGmbH_2"
                 xlink:role="http://www.xbrl.org/2003/role/reference"
                 id="reference_de-gcd_genInfo.company.id.legalStatus.formerStatus.PartGmbH_2">
         <ref:Name>PartGG</ref:Name>
         <ref:Paragraph>8</ref:Paragraph>
         <ref:Subparagraph>3</ref:Subparagraph>
      </reference>
      <loc xlink:type="locator"
           xlink:href="de-gcd-2018-04-01.xsd#de-gcd_genInfo.company.id.sizeClass.sizeClass.GK"
           xlink:label="de-gcd_genInfo.company.id.sizeClass.sizeClass.GK"/>
      <referenceArc xlink:from="de-gcd_genInfo.company.id.sizeClass.sizeClass.GK"
                    xlink:to="reference_de-gcd_genInfo.company.id.sizeClass.sizeClass.GK_2"
                    xlink:arcrole="http://www.xbrl.org/2003/arcrole/concept-reference"
                    xlink:type="arc"/>
      <reference xlink:type="resource"
                 xlink:label="reference_de-gcd_genInfo.company.id.sizeClass.sizeClass.GK_2"
                 xlink:role="http://www.xbrl.org/2003/role/reference"
                 id="reference_de-gcd_genInfo.company.id.sizeClass.sizeClass.GK_2">
         <ref:Name>HGB</ref:Name>
         <ref:Paragraph>267</ref:Paragraph>
         <ref:Subparagraph>3</ref:Subparagraph>
      </reference>
      <loc xlink:type="locator"
           xlink:href="de-gcd-2018-04-01.xsd#de-gcd_genInfo.company.id.sizeClass.sizeClass.MK"
           xlink:label="de-gcd_genInfo.company.id.sizeClass.sizeClass.MK"/>
      <referenceArc xlink:from="de-gcd_genInfo.company.id.sizeClass.sizeClass.MK"
                    xlink:to="reference_de-gcd_genInfo.company.id.sizeClass.sizeClass.MK_1"
                    xlink:arcrole="http://www.xbrl.org/2003/arcrole/concept-reference"
                    xlink:type="arc"/>
      <reference xlink:type="resource"
                 xlink:label="reference_de-gcd_genInfo.company.id.sizeClass.sizeClass.MK_1"
                 xlink:role="http://www.xbrl.org/2003/role/reference"
                 id="reference_de-gcd_genInfo.company.id.sizeClass.sizeClass.MK_1">
         <ref:Name>HGB</ref:Name>
         <ref:Paragraph>267</ref:Paragraph>
         <ref:Subparagraph>2</ref:Subparagraph>
      </reference>
      <loc xlink:type="locator"
           xlink:href="de-gcd-2018-04-01.xsd#de-gcd_genInfo.company.id.sizeClass.sizeClass.KK"
           xlink:label="de-gcd_genInfo.company.id.sizeClass.sizeClass.KK"/>
      <referenceArc xlink:from="de-gcd_genInfo.company.id.sizeClass.sizeClass.KK"
                    xlink:to="reference_de-gcd_genInfo.company.id.sizeClass.sizeClass.KK_2"
                    xlink:arcrole="http://www.xbrl.org/2003/arcrole/concept-reference"
                    xlink:type="arc"/>
      <reference xlink:type="resource"
                 xlink:label="reference_de-gcd_genInfo.company.id.sizeClass.sizeClass.KK_2"
                 xlink:role="http://www.xbrl.org/2003/role/reference"
                 id="reference_de-gcd_genInfo.company.id.sizeClass.sizeClass.KK_2">
         <ref:Name>HGB</ref:Name>
         <ref:Paragraph>267</ref:Paragraph>
         <ref:Subparagraph>1</ref:Subparagraph>
      </reference>
      <loc xlink:type="locator"
           xlink:href="de-gcd-2018-04-01.xsd#de-gcd_genInfo.company.id.sizeClass.sizeClass.KstK"
           xlink:label="de-gcd_genInfo.company.id.sizeClass.sizeClass.KstK"/>
      <referenceArc xlink:from="de-gcd_genInfo.company.id.sizeClass.sizeClass.KstK"
                    xlink:to="reference_de-gcd_genInfo.company.id.sizeClass.sizeClass.KstK_1"
                    xlink:arcrole="http://www.xbrl.org/2003/arcrole/concept-reference"
                    xlink:type="arc"/>
      <reference xlink:type="resource"
                 xlink:label="reference_de-gcd_genInfo.company.id.sizeClass.sizeClass.KstK_1"
                 xlink:role="http://www.xbrl.org/2003/role/reference"
                 id="reference_de-gcd_genInfo.company.id.sizeClass.sizeClass.KstK_1">
         <ref:Name>HGB</ref:Name>
         <ref:Paragraph>267a</ref:Paragraph>
      </reference>
      <loc xlink:type="locator"
           xlink:href="de-gcd-2018-04-01.xsd#de-gcd_genInfo.company.id.sizeClass.sizeClass.PublGss1and11"
           xlink:label="de-gcd_genInfo.company.id.sizeClass.sizeClass.PublGss1and11"/>
      <referenceArc xlink:from="de-gcd_genInfo.company.id.sizeClass.sizeClass.PublGss1and11"
                    xlink:to="reference_de-gcd_genInfo.company.id.sizeClass.sizeClass.PublGss1and11_1"
                    xlink:arcrole="http://www.xbrl.org/2003/arcrole/concept-reference"
                    xlink:type="arc"/>
      <reference xlink:type="resource"
                 xlink:label="reference_de-gcd_genInfo.company.id.sizeClass.sizeClass.PublGss1and11_1"
                 xlink:role="http://www.xbrl.org/2003/role/reference"
                 id="reference_de-gcd_genInfo.company.id.sizeClass.sizeClass.PublGss1and11_1">
         <ref:Name>PublG</ref:Name>
         <ref:Paragraph>11</ref:Paragraph>
      </reference>
      <referenceArc xlink:from="de-gcd_genInfo.company.id.sizeClass.sizeClass.PublGss1and11"
                    xlink:to="reference_de-gcd_genInfo.company.id.sizeClass.sizeClass.PublGss1and11_2"
                    xlink:arcrole="http://www.xbrl.org/2003/arcrole/concept-reference"
                    xlink:type="arc"/>
      <reference xlink:type="resource"
                 xlink:label="reference_de-gcd_genInfo.company.id.sizeClass.sizeClass.PublGss1and11_2"
                 xlink:role="http://www.xbrl.org/2003/role/reference"
                 id="reference_de-gcd_genInfo.company.id.sizeClass.sizeClass.PublGss1and11_2">
         <ref:Name>PublG</ref:Name>
         <ref:Paragraph>1</ref:Paragraph>
      </reference>
      <loc xlink:type="locator"
           xlink:href="de-gcd-2018-04-01.xsd#de-gcd_genInfo.company.disclosureCriterion.merits.exemption"
           xlink:label="de-gcd_genInfo.company.disclosureCriterion.merits.exemption"/>
      <referenceArc xlink:from="de-gcd_genInfo.company.disclosureCriterion.merits.exemption"
                    xlink:to="reference_de-gcd_genInfo.company.disclosureCriterion.merits.exemption_1"
                    xlink:arcrole="http://www.xbrl.org/2003/arcrole/concept-reference"
                    xlink:type="arc"/>
      <reference xlink:type="resource"
                 xlink:label="reference_de-gcd_genInfo.company.disclosureCriterion.merits.exemption_1"
                 xlink:role="http://www.xbrl.org/2003/role/reference"
                 id="reference_de-gcd_genInfo.company.disclosureCriterion.merits.exemption_1">
         <ref:Name>PublG</ref:Name>
      </reference>
      <referenceArc xlink:from="de-gcd_genInfo.company.disclosureCriterion.merits.exemption"
                    xlink:to="reference_de-gcd_genInfo.company.disclosureCriterion.merits.exemption_2"
                    xlink:arcrole="http://www.xbrl.org/2003/arcrole/concept-reference"
                    xlink:type="arc"/>
      <reference xlink:type="resource"
                 xlink:label="reference_de-gcd_genInfo.company.disclosureCriterion.merits.exemption_2"
                 xlink:role="http://www.xbrl.org/2003/role/reference"
                 id="reference_de-gcd_genInfo.company.disclosureCriterion.merits.exemption_2">
         <ref:Name>HGB</ref:Name>
      </reference>
      <loc xlink:type="locator"
           xlink:href="de-gcd-2018-04-01.xsd#de-gcd_genInfo.company.disclosureCriterion.merits.exemption.HGBs264_3"
           xlink:label="de-gcd_genInfo.company.disclosureCriterion.merits.exemption.HGBs264_3"/>
      <referenceArc xlink:from="de-gcd_genInfo.company.disclosureCriterion.merits.exemption.HGBs264_3"
                    xlink:to="reference_de-gcd_genInfo.company.disclosureCriterion.merits.exemption.HGBs264_3_2"
                    xlink:arcrole="http://www.xbrl.org/2003/arcrole/concept-reference"
                    xlink:type="arc"/>
      <reference xlink:type="resource"
                 xlink:label="reference_de-gcd_genInfo.company.disclosureCriterion.merits.exemption.HGBs264_3_2"
                 xlink:role="http://www.xbrl.org/2003/role/reference"
                 id="reference_de-gcd_genInfo.company.disclosureCriterion.merits.exemption.HGBs264_3_2">
         <ref:Name>HGB</ref:Name>
         <ref:Paragraph>264</ref:Paragraph>
         <ref:Subparagraph>3</ref:Subparagraph>
      </reference>
      <loc xlink:type="locator"
           xlink:href="de-gcd-2018-04-01.xsd#de-gcd_genInfo.company.disclosureCriterion.merits.exemption.PublGs5_6"
           xlink:label="de-gcd_genInfo.company.disclosureCriterion.merits.exemption.PublGs5_6"/>
      <referenceArc xlink:from="de-gcd_genInfo.company.disclosureCriterion.merits.exemption.PublGs5_6"
                    xlink:to="reference_de-gcd_genInfo.company.disclosureCriterion.merits.exemption.PublGs5_6_1"
                    xlink:arcrole="http://www.xbrl.org/2003/arcrole/concept-reference"
                    xlink:type="arc"/>
      <reference xlink:type="resource"
                 xlink:label="reference_de-gcd_genInfo.company.disclosureCriterion.merits.exemption.PublGs5_6_1"
                 xlink:role="http://www.xbrl.org/2003/role/reference"
                 id="reference_de-gcd_genInfo.company.disclosureCriterion.merits.exemption.PublGs5_6_1">
         <ref:Name>PublG</ref:Name>
         <ref:Paragraph>5</ref:Paragraph>
         <ref:Subparagraph>6</ref:Subparagraph>
      </reference>
      <loc xlink:type="locator"
           xlink:href="de-gcd-2018-04-01.xsd#de-gcd_genInfo.company.disclosureCriterion.merits.exemption.HGBs264b"
           xlink:label="de-gcd_genInfo.company.disclosureCriterion.merits.exemption.HGBs264b"/>
      <referenceArc xlink:from="de-gcd_genInfo.company.disclosureCriterion.merits.exemption.HGBs264b"
                    xlink:to="reference_de-gcd_genInfo.company.disclosureCriterion.merits.exemption.HGBs264b_1"
                    xlink:arcrole="http://www.xbrl.org/2003/arcrole/concept-reference"
                    xlink:type="arc"/>
      <reference xlink:type="resource"
                 xlink:label="reference_de-gcd_genInfo.company.disclosureCriterion.merits.exemption.HGBs264b_1"
                 xlink:role="http://www.xbrl.org/2003/role/reference"
                 id="reference_de-gcd_genInfo.company.disclosureCriterion.merits.exemption.HGBs264b_1">
         <ref:Name>HGB</ref:Name>
         <ref:Paragraph>264b</ref:Paragraph>
      </reference>
      <loc xlink:type="locator"
           xlink:href="de-gcd-2018-04-01.xsd#de-gcd_genInfo.company.disclosureCriterion.merits.exemption.HGBs293"
           xlink:label="de-gcd_genInfo.company.disclosureCriterion.merits.exemption.HGBs293"/>
      <referenceArc xlink:from="de-gcd_genInfo.company.disclosureCriterion.merits.exemption.HGBs293"
                    xlink:to="reference_de-gcd_genInfo.company.disclosureCriterion.merits.exemption.HGBs293_2"
                    xlink:arcrole="http://www.xbrl.org/2003/arcrole/concept-reference"
                    xlink:type="arc"/>
      <reference xlink:type="resource"
                 xlink:label="reference_de-gcd_genInfo.company.disclosureCriterion.merits.exemption.HGBs293_2"
                 xlink:role="http://www.xbrl.org/2003/role/reference"
                 id="reference_de-gcd_genInfo.company.disclosureCriterion.merits.exemption.HGBs293_2">
         <ref:Name>HGB</ref:Name>
         <ref:Paragraph>293</ref:Paragraph>
      </reference>
      <loc xlink:type="locator"
           xlink:href="de-gcd-2018-04-01.xsd#de-gcd_genInfo.company.disclosureCriterion.merits.exemption.HGBs290_5"
           xlink:label="de-gcd_genInfo.company.disclosureCriterion.merits.exemption.HGBs290_5"/>
      <referenceArc xlink:from="de-gcd_genInfo.company.disclosureCriterion.merits.exemption.HGBs290_5"
                    xlink:to="reference_de-gcd_genInfo.company.disclosureCriterion.merits.exemption.HGBs290_5_1"
                    xlink:arcrole="http://www.xbrl.org/2003/arcrole/concept-reference"
                    xlink:type="arc"/>
      <reference xlink:type="resource"
                 xlink:label="reference_de-gcd_genInfo.company.disclosureCriterion.merits.exemption.HGBs290_5_1"
                 xlink:role="http://www.xbrl.org/2003/role/reference"
                 id="reference_de-gcd_genInfo.company.disclosureCriterion.merits.exemption.HGBs290_5_1">
         <ref:Name>HGB</ref:Name>
         <ref:Paragraph>296</ref:Paragraph>
      </reference>
      <referenceArc xlink:from="de-gcd_genInfo.company.disclosureCriterion.merits.exemption.HGBs290_5"
                    xlink:to="reference_de-gcd_genInfo.company.disclosureCriterion.merits.exemption.HGBs290_5_2"
                    xlink:arcrole="http://www.xbrl.org/2003/arcrole/concept-reference"
                    xlink:type="arc"/>
      <reference xlink:type="resource"
                 xlink:label="reference_de-gcd_genInfo.company.disclosureCriterion.merits.exemption.HGBs290_5_2"
                 xlink:role="http://www.xbrl.org/2003/role/reference"
                 id="reference_de-gcd_genInfo.company.disclosureCriterion.merits.exemption.HGBs290_5_2">
         <ref:Name>HGB</ref:Name>
         <ref:Paragraph>290</ref:Paragraph>
         <ref:Subparagraph>5</ref:Subparagraph>
      </reference>
      <loc xlink:type="locator"
           xlink:href="de-gcd-2018-04-01.xsd#de-gcd_genInfo.company.disclosureCriterion.merits.exemption.HGBs291_EU_EWR"
           xlink:label="de-gcd_genInfo.company.disclosureCriterion.merits.exemption.HGBs291_EU_EWR"/>
      <referenceArc xlink:from="de-gcd_genInfo.company.disclosureCriterion.merits.exemption.HGBs291_EU_EWR"
                    xlink:to="reference_de-gcd_genInfo.company.disclosureCriterion.merits.exemption.HGBs291_EU_EWR_1"
                    xlink:arcrole="http://www.xbrl.org/2003/arcrole/concept-reference"
                    xlink:type="arc"/>
      <reference xlink:type="resource"
                 xlink:label="reference_de-gcd_genInfo.company.disclosureCriterion.merits.exemption.HGBs291_EU_EWR_1"
                 xlink:role="http://www.xbrl.org/2003/role/reference"
                 id="reference_de-gcd_genInfo.company.disclosureCriterion.merits.exemption.HGBs291_EU_EWR_1">
         <ref:Name>HGB</ref:Name>
         <ref:Paragraph>291</ref:Paragraph>
         <ref:Subparagraph>1</ref:Subparagraph>
      </reference>
      <loc xlink:type="locator"
           xlink:href="de-gcd-2018-04-01.xsd#de-gcd_genInfo.company.disclosureCriterion.merits.exemption.HGBs315a_IFRS"
           xlink:label="de-gcd_genInfo.company.disclosureCriterion.merits.exemption.HGBs315a_IFRS"/>
      <referenceArc xlink:from="de-gcd_genInfo.company.disclosureCriterion.merits.exemption.HGBs315a_IFRS"
                    xlink:to="reference_de-gcd_genInfo.company.disclosureCriterion.merits.exemption.HGBs315a_IFRS_2"
                    xlink:arcrole="http://www.xbrl.org/2003/arcrole/concept-reference"
                    xlink:type="arc"/>
      <reference xlink:type="resource"
                 xlink:label="reference_de-gcd_genInfo.company.disclosureCriterion.merits.exemption.HGBs315a_IFRS_2"
                 xlink:role="http://www.xbrl.org/2003/role/reference"
                 id="reference_de-gcd_genInfo.company.disclosureCriterion.merits.exemption.HGBs315a_IFRS_2">
         <ref:Name>HGB</ref:Name>
         <ref:Paragraph>291</ref:Paragraph>
         <ref:Subparagraph>2</ref:Subparagraph>
      </reference>
      <referenceArc xlink:from="de-gcd_genInfo.company.disclosureCriterion.merits.exemption.HGBs315a_IFRS"
                    xlink:to="reference_de-gcd_genInfo.company.disclosureCriterion.merits.exemption.HGBs315a_IFRS_3"
                    xlink:arcrole="http://www.xbrl.org/2003/arcrole/concept-reference"
                    xlink:type="arc"/>
      <reference xlink:type="resource"
                 xlink:label="reference_de-gcd_genInfo.company.disclosureCriterion.merits.exemption.HGBs315a_IFRS_3"
                 xlink:role="http://www.xbrl.org/2003/role/reference"
                 id="reference_de-gcd_genInfo.company.disclosureCriterion.merits.exemption.HGBs315a_IFRS_3">
         <ref:Name>HGB</ref:Name>
         <ref:Paragraph>315a</ref:Paragraph>
      </reference>
      <loc xlink:type="locator"
           xlink:href="de-gcd-2018-04-01.xsd#de-gcd_genInfo.company.disclosureCriterion.merits.mandantoryBranchOfficesBankInsurance"
           xlink:label="de-gcd_genInfo.company.disclosureCriterion.merits.mandantoryBranchOfficesBankInsurance"/>
      <referenceArc xlink:from="de-gcd_genInfo.company.disclosureCriterion.merits.mandantoryBranchOfficesBankInsurance"
                    xlink:to="reference_de-gcd_genInfo.company.disclosureCriterion.merits.mandantoryBranchOfficesBankInsurance_1"
                    xlink:arcrole="http://www.xbrl.org/2003/arcrole/concept-reference"
                    xlink:type="arc"/>
      <reference xlink:type="resource"
                 xlink:label="reference_de-gcd_genInfo.company.disclosureCriterion.merits.mandantoryBranchOfficesBankInsurance_1"
                 xlink:role="http://www.xbrl.org/2003/role/reference"
                 id="reference_de-gcd_genInfo.company.disclosureCriterion.merits.mandantoryBranchOfficesBankInsurance_1">
         <ref:Name>HGB</ref:Name>
         <ref:Paragraph>325a</ref:Paragraph>
         <ref:Subparagraph>2</ref:Subparagraph>
      </reference>
      <referenceArc xlink:from="de-gcd_genInfo.company.disclosureCriterion.merits.mandantoryBranchOfficesBankInsurance"
                    xlink:to="reference_de-gcd_genInfo.company.disclosureCriterion.merits.mandantoryBranchOfficesBankInsurance_3"
                    xlink:arcrole="http://www.xbrl.org/2003/arcrole/concept-reference"
                    xlink:type="arc"/>
      <reference xlink:type="resource"
                 xlink:label="reference_de-gcd_genInfo.company.disclosureCriterion.merits.mandantoryBranchOfficesBankInsurance_3"
                 xlink:role="http://www.xbrl.org/2003/role/reference"
                 id="reference_de-gcd_genInfo.company.disclosureCriterion.merits.mandantoryBranchOfficesBankInsurance_3">
         <ref:Name>HGB</ref:Name>
         <ref:Paragraph>340l</ref:Paragraph>
         <ref:Subparagraph>2</ref:Subparagraph>
         <ref:Clause>4</ref:Clause>
      </reference>
      <loc xlink:type="locator"
           xlink:href="de-gcd-2018-04-01.xsd#de-gcd_genInfo.company.disclosureCriterion.scope.CapitalMarketOrientationHGBs264d"
           xlink:label="de-gcd_genInfo.company.disclosureCriterion.scope.CapitalMarketOrientationHGBs264d"/>
      <referenceArc xlink:from="de-gcd_genInfo.company.disclosureCriterion.scope.CapitalMarketOrientationHGBs264d"
                    xlink:to="reference_de-gcd_genInfo.company.disclosureCriterion.scope.CapitalMarketOrientationHGBs264d_1"
                    xlink:arcrole="http://www.xbrl.org/2003/arcrole/concept-reference"
                    xlink:type="arc"/>
      <reference xlink:type="resource"
                 xlink:label="reference_de-gcd_genInfo.company.disclosureCriterion.scope.CapitalMarketOrientationHGBs264d_1"
                 xlink:role="http://www.xbrl.org/2003/role/reference"
                 id="reference_de-gcd_genInfo.company.disclosureCriterion.scope.CapitalMarketOrientationHGBs264d_1">
         <ref:Name>HGB</ref:Name>
         <ref:Paragraph>264d</ref:Paragraph>
      </reference>
      <referenceArc xlink:from="de-gcd_genInfo.company.disclosureCriterion.scope.CapitalMarketOrientationHGBs264d"
                    xlink:to="reference_de-gcd_genInfo.company.disclosureCriterion.scope.CapitalMarketOrientationHGBs264d_2"
                    xlink:arcrole="http://www.xbrl.org/2003/arcrole/concept-reference"
                    xlink:type="arc"/>
      <reference xlink:type="resource"
                 xlink:label="reference_de-gcd_genInfo.company.disclosureCriterion.scope.CapitalMarketOrientationHGBs264d_2"
                 xlink:role="http://www.xbrl.org/2003/role/reference"
                 id="reference_de-gcd_genInfo.company.disclosureCriterion.scope.CapitalMarketOrientationHGBs264d_2">
         <ref:Name>HGB</ref:Name>
         <ref:Paragraph>267</ref:Paragraph>
         <ref:Subparagraph>3</ref:Subparagraph>
         <ref:Clause>2</ref:Clause>
      </reference>
      <referenceArc xlink:from="de-gcd_genInfo.company.disclosureCriterion.scope.CapitalMarketOrientationHGBs264d"
                    xlink:to="reference_de-gcd_genInfo.company.disclosureCriterion.scope.CapitalMarketOrientationHGBs264d_3"
                    xlink:arcrole="http://www.xbrl.org/2003/arcrole/concept-reference"
                    xlink:type="arc"/>
      <reference xlink:type="resource"
                 xlink:label="reference_de-gcd_genInfo.company.disclosureCriterion.scope.CapitalMarketOrientationHGBs264d_3"
                 xlink:role="http://www.xbrl.org/2003/role/reference"
                 id="reference_de-gcd_genInfo.company.disclosureCriterion.scope.CapitalMarketOrientationHGBs264d_3">
         <ref:Name>WpHG</ref:Name>
         <ref:Paragraph>2</ref:Paragraph>
         <ref:Subparagraph>5</ref:Subparagraph>
      </reference>
      <loc xlink:type="locator"
           xlink:href="de-gcd-2018-04-01.xsd#de-gcd_genInfo.company.disclosureCriterion.scope.NPGmbH"
           xlink:label="de-gcd_genInfo.company.disclosureCriterion.scope.NPGmbH"/>
      <referenceArc xlink:from="de-gcd_genInfo.company.disclosureCriterion.scope.NPGmbH"
                    xlink:to="reference_de-gcd_genInfo.company.disclosureCriterion.scope.NPGmbH_2"
                    xlink:arcrole="http://www.xbrl.org/2003/arcrole/concept-reference"
                    xlink:type="arc"/>
      <reference xlink:type="resource"
                 xlink:label="reference_de-gcd_genInfo.company.disclosureCriterion.scope.NPGmbH_2"
                 xlink:role="http://www.xbrl.org/2003/role/reference"
                 id="reference_de-gcd_genInfo.company.disclosureCriterion.scope.NPGmbH_2">
         <ref:Name>HGB</ref:Name>
         <ref:Paragraph>325</ref:Paragraph>
         <ref:Subparagraph>1</ref:Subparagraph>
         <ref:Clause>4</ref:Clause>
      </reference>
      <loc xlink:type="locator"
           xlink:href="de-gcd-2018-04-01.xsd#de-gcd_genInfo.company.id.location"
           xlink:label="de-gcd_genInfo.company.id.location"/>
      <referenceArc xlink:from="de-gcd_genInfo.company.id.location"
                    xlink:to="reference_de-gcd_genInfo.company.id.location_1"
                    xlink:arcrole="http://www.xbrl.org/2003/arcrole/concept-reference"
                    xlink:type="arc"/>
      <reference xlink:type="resource"
                 xlink:label="reference_de-gcd_genInfo.company.id.location_1"
                 xlink:role="http://www.xbrl.org/2003/role/reference"
                 id="reference_de-gcd_genInfo.company.id.location_1">
         <ref:Name>AktG</ref:Name>
         <ref:Paragraph>5</ref:Paragraph>
      </reference>
      <referenceArc xlink:from="de-gcd_genInfo.company.id.location"
                    xlink:to="reference_de-gcd_genInfo.company.id.location_3"
                    xlink:arcrole="http://www.xbrl.org/2003/arcrole/concept-reference"
                    xlink:type="arc"/>
      <reference xlink:type="resource"
                 xlink:label="reference_de-gcd_genInfo.company.id.location_3"
                 xlink:role="http://www.xbrl.org/2003/role/reference"
                 id="reference_de-gcd_genInfo.company.id.location_3">
         <ref:Name>GmbHG</ref:Name>
         <ref:Paragraph>4a</ref:Paragraph>
      </reference>
      <referenceArc xlink:from="de-gcd_genInfo.company.id.location"
                    xlink:to="reference_de-gcd_genInfo.company.id.location_4"
                    xlink:arcrole="http://www.xbrl.org/2003/arcrole/concept-reference"
                    xlink:type="arc"/>
      <reference xlink:type="resource"
                 xlink:label="reference_de-gcd_genInfo.company.id.location_4"
                 xlink:role="http://www.xbrl.org/2003/role/reference"
                 id="reference_de-gcd_genInfo.company.id.location_4">
         <ref:Name>GenG</ref:Name>
         <ref:Paragraph>6</ref:Paragraph>
         <ref:Number>1</ref:Number>
      </reference>
      <loc xlink:type="locator"
           xlink:href="de-gcd-2018-04-01.xsd#de-gcd_genInfo.company.id.adress"
           xlink:label="de-gcd_genInfo.company.id.adress"/>
      <referenceArc xlink:from="de-gcd_genInfo.company.id.adress"
                    xlink:to="reference_de-gcd_genInfo.company.id.adress_2"
                    xlink:arcrole="http://www.xbrl.org/2003/arcrole/concept-reference"
                    xlink:type="arc"/>
      <reference xlink:type="resource"
                 xlink:label="reference_de-gcd_genInfo.company.id.adress_2"
                 xlink:role="http://www.xbrl.org/2003/role/reference"
                 id="reference_de-gcd_genInfo.company.id.adress_2">
         <ref:Name>AktG</ref:Name>
         <ref:Paragraph>37</ref:Paragraph>
         <ref:Subparagraph>3</ref:Subparagraph>
         <ref:Number>1</ref:Number>
      </reference>
      <referenceArc xlink:from="de-gcd_genInfo.company.id.adress"
                    xlink:to="reference_de-gcd_genInfo.company.id.adress_3"
                    xlink:arcrole="http://www.xbrl.org/2003/arcrole/concept-reference"
                    xlink:type="arc"/>
      <reference xlink:type="resource"
                 xlink:label="reference_de-gcd_genInfo.company.id.adress_3"
                 xlink:role="http://www.xbrl.org/2003/role/reference"
                 id="reference_de-gcd_genInfo.company.id.adress_3">
         <ref:Name>GmbHG</ref:Name>
         <ref:Paragraph>8</ref:Paragraph>
         <ref:Subparagraph>4</ref:Subparagraph>
         <ref:Number>1</ref:Number>
      </reference>
      <loc xlink:type="locator"
           xlink:href="de-gcd-2018-04-01.xsd#de-gcd_genInfo.company.id.VATchar.TaxCollection.SmallBusiness"
           xlink:label="de-gcd_genInfo.company.id.VATchar.TaxCollection.SmallBusiness"/>
      <referenceArc xlink:from="de-gcd_genInfo.company.id.VATchar.TaxCollection.SmallBusiness"
                    xlink:to="reference_de-gcd_genInfo.company.id.VATchar.TaxCollection.SmallBusiness_1"
                    xlink:arcrole="http://www.xbrl.org/2003/arcrole/concept-reference"
                    xlink:type="arc"/>
      <reference xlink:type="resource"
                 xlink:label="reference_de-gcd_genInfo.company.id.VATchar.TaxCollection.SmallBusiness_1"
                 xlink:role="http://www.xbrl.org/2003/role/reference"
                 id="reference_de-gcd_genInfo.company.id.VATchar.TaxCollection.SmallBusiness_1">
         <ref:Name>UStG</ref:Name>
         <ref:Paragraph>19</ref:Paragraph>
      </reference>
      <loc xlink:type="locator"
           xlink:href="de-gcd-2018-04-01.xsd#de-gcd_genInfo.company.id.VATchar.TaxCalculation.ImputedTax"
           xlink:label="de-gcd_genInfo.company.id.VATchar.TaxCalculation.ImputedTax"/>
      <referenceArc xlink:from="de-gcd_genInfo.company.id.VATchar.TaxCalculation.ImputedTax"
                    xlink:to="reference_de-gcd_genInfo.company.id.VATchar.TaxCalculation.ImputedTax_2"
                    xlink:arcrole="http://www.xbrl.org/2003/arcrole/concept-reference"
                    xlink:type="arc"/>
      <reference xlink:type="resource"
                 xlink:label="reference_de-gcd_genInfo.company.id.VATchar.TaxCalculation.ImputedTax_2"
                 xlink:role="http://www.xbrl.org/2003/role/reference"
                 id="reference_de-gcd_genInfo.company.id.VATchar.TaxCalculation.ImputedTax_2">
         <ref:Name>UStG</ref:Name>
         <ref:Paragraph>16</ref:Paragraph>
      </reference>
      <loc xlink:type="locator"
           xlink:href="de-gcd-2018-04-01.xsd#de-gcd_genInfo.company.id.VATchar.TaxCalculation.ActualTax"
           xlink:label="de-gcd_genInfo.company.id.VATchar.TaxCalculation.ActualTax"/>
      <referenceArc xlink:from="de-gcd_genInfo.company.id.VATchar.TaxCalculation.ActualTax"
                    xlink:to="reference_de-gcd_genInfo.company.id.VATchar.TaxCalculation.ActualTax_2"
                    xlink:arcrole="http://www.xbrl.org/2003/arcrole/concept-reference"
                    xlink:type="arc"/>
      <reference xlink:type="resource"
                 xlink:label="reference_de-gcd_genInfo.company.id.VATchar.TaxCalculation.ActualTax_2"
                 xlink:role="http://www.xbrl.org/2003/role/reference"
                 id="reference_de-gcd_genInfo.company.id.VATchar.TaxCalculation.ActualTax_2">
         <ref:Name>UStG</ref:Name>
         <ref:Paragraph>20</ref:Paragraph>
      </reference>
      <loc xlink:type="locator"
           xlink:href="de-gcd-2018-04-01.xsd#de-gcd_genInfo.company.id.VATchar.TaxRate.AverageTax"
           xlink:label="de-gcd_genInfo.company.id.VATchar.TaxRate.AverageTax"/>
      <referenceArc xlink:from="de-gcd_genInfo.company.id.VATchar.TaxRate.AverageTax"
                    xlink:to="reference_de-gcd_genInfo.company.id.VATchar.TaxRate.AverageTax_2"
                    xlink:arcrole="http://www.xbrl.org/2003/arcrole/concept-reference"
                    xlink:type="arc"/>
      <reference xlink:type="resource"
                 xlink:label="reference_de-gcd_genInfo.company.id.VATchar.TaxRate.AverageTax_2"
                 xlink:role="http://www.xbrl.org/2003/role/reference"
                 id="reference_de-gcd_genInfo.company.id.VATchar.TaxRate.AverageTax_2">
         <ref:Name>UStG</ref:Name>
         <ref:Paragraph>23</ref:Paragraph>
      </reference>
      <loc xlink:type="locator"
           xlink:href="de-gcd-2018-04-01.xsd#de-gcd_genInfo.company.id.VATchar.TaxRate.AverageTaxAgriculutureForest"
           xlink:label="de-gcd_genInfo.company.id.VATchar.TaxRate.AverageTaxAgriculutureForest"/>
      <referenceArc xlink:from="de-gcd_genInfo.company.id.VATchar.TaxRate.AverageTaxAgriculutureForest"
                    xlink:to="reference_de-gcd_genInfo.company.id.VATchar.TaxRate.AverageTaxAgriculutureForest_2"
                    xlink:arcrole="http://www.xbrl.org/2003/arcrole/concept-reference"
                    xlink:type="arc"/>
      <reference xlink:type="resource"
                 xlink:label="reference_de-gcd_genInfo.company.id.VATchar.TaxRate.AverageTaxAgriculutureForest_2"
                 xlink:role="http://www.xbrl.org/2003/role/reference"
                 id="reference_de-gcd_genInfo.company.id.VATchar.TaxRate.AverageTaxAgriculutureForest_2">
         <ref:Name>UStG</ref:Name>
         <ref:Paragraph>24</ref:Paragraph>
      </reference>
      <loc xlink:type="locator"
           xlink:href="de-gcd-2018-04-01.xsd#de-gcd_genInfo.company.id.VATchar.VATtaxPeriod"
           xlink:label="de-gcd_genInfo.company.id.VATchar.VATtaxPeriod"/>
      <referenceArc xlink:from="de-gcd_genInfo.company.id.VATchar.VATtaxPeriod"
                    xlink:to="reference_de-gcd_genInfo.company.id.VATchar.VATtaxPeriod_1"
                    xlink:arcrole="http://www.xbrl.org/2003/arcrole/concept-reference"
                    xlink:type="arc"/>
      <reference xlink:type="resource"
                 xlink:label="reference_de-gcd_genInfo.company.id.VATchar.VATtaxPeriod_1"
                 xlink:role="http://www.xbrl.org/2003/role/reference"
                 id="reference_de-gcd_genInfo.company.id.VATchar.VATtaxPeriod_1">
         <ref:Name>UStG</ref:Name>
         <ref:Paragraph>18</ref:Paragraph>
         <ref:Subparagraph>2</ref:Subparagraph>
      </reference>
      <loc xlink:type="locator"
           xlink:href="de-gcd-2018-04-01.xsd#de-gcd_genInfo.company.id.VATchar.PermanentExtentionOfTime"
           xlink:label="de-gcd_genInfo.company.id.VATchar.PermanentExtentionOfTime"/>
      <referenceArc xlink:from="de-gcd_genInfo.company.id.VATchar.PermanentExtentionOfTime"
                    xlink:to="reference_de-gcd_genInfo.company.id.VATchar.PermanentExtentionOfTime_1"
                    xlink:arcrole="http://www.xbrl.org/2003/arcrole/concept-reference"
                    xlink:type="arc"/>
      <reference xlink:type="resource"
                 xlink:label="reference_de-gcd_genInfo.company.id.VATchar.PermanentExtentionOfTime_1"
                 xlink:role="http://www.xbrl.org/2003/role/reference"
                 id="reference_de-gcd_genInfo.company.id.VATchar.PermanentExtentionOfTime_1">
         <ref:Name>UStG</ref:Name>
         <ref:Paragraph>18</ref:Paragraph>
         <ref:Subparagraph>6</ref:Subparagraph>
      </reference>
      <loc xlink:type="locator"
           xlink:href="de-gcd-2018-04-01.xsd#de-gcd_genInfo.company.id.incomeClassification"
           xlink:label="de-gcd_genInfo.company.id.incomeClassification"/>
      <referenceArc xlink:from="de-gcd_genInfo.company.id.incomeClassification"
                    xlink:to="reference_de-gcd_genInfo.company.id.incomeClassification_1"
                    xlink:arcrole="http://www.xbrl.org/2003/arcrole/concept-reference"
                    xlink:type="arc"/>
      <reference xlink:type="resource"
                 xlink:label="reference_de-gcd_genInfo.company.id.incomeClassification_1"
                 xlink:role="http://www.xbrl.org/2003/role/reference"
                 id="reference_de-gcd_genInfo.company.id.incomeClassification_1">
         <ref:Name>EStG</ref:Name>
         <ref:Paragraph>4a</ref:Paragraph>
         <ref:Subparagraph>2</ref:Subparagraph>
         <ref:Number>1</ref:Number>
      </reference>
      <loc xlink:type="locator"
           xlink:href="de-gcd-2018-04-01.xsd#de-gcd_genInfo.company.id.incomeClassification.forestryAndAgriculture"
           xlink:label="de-gcd_genInfo.company.id.incomeClassification.forestryAndAgriculture"/>
      <referenceArc xlink:from="de-gcd_genInfo.company.id.incomeClassification.forestryAndAgriculture"
                    xlink:to="reference_de-gcd_genInfo.company.id.incomeClassification.forestryAndAgriculture_2"
                    xlink:arcrole="http://www.xbrl.org/2003/arcrole/concept-reference"
                    xlink:type="arc"/>
      <reference xlink:type="resource"
                 xlink:label="reference_de-gcd_genInfo.company.id.incomeClassification.forestryAndAgriculture_2"
                 xlink:role="http://www.xbrl.org/2003/role/reference"
                 id="reference_de-gcd_genInfo.company.id.incomeClassification.forestryAndAgriculture_2">
         <ref:Name>EStG</ref:Name>
         <ref:Paragraph>13</ref:Paragraph>
      </reference>
      <loc xlink:type="locator"
           xlink:href="de-gcd-2018-04-01.xsd#de-gcd_genInfo.company.id.incomeClassification.trade"
           xlink:label="de-gcd_genInfo.company.id.incomeClassification.trade"/>
      <referenceArc xlink:from="de-gcd_genInfo.company.id.incomeClassification.trade"
                    xlink:to="reference_de-gcd_genInfo.company.id.incomeClassification.trade_1"
                    xlink:arcrole="http://www.xbrl.org/2003/arcrole/concept-reference"
                    xlink:type="arc"/>
      <reference xlink:type="resource"
                 xlink:label="reference_de-gcd_genInfo.company.id.incomeClassification.trade_1"
                 xlink:role="http://www.xbrl.org/2003/role/reference"
                 id="reference_de-gcd_genInfo.company.id.incomeClassification.trade_1">
         <ref:Name>EStG</ref:Name>
         <ref:Paragraph>15</ref:Paragraph>
      </reference>
      <loc xlink:type="locator"
           xlink:href="de-gcd-2018-04-01.xsd#de-gcd_genInfo.company.id.incomeClassification.selfEmployment"
           xlink:label="de-gcd_genInfo.company.id.incomeClassification.selfEmployment"/>
      <referenceArc xlink:from="de-gcd_genInfo.company.id.incomeClassification.selfEmployment"
                    xlink:to="reference_de-gcd_genInfo.company.id.incomeClassification.selfEmployment_2"
                    xlink:arcrole="http://www.xbrl.org/2003/arcrole/concept-reference"
                    xlink:type="arc"/>
      <reference xlink:type="resource"
                 xlink:label="reference_de-gcd_genInfo.company.id.incomeClassification.selfEmployment_2"
                 xlink:role="http://www.xbrl.org/2003/role/reference"
                 id="reference_de-gcd_genInfo.company.id.incomeClassification.selfEmployment_2">
         <ref:Name>EStG</ref:Name>
         <ref:Paragraph>18</ref:Paragraph>
      </reference>
      <loc xlink:type="locator"
           xlink:href="de-gcd-2018-04-01.xsd#de-gcd_genInfo.company.id.parent"
           xlink:label="de-gcd_genInfo.company.id.parent"/>
      <referenceArc xlink:from="de-gcd_genInfo.company.id.parent"
                    xlink:to="reference_de-gcd_genInfo.company.id.parent_1"
                    xlink:arcrole="http://www.xbrl.org/2003/arcrole/concept-reference"
                    xlink:type="arc"/>
      <reference xlink:type="resource"
                 xlink:label="reference_de-gcd_genInfo.company.id.parent_1"
                 xlink:role="http://www.xbrl.org/2003/role/reference"
                 id="reference_de-gcd_genInfo.company.id.parent_1">
         <ref:Name>HGB</ref:Name>
         <ref:Paragraph>290</ref:Paragraph>
      </reference>
      <loc xlink:type="locator"
           xlink:href="de-gcd-2018-04-01.xsd#de-gcd_genInfo.company.id.domesticBranchOfForeignCompany.HGB"
           xlink:label="de-gcd_genInfo.company.id.domesticBranchOfForeignCompany.HGB"/>
      <referenceArc xlink:from="de-gcd_genInfo.company.id.domesticBranchOfForeignCompany.HGB"
                    xlink:to="reference_de-gcd_genInfo.company.id.domesticBranchOfForeignCompany.HGB_1"
                    xlink:arcrole="http://www.xbrl.org/2003/arcrole/concept-reference"
                    xlink:type="arc"/>
      <reference xlink:type="resource"
                 xlink:label="reference_de-gcd_genInfo.company.id.domesticBranchOfForeignCompany.HGB_1"
                 xlink:role="http://www.xbrl.org/2003/role/reference"
                 id="reference_de-gcd_genInfo.company.id.domesticBranchOfForeignCompany.HGB_1">
         <ref:Name>HGB</ref:Name>
         <ref:Paragraph>13d</ref:Paragraph>
      </reference>
      <loc xlink:type="locator"
           xlink:href="de-gcd-2018-04-01.xsd#de-gcd_genInfo.company.id.domesticBranchOfForeignCompany.other"
           xlink:label="de-gcd_genInfo.company.id.domesticBranchOfForeignCompany.other"/>
      <referenceArc xlink:from="de-gcd_genInfo.company.id.domesticBranchOfForeignCompany.other"
                    xlink:to="reference_de-gcd_genInfo.company.id.domesticBranchOfForeignCompany.other_1"
                    xlink:arcrole="http://www.xbrl.org/2003/arcrole/concept-reference"
                    xlink:type="arc"/>
      <reference xlink:type="resource"
                 xlink:label="reference_de-gcd_genInfo.company.id.domesticBranchOfForeignCompany.other_1"
                 xlink:role="http://www.xbrl.org/2003/role/reference"
                 id="reference_de-gcd_genInfo.company.id.domesticBranchOfForeignCompany.other_1">
         <ref:Name>AO</ref:Name>
         <ref:Paragraph>12</ref:Paragraph>
      </reference>
      <referenceArc xlink:from="de-gcd_genInfo.company.id.domesticBranchOfForeignCompany.other"
                    xlink:to="reference_de-gcd_genInfo.company.id.domesticBranchOfForeignCompany.other_2"
                    xlink:arcrole="http://www.xbrl.org/2003/arcrole/concept-reference"
                    xlink:type="arc"/>
      <reference xlink:type="resource"
                 xlink:label="reference_de-gcd_genInfo.company.id.domesticBranchOfForeignCompany.other_2"
                 xlink:role="http://www.xbrl.org/2003/role/reference"
                 id="reference_de-gcd_genInfo.company.id.domesticBranchOfForeignCompany.other_2">
         <ref:Name>DBA</ref:Name>
      </reference>
      <loc xlink:type="locator"
           xlink:href="de-gcd-2018-04-01.xsd#de-gcd_genInfo.company.id.contactAddress"
           xlink:label="de-gcd_genInfo.company.id.contactAddress"/>
      <referenceArc xlink:from="de-gcd_genInfo.company.id.contactAddress"
                    xlink:to="reference_de-gcd_genInfo.company.id.contactAddress_2"
                    xlink:arcrole="http://www.xbrl.org/2003/arcrole/concept-reference"
                    xlink:type="arc"/>
      <reference xlink:type="resource"
                 xlink:label="reference_de-gcd_genInfo.company.id.contactAddress_2"
                 xlink:role="http://www.xbrl.org/2003/role/reference"
                 id="reference_de-gcd_genInfo.company.id.contactAddress_2">
         <ref:Name>GmbHG</ref:Name>
         <ref:Paragraph>8</ref:Paragraph>
         <ref:Subparagraph>4</ref:Subparagraph>
         <ref:Number>1</ref:Number>
      </reference>
      <referenceArc xlink:from="de-gcd_genInfo.company.id.contactAddress"
                    xlink:to="reference_de-gcd_genInfo.company.id.contactAddress_3"
                    xlink:arcrole="http://www.xbrl.org/2003/arcrole/concept-reference"
                    xlink:type="arc"/>
      <reference xlink:type="resource"
                 xlink:label="reference_de-gcd_genInfo.company.id.contactAddress_3"
                 xlink:role="http://www.xbrl.org/2003/role/reference"
                 id="reference_de-gcd_genInfo.company.id.contactAddress_3">
         <ref:Name>AktG</ref:Name>
         <ref:Paragraph>37</ref:Paragraph>
         <ref:Subparagraph>3</ref:Subparagraph>
         <ref:Number>1</ref:Number>
      </reference>
   </referenceLink>
</linkbase>