<?xml version="1.0" encoding="UTF-8"?>
<link:linkbase xmlns:gen="http://xbrl.org/2008/generic" xmlns:label="http://xbrl.org/2008/label"
               xmlns:xlink="http://www.w3.org/1999/xlink"
               xmlns:link="http://www.xbrl.org/2003/linkbase"
               xmlns:xsi="http://www.w3.org/2001/XMLSchema-instance">
   <gen:link xlink:type="extended" xlink:title="Labels"
             xlink:role="http://www.xbrl.org/2003/role/link">
      <link:loc xlink:type="locator"
                xlink:href="de-fi-2018-04-01-shell-staffelform-fiscal-with-2017-04-01-versioning.xml#ver_100000"
                xlink:label="loc_label_ver_100000"/>
      <gen:arc xlink:type="arc" xlink:title="label ver_100000"
               xlink:arcrole="http://xbrl.org/arcrole/2008/element-label"
               xlink:from="loc_label_ver_100000"
               xlink:to="label_ver_100000"/>
      <label:label xlink:type="resource" xlink:title="label"
                   xlink:role="http://www.xbrl.org/2003/role/label"
                   xlink:label="label_ver_100000"
                   id="ver_100000"
                   xml:lang="de">Versioning Report Spezialtaxonomie Kreditinstitute: Steuerlicher Abschluss (E-Bilanz)</label:label>
      <link:loc xlink:type="locator"
                xlink:href="de-fi-2018-04-01-shell-staffelform-fiscal-with-2017-04-01-versioning.xml#assig_domain"
                xlink:label="loc_label_assig_domain"/>
      <gen:arc xlink:type="arc" xlink:title="label assig_domain"
               xlink:arcrole="http://xbrl.org/arcrole/2008/element-label"
               xlink:from="loc_label_assig_domain"
               xlink:to="label_assig_domain"/>
      <label:label xlink:type="resource" xlink:title="label"
                   xlink:role="http://www.xbrl.org/2003/role/label"
                   xlink:label="label_assig_domain"
                   id="assig_domain"
                   xml:lang="de">Fachlich</label:label>
      <link:loc xlink:type="locator"
                xlink:href="de-fi-2018-04-01-shell-staffelform-fiscal-with-2017-04-01-versioning.xml#assig_technical"
                xlink:label="loc_label_assig_technical"/>
      <gen:arc xlink:type="arc" xlink:title="label assig_technical"
               xlink:arcrole="http://xbrl.org/arcrole/2008/element-label"
               xlink:from="loc_label_assig_technical"
               xlink:to="label_assig_technical"/>
      <label:label xlink:type="resource" xlink:title="label"
                   xlink:role="http://www.xbrl.org/2003/role/label"
                   xlink:label="label_assig_technical"
                   id="assig_technical"
                   xml:lang="de">Technisch</label:label>
      <link:loc xlink:type="locator"
                xlink:href="de-fi-2018-04-01-shell-staffelform-fiscal-with-2017-04-01-versioning.xml#assig_correction"
                xlink:label="loc_label_assig_correction"/>
      <gen:arc xlink:type="arc" xlink:title="label assig_correction"
               xlink:arcrole="http://xbrl.org/arcrole/2008/element-label"
               xlink:from="loc_label_assig_correction"
               xlink:to="label_assig_correction"/>
      <label:label xlink:type="resource" xlink:title="label"
                   xlink:role="http://www.xbrl.org/2003/role/label"
                   xlink:label="label_assig_correction"
                   id="assig_correction"
                   xml:lang="de">Korrektur</label:label>
      <link:loc xlink:type="locator"
                xlink:href="de-fi-2018-04-01-shell-staffelform-fiscal-with-2017-04-01-versioning.xml#assig_effectOnPosition"
                xlink:label="loc_label_assig_effectOnPosition"/>
      <gen:arc xlink:type="arc" xlink:title="label assig_effectOnPosition"
               xlink:arcrole="http://xbrl.org/arcrole/2008/element-label"
               xlink:from="loc_label_assig_effectOnPosition"
               xlink:to="label_assig_effectOnPosition"/>
      <label:label xlink:type="resource" xlink:title="label"
                   xlink:role="http://www.xbrl.org/2003/role/label"
                   xlink:label="label_assig_effectOnPosition"
                   id="assig_effectOnPosition"
                   xml:lang="de">Auswirkung auf Wert der Position</label:label>
      <link:loc xlink:type="locator"
                xlink:href="de-fi-2018-04-01-shell-staffelform-fiscal-with-2017-04-01-versioning.xml#assig_moved"
                xlink:label="loc_label_assig_moved"/>
      <gen:arc xlink:type="arc" xlink:title="label assig_moved"
               xlink:arcrole="http://xbrl.org/arcrole/2008/element-label"
               xlink:from="loc_label_assig_moved"
               xlink:to="label_assig_moved"/>
      <label:label xlink:type="resource" xlink:title="label"
                   xlink:role="http://www.xbrl.org/2003/role/label"
                   xlink:label="label_assig_moved"
                   id="assig_moved"
                   xml:lang="de">Verschoben</label:label>
      <link:loc xlink:type="locator"
                xlink:href="de-fi-2018-04-01-shell-staffelform-fiscal-with-2017-04-01-versioning.xml#assig_finanzwirtschaftliche_Risiken"
                xlink:label="loc_label_assig_finanzwirtschaftliche_Risiken"/>
      <gen:arc xlink:type="arc" xlink:title="label assig_finanzwirtschaftliche_Risiken"
               xlink:arcrole="http://xbrl.org/arcrole/2008/element-label"
               xlink:from="loc_label_assig_finanzwirtschaftliche_Risiken"
               xlink:to="label_assig_finanzwirtschaftliche_Risiken"/>
      <label:label xlink:type="resource" xlink:title="label"
                   xlink:role="http://www.xbrl.org/2003/role/label"
                   xlink:label="label_assig_finanzwirtschaftliche_Risiken"
                   id="assig_finanzwirtschaftliche_Risiken"
                   xml:lang="de">finanzwirtschaftliche Risiken</label:label>
      <link:loc xlink:type="locator"
                xlink:href="de-fi-2018-04-01-shell-staffelform-fiscal-with-2017-04-01-versioning.xml#assig_Verbundbeteiligung"
                xlink:label="loc_label_assig_Verbundbeteiligung"/>
      <gen:arc xlink:type="arc" xlink:title="label assig_Verbundbeteiligung"
               xlink:arcrole="http://xbrl.org/arcrole/2008/element-label"
               xlink:from="loc_label_assig_Verbundbeteiligung"
               xlink:to="label_assig_Verbundbeteiligung"/>
      <label:label xlink:type="resource" xlink:title="label"
                   xlink:role="http://www.xbrl.org/2003/role/label"
                   xlink:label="label_assig_Verbundbeteiligung"
                   id="assig_Verbundbeteiligung"
                   xml:lang="de">Verbundbeteiligung</label:label>
      <link:loc xlink:type="locator"
                xlink:href="de-fi-2018-04-01-shell-staffelform-fiscal-with-2017-04-01-versioning.xml#ver_100003"
                xlink:label="loc_label_ver_100003"/>
      <gen:arc xlink:type="arc" xlink:title="label ver_100003"
               xlink:arcrole="http://xbrl.org/arcrole/2008/element-label"
               xlink:from="loc_label_ver_100003"
               xlink:to="label_ver_100003"/>
      <label:label xlink:type="resource" xlink:title="label"
                   xlink:role="http://www.xbrl.org/2003/role/label"
                   xlink:label="label_ver_100003"
                   id="ver_100003"
                   xml:lang="de">Einstellung Rücklage Verpflichtungsübernahme</label:label>
      <link:loc xlink:type="locator"
                xlink:href="de-fi-2018-04-01-shell-staffelform-fiscal-with-2017-04-01-versioning.xml#ver_100004"
                xlink:label="loc_label_ver_100004"/>
      <gen:arc xlink:type="arc" xlink:title="label ver_100004"
               xlink:arcrole="http://xbrl.org/arcrole/2008/element-label"
               xlink:from="loc_label_ver_100004"
               xlink:to="label_ver_100004"/>
      <label:label xlink:type="resource" xlink:title="label"
                   xlink:role="http://www.xbrl.org/2003/role/label"
                   xlink:label="label_ver_100004"
                   id="ver_100004"
                   xml:lang="de">§ 4i EStG</label:label>
      <link:loc xlink:type="locator"
                xlink:href="de-fi-2018-04-01-shell-staffelform-fiscal-with-2017-04-01-versioning.xml#ver_100005"
                xlink:label="loc_label_ver_100005"/>
      <gen:arc xlink:type="arc" xlink:title="label ver_100005"
               xlink:arcrole="http://xbrl.org/arcrole/2008/element-label"
               xlink:from="loc_label_ver_100005"
               xlink:to="label_ver_100005"/>
      <label:label xlink:type="resource" xlink:title="label"
                   xlink:role="http://www.xbrl.org/2003/role/label"
                   xlink:label="label_ver_100005"
                   id="ver_100005"
                   xml:lang="de">Auflösung Rücklage Verpflichtungsübernahme</label:label>
      <link:loc xlink:type="locator"
                xlink:href="de-fi-2018-04-01-shell-staffelform-fiscal-with-2017-04-01-versioning.xml#ver_100009"
                xlink:label="loc_label_ver_100009"/>
      <gen:arc xlink:type="arc" xlink:title="label ver_100009"
               xlink:arcrole="http://xbrl.org/arcrole/2008/element-label"
               xlink:from="loc_label_ver_100009"
               xlink:to="label_ver_100009"/>
      <label:label xlink:type="resource" xlink:title="label"
                   xlink:role="http://www.xbrl.org/2003/role/label"
                   xlink:label="label_ver_100009"
                   id="ver_100009"
                   xml:lang="de">Änderung durch FinVerw</label:label>
      <link:loc xlink:type="locator"
                xlink:href="de-fi-2018-04-01-shell-staffelform-fiscal-with-2017-04-01-versioning.xml#ver_100016"
                xlink:label="loc_label_ver_100016"/>
      <gen:arc xlink:type="arc" xlink:title="label ver_100016"
               xlink:arcrole="http://xbrl.org/arcrole/2008/element-label"
               xlink:from="loc_label_ver_100016"
               xlink:to="label_ver_100016"/>
      <label:label xlink:type="resource" xlink:title="label"
                   xlink:role="http://www.xbrl.org/2003/role/label"
                   xlink:label="label_ver_100016"
                   id="ver_100016"
                   xml:lang="de">Änderung durch FinVerw</label:label>
   </gen:link>
</link:linkbase>