<?xml version="1.0" encoding="UTF-8"?>
<ver:report xmlns:ver="http://xbrl.org/2013/versioning-base"
            xmlns:vercu="http://xbrl.org/2013/versioning-concept-use"
            xmlns:xlink="http://www.w3.org/1999/xlink"
            xmlns:link="http://www.xbrl.org/2003/linkbase"
            xmlns:xsi="http://www.w3.org/2001/XMLSchema-instance"
            xmlns:cur_label="http://xbrl.org/2008/label"
            xmlns:cur_xbrli="http://www.xbrl.org/2003/instance"
            xmlns:cur_fi-shell-staffelform="http://www.xbrl.de/taxonomies/de-fi-2018-04-01/shell-staffelform"
            xmlns:cur_de-gaap-ci="http://www.xbrl.de/taxonomies/de-gaap-ci-2018-04-01"
            xmlns:cur_de-fi="http://www.xbrl.de/taxonomies/de-fi-2018-04-01"
            xmlns:cur_formula="http://xbrl.org/2008/formula"
            xmlns:cur_gen="http://xbrl.org/2008/generic"
            xmlns:cur_xlink="http://www.w3.org/1999/xlink"
            xmlns:cur_variable="http://xbrl.org/2008/variable"
            xmlns:cur_xbrldt="http://xbrl.org/2005/xbrldt"
            xmlns:cur_table="http://xbrl.org/2014/table"
            xmlns:cur_link="http://www.xbrl.org/2003/linkbase"
            xmlns:cur_xl="http://www.xbrl.org/2003/XLink"
            xmlns:cur_de-hgbrole="http://www.xbrl.de/taxonomies/hgbrole-2018-04-01"
            xmlns:pre_de-fi="http://www.xbrl.de/taxonomies/de-fi-2017-04-01"
            xmlns:pre_de-gaap-ci="http://www.xbrl.de/taxonomies/de-gaap-ci-2017-04-01"
            xmlns:pre_fi-shell-staffelform="http://www.xbrl.de/taxonomies/de-fi-2017-04-01/shell-staffelform"
            xmlns:pre_de-hgbrole="http://www.xbrl.de/taxonomies/hgbrole-2017-04-01"
            id="ver_100000">
   <link:linkbaseRef xlink:type="simple"
                     xlink:href="de-fi-2018-04-01-shell-staffelform-with-2017-04-01-label.xml"/>
   <ver:fromDTS>
      <link:schemaRef xlink:type="simple"
                      xlink:href="file:///var/opt/bamboo/xml-data/build-dir/131073/CORE-GRADLETESTER-JOB1/taxonomies/released/6.1-per-2017-04-01/xbrl/de-fi-2017-04-01/de-fi-2017-04-01-shell-staffelform.xsd"/>
   </ver:fromDTS>
   <ver:toDTS>
      <link:schemaRef xlink:type="simple"
                      xlink:href="file:///var/opt/bamboo/xml-data/build-dir/131073/CORE-GRADLETESTER-JOB1/xbrl.de/modules/fi/build/cleanTaxonomy/de-fi-2018-04-01/de-fi-2018-04-01-shell-staffelform.xsd"/>
   </ver:toDTS>
   <ver:assignment id="assig_domain"/>
   <ver:assignment id="assig_technical"/>
   <ver:assignment id="assig_correction"/>
   <ver:assignment id="assig_effectOnPosition"/>
   <ver:assignment id="assig_moved"/>
   <ver:assignment id="assig_finanzwirtschaftliche_Risiken"/>
   <ver:assignment id="assig_Verbundbeteiligung"/>
   <ver:action>
      <ver:assignmentRef ref="assig_technical"/>
      <ver:namespaceRename>
         <ver:fromURI value="http://www.xbrl.de/taxonomies/de-fi-2017-04-01"/>
         <ver:toURI value="http://www.xbrl.de/taxonomies/de-fi-2018-04-01"/>
      </ver:namespaceRename>
      <ver:namespaceRename>
         <ver:fromURI value="http://www.xbrl.de/taxonomies/de-fi-2017-04-01/shell-staffelform"/>
         <ver:toURI value="http://www.xbrl.de/taxonomies/de-fi-2018-04-01/shell-staffelform"/>
      </ver:namespaceRename>
      <ver:namespaceRename>
         <ver:fromURI value="http://www.xbrl.de/taxonomies/hgbrole-2017-04-01"/>
         <ver:toURI value="http://www.xbrl.de/taxonomies/hgbrole-2018-04-01"/>
      </ver:namespaceRename>
      <ver:namespaceRename>
         <ver:fromURI value="http://www.xbrl.de/taxonomies/de-gaap-ci-2017-04-01"/>
         <ver:toURI value="http://www.xbrl.de/taxonomies/de-gaap-ci-2018-04-01"/>
      </ver:namespaceRename>
   </ver:action>
   <ver:action id="ver_100001">
      <ver:assignmentRef ref="assig_domain"/>
      <ver:assignmentRef ref="assig_finanzwirtschaftliche_Risiken"/>
      <vercu:conceptRename>
         <vercu:fromConcept name="pre_de-fi:bsBanks.eqLiab.accruals.other.imminentLoss.hedgeAccounting"/>
         <vercu:toConcept name="cur_de-fi:bsBanks.eqLiab.accruals.other.imminentLoss.hedgeAccounting"/>
      </vercu:conceptRename>
   </ver:action>
   <ver:action id="ver_100002">
      <ver:assignmentRef ref="assig_domain"/>
      <ver:assignmentRef ref="assig_moved"/>
      <vercu:conceptRename>
         <vercu:fromConcept name="pre_de-fi:isBanks.revenueRevalReceivReleaseLoanProv.revenueRevalReceiv.nonTradingBook.fundUnits"/>
         <vercu:toConcept name="cur_de-fi:isBanks.revenueRevalReceivReleaseLoanProv.revenueRevalReceiv.nonTradingBook.fundUnits"/>
      </vercu:conceptRename>
   </ver:action>
   <ver:action id="ver_100003">
      <ver:assignmentRef ref="assig_domain"/>
      <vercu:conceptRename>
         <vercu:fromConcept name="pre_de-fi:isBanks.incomeReleasePreTaxRes.EStG4g"/>
         <vercu:toConcept name="cur_de-fi:isBanks.incomeReleasePreTaxRes.EStG4g"/>
      </vercu:conceptRename>
   </ver:action>
   <ver:action id="ver_100004">
      <ver:assignmentRef ref="assig_domain"/>
      <vercu:conceptRename>
         <vercu:fromConcept name="pre_de-fi:isBanks.OtherForeign"/>
         <vercu:toConcept name="cur_de-fi:isBanks.OtherForeign"/>
      </vercu:conceptRename>
   </ver:action>
   <ver:action id="ver_100005">
      <ver:assignmentRef ref="assig_domain"/>
      <vercu:conceptRename>
         <vercu:fromConcept name="pre_de-fi:isBanks.addToPreTaxRes.EStG4g"/>
         <vercu:toConcept name="cur_de-fi:isBanks.addToPreTaxRes.EStG4g"/>
      </vercu:conceptRename>
   </ver:action>
   <ver:action id="ver_100006">
      <ver:assignmentRef ref="assig_domain"/>
      <vercu:conceptDelete physical="true">
         <vercu:fromConcept name="pre_de-fi:bsBanks.eqLiab.pretaxRes.res.spec.EStG5Abs7"/>
      </vercu:conceptDelete>
   </ver:action>
   <ver:action id="ver_100007">
      <ver:assignmentRef ref="assig_domain"/>
      <ver:assignmentRef ref="assig_correction"/>
      <ver:assignmentRef ref="assig_moved"/>
      <vercu:conceptRename>
         <vercu:fromConcept name="pre_de-fi:isBanks.adminExp.other.exchange"/>
         <vercu:toConcept name="cur_de-fi:isBanks.adminExp.other.exchange"/>
      </vercu:conceptRename>
   </ver:action>
   <ver:action id="ver_100008">
      <ver:assignmentRef ref="assig_domain"/>
      <ver:assignmentRef ref="assig_moved"/>
      <vercu:conceptRename>
         <vercu:fromConcept name="pre_de-fi:isBanks.currIncome.shares.tradingBook"/>
         <vercu:toConcept name="cur_de-fi:isBanks.currIncome.shares.tradingBook"/>
      </vercu:conceptRename>
   </ver:action>
   <ver:action id="ver_100009">
      <ver:assignmentRef ref="assig_domain"/>
      <vercu:conceptAdd physical="true">
         <vercu:toConcept name="cur_de-fi:bsBanks.eqLiab.equity.taxbalanceGenerally.contribCorrection"/>
      </vercu:conceptAdd>
   </ver:action>
   <ver:action id="ver_100010">
      <ver:assignmentRef ref="assig_domain"/>
      <ver:assignmentRef ref="assig_moved"/>
      <vercu:conceptRename>
         <vercu:fromConcept name="pre_de-fi:bsBanks.ass.shares.investmentPortfolio.tradingBook"/>
         <vercu:toConcept name="cur_de-fi:bsBanks.ass.shares.investmentPortfolio.tradingBook"/>
      </vercu:conceptRename>
   </ver:action>
   <ver:action id="ver_100011">
      <ver:assignmentRef ref="assig_domain"/>
      <ver:assignmentRef ref="assig_correction"/>
      <ver:assignmentRef ref="assig_moved"/>
      <vercu:conceptRename>
         <vercu:fromConcept name="pre_de-fi:isBanks.adminExp.other.provisions"/>
         <vercu:toConcept name="cur_de-fi:isBanks.adminExp.other.provisions"/>
      </vercu:conceptRename>
   </ver:action>
   <ver:action id="ver_100012">
      <ver:assignmentRef ref="assig_domain"/>
      <ver:assignmentRef ref="assig_moved"/>
      <vercu:conceptRename>
         <vercu:fromConcept name="pre_de-fi:isBanks.deprAmReceivAddLoanProv.deprAmReceiv.nonTradingBook"/>
         <vercu:toConcept name="cur_de-fi:isBanks.deprAmReceivAddLoanProv.deprAmReceiv.nonTradingBook"/>
      </vercu:conceptRename>
   </ver:action>
   <ver:action id="ver_100013">
      <ver:assignmentRef ref="assig_domain"/>
      <ver:assignmentRef ref="assig_Verbundbeteiligung"/>
      <vercu:conceptRename>
         <vercu:fromConcept name="pre_de-fi:isBanks.currIncome.particip.corporations"/>
         <vercu:toConcept name="cur_de-fi:isBanks.currIncome.particip.corporations"/>
      </vercu:conceptRename>
   </ver:action>
   <ver:action id="ver_100014">
      <ver:assignmentRef ref="assig_domain"/>
      <ver:assignmentRef ref="assig_moved"/>
      <vercu:conceptRename>
         <vercu:fromConcept name="pre_de-fi:bsBanks.ass.shares.investmentPortfolio"/>
         <vercu:toConcept name="cur_de-fi:bsBanks.ass.shares.investmentPortfolio"/>
      </vercu:conceptRename>
   </ver:action>
   <ver:action id="ver_100015">
      <ver:assignmentRef ref="assig_domain"/>
      <ver:assignmentRef ref="assig_correction"/>
      <ver:assignmentRef ref="assig_moved"/>
      <vercu:conceptRename>
         <vercu:fromConcept name="pre_de-fi:bsBanks.eqLiab.fundHomeLoanSavingsAssociationRules"/>
         <vercu:toConcept name="cur_de-fi:bsBanks.eqLiab.fundHomeLoanSavingsAssociationRules"/>
      </vercu:conceptRename>
   </ver:action>
   <ver:action id="ver_100016">
      <ver:assignmentRef ref="assig_domain"/>
      <vercu:conceptRename>
         <vercu:fromConcept name="pre_de-fi:bsBanks.eqLiab.equity.taxbalanceGenerally.reclassifications"/>
         <vercu:toConcept name="cur_de-fi:bsBanks.eqLiab.equity.taxbalanceGenerally.reclassifications"/>
      </vercu:conceptRename>
   </ver:action>
   <ver:action id="ver_100017">
      <ver:assignmentRef ref="assig_domain"/>
      <ver:assignmentRef ref="assig_moved"/>
      <vercu:conceptRename>
         <vercu:fromConcept name="pre_de-fi:isBanksdeprAmReceivAddLoanProv.deprAmReceiv.nonTradingBook.fundUnits"/>
         <vercu:toConcept name="cur_de-fi:isBanksdeprAmReceivAddLoanProv.deprAmReceiv.nonTradingBook.fundUnits"/>
      </vercu:conceptRename>
   </ver:action>
   <ver:action id="ver_100018">
      <ver:assignmentRef ref="assig_domain"/>
      <vercu:conceptRename>
         <vercu:fromConcept name="pre_de-gaap-ci:fpl.fiscalCorrectionsEStG4f"/>
         <vercu:toConcept name="cur_de-gaap-ci:fpl.fiscalCorrectionsEStG4f"/>
      </vercu:conceptRename>
   </ver:action>
   <ver:action id="ver_100019">
      <ver:assignmentRef ref="assig_domain"/>
      <vercu:conceptRename>
         <vercu:fromConcept name="pre_de-fi:isBanks.retainedEarningsPrevYear"/>
         <vercu:toConcept name="cur_de-fi:isBanks.retainedEarningsPrevYear"/>
      </vercu:conceptRename>
   </ver:action>
   <ver:action id="ver_100020">
      <ver:assignmentRef ref="assig_domain"/>
      <ver:assignmentRef ref="assig_moved"/>
      <vercu:conceptRename>
         <vercu:fromConcept name="pre_de-fi:isBanks.revenueRevalReceivReleaseLoanProv.revenueRevalReceiv.nonTradingBook"/>
         <vercu:toConcept name="cur_de-fi:isBanks.revenueRevalReceivReleaseLoanProv.revenueRevalReceiv.nonTradingBook"/>
      </vercu:conceptRename>
   </ver:action>
   <ver:action id="ver_100021">
      <ver:assignmentRef ref="assig_domain"/>
      <ver:assignmentRef ref="assig_moved"/>
      <vercu:conceptRename>
         <vercu:fromConcept name="pre_de-fi:bsBanks.ass.shares.investmentPortfolio.bankingBook"/>
         <vercu:toConcept name="cur_de-fi:bsBanks.ass.shares.investmentPortfolio.bankingBook"/>
      </vercu:conceptRename>
   </ver:action>
   <ver:action id="ver_100022">
      <ver:assignmentRef ref="assig_domain"/>
      <ver:assignmentRef ref="assig_correction"/>
      <ver:assignmentRef ref="assig_moved"/>
      <vercu:conceptRename>
         <vercu:fromConcept name="pre_de-fi:bsBanks.eqLiab.fundGeneralBankingRisks"/>
         <vercu:toConcept name="cur_de-fi:bsBanks.eqLiab.fundGeneralBankingRisks"/>
      </vercu:conceptRename>
   </ver:action>
</ver:report>