<?xml version="1.0" encoding="UTF-8"?>
<ver:report xmlns:ver="http://xbrl.org/2013/versioning-base"
            xmlns:vercu="http://xbrl.org/2013/versioning-concept-use"
            xmlns:xlink="http://www.w3.org/1999/xlink"
            xmlns:link="http://www.xbrl.org/2003/linkbase"
            xmlns:xsi="http://www.w3.org/2001/XMLSchema-instance"
            xmlns:cur_label="http://xbrl.org/2008/label"
            xmlns:cur_xbrli="http://www.xbrl.org/2003/instance"
            xmlns:cur_ins-shell="http://www.xbrl.de/taxonomies/de-ins-2018-04-01/shell"
            xmlns:cur_de-gaap-ci="http://www.xbrl.de/taxonomies/de-gaap-ci-2018-04-01"
            xmlns:cur_formula="http://xbrl.org/2008/formula"
            xmlns:cur_gen="http://xbrl.org/2008/generic"
            xmlns:cur_xlink="http://www.w3.org/1999/xlink"
            xmlns:cur_variable="http://xbrl.org/2008/variable"
            xmlns:cur_ins-shell-fiscal="http://www.xbrl.de/taxonomies/de-ins-2018-04-01/shell-fiscal"
            xmlns:cur_de-ins="http://www.xbrl.de/taxonomies/de-ins-2018-04-01"
            xmlns:cur_xbrldt="http://xbrl.org/2005/xbrldt"
            xmlns:cur_table="http://xbrl.org/2014/table"
            xmlns:cur_link="http://www.xbrl.org/2003/linkbase"
            xmlns:cur_de-hgbrole="http://www.xbrl.de/taxonomies/hgbrole-2018-04-01"
            xmlns:cur_xl="http://www.xbrl.org/2003/XLink"
            xmlns:pre_de-gaap-ci="http://www.xbrl.de/taxonomies/de-gaap-ci-2017-04-01"
            xmlns:pre_ins-shell="http://www.xbrl.de/taxonomies/de-ins-2017-04-01/shell"
            xmlns:pre_de-ins="http://www.xbrl.de/taxonomies/de-ins-2017-04-01"
            xmlns:pre_ins-shell-fiscal="http://www.xbrl.de/taxonomies/de-ins-2017-04-01/shell-fiscal"
            xmlns:pre_de-hgbrole="http://www.xbrl.de/taxonomies/hgbrole-2017-04-01"
            id="ver_100000">
   <link:linkbaseRef xlink:type="simple"
                     xlink:href="de-ins-2018-04-01-shell-fiscal-with-2017-04-01-label.xml"/>
   <ver:fromDTS>
      <link:schemaRef xlink:type="simple"
                      xlink:href="file:///var/opt/bamboo/xml-data/build-dir/131073/CORE-GRADLETESTER-JOB1/taxonomies/released/6.1-per-2017-04-01/xbrl/de-ins-2017-04-01/de-ins-2017-04-01-shell-fiscal.xsd"/>
   </ver:fromDTS>
   <ver:toDTS>
      <link:schemaRef xlink:type="simple"
                      xlink:href="file:///var/opt/bamboo/xml-data/build-dir/131073/CORE-GRADLETESTER-JOB1/xbrl.de/modules/ins/build/cleanTaxonomy/de-ins-2018-04-01/de-ins-2018-04-01-shell-fiscal.xsd"/>
   </ver:toDTS>
   <ver:assignment id="assig_domain"/>
   <ver:assignment id="assig_technical"/>
   <ver:assignment id="assig_correction"/>
   <ver:assignment id="assig_effectOnPosition"/>
   <ver:assignment id="assig_moved"/>
   <ver:assignment id="assig_Untergliederung_von_Erträge_aus_der_Auflösung_von_Steuerrückstellungen"/>
   <ver:assignment id="assig_DRS_24"/>
   <ver:action>
      <ver:assignmentRef ref="assig_technical"/>
      <ver:namespaceRename>
         <ver:fromURI value="http://www.xbrl.de/taxonomies/hgbrole-2017-04-01"/>
         <ver:toURI value="http://www.xbrl.de/taxonomies/hgbrole-2018-04-01"/>
      </ver:namespaceRename>
      <ver:namespaceRename>
         <ver:fromURI value="http://www.xbrl.de/taxonomies/de-ins-2017-04-01/shell-fiscal"/>
         <ver:toURI value="http://www.xbrl.de/taxonomies/de-ins-2018-04-01/shell-fiscal"/>
      </ver:namespaceRename>
      <ver:namespaceRename>
         <ver:fromURI value="http://www.xbrl.de/taxonomies/de-ins-2017-04-01"/>
         <ver:toURI value="http://www.xbrl.de/taxonomies/de-ins-2018-04-01"/>
      </ver:namespaceRename>
      <ver:namespaceRename>
         <ver:fromURI value="http://www.xbrl.de/taxonomies/de-gaap-ci-2017-04-01"/>
         <ver:toURI value="http://www.xbrl.de/taxonomies/de-gaap-ci-2018-04-01"/>
      </ver:namespaceRename>
      <ver:namespaceRename>
         <ver:fromURI value="http://www.xbrl.de/taxonomies/de-ins-2017-04-01/shell"/>
         <ver:toURI value="http://www.xbrl.de/taxonomies/de-ins-2018-04-01/shell"/>
      </ver:namespaceRename>
   </ver:action>
   <ver:action id="ver_100001">
      <ver:assignmentRef ref="assig_correction"/>
      <vercu:conceptRename>
         <vercu:fromConcept name="pre_de-ins:bsIns.eqLiab.equity.subscribed.calledIn"/>
         <vercu:toConcept name="cur_de-ins:bsIns.eqLiab.equity.subscribed.calledIn"/>
      </vercu:conceptRename>
   </ver:action>
   <ver:action id="ver_100002">
      <ver:assignmentRef ref="assig_correction"/>
      <vercu:conceptRename>
         <vercu:fromConcept name="pre_de-ins:bsIns.eqLiab.equity.revenueRes.legal.finalPrev"/>
         <vercu:toConcept name="cur_de-ins:bsIns.eqLiab.equity.revenueRes.legal.finalPrev"/>
      </vercu:conceptRename>
   </ver:action>
   <ver:action id="ver_100003">
      <ver:assignmentRef ref="assig_correction"/>
      <vercu:conceptRename>
         <vercu:fromConcept name="pre_de-gaap-ci:bs.ass.fixAss.fin.particip.silent.atypical"/>
         <vercu:toConcept name="cur_de-gaap-ci:bs.ass.fixAss.fin.particip.silent.atypical"/>
      </vercu:conceptRename>
   </ver:action>
   <ver:action id="ver_100004">
      <ver:assignmentRef ref="assig_correction"/>
      <vercu:conceptRename>
         <vercu:fromConcept name="pre_de-ins:bsIns.eqLiab.equity.subscribed.unpaidCap"/>
         <vercu:toConcept name="cur_de-ins:bsIns.eqLiab.equity.subscribed.unpaidCap"/>
      </vercu:conceptRename>
   </ver:action>
   <ver:action id="ver_100005">
      <ver:assignmentRef ref="assig_correction"/>
      <vercu:conceptRename>
         <vercu:fromConcept name="pre_de-ins:bsIns.eqLiab.equity.taxBalanceGenerally.comment"/>
         <vercu:toConcept name="cur_de-ins:bsIns.eqLiab.equity.taxBalanceGenerally.comment"/>
      </vercu:conceptRename>
   </ver:action>
   <ver:action id="ver_100006">
      <ver:assignmentRef ref="assig_correction"/>
      <vercu:conceptRename>
         <vercu:fromConcept name="pre_de-ins:bsIns.eqLiab.pensionFundProvisions.unearnedPremiumsForeign"/>
         <vercu:toConcept name="cur_de-ins:bsIns.eqLiab.pensionFundProvisions.unearnedPremiumsForeign"/>
      </vercu:conceptRename>
   </ver:action>
   <ver:action id="ver_100007">
      <ver:assignmentRef ref="assig_correction"/>
      <vercu:conceptRename>
         <vercu:fromConcept name="pre_de-gaap-ci:bs.ass.fixAss.fin.sharesInAffilOtherForeign"/>
         <vercu:toConcept name="cur_de-gaap-ci:bs.ass.fixAss.fin.sharesInAffilOtherForeign"/>
      </vercu:conceptRename>
   </ver:action>
   <ver:action id="ver_100008">
      <ver:assignmentRef ref="assig_correction"/>
      <vercu:conceptRename>
         <vercu:fromConcept name="pre_de-ins:isIns.gainLoss.releaseRevenReserves.sharesParentComp"/>
         <vercu:toConcept name="cur_de-ins:isIns.gainLoss.releaseRevenReserves.sharesParentComp"/>
      </vercu:conceptRename>
   </ver:action>
   <ver:action id="ver_100009">
      <ver:assignmentRef ref="assig_correction"/>
      <vercu:conceptRename>
         <vercu:fromConcept name="pre_de-ins:bsIns.eqLiab.technicalProvisions.equalisationProvForeign"/>
         <vercu:toConcept name="cur_de-ins:bsIns.eqLiab.technicalProvisions.equalisationProvForeign"/>
      </vercu:conceptRename>
   </ver:action>
   <ver:action id="ver_100010">
      <ver:assignmentRef ref="assig_correction"/>
      <vercu:conceptRename>
         <vercu:fromConcept name="pre_de-ins:bsIns.eqLiab.pensionFundProvisionsInsRiskEmpl.otherForeign"/>
         <vercu:toConcept name="cur_de-ins:bsIns.eqLiab.pensionFundProvisionsInsRiskEmpl.otherForeign"/>
      </vercu:conceptRename>
   </ver:action>
   <ver:action id="ver_100011">
      <ver:assignmentRef ref="assig_correction"/>
      <vercu:conceptRename>
         <vercu:fromConcept name="pre_de-ins:isIns.nonTechnicalAccount.regular"/>
         <vercu:toConcept name="cur_de-ins:isIns.nonTechnicalAccount.regular"/>
      </vercu:conceptRename>
   </ver:action>
   <ver:action id="ver_100012">
      <ver:assignmentRef ref="assig_correction"/>
      <vercu:conceptRename>
         <vercu:fromConcept name="pre_de-ins:bsIns.ass.investments.otherForeign"/>
         <vercu:toConcept name="cur_de-ins:bsIns.ass.investments.otherForeign"/>
      </vercu:conceptRename>
   </ver:action>
   <ver:action id="ver_100013">
      <ver:assignmentRef ref="assig_correction"/>
      <vercu:conceptRename>
         <vercu:fromConcept name="pre_de-ins:isIns.nonTechnicalAccount.tax.kest.other"/>
         <vercu:toConcept name="cur_de-ins:isIns.nonTechnicalAccount.tax.kest.other"/>
      </vercu:conceptRename>
   </ver:action>
   <ver:action id="ver_100014">
      <ver:assignmentRef ref="assig_correction"/>
      <vercu:conceptRename>
         <vercu:fromConcept name="pre_de-ins:bsIns.eqLiab.liab.directInsOperationsForeign"/>
         <vercu:toConcept name="cur_de-ins:bsIns.eqLiab.liab.directInsOperationsForeign"/>
      </vercu:conceptRename>
   </ver:action>
   <ver:action id="ver_100015">
      <ver:assignmentRef ref="assig_correction"/>
      <vercu:conceptRename>
         <vercu:fromConcept name="pre_de-gaap-ci:bs.ass.fixAss.fin.otherLoansOtherForeign"/>
         <vercu:toConcept name="cur_de-gaap-ci:bs.ass.fixAss.fin.otherLoansOtherForeign"/>
      </vercu:conceptRename>
   </ver:action>
   <ver:action id="ver_100016">
      <ver:assignmentRef ref="assig_correction"/>
      <vercu:conceptRename>
         <vercu:fromConcept name="pre_de-ins:bsIns.eqLiab.equity.profitLoss"/>
         <vercu:toConcept name="cur_de-ins:bsIns.eqLiab.equity.profitLoss"/>
      </vercu:conceptRename>
   </ver:action>
   <ver:action id="ver_100017">
      <ver:assignmentRef ref="assig_correction"/>
      <vercu:conceptRename>
         <vercu:fromConcept name="pre_de-ins:bsIns.ass.receiv.pensionFundForeign"/>
         <vercu:toConcept name="cur_de-ins:bsIns.ass.receiv.pensionFundForeign"/>
      </vercu:conceptRename>
   </ver:action>
   <ver:action id="ver_100018">
      <ver:assignmentRef ref="assig_correction"/>
      <vercu:conceptRename>
         <vercu:fromConcept name="pre_de-ins:bsIns.eqLiab.technicalProvisionsLifeInsRiskPolicyholder.otherForeign"/>
         <vercu:toConcept name="cur_de-ins:bsIns.eqLiab.technicalProvisionsLifeInsRiskPolicyholder.otherForeign"/>
      </vercu:conceptRename>
   </ver:action>
   <ver:action id="ver_100019">
      <ver:assignmentRef ref="assig_correction"/>
      <vercu:conceptRename>
         <vercu:fromConcept name="pre_de-gaap-ci:bs.ass.fixAss.fin.loansToAffilOtherForeign"/>
         <vercu:toConcept name="cur_de-gaap-ci:bs.ass.fixAss.fin.loansToAffilOtherForeign"/>
      </vercu:conceptRename>
   </ver:action>
   <ver:action id="ver_100020">
      <ver:assignmentRef ref="assig_correction"/>
      <vercu:conceptRename>
         <vercu:fromConcept name="pre_de-ins:bsIns.eqLiab.equity.revenueRes.profitPresentYear"/>
         <vercu:toConcept name="cur_de-ins:bsIns.eqLiab.equity.revenueRes.profitPresentYear"/>
      </vercu:conceptRename>
   </ver:action>
   <ver:action id="ver_100021">
      <ver:assignmentRef ref="assig_correction"/>
      <vercu:conceptRename>
         <vercu:fromConcept name="pre_de-ins:bsIns.eqLiab.liab.securities"/>
         <vercu:toConcept name="cur_de-ins:bsIns.eqLiab.liab.securities"/>
      </vercu:conceptRename>
   </ver:action>
   <ver:action id="ver_100022">
      <ver:assignmentRef ref="assig_correction"/>
      <vercu:conceptRename>
         <vercu:fromConcept name="pre_de-ins:bs.eqLiab.accruals.pensionsForeign"/>
         <vercu:toConcept name="cur_de-ins:bs.eqLiab.accruals.pensionsForeign"/>
      </vercu:conceptRename>
   </ver:action>
   <ver:action id="ver_100023">
      <ver:assignmentRef ref="assig_correction"/>
      <vercu:conceptRename>
         <vercu:fromConcept name="pre_de-ins:bsIns.eqLiab.pensionFundProvisions.bonusesForeign"/>
         <vercu:toConcept name="cur_de-ins:bsIns.eqLiab.pensionFundProvisions.bonusesForeign"/>
      </vercu:conceptRename>
   </ver:action>
   <ver:action id="ver_100024">
      <ver:assignmentRef ref="assig_domain"/>
      <ver:assignmentRef ref="assig_DRS_24"/>
      <vercu:conceptAdd physical="true">
         <vercu:toConcept name="cur_de-ins:bsIns.ass.fixAssIntan.concessionBrands.free"/>
      </vercu:conceptAdd>
   </ver:action>
   <ver:action id="ver_100025">
      <ver:assignmentRef ref="assig_correction"/>
      <vercu:conceptRename>
         <vercu:fromConcept name="pre_de-ins:bsIns.ass.investments.landBuildingsOtherForeign"/>
         <vercu:toConcept name="cur_de-ins:bsIns.ass.investments.landBuildingsOtherForeign"/>
      </vercu:conceptRename>
   </ver:action>
   <ver:action id="ver_100026">
      <ver:assignmentRef ref="assig_correction"/>
      <vercu:conceptRename>
         <vercu:fromConcept name="pre_de-ins:bsIns.eqLiab.accruals.otherForeign"/>
         <vercu:toConcept name="cur_de-ins:bsIns.eqLiab.accruals.otherForeign"/>
      </vercu:conceptRename>
   </ver:action>
   <ver:action id="ver_100027">
      <ver:assignmentRef ref="assig_correction"/>
      <vercu:conceptRename>
         <vercu:fromConcept name="pre_de-gaap-ci:bs.ass.fixAss.tan.otherEquipmOtherForeign"/>
         <vercu:toConcept name="cur_de-gaap-ci:bs.ass.fixAss.tan.otherEquipmOtherForeign"/>
      </vercu:conceptRename>
   </ver:action>
   <ver:action id="ver_100028">
      <ver:assignmentRef ref="assig_correction"/>
      <vercu:conceptRename>
         <vercu:fromConcept name="pre_de-gaap-ci:bs.ass.fixAss.fin.loansToParticipOtherForeign"/>
         <vercu:toConcept name="cur_de-gaap-ci:bs.ass.fixAss.fin.loansToParticipOtherForeign"/>
      </vercu:conceptRename>
   </ver:action>
   <ver:action id="ver_100029">
      <ver:assignmentRef ref="assig_correction"/>
      <vercu:conceptRename>
         <vercu:fromConcept name="pre_de-ins:bsIns.eqLiab.equity.netIncome"/>
         <vercu:toConcept name="cur_de-ins:bsIns.eqLiab.equity.netIncome"/>
      </vercu:conceptRename>
   </ver:action>
   <ver:action id="ver_100030">
      <ver:assignmentRef ref="assig_correction"/>
      <vercu:conceptRename>
         <vercu:fromConcept name="pre_de-ins:bsIns.eqLiab.equity.capRes"/>
         <vercu:toConcept name="cur_de-ins:bsIns.eqLiab.equity.capRes"/>
      </vercu:conceptRename>
   </ver:action>
   <ver:action id="ver_100031">
      <ver:assignmentRef ref="assig_correction"/>
      <vercu:conceptRename>
         <vercu:fromConcept name="pre_de-gaap-ci:bs.ass.fixAss.tan.machinery.otherForeign"/>
         <vercu:toConcept name="cur_de-gaap-ci:bs.ass.fixAss.tan.machinery.otherForeign"/>
      </vercu:conceptRename>
   </ver:action>
   <ver:action id="ver_100032">
      <ver:assignmentRef ref="assig_domain"/>
      <ver:assignmentRef ref="assig_technical"/>
      <ver:assignmentRef ref="assig_Untergliederung_von_Erträge_aus_der_Auflösung_von_Steuerrückstellungen"/>
      <vercu:conceptAdd physical="true">
         <vercu:toConcept name="cur_de-ins:isIns.nonTechnicalAccount.tax.releaseTaxProv.GewSt"/>
      </vercu:conceptAdd>
   </ver:action>
   <ver:action id="ver_100033">
      <ver:assignmentRef ref="assig_correction"/>
      <vercu:conceptRename>
         <vercu:fromConcept name="pre_de-ins:bsIns.ass.other.tanFixAssAndInventoriesForeign"/>
         <vercu:toConcept name="cur_de-ins:bsIns.ass.other.tanFixAssAndInventoriesForeign"/>
      </vercu:conceptRename>
   </ver:action>
   <ver:action id="ver_100034">
      <ver:assignmentRef ref="assig_correction"/>
      <vercu:conceptRename>
         <vercu:fromConcept name="pre_de-ins:bsIns.eqLiab.pensionFundProvisionsInsRiskEmpl.premiumResForeign"/>
         <vercu:toConcept name="cur_de-ins:bsIns.eqLiab.pensionFundProvisionsInsRiskEmpl.premiumResForeign"/>
      </vercu:conceptRename>
   </ver:action>
   <ver:action id="ver_100035">
      <ver:assignmentRef ref="assig_correction"/>
      <vercu:conceptRename>
         <vercu:fromConcept name="pre_de-ins:bsIns.eqLiab.liab.pensionFundOperationsForeign"/>
         <vercu:toConcept name="cur_de-ins:bsIns.eqLiab.liab.pensionFundOperationsForeign"/>
      </vercu:conceptRename>
   </ver:action>
   <ver:action id="ver_100036">
      <ver:assignmentRef ref="assig_domain"/>
      <ver:assignmentRef ref="assig_technical"/>
      <ver:assignmentRef ref="assig_Untergliederung_von_Erträge_aus_der_Auflösung_von_Steuerrückstellungen"/>
      <vercu:conceptAdd physical="true">
         <vercu:toConcept name="cur_de-ins:isIns.nonTechnicalAccount.tax.releaseTaxProv.misc"/>
      </vercu:conceptAdd>
   </ver:action>
   <ver:action id="ver_100037">
      <ver:assignmentRef ref="assig_correction"/>
      <vercu:conceptRename>
         <vercu:fromConcept name="pre_de-ins:bsIns.eqLiab.technicalProvisions.unearnedPremiumsForeign"/>
         <vercu:toConcept name="cur_de-ins:bsIns.eqLiab.technicalProvisions.unearnedPremiumsForeign"/>
      </vercu:conceptRename>
   </ver:action>
   <ver:action id="ver_100038">
      <ver:assignmentRef ref="assig_correction"/>
      <vercu:conceptRename>
         <vercu:fromConcept name="pre_de-gaap-ci:bs.ass.fixAss.fin.participOtherForeign"/>
         <vercu:toConcept name="cur_de-gaap-ci:bs.ass.fixAss.fin.participOtherForeign"/>
      </vercu:conceptRename>
   </ver:action>
   <ver:action id="ver_100039">
      <ver:assignmentRef ref="assig_correction"/>
      <vercu:conceptRename>
         <vercu:fromConcept name="pre_de-gaap-ci:bs.ass.fixAss.tan.inConstrAdvPaymOtherForeign"/>
         <vercu:toConcept name="cur_de-gaap-ci:bs.ass.fixAss.tan.inConstrAdvPaymOtherForeign"/>
      </vercu:conceptRename>
   </ver:action>
   <ver:action id="ver_100040">
      <ver:assignmentRef ref="assig_correction"/>
      <vercu:conceptRename>
         <vercu:fromConcept name="pre_de-gaap-ci:bs.ass.fixAss.fin.particip.silent.typical"/>
         <vercu:toConcept name="cur_de-gaap-ci:bs.ass.fixAss.fin.particip.silent.typical"/>
      </vercu:conceptRename>
   </ver:action>
   <ver:action id="ver_100041">
      <ver:assignmentRef ref="assig_correction"/>
      <vercu:conceptRename>
         <vercu:fromConcept name="pre_de-ins:bsIns.eqLiab.pretaxRes.res.obligationAssumption"/>
         <vercu:toConcept name="cur_de-ins:bsIns.eqLiab.pretaxRes.res.obligationAssumption"/>
      </vercu:conceptRename>
   </ver:action>
   <ver:action id="ver_100042">
      <ver:assignmentRef ref="assig_correction"/>
      <vercu:conceptRename>
         <vercu:fromConcept name="pre_de-ins:bsIns.eqLiab.liab.bank.collateralised"/>
         <vercu:toConcept name="cur_de-ins:bsIns.eqLiab.liab.bank.collateralised"/>
      </vercu:conceptRename>
   </ver:action>
   <ver:action id="ver_100043">
      <ver:assignmentRef ref="assig_correction"/>
      <vercu:conceptRename>
         <vercu:fromConcept name="pre_de-gaap-ci:bs.ass.fixAss.fin.loansToParticip.partnerships"/>
         <vercu:toConcept name="cur_de-gaap-ci:bs.ass.fixAss.fin.loansToParticip.partnerships"/>
      </vercu:conceptRename>
   </ver:action>
   <ver:action id="ver_100044">
      <ver:assignmentRef ref="assig_domain"/>
      <ver:assignmentRef ref="assig_DRS_24"/>
      <vercu:conceptRename>
         <vercu:fromConcept name="pre_de-ins:bsIns.ass.other.fixAssTanAndInventories.inventories"/>
         <vercu:toConcept name="cur_de-ins:bsIns.ass.other.fixAssTanAndInventories.inventories"/>
      </vercu:conceptRename>
   </ver:action>
   <ver:action id="ver_100045">
      <ver:assignmentRef ref="assig_correction"/>
      <vercu:conceptRename>
         <vercu:fromConcept name="pre_de-ins:isIns.gainLoss.additionRevenReserves.sharesParentComp"/>
         <vercu:toConcept name="cur_de-ins:isIns.gainLoss.additionRevenReserves.sharesParentComp"/>
      </vercu:conceptRename>
   </ver:action>
   <ver:action id="ver_100046">
      <ver:assignmentRef ref="assig_correction"/>
      <vercu:conceptRename>
         <vercu:fromConcept name="pre_de-ins:isIns.gainLoss.releaseRevenReserves.ownSharesRes"/>
         <vercu:toConcept name="cur_de-ins:isIns.gainLoss.releaseRevenReserves.ownSharesRes"/>
      </vercu:conceptRename>
   </ver:action>
   <ver:action id="ver_100047">
      <ver:assignmentRef ref="assig_correction"/>
      <vercu:conceptRename>
         <vercu:fromConcept name="pre_de-ins:bsIns.eqLiab.technicalProvisionsLifeInsRiskPolicyholder.premiumResForeign"/>
         <vercu:toConcept name="cur_de-ins:bsIns.eqLiab.technicalProvisionsLifeInsRiskPolicyholder.premiumResForeign"/>
      </vercu:conceptRename>
   </ver:action>
   <ver:action id="ver_100048">
      <ver:assignmentRef ref="assig_correction"/>
      <vercu:conceptRename>
         <vercu:fromConcept name="pre_de-ins:bsIns.eqLiab.technicalProvisions.otherForeign"/>
         <vercu:toConcept name="cur_de-ins:bsIns.eqLiab.technicalProvisions.otherForeign"/>
      </vercu:conceptRename>
   </ver:action>
   <ver:action id="ver_100049">
      <ver:assignmentRef ref="assig_domain"/>
      <ver:assignmentRef ref="assig_technical"/>
      <ver:assignmentRef ref="assig_Untergliederung_von_Erträge_aus_der_Auflösung_von_Steuerrückstellungen"/>
      <vercu:conceptAdd physical="true">
         <vercu:toConcept name="cur_de-ins:isIns.nonTechnicalAccount.tax.releaseTaxProv.Soli"/>
      </vercu:conceptAdd>
   </ver:action>
   <ver:action id="ver_100050">
      <ver:assignmentRef ref="assig_correction"/>
      <vercu:conceptRename>
         <vercu:fromConcept name="pre_de-ins:bsIns.eqLiab.accInsRiskPolHolder.otherForeign"/>
         <vercu:toConcept name="cur_de-ins:bsIns.eqLiab.accInsRiskPolHolder.otherForeign"/>
      </vercu:conceptRename>
   </ver:action>
   <ver:action id="ver_100051">
      <ver:assignmentRef ref="assig_correction"/>
      <vercu:conceptRename>
         <vercu:fromConcept name="pre_de-ins:bsIns.eqLiab.equity.retainedEarnings"/>
         <vercu:toConcept name="cur_de-ins:bsIns.eqLiab.equity.retainedEarnings"/>
      </vercu:conceptRename>
   </ver:action>
   <ver:action id="ver_100052">
      <ver:assignmentRef ref="assig_correction"/>
      <vercu:conceptRename>
         <vercu:fromConcept name="pre_de-ins:bsIns.eqLiab.technicalProvisions.premiumResForeign"/>
         <vercu:toConcept name="cur_de-ins:bsIns.eqLiab.technicalProvisions.premiumResForeign"/>
      </vercu:conceptRename>
   </ver:action>
   <ver:action id="ver_100053">
      <ver:assignmentRef ref="assig_correction"/>
      <vercu:conceptRename>
         <vercu:fromConcept name="pre_de-ins:isIns.gainLoss"/>
         <vercu:toConcept name="cur_de-ins:isIns.gainLoss"/>
      </vercu:conceptRename>
   </ver:action>
   <ver:action id="ver_100054">
      <ver:assignmentRef ref="assig_domain"/>
      <ver:assignmentRef ref="assig_DRS_24"/>
      <vercu:conceptRename>
         <vercu:fromConcept name="pre_de-ins:bsIns.ass.fixAssIntan"/>
         <vercu:toConcept name="cur_de-ins:bsIns.ass.fixAssIntan"/>
      </vercu:conceptRename>
   </ver:action>
   <ver:action id="ver_100055">
      <ver:assignmentRef ref="assig_correction"/>
      <vercu:conceptRename>
         <vercu:fromConcept name="pre_de-ins:isIns.gainLoss.releaseRevenReserves.legalRes"/>
         <vercu:toConcept name="cur_de-ins:isIns.gainLoss.releaseRevenReserves.legalRes"/>
      </vercu:conceptRename>
   </ver:action>
   <ver:action id="ver_100056">
      <ver:assignmentRef ref="assig_correction"/>
      <vercu:conceptRename>
         <vercu:fromConcept name="pre_de-ins:isIns.nonTechnicalAccount.incomeFromNetParticipation.profitTransfer"/>
         <vercu:toConcept name="cur_de-ins:isIns.nonTechnicalAccount.incomeFromNetParticipation.profitTransfer"/>
      </vercu:conceptRename>
   </ver:action>
   <ver:action id="ver_100057">
      <ver:assignmentRef ref="assig_domain"/>
      <ver:assignmentRef ref="assig_DRS_24"/>
      <vercu:conceptRename>
         <vercu:fromConcept name="pre_de-ins:bsIns.ass.fixAssIntan.selfmade"/>
         <vercu:toConcept name="cur_de-ins:bsIns.ass.fixAssIntan.selfmade"/>
      </vercu:conceptRename>
   </ver:action>
   <ver:action id="ver_100058">
      <ver:assignmentRef ref="assig_correction"/>
      <vercu:conceptRename>
         <vercu:fromConcept name="pre_de-gaap-ci:bs.ass.fixAss.fin.securitiesOtherForeign"/>
         <vercu:toConcept name="cur_de-gaap-ci:bs.ass.fixAss.fin.securitiesOtherForeign"/>
      </vercu:conceptRename>
   </ver:action>
   <ver:action id="ver_100059">
      <ver:assignmentRef ref="assig_correction"/>
      <vercu:conceptRename>
         <vercu:fromConcept name="pre_de-ins:isIns.nonTechnicalAccount.extraord"/>
         <vercu:toConcept name="cur_de-ins:isIns.nonTechnicalAccount.extraord"/>
      </vercu:conceptRename>
   </ver:action>
   <ver:action id="ver_100060">
      <ver:assignmentRef ref="assig_correction"/>
      <vercu:conceptRename>
         <vercu:fromConcept name="pre_de-ins:bsIns.eqLiab.accruals.pensions.HGB246_1"/>
         <vercu:toConcept name="cur_de-ins:bsIns.eqLiab.accruals.pensions.HGB246_1"/>
      </vercu:conceptRename>
   </ver:action>
   <ver:action id="ver_100061">
      <ver:assignmentRef ref="assig_correction"/>
      <vercu:conceptRename>
         <vercu:fromConcept name="pre_de-ins:bsIns.eqLiab.pensionFundProvisions.otherForeign"/>
         <vercu:toConcept name="cur_de-ins:bsIns.eqLiab.pensionFundProvisions.otherForeign"/>
      </vercu:conceptRename>
   </ver:action>
   <ver:action id="ver_100062">
      <ver:assignmentRef ref="assig_domain"/>
      <ver:assignmentRef ref="assig_DRS_24"/>
      <vercu:conceptRename>
         <vercu:fromConcept name="pre_de-ins:bsIns.ass.investments.landBuildings"/>
         <vercu:toConcept name="cur_de-ins:bsIns.ass.investments.landBuildings"/>
      </vercu:conceptRename>
   </ver:action>
   <ver:action id="ver_100063">
      <ver:assignmentRef ref="assig_correction"/>
      <vercu:conceptRename>
         <vercu:fromConcept name="pre_de-ins:bsIns.ass.investments.sharesInAffilOtherForeign"/>
         <vercu:toConcept name="cur_de-ins:bsIns.ass.investments.sharesInAffilOtherForeign"/>
      </vercu:conceptRename>
   </ver:action>
   <ver:action id="ver_100064">
      <ver:assignmentRef ref="assig_correction"/>
      <vercu:conceptRename>
         <vercu:fromConcept name="pre_de-gaap-ci:bs.ass.fixAss.tan.landBuildingsOtherForeign"/>
         <vercu:toConcept name="cur_de-gaap-ci:bs.ass.fixAss.tan.landBuildingsOtherForeign"/>
      </vercu:conceptRename>
   </ver:action>
   <ver:action id="ver_100065">
      <ver:assignmentRef ref="assig_correction"/>
      <vercu:conceptRename>
         <vercu:fromConcept name="pre_de-ins:bsIns.eqLiab.liab.other.collateralised"/>
         <vercu:toConcept name="cur_de-ins:bsIns.eqLiab.liab.other.collateralised"/>
      </vercu:conceptRename>
   </ver:action>
   <ver:action id="ver_100066">
      <ver:assignmentRef ref="assig_correction"/>
      <vercu:conceptRename>
         <vercu:fromConcept name="pre_de-ins:bsIns.eqLiab.technicalProvisions.unsettledClaimsForeign"/>
         <vercu:toConcept name="cur_de-ins:bsIns.eqLiab.technicalProvisions.unsettledClaimsForeign"/>
      </vercu:conceptRename>
   </ver:action>
   <ver:action id="ver_100067">
      <ver:assignmentRef ref="assig_correction"/>
      <vercu:conceptRename>
         <vercu:fromConcept name="pre_de-gaap-ci:bs.ass.fixAss.intan.concessionBrandsOtherForeign"/>
         <vercu:toConcept name="cur_de-gaap-ci:bs.ass.fixAss.intan.concessionBrandsOtherForeign"/>
      </vercu:conceptRename>
   </ver:action>
   <ver:action id="ver_100068">
      <ver:assignmentRef ref="assig_correction"/>
      <vercu:conceptRename>
         <vercu:fromConcept name="pre_de-ins:bsIns.eqLiab.equity.revenueRes.forPresentYear"/>
         <vercu:toConcept name="cur_de-ins:bsIns.eqLiab.equity.revenueRes.forPresentYear"/>
      </vercu:conceptRename>
   </ver:action>
   <ver:action id="ver_100069">
      <ver:assignmentRef ref="assig_correction"/>
      <vercu:conceptRename>
         <vercu:fromConcept name="pre_de-ins:bsIns.eqLiab.equity.capRes.usePresentYear"/>
         <vercu:toConcept name="cur_de-ins:bsIns.eqLiab.equity.capRes.usePresentYear"/>
      </vercu:conceptRename>
   </ver:action>
   <ver:action id="ver_100070">
      <ver:assignmentRef ref="assig_correction"/>
      <vercu:conceptRename>
         <vercu:fromConcept name="pre_de-ins:bsIns.eqLiab.accruals.taxForeign"/>
         <vercu:toConcept name="cur_de-ins:bsIns.eqLiab.accruals.taxForeign"/>
      </vercu:conceptRename>
   </ver:action>
   <ver:action id="ver_100071">
      <ver:assignmentRef ref="assig_correction"/>
      <vercu:conceptRename>
         <vercu:fromConcept name="pre_de-ins:isIns.nonTechnicalAccount.extraord.expenses.restructuring"/>
         <vercu:toConcept name="cur_de-ins:isIns.nonTechnicalAccount.extraord.expenses.restructuring"/>
      </vercu:conceptRename>
   </ver:action>
   <ver:action id="ver_100072">
      <ver:assignmentRef ref="assig_correction"/>
      <vercu:conceptRename>
         <vercu:fromConcept name="pre_de-ins:bsIns.ass.other.cashEquivForeign"/>
         <vercu:toConcept name="cur_de-ins:bsIns.ass.other.cashEquivForeign"/>
      </vercu:conceptRename>
   </ver:action>
   <ver:action id="ver_100073">
      <ver:assignmentRef ref="assig_domain"/>
      <ver:assignmentRef ref="assig_technical"/>
      <ver:assignmentRef ref="assig_Untergliederung_von_Erträge_aus_der_Auflösung_von_Steuerrückstellungen"/>
      <vercu:conceptAdd physical="true">
         <vercu:toConcept name="cur_de-ins:isIns.nonTechnicalAccount.tax.releaseTaxProv.KSt"/>
      </vercu:conceptAdd>
   </ver:action>
   <ver:action id="ver_100074">
      <ver:assignmentRef ref="assig_correction"/>
      <vercu:conceptRename>
         <vercu:fromConcept name="pre_de-ins:bsIns.eqLiab.pensionFundProvisions.claimsOutstandingForeign"/>
         <vercu:toConcept name="cur_de-ins:bsIns.eqLiab.pensionFundProvisions.claimsOutstandingForeign"/>
      </vercu:conceptRename>
   </ver:action>
   <ver:action id="ver_100075">
      <ver:assignmentRef ref="assig_correction"/>
      <vercu:conceptRename>
         <vercu:fromConcept name="pre_de-gaap-ci:bs.ass.fixAss.fin.loansToParticip.corporations"/>
         <vercu:toConcept name="cur_de-gaap-ci:bs.ass.fixAss.fin.loansToParticip.corporations"/>
      </vercu:conceptRename>
   </ver:action>
   <ver:action id="ver_100076">
      <ver:assignmentRef ref="assig_correction"/>
      <vercu:conceptRename>
         <vercu:fromConcept name="pre_de-ins:isIns.nonTechnicalAccount.otherForeign"/>
         <vercu:toConcept name="cur_de-ins:isIns.nonTechnicalAccount.otherForeign"/>
      </vercu:conceptRename>
   </ver:action>
   <ver:action id="ver_100077">
      <ver:assignmentRef ref="assig_correction"/>
      <vercu:conceptRename>
         <vercu:fromConcept name="pre_de-ins:bsIns.eqLiab.pensionFundProvisions.premiumResForeign"/>
         <vercu:toConcept name="cur_de-ins:bsIns.eqLiab.pensionFundProvisions.premiumResForeign"/>
      </vercu:conceptRename>
   </ver:action>
   <ver:action id="ver_100078">
      <ver:assignmentRef ref="assig_correction"/>
      <vercu:conceptRename>
         <vercu:fromConcept name="pre_de-ins:isIns.nonTechnicalAccount.investmentExpenses.lossFromNetParticipation.fiscalUnity.minorityInterest"/>
         <vercu:toConcept name="cur_de-ins:isIns.nonTechnicalAccount.investmentExpenses.lossFromNetParticipation.fiscalUnity.minorityInterest"/>
      </vercu:conceptRename>
   </ver:action>
   <ver:action id="ver_100079">
      <ver:assignmentRef ref="assig_correction"/>
      <vercu:conceptRename>
         <vercu:fromConcept name="pre_de-ins:bsIns.eqLiab.equity.profSharing"/>
         <vercu:toConcept name="cur_de-ins:bsIns.eqLiab.equity.profSharing"/>
      </vercu:conceptRename>
   </ver:action>
   <ver:action id="ver_100080">
      <ver:assignmentRef ref="assig_correction"/>
      <vercu:conceptRename>
         <vercu:fromConcept name="pre_de-ins:isIns.gainLoss.additionRevenReserves.statRes"/>
         <vercu:toConcept name="cur_de-ins:isIns.gainLoss.additionRevenReserves.statRes"/>
      </vercu:conceptRename>
   </ver:action>
   <ver:action id="ver_100081">
      <ver:assignmentRef ref="assig_correction"/>
      <vercu:conceptRename>
         <vercu:fromConcept name="pre_de-gaap-ci:bs.ass.fixAss.intan.goodwillOtherForeign"/>
         <vercu:toConcept name="cur_de-gaap-ci:bs.ass.fixAss.intan.goodwillOtherForeign"/>
      </vercu:conceptRename>
   </ver:action>
   <ver:action id="ver_100082">
      <ver:assignmentRef ref="assig_correction"/>
      <vercu:conceptRename>
         <vercu:fromConcept name="pre_de-ins:bsIns.eqLiab.technicalProvisions.bonusesForeign"/>
         <vercu:toConcept name="cur_de-ins:bsIns.eqLiab.technicalProvisions.bonusesForeign"/>
      </vercu:conceptRename>
   </ver:action>
   <ver:action id="ver_100083">
      <ver:assignmentRef ref="assig_domain"/>
      <ver:assignmentRef ref="assig_correction"/>
      <ver:assignmentRef ref="assig_DRS_24"/>
      <vercu:conceptRename>
         <vercu:fromConcept name="pre_de-ins:bsIns.ass.fixAssIntan.concessionBrandsOtherForeign"/>
         <vercu:toConcept name="cur_de-ins:bsIns.ass.fixAssIntan.concessionBrandsOtherForeign"/>
      </vercu:conceptRename>
   </ver:action>
   <ver:action id="ver_100084">
      <ver:assignmentRef ref="assig_correction"/>
      <vercu:conceptRename>
         <vercu:fromConcept name="pre_de-ins:isIns.nonTechnicalAccount.investmentIncome.profSharing.fiscalUnity.profitTransfer"/>
         <vercu:toConcept name="cur_de-ins:isIns.nonTechnicalAccount.investmentIncome.profSharing.fiscalUnity.profitTransfer"/>
      </vercu:conceptRename>
   </ver:action>
   <ver:action id="ver_100085">
      <ver:assignmentRef ref="assig_correction"/>
      <vercu:conceptRename>
         <vercu:fromConcept name="pre_de-ins:bsIns.ass.receiv.directInsForeign"/>
         <vercu:toConcept name="cur_de-ins:bsIns.ass.receiv.directInsForeign"/>
      </vercu:conceptRename>
   </ver:action>
   <ver:action id="ver_100086">
      <ver:assignmentRef ref="assig_correction"/>
      <vercu:conceptRename>
         <vercu:fromConcept name="pre_de-ins:bsIns.eqLiab.technicalProvisions.premiumRes.reins.grossForecastForeign"/>
         <vercu:toConcept name="cur_de-ins:bsIns.eqLiab.technicalProvisions.premiumRes.reins.grossForecastForeign"/>
      </vercu:conceptRename>
   </ver:action>
   <ver:action id="ver_100087">
      <ver:assignmentRef ref="assig_correction"/>
      <vercu:conceptRename>
         <vercu:fromConcept name="pre_de-ins:bsIns.eqLiab.equity.capRes.addPresentYear"/>
         <vercu:toConcept name="cur_de-ins:bsIns.eqLiab.equity.capRes.addPresentYear"/>
      </vercu:conceptRename>
   </ver:action>
   <ver:action id="ver_100088">
      <ver:assignmentRef ref="assig_correction"/>
      <vercu:conceptRename>
         <vercu:fromConcept name="pre_de-ins:bsIns.eqLiab.technicalProvisions.bonusesGenerallyForeign"/>
         <vercu:toConcept name="cur_de-ins:bsIns.eqLiab.technicalProvisions.bonusesGenerallyForeign"/>
      </vercu:conceptRename>
   </ver:action>
</ver:report>