<?xml version="1.0" encoding="UTF-8"?>
<link:linkbase xmlns:gen="http://xbrl.org/2008/generic" xmlns:label="http://xbrl.org/2008/label"
               xmlns:xlink="http://www.w3.org/1999/xlink"
               xmlns:link="http://www.xbrl.org/2003/linkbase"
               xmlns:xsi="http://www.w3.org/2001/XMLSchema-instance">
   <gen:link xlink:type="extended" xlink:title="Labels"
             xlink:role="http://www.xbrl.org/2003/role/link">
      <link:loc xlink:type="locator"
                xlink:href="de-ins-2018-04-01-shell-with-2017-04-01-versioning.xml#ver_100000"
                xlink:label="loc_label_ver_100000"/>
      <gen:arc xlink:type="arc" xlink:title="label ver_100000"
               xlink:arcrole="http://xbrl.org/arcrole/2008/element-label"
               xlink:from="loc_label_ver_100000"
               xlink:to="label_ver_100000"/>
      <label:label xlink:type="resource" xlink:title="label"
                   xlink:role="http://www.xbrl.org/2003/role/label"
                   xlink:label="label_ver_100000"
                   id="ver_100000"
                   xml:lang="de">Versioning Report Spezialtaxonomie Versicherungsunternehmen: Handelsrechtlicher Einzelabschluss</label:label>
      <link:loc xlink:type="locator"
                xlink:href="de-ins-2018-04-01-shell-with-2017-04-01-versioning.xml#assig_domain"
                xlink:label="loc_label_assig_domain"/>
      <gen:arc xlink:type="arc" xlink:title="label assig_domain"
               xlink:arcrole="http://xbrl.org/arcrole/2008/element-label"
               xlink:from="loc_label_assig_domain"
               xlink:to="label_assig_domain"/>
      <label:label xlink:type="resource" xlink:title="label"
                   xlink:role="http://www.xbrl.org/2003/role/label"
                   xlink:label="label_assig_domain"
                   id="assig_domain"
                   xml:lang="de">Fachlich</label:label>
      <link:loc xlink:type="locator"
                xlink:href="de-ins-2018-04-01-shell-with-2017-04-01-versioning.xml#assig_technical"
                xlink:label="loc_label_assig_technical"/>
      <gen:arc xlink:type="arc" xlink:title="label assig_technical"
               xlink:arcrole="http://xbrl.org/arcrole/2008/element-label"
               xlink:from="loc_label_assig_technical"
               xlink:to="label_assig_technical"/>
      <label:label xlink:type="resource" xlink:title="label"
                   xlink:role="http://www.xbrl.org/2003/role/label"
                   xlink:label="label_assig_technical"
                   id="assig_technical"
                   xml:lang="de">Technisch</label:label>
      <link:loc xlink:type="locator"
                xlink:href="de-ins-2018-04-01-shell-with-2017-04-01-versioning.xml#assig_correction"
                xlink:label="loc_label_assig_correction"/>
      <gen:arc xlink:type="arc" xlink:title="label assig_correction"
               xlink:arcrole="http://xbrl.org/arcrole/2008/element-label"
               xlink:from="loc_label_assig_correction"
               xlink:to="label_assig_correction"/>
      <label:label xlink:type="resource" xlink:title="label"
                   xlink:role="http://www.xbrl.org/2003/role/label"
                   xlink:label="label_assig_correction"
                   id="assig_correction"
                   xml:lang="de">Korrektur</label:label>
      <link:loc xlink:type="locator"
                xlink:href="de-ins-2018-04-01-shell-with-2017-04-01-versioning.xml#assig_effectOnPosition"
                xlink:label="loc_label_assig_effectOnPosition"/>
      <gen:arc xlink:type="arc" xlink:title="label assig_effectOnPosition"
               xlink:arcrole="http://xbrl.org/arcrole/2008/element-label"
               xlink:from="loc_label_assig_effectOnPosition"
               xlink:to="label_assig_effectOnPosition"/>
      <label:label xlink:type="resource" xlink:title="label"
                   xlink:role="http://www.xbrl.org/2003/role/label"
                   xlink:label="label_assig_effectOnPosition"
                   id="assig_effectOnPosition"
                   xml:lang="de">Auswirkung auf Wert der Position</label:label>
      <link:loc xlink:type="locator"
                xlink:href="de-ins-2018-04-01-shell-with-2017-04-01-versioning.xml#assig_moved"
                xlink:label="loc_label_assig_moved"/>
      <gen:arc xlink:type="arc" xlink:title="label assig_moved"
               xlink:arcrole="http://xbrl.org/arcrole/2008/element-label"
               xlink:from="loc_label_assig_moved"
               xlink:to="label_assig_moved"/>
      <label:label xlink:type="resource" xlink:title="label"
                   xlink:role="http://www.xbrl.org/2003/role/label"
                   xlink:label="label_assig_moved"
                   id="assig_moved"
                   xml:lang="de">Verschoben</label:label>
      <link:loc xlink:type="locator"
                xlink:href="de-ins-2018-04-01-shell-with-2017-04-01-versioning.xml#assig_Untergliederung_von_Erträge_aus_der_Auflösung_von_Steuerrückstellungen"
                xlink:label="loc_label_assig_Untergliederung_von_Erträge_aus_der_Auflösung_von_Steuerrückstellungen"/>
      <gen:arc xlink:type="arc"
               xlink:title="label assig_Untergliederung_von_Erträge_aus_der_Auflösung_von_Steuerrückstellungen"
               xlink:arcrole="http://xbrl.org/arcrole/2008/element-label"
               xlink:from="loc_label_assig_Untergliederung_von_Erträge_aus_der_Auflösung_von_Steuerrückstellungen"
               xlink:to="label_assig_Untergliederung_von_Erträge_aus_der_Auflösung_von_Steuerrückstellungen"/>
      <label:label xlink:type="resource" xlink:title="label"
                   xlink:role="http://www.xbrl.org/2003/role/label"
                   xlink:label="label_assig_Untergliederung_von_Erträge_aus_der_Auflösung_von_Steuerrückstellungen"
                   id="assig_Untergliederung_von_Erträge_aus_der_Auflösung_von_Steuerrückstellungen"
                   xml:lang="de">Untergliederung von Erträge aus der Auflösung von Steuerrückstellungen</label:label>
      <link:loc xlink:type="locator"
                xlink:href="de-ins-2018-04-01-shell-with-2017-04-01-versioning.xml#assig_DRS_24"
                xlink:label="loc_label_assig_DRS_24"/>
      <gen:arc xlink:type="arc" xlink:title="label assig_DRS_24"
               xlink:arcrole="http://xbrl.org/arcrole/2008/element-label"
               xlink:from="loc_label_assig_DRS_24"
               xlink:to="label_assig_DRS_24"/>
      <label:label xlink:type="resource" xlink:title="label"
                   xlink:role="http://www.xbrl.org/2003/role/label"
                   xlink:label="label_assig_DRS_24"
                   id="assig_DRS_24"
                   xml:lang="de">DRS 24</label:label>
      <link:loc xlink:type="locator"
                xlink:href="de-ins-2018-04-01-shell-with-2017-04-01-versioning.xml#ver_100032"
                xlink:label="loc_label_ver_100032"/>
      <gen:arc xlink:type="arc" xlink:title="label ver_100032"
               xlink:arcrole="http://xbrl.org/arcrole/2008/element-label"
               xlink:from="loc_label_ver_100032"
               xlink:to="label_ver_100032"/>
      <label:label xlink:type="resource" xlink:title="label"
                   xlink:role="http://www.xbrl.org/2003/role/label"
                   xlink:label="label_ver_100032"
                   id="ver_100032"
                   xml:lang="de">Untergliederung ebenso wie bei Steuernachzahlungen/-erstattungen für Vorjahre</label:label>
      <link:loc xlink:type="locator"
                xlink:href="de-ins-2018-04-01-shell-with-2017-04-01-versioning.xml#ver_100036"
                xlink:label="loc_label_ver_100036"/>
      <gen:arc xlink:type="arc" xlink:title="label ver_100036"
               xlink:arcrole="http://xbrl.org/arcrole/2008/element-label"
               xlink:from="loc_label_ver_100036"
               xlink:to="label_ver_100036"/>
      <label:label xlink:type="resource" xlink:title="label"
                   xlink:role="http://www.xbrl.org/2003/role/label"
                   xlink:label="label_ver_100036"
                   id="ver_100036"
                   xml:lang="de">Untergliederung ebenso wie bei Steuernachzahlungen/-erstattungen für Vorjahre</label:label>
      <link:loc xlink:type="locator"
                xlink:href="de-ins-2018-04-01-shell-with-2017-04-01-versioning.xml#ver_100049"
                xlink:label="loc_label_ver_100049"/>
      <gen:arc xlink:type="arc" xlink:title="label ver_100049"
               xlink:arcrole="http://xbrl.org/arcrole/2008/element-label"
               xlink:from="loc_label_ver_100049"
               xlink:to="label_ver_100049"/>
      <label:label xlink:type="resource" xlink:title="label"
                   xlink:role="http://www.xbrl.org/2003/role/label"
                   xlink:label="label_ver_100049"
                   id="ver_100049"
                   xml:lang="de">Untergliederung ebenso wie bei Steuernachzahlungen/-erstattungen für Vorjahre</label:label>
      <link:loc xlink:type="locator"
                xlink:href="de-ins-2018-04-01-shell-with-2017-04-01-versioning.xml#ver_100073"
                xlink:label="loc_label_ver_100073"/>
      <gen:arc xlink:type="arc" xlink:title="label ver_100073"
               xlink:arcrole="http://xbrl.org/arcrole/2008/element-label"
               xlink:from="loc_label_ver_100073"
               xlink:to="label_ver_100073"/>
      <label:label xlink:type="resource" xlink:title="label"
                   xlink:role="http://www.xbrl.org/2003/role/label"
                   xlink:label="label_ver_100073"
                   id="ver_100073"
                   xml:lang="de">Untergliederung ebenso wie bei Steuernachzahlungen/-erstattungen für Vorjahre</label:label>
   </gen:link>
</link:linkbase>