<?xml version="1.0" encoding="UTF-8"?>
<ver:report xmlns:ver="http://xbrl.org/2013/versioning-base"
            xmlns:vercu="http://xbrl.org/2013/versioning-concept-use"
            xmlns:xlink="http://www.w3.org/1999/xlink"
            xmlns:link="http://www.xbrl.org/2003/linkbase"
            xmlns:xsi="http://www.w3.org/2001/XMLSchema-instance"
            xmlns:cur_xbrli="http://www.xbrl.org/2003/instance"
            xmlns:cur_xlink="http://www.w3.org/1999/xlink"
            xmlns:cur_de-hgbrole="http://www.xbrl.de/taxonomies/hgbrole-2018-04-01"
            xmlns:cur_link="http://www.xbrl.org/2003/linkbase"
            xmlns:cur_gcd-shell="http://www.xbrl.de/taxonomies/de-gcd-2018-04-01/shell"
            xmlns:cur_xl="http://www.xbrl.org/2003/XLink"
            xmlns:cur_de-gcd="http://www.xbrl.de/taxonomies/de-gcd-2018-04-01"
            xmlns:pre_gcd-shell="http://www.xbrl.de/taxonomies/de-gcd-2017-04-01/shell"
            xmlns:pre_de-gcd="http://www.xbrl.de/taxonomies/de-gcd-2017-04-01"
            xmlns:pre_de-hgbrole="http://www.xbrl.de/taxonomies/hgbrole-2017-04-01"
            id="ver_100000">
   <link:linkbaseRef xlink:type="simple"
                     xlink:href="de-gcd-2018-04-01-shell-with-2017-04-01-label.xml"/>
   <ver:fromDTS>
      <link:schemaRef xlink:type="simple"
                      xlink:href="file:///var/opt/bamboo/xml-data/build-dir/131073/CORE-GRADLETESTER-JOB1/taxonomies/released/6.1-per-2017-04-01/xbrl/de-gcd-2017-04-01/de-gcd-2017-04-01-shell.xsd"/>
   </ver:fromDTS>
   <ver:toDTS>
      <link:schemaRef xlink:type="simple"
                      xlink:href="file:///var/opt/bamboo/xml-data/build-dir/131073/CORE-GRADLETESTER-JOB1/xbrl.de/modules/gcd/build/cleanTaxonomy/de-gcd-2018-04-01/de-gcd-2018-04-01-shell.xsd"/>
   </ver:toDTS>
   <ver:assignment id="assig_domain"/>
   <ver:assignment id="assig_technical"/>
   <ver:assignment id="assig_correction"/>
   <ver:assignment id="assig_effectOnPosition"/>
   <ver:assignment id="assig_moved"/>
   <ver:assignment id="assig_Umfang_der_atypisch_stillen_Beteiligung"/>
   <ver:assignment id="assig_SoBil/ErBil_im_eigenen_Datensatz"/>
   <ver:assignment id="assig_Verbesserung_Lesbarkeit_Label"/>
   <ver:assignment id="assig_steuerlicher_Betriebsvermögensvergleich"/>
   <ver:assignment id="assig_Erläuterungen_sind_wegen_Formatierungsmöglichkeiten_in_Fußnoten_vorzunehmen"/>
   <ver:assignment id="assig_ERiC_Regel_hatte_mehrfach_Ausprägung_bereits_unterbunden"/>
   <ver:assignment id="assig_Angleich_IFP-GCD_Daten"/>
   <ver:assignment id="assig_Abbau_von_unechten_Redundanzen_zu_FEin"/>
   <ver:action>
      <ver:assignmentRef ref="assig_technical"/>
      <ver:namespaceRename>
         <ver:fromURI value="http://www.xbrl.de/taxonomies/de-gcd-2017-04-01"/>
         <ver:toURI value="http://www.xbrl.de/taxonomies/de-gcd-2018-04-01"/>
      </ver:namespaceRename>
      <ver:namespaceRename>
         <ver:fromURI value="http://www.xbrl.de/taxonomies/hgbrole-2017-04-01"/>
         <ver:toURI value="http://www.xbrl.de/taxonomies/hgbrole-2018-04-01"/>
      </ver:namespaceRename>
      <ver:namespaceRename>
         <ver:fromURI value="http://www.xbrl.de/taxonomies/de-gcd-2017-04-01/shell"/>
         <ver:toURI value="http://www.xbrl.de/taxonomies/de-gcd-2018-04-01/shell"/>
      </ver:namespaceRename>
   </ver:action>
   <ver:action id="ver_100001">
      <ver:assignmentRef ref="assig_domain"/>
      <ver:assignmentRef ref="assig_Verbesserung_Lesbarkeit_Label"/>
      <vercu:conceptRename>
         <vercu:fromConcept name="pre_de-gcd:genInfo.report.id.kindOfFinancialInstitution.PfandbriefbankenOERA"/>
         <vercu:toConcept name="cur_de-gcd:genInfo.report.id.kindOfFinancialInstitution.PfandbriefbankenOERA"/>
      </vercu:conceptRename>
   </ver:action>
   <ver:action id="ver_100002">
      <ver:assignmentRef ref="assig_domain"/>
      <ver:assignmentRef ref="assig_Verbesserung_Lesbarkeit_Label"/>
      <vercu:conceptRename>
         <vercu:fromConcept name="pre_de-gcd:genInfo.report.id.kindOfFinancialInstitution.Finanzdienstl"/>
         <vercu:toConcept name="cur_de-gcd:genInfo.report.id.kindOfFinancialInstitution.Finanzdienstl"/>
      </vercu:conceptRename>
   </ver:action>
   <ver:action id="ver_100003">
      <ver:assignmentRef ref="assig_domain"/>
      <ver:assignmentRef ref="assig_Umfang_der_atypisch_stillen_Beteiligung"/>
      <vercu:conceptAdd physical="true">
         <vercu:toConcept name="cur_de-gcd:genInfo.company.id.scopeSilentPartnership"/>
      </vercu:conceptAdd>
   </ver:action>
   <ver:action id="ver_100004">
      <ver:assignmentRef ref="assig_domain"/>
      <ver:assignmentRef ref="assig_Angleich_IFP-GCD_Daten"/>
      <vercu:conceptAdd physical="true">
         <vercu:toConcept name="cur_de-gcd:genInfo.doc.sender.street"/>
      </vercu:conceptAdd>
   </ver:action>
   <ver:action id="ver_100005">
      <ver:assignmentRef ref="assig_domain"/>
      <vercu:conceptRename>
         <vercu:fromConcept name="pre_de-gcd:genInfo.report.id.reportElement.reportElements.BAL"/>
         <vercu:toConcept name="cur_de-gcd:genInfo.report.id.reportElement.reportElements.BAL"/>
      </vercu:conceptRename>
   </ver:action>
   <ver:action id="ver_100006">
      <ver:assignmentRef ref="assig_domain"/>
      <vercu:conceptRename>
         <vercu:fromConcept name="pre_de-gcd:genInfo.report.preparationAttestation"/>
         <vercu:toConcept name="cur_de-gcd:genInfo.report.preparationAttestation"/>
      </vercu:conceptRename>
   </ver:action>
   <ver:action id="ver_100007">
      <ver:assignmentRef ref="assig_domain"/>
      <ver:assignmentRef ref="assig_Angleich_IFP-GCD_Daten"/>
      <vercu:conceptAdd physical="true">
         <vercu:toConcept name="cur_de-gcd:genInfo.doc.sender.IDvalue"/>
      </vercu:conceptAdd>
   </ver:action>
   <ver:action id="ver_100008">
      <ver:assignmentRef ref="assig_domain"/>
      <ver:assignmentRef ref="assig_Angleich_IFP-GCD_Daten"/>
      <vercu:conceptAdd physical="true">
         <vercu:toConcept name="cur_de-gcd:genInfo.doc.sender.city"/>
      </vercu:conceptAdd>
   </ver:action>
   <ver:action id="ver_100009">
      <ver:assignmentRef ref="assig_domain"/>
      <ver:assignmentRef ref="assig_Verbesserung_Lesbarkeit_Label"/>
      <vercu:conceptRename>
         <vercu:fromConcept name="pre_de-gcd:genInfo.report.id.kindOfFinancialInstitution.Girozentralen"/>
         <vercu:toConcept name="cur_de-gcd:genInfo.report.id.kindOfFinancialInstitution.Girozentralen"/>
      </vercu:conceptRename>
   </ver:action>
   <ver:action id="ver_100010">
      <ver:assignmentRef ref="assig_domain"/>
      <ver:assignmentRef ref="assig_Verbesserung_Lesbarkeit_Label"/>
      <vercu:conceptRename>
         <vercu:fromConcept name="pre_de-gcd:genInfo.report.id.kindOfInsurance.LKV"/>
         <vercu:toConcept name="cur_de-gcd:genInfo.report.id.kindOfInsurance.LKV"/>
      </vercu:conceptRename>
   </ver:action>
   <ver:action id="ver_100011">
      <ver:assignmentRef ref="assig_domain"/>
      <ver:assignmentRef ref="assig_correction"/>
      <ver:assignmentRef ref="assig_Abbau_von_unechten_Redundanzen_zu_FEin"/>
      <vercu:conceptAdd physical="true">
         <vercu:toConcept name="cur_de-gcd:genInfo.company.id.shareholder.group.limPartnerOther"/>
      </vercu:conceptAdd>
   </ver:action>
   <ver:action id="ver_100012">
      <ver:assignmentRef ref="assig_domain"/>
      <vercu:conceptRename>
         <vercu:fromConcept name="pre_de-gcd:genInfo.report.id.statementType.statementType.LSB"/>
         <vercu:toConcept name="cur_de-gcd:genInfo.report.id.statementType.statementType.LSB"/>
      </vercu:conceptRename>
   </ver:action>
   <ver:action id="ver_100013">
      <ver:assignmentRef ref="assig_domain"/>
      <ver:assignmentRef ref="assig_Erläuterungen_sind_wegen_Formatierungsmöglichkeiten_in_Fußnoten_vorzunehmen"/>
      <vercu:conceptRename>
         <vercu:fromConcept name="pre_de-gcd:genInfo.report.id.reportType.reportType.SERL"/>
         <vercu:toConcept name="cur_de-gcd:genInfo.report.id.reportType.reportType.SERL"/>
      </vercu:conceptRename>
   </ver:action>
   <ver:action id="ver_100014">
      <ver:assignmentRef ref="assig_domain"/>
      <ver:assignmentRef ref="assig_Verbesserung_Lesbarkeit_Label"/>
      <vercu:conceptRename>
         <vercu:fromConcept name="pre_de-gcd:genInfo.report.id.kindOfInsurance.PSK"/>
         <vercu:toConcept name="cur_de-gcd:genInfo.report.id.kindOfInsurance.PSK"/>
      </vercu:conceptRename>
   </ver:action>
   <ver:action id="ver_100015">
      <ver:assignmentRef ref="assig_domain"/>
      <ver:assignmentRef ref="assig_Angleich_IFP-GCD_Daten"/>
      <vercu:conceptAdd physical="true">
         <vercu:toConcept name="cur_de-gcd:genInfo.doc.sender"/>
      </vercu:conceptAdd>
   </ver:action>
   <ver:action id="ver_100016">
      <ver:assignmentRef ref="assig_domain"/>
      <ver:assignmentRef ref="assig_Verbesserung_Lesbarkeit_Label"/>
      <vercu:conceptRename>
         <vercu:fromConcept name="pre_de-gcd:genInfo.report.id.kindOfInsurance.SUV"/>
         <vercu:toConcept name="cur_de-gcd:genInfo.report.id.kindOfInsurance.SUV"/>
      </vercu:conceptRename>
   </ver:action>
   <ver:action id="ver_100017">
      <ver:assignmentRef ref="assig_domain"/>
      <ver:assignmentRef ref="assig_ERiC_Regel_hatte_mehrfach_Ausprägung_bereits_unterbunden"/>
      <vercu:conceptRename>
         <vercu:fromConcept name="pre_de-gcd:genInfo.company.id.incomeClassification"/>
         <vercu:toConcept name="cur_de-gcd:genInfo.company.id.incomeClassification"/>
      </vercu:conceptRename>
   </ver:action>
   <ver:action id="ver_100018">
      <ver:assignmentRef ref="assig_domain"/>
      <vercu:conceptRename>
         <vercu:fromConcept name="pre_de-gcd:genInfo.report.id.statementType.statementType.LAB"/>
         <vercu:toConcept name="cur_de-gcd:genInfo.report.id.statementType.statementType.LAB"/>
      </vercu:conceptRename>
   </ver:action>
   <ver:action id="ver_100019">
      <ver:assignmentRef ref="assig_domain"/>
      <ver:assignmentRef ref="assig_SoBil/ErBil_im_eigenen_Datensatz"/>
      <vercu:conceptDelete physical="true">
         <vercu:fromConcept name="pre_de-gcd:genInfo.report.id.reportElement.reportElements.SEF"/>
      </vercu:conceptDelete>
   </ver:action>
   <ver:action id="ver_100020">
      <ver:assignmentRef ref="assig_domain"/>
      <ver:assignmentRef ref="assig_Abbau_von_unechten_Redundanzen_zu_FEin"/>
      <vercu:conceptAdd physical="true">
         <vercu:toConcept name="cur_de-gcd:genInfo.company.id.shareholder.group.limPartner"/>
      </vercu:conceptAdd>
   </ver:action>
   <ver:action id="ver_100021">
      <ver:assignmentRef ref="assig_domain"/>
      <ver:assignmentRef ref="assig_Abbau_von_unechten_Redundanzen_zu_FEin"/>
      <vercu:conceptAdd physical="true">
         <vercu:toConcept name="cur_de-gcd:genInfo.company.id.shareholder.group.genPartnerPersLiableOHG"/>
      </vercu:conceptAdd>
   </ver:action>
   <ver:action id="ver_100022">
      <ver:assignmentRef ref="assig_domain"/>
      <ver:assignmentRef ref="assig_Verbesserung_Lesbarkeit_Label"/>
      <vercu:conceptRename>
         <vercu:fromConcept name="pre_de-gcd:genInfo.report.id.kindOfFinancialInstitution.SchiffshypB"/>
         <vercu:toConcept name="cur_de-gcd:genInfo.report.id.kindOfFinancialInstitution.SchiffshypB"/>
      </vercu:conceptRename>
   </ver:action>
   <ver:action id="ver_100023">
      <ver:assignmentRef ref="assig_domain"/>
      <ver:assignmentRef ref="assig_Angleich_IFP-GCD_Daten"/>
      <vercu:conceptAdd physical="true">
         <vercu:toConcept name="cur_de-gcd:genInfo.doc.sender.name"/>
      </vercu:conceptAdd>
   </ver:action>
   <ver:action id="ver_100024">
      <ver:assignmentRef ref="assig_domain"/>
      <vercu:conceptAdd physical="true">
         <vercu:toConcept name="cur_de-gcd:genInfo.company.id.parent.idNo.type.companyId.LEI"/>
      </vercu:conceptAdd>
   </ver:action>
   <ver:action id="ver_100025">
      <ver:assignmentRef ref="assig_domain"/>
      <ver:assignmentRef ref="assig_Verbesserung_Lesbarkeit_Label"/>
      <vercu:conceptRename>
         <vercu:fromConcept name="pre_de-gcd:genInfo.report.id.kindOfInsurance.LUV"/>
         <vercu:toConcept name="cur_de-gcd:genInfo.report.id.kindOfInsurance.LUV"/>
      </vercu:conceptRename>
   </ver:action>
   <ver:action id="ver_100026">
      <ver:assignmentRef ref="assig_domain"/>
      <ver:assignmentRef ref="assig_correction"/>
      <vercu:conceptRename>
         <vercu:fromConcept name="pre_de-gcd:genInfo.company.id.taxGroupKstEst.subComp"/>
         <vercu:toConcept name="cur_de-gcd:genInfo.company.id.taxGroupKstEst.subComp"/>
      </vercu:conceptRename>
   </ver:action>
   <ver:action id="ver_100027">
      <ver:assignmentRef ref="assig_domain"/>
      <ver:assignmentRef ref="assig_Verbesserung_Lesbarkeit_Label"/>
      <vercu:conceptRename>
         <vercu:fromConcept name="pre_de-gcd:genInfo.report.id.kindOfFinancialInstitution.Kapitalanlagegesellschaften"/>
         <vercu:toConcept name="cur_de-gcd:genInfo.report.id.kindOfFinancialInstitution.Kapitalanlagegesellschaften"/>
      </vercu:conceptRename>
   </ver:action>
   <ver:action id="ver_100028">
      <ver:assignmentRef ref="assig_domain"/>
      <ver:assignmentRef ref="assig_Angleich_IFP-GCD_Daten"/>
      <vercu:conceptAdd physical="true">
         <vercu:toConcept name="cur_de-gcd:genInfo.doc.sender.houseNo"/>
      </vercu:conceptAdd>
   </ver:action>
   <ver:action id="ver_100029">
      <ver:assignmentRef ref="assig_domain"/>
      <vercu:conceptRename>
         <vercu:fromConcept name="pre_de-gcd:genInfo.report.id.accountingStandard.accountingStandard.SERL"/>
         <vercu:toConcept name="cur_de-gcd:genInfo.report.id.accountingStandard.accountingStandard.SERL"/>
      </vercu:conceptRename>
   </ver:action>
   <ver:action id="ver_100030">
      <ver:assignmentRef ref="assig_domain"/>
      <ver:assignmentRef ref="assig_Verbesserung_Lesbarkeit_Label"/>
      <vercu:conceptRename>
         <vercu:fromConcept name="pre_de-gcd:genInfo.report.id.kindOfFinancialInstitution.KreditgenossenschWarengeschaeft"/>
         <vercu:toConcept name="cur_de-gcd:genInfo.report.id.kindOfFinancialInstitution.KreditgenossenschWarengeschaeft"/>
      </vercu:conceptRename>
   </ver:action>
   <ver:action id="ver_100031">
      <ver:assignmentRef ref="assig_domain"/>
      <ver:assignmentRef ref="assig_Verbesserung_Lesbarkeit_Label"/>
      <vercu:conceptRename>
         <vercu:fromConcept name="pre_de-gcd:genInfo.report.id.kindOfFinancialInstitution.genossZentrB"/>
         <vercu:toConcept name="cur_de-gcd:genInfo.report.id.kindOfFinancialInstitution.genossZentrB"/>
      </vercu:conceptRename>
   </ver:action>
   <ver:action id="ver_100032">
      <ver:assignmentRef ref="assig_domain"/>
      <ver:assignmentRef ref="assig_Verbesserung_Lesbarkeit_Label"/>
      <vercu:conceptRename>
         <vercu:fromConcept name="pre_de-gcd:genInfo.report.id.kindOfInsurance.PF"/>
         <vercu:toConcept name="cur_de-gcd:genInfo.report.id.kindOfInsurance.PF"/>
      </vercu:conceptRename>
   </ver:action>
   <ver:action id="ver_100033">
      <ver:assignmentRef ref="assig_domain"/>
      <ver:assignmentRef ref="assig_Angleich_IFP-GCD_Daten"/>
      <vercu:conceptAdd physical="true">
         <vercu:toConcept name="cur_de-gcd:genInfo.company.id.idNo.type.companyId.LEI"/>
      </vercu:conceptAdd>
   </ver:action>
   <ver:action id="ver_100034">
      <ver:assignmentRef ref="assig_domain"/>
      <ver:assignmentRef ref="assig_Angleich_IFP-GCD_Daten"/>
      <vercu:conceptRename>
         <vercu:fromConcept name="pre_de-gcd:genInfo.company.id.bankAcct.bankName"/>
         <vercu:toConcept name="cur_de-gcd:genInfo.company.id.bankAcct.bankName"/>
      </vercu:conceptRename>
   </ver:action>
   <ver:action id="ver_100035">
      <ver:assignmentRef ref="assig_domain"/>
      <ver:assignmentRef ref="assig_Angleich_IFP-GCD_Daten"/>
      <vercu:conceptAdd physical="true">
         <vercu:toConcept name="cur_de-gcd:genInfo.doc.sender.mainContactPerson"/>
      </vercu:conceptAdd>
   </ver:action>
   <ver:action id="ver_100036">
      <ver:assignmentRef ref="assig_domain"/>
      <ver:assignmentRef ref="assig_Verbesserung_Lesbarkeit_Label"/>
      <vercu:conceptRename>
         <vercu:fromConcept name="pre_de-gcd:genInfo.report.id.kindOfFinancialInstitution.Kreditgenossensch"/>
         <vercu:toConcept name="cur_de-gcd:genInfo.report.id.kindOfFinancialInstitution.Kreditgenossensch"/>
      </vercu:conceptRename>
   </ver:action>
   <ver:action id="ver_100037">
      <ver:assignmentRef ref="assig_domain"/>
      <vercu:conceptRename>
         <vercu:fromConcept name="pre_de-gcd:genInfo.company.id.contactAddress.person.name"/>
         <vercu:toConcept name="cur_de-gcd:genInfo.company.id.contactAddress.person.name"/>
      </vercu:conceptRename>
   </ver:action>
   <ver:action id="ver_100038">
      <ver:assignmentRef ref="assig_domain"/>
      <ver:assignmentRef ref="assig_Verbesserung_Lesbarkeit_Label"/>
      <vercu:conceptRename>
         <vercu:fromConcept name="pre_de-gcd:genInfo.report.id.kindOfFinancialInstitution.Bauspar"/>
         <vercu:toConcept name="cur_de-gcd:genInfo.report.id.kindOfFinancialInstitution.Bauspar"/>
      </vercu:conceptRename>
   </ver:action>
   <ver:action id="ver_100039">
      <ver:assignmentRef ref="assig_domain"/>
      <ver:assignmentRef ref="assig_Verbesserung_Lesbarkeit_Label"/>
      <vercu:conceptRename>
         <vercu:fromConcept name="pre_de-gcd:genInfo.report.id.kindOfInsurance.SUK"/>
         <vercu:toConcept name="cur_de-gcd:genInfo.report.id.kindOfInsurance.SUK"/>
      </vercu:conceptRename>
   </ver:action>
   <ver:action id="ver_100040">
      <ver:assignmentRef ref="assig_domain"/>
      <ver:assignmentRef ref="assig_Verbesserung_Lesbarkeit_Label"/>
      <vercu:conceptRename>
         <vercu:fromConcept name="pre_de-gcd:genInfo.report.id.kindOfFinancialInstitution.Pfandbriefbanken"/>
         <vercu:toConcept name="cur_de-gcd:genInfo.report.id.kindOfFinancialInstitution.Pfandbriefbanken"/>
      </vercu:conceptRename>
   </ver:action>
   <ver:action id="ver_100041">
      <ver:assignmentRef ref="assig_domain"/>
      <ver:assignmentRef ref="assig_Verbesserung_Lesbarkeit_Label"/>
      <vercu:conceptRename>
         <vercu:fromConcept name="pre_de-gcd:genInfo.report.id.kindOfFinancialInstitution.PfandBG"/>
         <vercu:toConcept name="cur_de-gcd:genInfo.report.id.kindOfFinancialInstitution.PfandBG"/>
      </vercu:conceptRename>
   </ver:action>
   <ver:action id="ver_100042">
      <ver:assignmentRef ref="assig_domain"/>
      <ver:assignmentRef ref="assig_steuerlicher_Betriebsvermögensvergleich"/>
      <vercu:conceptAdd physical="true">
         <vercu:toConcept name="cur_de-gcd:genInfo.report.id.reportElement.reportElements.BVV"/>
      </vercu:conceptAdd>
   </ver:action>
   <ver:action id="ver_100043">
      <ver:assignmentRef ref="assig_domain"/>
      <ver:assignmentRef ref="assig_correction"/>
      <ver:assignmentRef ref="assig_Umfang_der_atypisch_stillen_Beteiligung"/>
      <vercu:conceptRename>
         <vercu:fromConcept name="pre_de-gcd:genInfo.company.id.taxGroupKstEst.intermedParent"/>
         <vercu:toConcept name="cur_de-gcd:genInfo.company.id.taxGroupKstEst.intermedParent"/>
      </vercu:conceptRename>
   </ver:action>
   <ver:action id="ver_100044">
      <ver:assignmentRef ref="assig_domain"/>
      <ver:assignmentRef ref="assig_Verbesserung_Lesbarkeit_Label"/>
      <vercu:conceptRename>
         <vercu:fromConcept name="pre_de-gcd:genInfo.report.id.kindOfFinancialInstitution.Universalinstitute"/>
         <vercu:toConcept name="cur_de-gcd:genInfo.report.id.kindOfFinancialInstitution.Universalinstitute"/>
      </vercu:conceptRename>
   </ver:action>
   <ver:action id="ver_100045">
      <ver:assignmentRef ref="assig_correction"/>
      <vercu:conceptRename>
         <vercu:fromConcept name="pre_de-gcd:genInfo.doc.userSpecific"/>
         <vercu:toConcept name="cur_de-gcd:genInfo.doc.userSpecific"/>
      </vercu:conceptRename>
   </ver:action>
   <ver:action id="ver_100046">
      <ver:assignmentRef ref="assig_domain"/>
      <vercu:conceptRename>
         <vercu:fromConcept name="pre_de-gcd:genInfo.report.id.reportType.reportType.S"/>
         <vercu:toConcept name="cur_de-gcd:genInfo.report.id.reportType.reportType.S"/>
      </vercu:conceptRename>
   </ver:action>
   <ver:action id="ver_100047">
      <ver:assignmentRef ref="assig_domain"/>
      <ver:assignmentRef ref="assig_Verbesserung_Lesbarkeit_Label"/>
      <vercu:conceptRename>
         <vercu:fromConcept name="pre_de-gcd:genInfo.report.id.kindOfFinancialInstitution.Sparkassen"/>
         <vercu:toConcept name="cur_de-gcd:genInfo.report.id.kindOfFinancialInstitution.Sparkassen"/>
      </vercu:conceptRename>
   </ver:action>
   <ver:action id="ver_100048">
      <ver:assignmentRef ref="assig_domain"/>
      <ver:assignmentRef ref="assig_Verbesserung_Lesbarkeit_Label"/>
      <vercu:conceptRename>
         <vercu:fromConcept name="pre_de-gcd:genInfo.report.id.kindOfInsurance.RV"/>
         <vercu:toConcept name="cur_de-gcd:genInfo.report.id.kindOfInsurance.RV"/>
      </vercu:conceptRename>
   </ver:action>
   <ver:action id="ver_100049">
      <ver:assignmentRef ref="assig_domain"/>
      <ver:assignmentRef ref="assig_correction"/>
      <ver:assignmentRef ref="assig_Abbau_von_unechten_Redundanzen_zu_FEin"/>
      <vercu:conceptAdd physical="true">
         <vercu:toConcept name="cur_de-gcd:genInfo.company.id.shareholder.group.genPartnerOther"/>
      </vercu:conceptAdd>
   </ver:action>
   <ver:action id="ver_100050">
      <ver:assignmentRef ref="assig_domain"/>
      <ver:assignmentRef ref="assig_Abbau_von_unechten_Redundanzen_zu_FEin"/>
      <vercu:conceptAdd physical="true">
         <vercu:toConcept name="cur_de-gcd:genInfo.company.id.shareholder.group.genPartnerFullyLiable"/>
      </vercu:conceptAdd>
   </ver:action>
   <ver:action id="ver_100051">
      <ver:assignmentRef ref="assig_domain"/>
      <ver:assignmentRef ref="assig_Verbesserung_Lesbarkeit_Label"/>
      <vercu:conceptRename>
         <vercu:fromConcept name="pre_de-gcd:genInfo.report.id.kindOfFinancialInstitution.Skontrofuehrer"/>
         <vercu:toConcept name="cur_de-gcd:genInfo.report.id.kindOfFinancialInstitution.Skontrofuehrer"/>
      </vercu:conceptRename>
   </ver:action>
   <ver:action id="ver_100052">
      <ver:assignmentRef ref="assig_domain"/>
      <vercu:conceptRename>
         <vercu:fromConcept name="pre_de-gcd:genInfo.report.id.accordingTo.SERL"/>
         <vercu:toConcept name="cur_de-gcd:genInfo.report.id.accordingTo.SERL"/>
      </vercu:conceptRename>
   </ver:action>
   <ver:action id="ver_100053">
      <ver:assignmentRef ref="assig_domain"/>
      <vercu:conceptRename>
         <vercu:fromConcept name="pre_de-gcd:genInfo.report.id.statementType.statementType.LZB"/>
         <vercu:toConcept name="cur_de-gcd:genInfo.report.id.statementType.statementType.LZB"/>
      </vercu:conceptRename>
   </ver:action>
   <ver:action id="ver_100054">
      <ver:assignmentRef ref="assig_domain"/>
      <ver:assignmentRef ref="assig_Angleich_IFP-GCD_Daten"/>
      <vercu:conceptAdd physical="true">
         <vercu:toConcept name="cur_de-gcd:genInfo.company.id.stockExch.securityCode.ISIN"/>
      </vercu:conceptAdd>
   </ver:action>
   <ver:action id="ver_100055">
      <ver:assignmentRef ref="assig_domain"/>
      <vercu:conceptAdd physical="true">
         <vercu:toConcept name="cur_de-gcd:genInfo.company.id.shareholder.group.limPartnerTrustee"/>
      </vercu:conceptAdd>
   </ver:action>
   <ver:action id="ver_100056">
      <ver:assignmentRef ref="assig_domain"/>
      <ver:assignmentRef ref="assig_Angleich_IFP-GCD_Daten"/>
      <vercu:conceptAdd physical="true">
         <vercu:toConcept name="cur_de-gcd:genInfo.doc.sender.IDtype"/>
      </vercu:conceptAdd>
   </ver:action>
   <ver:action id="ver_100057">
      <ver:assignmentRef ref="assig_domain"/>
      <ver:assignmentRef ref="assig_Angleich_IFP-GCD_Daten"/>
      <vercu:conceptAdd physical="true">
         <vercu:toConcept name="cur_de-gcd:genInfo.doc.sender.zipCode"/>
      </vercu:conceptAdd>
   </ver:action>
   <ver:action id="ver_100058">
      <ver:assignmentRef ref="assig_domain"/>
      <vercu:conceptRename>
         <vercu:fromConcept name="pre_de-gcd:genInfo.report.id.statementType.statementType.AB"/>
         <vercu:toConcept name="cur_de-gcd:genInfo.report.id.statementType.statementType.AB"/>
      </vercu:conceptRename>
   </ver:action>
   <ver:action id="ver_100059">
      <ver:assignmentRef ref="assig_domain"/>
      <ver:assignmentRef ref="assig_Umfang_der_atypisch_stillen_Beteiligung"/>
      <vercu:conceptAdd physical="true">
         <vercu:toConcept name="cur_de-gcd:genInfo.company.id.scopeSilentPartnership.all"/>
      </vercu:conceptAdd>
   </ver:action>
</ver:report>