<?xml version="1.0" encoding="UTF-8"?>
<link:linkbase xmlns:gen="http://xbrl.org/2008/generic" xmlns:label="http://xbrl.org/2008/label"
               xmlns:xlink="http://www.w3.org/1999/xlink"
               xmlns:link="http://www.xbrl.org/2003/linkbase"
               xmlns:xsi="http://www.w3.org/2001/XMLSchema-instance">
   <gen:link xlink:type="extended" xlink:title="Labels"
             xlink:role="http://www.xbrl.org/2003/role/link">
      <link:loc xlink:type="locator"
                xlink:href="de-gaap-ci-2018-04-01-shell-microbilg-with-2017-04-01-versioning.xml#ver_100000"
                xlink:label="loc_label_ver_100000"/>
      <gen:arc xlink:type="arc" xlink:title="label ver_100000"
               xlink:arcrole="http://xbrl.org/arcrole/2008/element-label"
               xlink:from="loc_label_ver_100000"
               xlink:to="label_ver_100000"/>
      <label:label xlink:type="resource" xlink:title="label"
                   xlink:role="http://www.xbrl.org/2003/role/label"
                   xlink:label="label_ver_100000"
                   id="ver_100000"
                   xml:lang="de">Versioning Report Kerntaxonomie: Handelsrechtlicher Einzelabschluss mit MicroBilG-GuV (§ 275 Abs. 5 HGB)</label:label>
      <link:loc xlink:type="locator"
                xlink:href="de-gaap-ci-2018-04-01-shell-microbilg-with-2017-04-01-versioning.xml#assig_domain"
                xlink:label="loc_label_assig_domain"/>
      <gen:arc xlink:type="arc" xlink:title="label assig_domain"
               xlink:arcrole="http://xbrl.org/arcrole/2008/element-label"
               xlink:from="loc_label_assig_domain"
               xlink:to="label_assig_domain"/>
      <label:label xlink:type="resource" xlink:title="label"
                   xlink:role="http://www.xbrl.org/2003/role/label"
                   xlink:label="label_assig_domain"
                   id="assig_domain"
                   xml:lang="de">Fachlich</label:label>
      <link:loc xlink:type="locator"
                xlink:href="de-gaap-ci-2018-04-01-shell-microbilg-with-2017-04-01-versioning.xml#assig_technical"
                xlink:label="loc_label_assig_technical"/>
      <gen:arc xlink:type="arc" xlink:title="label assig_technical"
               xlink:arcrole="http://xbrl.org/arcrole/2008/element-label"
               xlink:from="loc_label_assig_technical"
               xlink:to="label_assig_technical"/>
      <label:label xlink:type="resource" xlink:title="label"
                   xlink:role="http://www.xbrl.org/2003/role/label"
                   xlink:label="label_assig_technical"
                   id="assig_technical"
                   xml:lang="de">Technisch</label:label>
      <link:loc xlink:type="locator"
                xlink:href="de-gaap-ci-2018-04-01-shell-microbilg-with-2017-04-01-versioning.xml#assig_correction"
                xlink:label="loc_label_assig_correction"/>
      <gen:arc xlink:type="arc" xlink:title="label assig_correction"
               xlink:arcrole="http://xbrl.org/arcrole/2008/element-label"
               xlink:from="loc_label_assig_correction"
               xlink:to="label_assig_correction"/>
      <label:label xlink:type="resource" xlink:title="label"
                   xlink:role="http://www.xbrl.org/2003/role/label"
                   xlink:label="label_assig_correction"
                   id="assig_correction"
                   xml:lang="de">Korrektur</label:label>
      <link:loc xlink:type="locator"
                xlink:href="de-gaap-ci-2018-04-01-shell-microbilg-with-2017-04-01-versioning.xml#assig_effectOnPosition"
                xlink:label="loc_label_assig_effectOnPosition"/>
      <gen:arc xlink:type="arc" xlink:title="label assig_effectOnPosition"
               xlink:arcrole="http://xbrl.org/arcrole/2008/element-label"
               xlink:from="loc_label_assig_effectOnPosition"
               xlink:to="label_assig_effectOnPosition"/>
      <label:label xlink:type="resource" xlink:title="label"
                   xlink:role="http://www.xbrl.org/2003/role/label"
                   xlink:label="label_assig_effectOnPosition"
                   id="assig_effectOnPosition"
                   xml:lang="de">Auswirkung auf Wert der Position</label:label>
      <link:loc xlink:type="locator"
                xlink:href="de-gaap-ci-2018-04-01-shell-microbilg-with-2017-04-01-versioning.xml#assig_moved"
                xlink:label="loc_label_assig_moved"/>
      <gen:arc xlink:type="arc" xlink:title="label assig_moved"
               xlink:arcrole="http://xbrl.org/arcrole/2008/element-label"
               xlink:from="loc_label_assig_moved"
               xlink:to="label_assig_moved"/>
      <label:label xlink:type="resource" xlink:title="label"
                   xlink:role="http://www.xbrl.org/2003/role/label"
                   xlink:label="label_assig_moved"
                   id="assig_moved"
                   xml:lang="de">Verschoben</label:label>
      <link:loc xlink:type="locator"
                xlink:href="de-gaap-ci-2018-04-01-shell-microbilg-with-2017-04-01-versioning.xml#assig_Auszeichnung&#34;Nicht_erlaubt_handelsrechtlicher_Einzelabschluss&#34;"
                xlink:label="loc_label_assig_Auszeichnung&#34;Nicht_erlaubt_handelsrechtlicher_Einzelabschluss&#34;"/>
      <gen:arc xlink:type="arc"
               xlink:title="label assig_Auszeichnung&#34;Nicht_erlaubt_handelsrechtlicher_Einzelabschluss&#34;"
               xlink:arcrole="http://xbrl.org/arcrole/2008/element-label"
               xlink:from="loc_label_assig_Auszeichnung&#34;Nicht_erlaubt_handelsrechtlicher_Einzelabschluss&#34;"
               xlink:to="label_assig_Auszeichnung&#34;Nicht_erlaubt_handelsrechtlicher_Einzelabschluss&#34;"/>
      <label:label xlink:type="resource" xlink:title="label"
                   xlink:role="http://www.xbrl.org/2003/role/label"
                   xlink:label="label_assig_Auszeichnung&#34;Nicht_erlaubt_handelsrechtlicher_Einzelabschluss&#34;"
                   id="assig_Auszeichnung&#34;Nicht_erlaubt_handelsrechtlicher_Einzelabschluss&#34;"
                   xml:lang="de">Auszeichnung"Nicht erlaubt handelsrechtlicher Einzelabschluss"</label:label>
   </gen:link>
</link:linkbase>