<?xml version="1.0" encoding="UTF-8"?>
<ver:report xmlns:ver="http://xbrl.org/2013/versioning-base"
            xmlns:vercu="http://xbrl.org/2013/versioning-concept-use"
            xmlns:xlink="http://www.w3.org/1999/xlink"
            xmlns:link="http://www.xbrl.org/2003/linkbase"
            xmlns:xsi="http://www.w3.org/2001/XMLSchema-instance"
            xmlns:cur_label="http://xbrl.org/2008/label"
            xmlns:cur_xbrli="http://www.xbrl.org/2003/instance"
            xmlns:cur_gaap-shell-fiscal-microbilg="http://www.xbrl.de/taxonomies/de-gaap-ci-2018-04-01/shell-fiscal-microbilg"
            xmlns:cur_de-hgbrole="http://www.xbrl.de/taxonomies/hgbrole-2018-04-01"
            xmlns:cur_formula="http://xbrl.org/2008/formula"
            xmlns:cur_gen="http://xbrl.org/2008/generic"
            xmlns:cur_xlink="http://www.w3.org/1999/xlink"
            xmlns:cur_de-gaap-ci="http://www.xbrl.de/taxonomies/de-gaap-ci-2018-04-01"
            xmlns:cur_variable="http://xbrl.org/2008/variable"
            xmlns:cur_xbrldt="http://xbrl.org/2005/xbrldt"
            xmlns:cur_table="http://xbrl.org/2014/table"
            xmlns:cur_link="http://www.xbrl.org/2003/linkbase"
            xmlns:cur_gaap-shell-microbilg="http://www.xbrl.de/taxonomies/de-gaap-ci-2018-04-01/shell-microbilg"
            xmlns:cur_xl="http://www.xbrl.org/2003/XLink"
            xmlns:pre_de-gaap-ci="http://www.xbrl.de/taxonomies/de-gaap-ci-2017-04-01"
            xmlns:pre_gaap-shell-microbilg="http://www.xbrl.de/taxonomies/de-gaap-ci-2017-04-01/shell-microbilg"
            xmlns:pre_de-hgbrole="http://www.xbrl.de/taxonomies/hgbrole-2017-04-01"
            xmlns:pre_gaap-shell-fiscal-microbilg="http://www.xbrl.de/taxonomies/de-gaap-ci-2017-04-01/shell-fiscal-microbilg"
            id="ver_100000">
   <link:linkbaseRef xlink:type="simple"
                     xlink:href="de-gaap-ci-2018-04-01-shell-fiscal-microbilg-with-2017-04-01-label.xml"/>
   <ver:fromDTS>
      <link:schemaRef xlink:type="simple"
                      xlink:href="file:///var/opt/bamboo/xml-data/build-dir/131073/CORE-GRADLETESTER-JOB1/taxonomies/released/6.1-per-2017-04-01/xbrl/de-gaap-ci-2017-04-01/de-gaap-ci-2017-04-01-shell-fiscal-microbilg.xsd"/>
   </ver:fromDTS>
   <ver:toDTS>
      <link:schemaRef xlink:type="simple"
                      xlink:href="file:///var/opt/bamboo/xml-data/build-dir/131073/CORE-GRADLETESTER-JOB1/xbrl.de/modules/gaap/build/cleanTaxonomy/de-gaap-ci-2018-04-01/de-gaap-ci-2018-04-01-shell-fiscal-microbilg.xsd"/>
   </ver:toDTS>
   <ver:assignment id="assig_domain"/>
   <ver:assignment id="assig_technical"/>
   <ver:assignment id="assig_correction"/>
   <ver:assignment id="assig_effectOnPosition"/>
   <ver:assignment id="assig_moved"/>
   <ver:assignment id="assig_Auszeichnung&#34;Nicht_erlaubt_handelsrechtlicher_Einzelabschluss&#34;"/>
   <ver:action>
      <ver:assignmentRef ref="assig_technical"/>
      <ver:namespaceRename>
         <ver:fromURI value="http://www.xbrl.de/taxonomies/de-gaap-ci-2017-04-01/shell-fiscal-microbilg"/>
         <ver:toURI value="http://www.xbrl.de/taxonomies/de-gaap-ci-2018-04-01/shell-fiscal-microbilg"/>
      </ver:namespaceRename>
      <ver:namespaceRename>
         <ver:fromURI value="http://www.xbrl.de/taxonomies/de-gaap-ci-2017-04-01/shell-microbilg"/>
         <ver:toURI value="http://www.xbrl.de/taxonomies/de-gaap-ci-2018-04-01/shell-microbilg"/>
      </ver:namespaceRename>
      <ver:namespaceRename>
         <ver:fromURI value="http://www.xbrl.de/taxonomies/hgbrole-2017-04-01"/>
         <ver:toURI value="http://www.xbrl.de/taxonomies/hgbrole-2018-04-01"/>
      </ver:namespaceRename>
      <ver:namespaceRename>
         <ver:fromURI value="http://www.xbrl.de/taxonomies/de-gaap-ci-2017-04-01"/>
         <ver:toURI value="http://www.xbrl.de/taxonomies/de-gaap-ci-2018-04-01"/>
      </ver:namespaceRename>
   </ver:action>
   <ver:action id="ver_100001">
      <ver:assignmentRef ref="assig_domain"/>
      <ver:assignmentRef ref="assig_Auszeichnung&#34;Nicht_erlaubt_handelsrechtlicher_Einzelabschluss&#34;"/>
      <vercu:conceptDelete physical="false">
         <vercu:fromConcept name="pre_de-gaap-ci:bs.ass.currAss.receiv.particip.jointVent"/>
      </vercu:conceptDelete>
   </ver:action>
   <ver:action id="ver_100002">
      <ver:assignmentRef ref="assig_domain"/>
      <ver:assignmentRef ref="assig_Auszeichnung&#34;Nicht_erlaubt_handelsrechtlicher_Einzelabschluss&#34;"/>
      <vercu:conceptDelete physical="false">
         <vercu:fromConcept name="pre_de-gaap-ci:bs.ass.fixAss.fin.loansToParticip.assoc"/>
      </vercu:conceptDelete>
   </ver:action>
   <ver:action id="ver_100003">
      <ver:assignmentRef ref="assig_domain"/>
      <ver:assignmentRef ref="assig_Auszeichnung&#34;Nicht_erlaubt_handelsrechtlicher_Einzelabschluss&#34;"/>
      <vercu:conceptDelete physical="false">
         <vercu:fromConcept name="pre_de-gaap-ci:is.netIncome.regular.fin.netParticipation.earnings.particip.assoc"/>
      </vercu:conceptDelete>
   </ver:action>
   <ver:action id="ver_100004">
      <ver:assignmentRef ref="assig_domain"/>
      <ver:assignmentRef ref="assig_Auszeichnung&#34;Nicht_erlaubt_handelsrechtlicher_Einzelabschluss&#34;"/>
      <vercu:conceptDelete physical="false">
         <vercu:fromConcept name="pre_de-gaap-ci:AddInfoCreditScoring.bs.ass.fixAss.fin.particip.assoc.atEquity"/>
      </vercu:conceptDelete>
   </ver:action>
   <ver:action id="ver_100005">
      <ver:assignmentRef ref="assig_domain"/>
      <ver:assignmentRef ref="assig_Auszeichnung&#34;Nicht_erlaubt_handelsrechtlicher_Einzelabschluss&#34;"/>
      <vercu:conceptDelete physical="false">
         <vercu:fromConcept name="pre_de-gaap-ci:bs.ass.fixAss.fin.loansToParticip.jointVent"/>
      </vercu:conceptDelete>
   </ver:action>
   <ver:action id="ver_100006">
      <ver:assignmentRef ref="assig_domain"/>
      <ver:assignmentRef ref="assig_Auszeichnung&#34;Nicht_erlaubt_handelsrechtlicher_Einzelabschluss&#34;"/>
      <vercu:conceptDelete physical="false">
         <vercu:fromConcept name="pre_de-gaap-ci:bs.ass.fixAss.fin.particip.jointVent"/>
      </vercu:conceptDelete>
   </ver:action>
   <ver:action id="ver_100007">
      <ver:assignmentRef ref="assig_domain"/>
      <ver:assignmentRef ref="assig_Auszeichnung&#34;Nicht_erlaubt_handelsrechtlicher_Einzelabschluss&#34;"/>
      <vercu:conceptDelete physical="false">
         <vercu:fromConcept name="pre_de-gaap-ci:AddInfoCreditScoring.bs.ass.fixAss.fin.particip.jointVent.atEquity"/>
      </vercu:conceptDelete>
   </ver:action>
   <ver:action id="ver_100008">
      <ver:assignmentRef ref="assig_domain"/>
      <ver:assignmentRef ref="assig_Auszeichnung&#34;Nicht_erlaubt_handelsrechtlicher_Einzelabschluss&#34;"/>
      <vercu:conceptDelete physical="false">
         <vercu:fromConcept name="pre_de-gaap-ci:bs.ass.currAss.receiv.particip.assoc"/>
      </vercu:conceptDelete>
   </ver:action>
   <ver:action id="ver_100009">
      <ver:assignmentRef ref="assig_domain"/>
      <ver:assignmentRef ref="assig_Auszeichnung&#34;Nicht_erlaubt_handelsrechtlicher_Einzelabschluss&#34;"/>
      <vercu:conceptDelete physical="false">
         <vercu:fromConcept name="pre_de-gaap-ci:bs.eqLiab.liab.particip.upTo1year.assoc"/>
      </vercu:conceptDelete>
   </ver:action>
   <ver:action id="ver_100010">
      <ver:assignmentRef ref="assig_domain"/>
      <ver:assignmentRef ref="assig_Auszeichnung&#34;Nicht_erlaubt_handelsrechtlicher_Einzelabschluss&#34;"/>
      <vercu:conceptDelete physical="false">
         <vercu:fromConcept name="pre_de-gaap-ci:bs.ass.fixAss.fin.particip.assoc"/>
      </vercu:conceptDelete>
   </ver:action>
</ver:report>