<?xml version="1.0" encoding="UTF-8"?>
<link:linkbase xmlns:gen="http://xbrl.org/2008/generic" xmlns:label="http://xbrl.org/2008/label"
               xmlns:xlink="http://www.w3.org/1999/xlink"
               xmlns:link="http://www.xbrl.org/2003/linkbase"
               xmlns:xsi="http://www.w3.org/2001/XMLSchema-instance">
   <gen:link xlink:type="extended" xlink:title="Labels"
             xlink:role="http://www.xbrl.org/2003/role/link">
      <link:loc xlink:type="locator"
                xlink:href="de-pi-2018-04-01-shell-staffelform-with-2017-04-01-versioning.xml#ver_100000"
                xlink:label="loc_label_ver_100000"/>
      <gen:arc xlink:type="arc" xlink:title="label ver_100000"
               xlink:arcrole="http://xbrl.org/arcrole/2008/element-label"
               xlink:from="loc_label_ver_100000"
               xlink:to="label_ver_100000"/>
      <label:label xlink:type="resource" xlink:title="label"
                   xlink:role="http://www.xbrl.org/2003/role/label"
                   xlink:label="label_ver_100000"
                   id="ver_100000"
                   xml:lang="de">Versioning Report Spezialtaxonomie Zahlungsinstitute: Handelsrechtlicher Einzelabschluss</label:label>
      <link:loc xlink:type="locator"
                xlink:href="de-pi-2018-04-01-shell-staffelform-with-2017-04-01-versioning.xml#assig_domain"
                xlink:label="loc_label_assig_domain"/>
      <gen:arc xlink:type="arc" xlink:title="label assig_domain"
               xlink:arcrole="http://xbrl.org/arcrole/2008/element-label"
               xlink:from="loc_label_assig_domain"
               xlink:to="label_assig_domain"/>
      <label:label xlink:type="resource" xlink:title="label"
                   xlink:role="http://www.xbrl.org/2003/role/label"
                   xlink:label="label_assig_domain"
                   id="assig_domain"
                   xml:lang="de">Fachlich</label:label>
      <link:loc xlink:type="locator"
                xlink:href="de-pi-2018-04-01-shell-staffelform-with-2017-04-01-versioning.xml#assig_technical"
                xlink:label="loc_label_assig_technical"/>
      <gen:arc xlink:type="arc" xlink:title="label assig_technical"
               xlink:arcrole="http://xbrl.org/arcrole/2008/element-label"
               xlink:from="loc_label_assig_technical"
               xlink:to="label_assig_technical"/>
      <label:label xlink:type="resource" xlink:title="label"
                   xlink:role="http://www.xbrl.org/2003/role/label"
                   xlink:label="label_assig_technical"
                   id="assig_technical"
                   xml:lang="de">Technisch</label:label>
      <link:loc xlink:type="locator"
                xlink:href="de-pi-2018-04-01-shell-staffelform-with-2017-04-01-versioning.xml#assig_correction"
                xlink:label="loc_label_assig_correction"/>
      <gen:arc xlink:type="arc" xlink:title="label assig_correction"
               xlink:arcrole="http://xbrl.org/arcrole/2008/element-label"
               xlink:from="loc_label_assig_correction"
               xlink:to="label_assig_correction"/>
      <label:label xlink:type="resource" xlink:title="label"
                   xlink:role="http://www.xbrl.org/2003/role/label"
                   xlink:label="label_assig_correction"
                   id="assig_correction"
                   xml:lang="de">Korrektur</label:label>
      <link:loc xlink:type="locator"
                xlink:href="de-pi-2018-04-01-shell-staffelform-with-2017-04-01-versioning.xml#assig_effectOnPosition"
                xlink:label="loc_label_assig_effectOnPosition"/>
      <gen:arc xlink:type="arc" xlink:title="label assig_effectOnPosition"
               xlink:arcrole="http://xbrl.org/arcrole/2008/element-label"
               xlink:from="loc_label_assig_effectOnPosition"
               xlink:to="label_assig_effectOnPosition"/>
      <label:label xlink:type="resource" xlink:title="label"
                   xlink:role="http://www.xbrl.org/2003/role/label"
                   xlink:label="label_assig_effectOnPosition"
                   id="assig_effectOnPosition"
                   xml:lang="de">Auswirkung auf Wert der Position</label:label>
      <link:loc xlink:type="locator"
                xlink:href="de-pi-2018-04-01-shell-staffelform-with-2017-04-01-versioning.xml#assig_moved"
                xlink:label="loc_label_assig_moved"/>
      <gen:arc xlink:type="arc" xlink:title="label assig_moved"
               xlink:arcrole="http://xbrl.org/arcrole/2008/element-label"
               xlink:from="loc_label_assig_moved"
               xlink:to="label_assig_moved"/>
      <label:label xlink:type="resource" xlink:title="label"
                   xlink:role="http://www.xbrl.org/2003/role/label"
                   xlink:label="label_assig_moved"
                   id="assig_moved"
                   xml:lang="de">Verschoben</label:label>
      <link:loc xlink:type="locator"
                xlink:href="de-pi-2018-04-01-shell-staffelform-with-2017-04-01-versioning.xml#ver_100001"
                xlink:label="loc_label_ver_100001"/>
      <gen:arc xlink:type="arc" xlink:title="label ver_100001"
               xlink:arcrole="http://xbrl.org/arcrole/2008/element-label"
               xlink:from="loc_label_ver_100001"
               xlink:to="label_ver_100001"/>
      <label:label xlink:type="resource" xlink:title="label"
                   xlink:role="http://www.xbrl.org/2003/role/label"
                   xlink:label="label_ver_100001"
                   id="ver_100001"
                   xml:lang="de">Vorschlag KPMG</label:label>
      <link:loc xlink:type="locator"
                xlink:href="de-pi-2018-04-01-shell-staffelform-with-2017-04-01-versioning.xml#ver_100002"
                xlink:label="loc_label_ver_100002"/>
      <gen:arc xlink:type="arc" xlink:title="label ver_100002"
               xlink:arcrole="http://xbrl.org/arcrole/2008/element-label"
               xlink:from="loc_label_ver_100002"
               xlink:to="label_ver_100002"/>
      <label:label xlink:type="resource" xlink:title="label"
                   xlink:role="http://www.xbrl.org/2003/role/label"
                   xlink:label="label_ver_100002"
                   id="ver_100002"
                   xml:lang="de">Mussfeld bei steuerlich nicht zulässiger Position</label:label>
      <link:loc xlink:type="locator"
                xlink:href="de-pi-2018-04-01-shell-staffelform-with-2017-04-01-versioning.xml#ver_100003"
                xlink:label="loc_label_ver_100003"/>
      <gen:arc xlink:type="arc" xlink:title="label ver_100003"
               xlink:arcrole="http://xbrl.org/arcrole/2008/element-label"
               xlink:from="loc_label_ver_100003"
               xlink:to="label_ver_100003"/>
      <label:label xlink:type="resource" xlink:title="label"
                   xlink:role="http://www.xbrl.org/2003/role/label"
                   xlink:label="label_ver_100003"
                   id="ver_100003"
                   xml:lang="de">Vorschlag KPMG</label:label>
      <link:loc xlink:type="locator"
                xlink:href="de-pi-2018-04-01-shell-staffelform-with-2017-04-01-versioning.xml#ver_100004"
                xlink:label="loc_label_ver_100004"/>
      <gen:arc xlink:type="arc" xlink:title="label ver_100004"
               xlink:arcrole="http://xbrl.org/arcrole/2008/element-label"
               xlink:from="loc_label_ver_100004"
               xlink:to="label_ver_100004"/>
      <label:label xlink:type="resource" xlink:title="label"
                   xlink:role="http://www.xbrl.org/2003/role/label"
                   xlink:label="label_ver_100004"
                   id="ver_100004"
                   xml:lang="de">Vorschlag KPMG</label:label>
      <link:loc xlink:type="locator"
                xlink:href="de-pi-2018-04-01-shell-staffelform-with-2017-04-01-versioning.xml#ver_100005"
                xlink:label="loc_label_ver_100005"/>
      <gen:arc xlink:type="arc" xlink:title="label ver_100005"
               xlink:arcrole="http://xbrl.org/arcrole/2008/element-label"
               xlink:from="loc_label_ver_100005"
               xlink:to="label_ver_100005"/>
      <label:label xlink:type="resource" xlink:title="label"
                   xlink:role="http://www.xbrl.org/2003/role/label"
                   xlink:label="label_ver_100005"
                   id="ver_100005"
                   xml:lang="de">Mussfeld bei steuerlich nicht zulässiger Position</label:label>
      <link:loc xlink:type="locator"
                xlink:href="de-pi-2018-04-01-shell-staffelform-with-2017-04-01-versioning.xml#ver_100006"
                xlink:label="loc_label_ver_100006"/>
      <gen:arc xlink:type="arc" xlink:title="label ver_100006"
               xlink:arcrole="http://xbrl.org/arcrole/2008/element-label"
               xlink:from="loc_label_ver_100006"
               xlink:to="label_ver_100006"/>
      <label:label xlink:type="resource" xlink:title="label"
                   xlink:role="http://www.xbrl.org/2003/role/label"
                   xlink:label="label_ver_100006"
                   id="ver_100006"
                   xml:lang="de">Vorschlag KPMG</label:label>
      <link:loc xlink:type="locator"
                xlink:href="de-pi-2018-04-01-shell-staffelform-with-2017-04-01-versioning.xml#ver_100007"
                xlink:label="loc_label_ver_100007"/>
      <gen:arc xlink:type="arc" xlink:title="label ver_100007"
               xlink:arcrole="http://xbrl.org/arcrole/2008/element-label"
               xlink:from="loc_label_ver_100007"
               xlink:to="label_ver_100007"/>
      <label:label xlink:type="resource" xlink:title="label"
                   xlink:role="http://www.xbrl.org/2003/role/label"
                   xlink:label="label_ver_100007"
                   id="ver_100007"
                   xml:lang="de">Vorschlag KPMG</label:label>
      <link:loc xlink:type="locator"
                xlink:href="de-pi-2018-04-01-shell-staffelform-with-2017-04-01-versioning.xml#ver_100008"
                xlink:label="loc_label_ver_100008"/>
      <gen:arc xlink:type="arc" xlink:title="label ver_100008"
               xlink:arcrole="http://xbrl.org/arcrole/2008/element-label"
               xlink:from="loc_label_ver_100008"
               xlink:to="label_ver_100008"/>
      <label:label xlink:type="resource" xlink:title="label"
                   xlink:role="http://www.xbrl.org/2003/role/label"
                   xlink:label="label_ver_100008"
                   id="ver_100008"
                   xml:lang="de">Vorschlag KPMG</label:label>
      <link:loc xlink:type="locator"
                xlink:href="de-pi-2018-04-01-shell-staffelform-with-2017-04-01-versioning.xml#ver_100009"
                xlink:label="loc_label_ver_100009"/>
      <gen:arc xlink:type="arc" xlink:title="label ver_100009"
               xlink:arcrole="http://xbrl.org/arcrole/2008/element-label"
               xlink:from="loc_label_ver_100009"
               xlink:to="label_ver_100009"/>
      <label:label xlink:type="resource" xlink:title="label"
                   xlink:role="http://www.xbrl.org/2003/role/label"
                   xlink:label="label_ver_100009"
                   id="ver_100009"
                   xml:lang="de">Vorschlag KPMG</label:label>
      <link:loc xlink:type="locator"
                xlink:href="de-pi-2018-04-01-shell-staffelform-with-2017-04-01-versioning.xml#ver_100010"
                xlink:label="loc_label_ver_100010"/>
      <gen:arc xlink:type="arc" xlink:title="label ver_100010"
               xlink:arcrole="http://xbrl.org/arcrole/2008/element-label"
               xlink:from="loc_label_ver_100010"
               xlink:to="label_ver_100010"/>
      <label:label xlink:type="resource" xlink:title="label"
                   xlink:role="http://www.xbrl.org/2003/role/label"
                   xlink:label="label_ver_100010"
                   id="ver_100010"
                   xml:lang="de">Vorschlag KPMG</label:label>
      <link:loc xlink:type="locator"
                xlink:href="de-pi-2018-04-01-shell-staffelform-with-2017-04-01-versioning.xml#ver_100011"
                xlink:label="loc_label_ver_100011"/>
      <gen:arc xlink:type="arc" xlink:title="label ver_100011"
               xlink:arcrole="http://xbrl.org/arcrole/2008/element-label"
               xlink:from="loc_label_ver_100011"
               xlink:to="label_ver_100011"/>
      <label:label xlink:type="resource" xlink:title="label"
                   xlink:role="http://www.xbrl.org/2003/role/label"
                   xlink:label="label_ver_100011"
                   id="ver_100011"
                   xml:lang="de">Vorschlag KPMG</label:label>
      <link:loc xlink:type="locator"
                xlink:href="de-pi-2018-04-01-shell-staffelform-with-2017-04-01-versioning.xml#ver_100012"
                xlink:label="loc_label_ver_100012"/>
      <gen:arc xlink:type="arc" xlink:title="label ver_100012"
               xlink:arcrole="http://xbrl.org/arcrole/2008/element-label"
               xlink:from="loc_label_ver_100012"
               xlink:to="label_ver_100012"/>
      <label:label xlink:type="resource" xlink:title="label"
                   xlink:role="http://www.xbrl.org/2003/role/label"
                   xlink:label="label_ver_100012"
                   id="ver_100012"
                   xml:lang="de">Vorschlag KPMG</label:label>
      <link:loc xlink:type="locator"
                xlink:href="de-pi-2018-04-01-shell-staffelform-with-2017-04-01-versioning.xml#ver_100013"
                xlink:label="loc_label_ver_100013"/>
      <gen:arc xlink:type="arc" xlink:title="label ver_100013"
               xlink:arcrole="http://xbrl.org/arcrole/2008/element-label"
               xlink:from="loc_label_ver_100013"
               xlink:to="label_ver_100013"/>
      <label:label xlink:type="resource" xlink:title="label"
                   xlink:role="http://www.xbrl.org/2003/role/label"
                   xlink:label="label_ver_100013"
                   id="ver_100013"
                   xml:lang="de">Einstellung Rücklage Verpflichtungsübernahme</label:label>
      <link:loc xlink:type="locator"
                xlink:href="de-pi-2018-04-01-shell-staffelform-with-2017-04-01-versioning.xml#ver_100014"
                xlink:label="loc_label_ver_100014"/>
      <gen:arc xlink:type="arc" xlink:title="label ver_100014"
               xlink:arcrole="http://xbrl.org/arcrole/2008/element-label"
               xlink:from="loc_label_ver_100014"
               xlink:to="label_ver_100014"/>
      <label:label xlink:type="resource" xlink:title="label"
                   xlink:role="http://www.xbrl.org/2003/role/label"
                   xlink:label="label_ver_100014"
                   id="ver_100014"
                   xml:lang="de">Vorschlag KPMG</label:label>
      <link:loc xlink:type="locator"
                xlink:href="de-pi-2018-04-01-shell-staffelform-with-2017-04-01-versioning.xml#ver_100017"
                xlink:label="loc_label_ver_100017"/>
      <gen:arc xlink:type="arc" xlink:title="label ver_100017"
               xlink:arcrole="http://xbrl.org/arcrole/2008/element-label"
               xlink:from="loc_label_ver_100017"
               xlink:to="label_ver_100017"/>
      <label:label xlink:type="resource" xlink:title="label"
                   xlink:role="http://www.xbrl.org/2003/role/label"
                   xlink:label="label_ver_100017"
                   id="ver_100017"
                   xml:lang="de">Vorschlag KPMG</label:label>
      <link:loc xlink:type="locator"
                xlink:href="de-pi-2018-04-01-shell-staffelform-with-2017-04-01-versioning.xml#ver_100018"
                xlink:label="loc_label_ver_100018"/>
      <gen:arc xlink:type="arc" xlink:title="label ver_100018"
               xlink:arcrole="http://xbrl.org/arcrole/2008/element-label"
               xlink:from="loc_label_ver_100018"
               xlink:to="label_ver_100018"/>
      <label:label xlink:type="resource" xlink:title="label"
                   xlink:role="http://www.xbrl.org/2003/role/label"
                   xlink:label="label_ver_100018"
                   id="ver_100018"
                   xml:lang="de">Vorschlag KPMG</label:label>
      <link:loc xlink:type="locator"
                xlink:href="de-pi-2018-04-01-shell-staffelform-with-2017-04-01-versioning.xml#ver_100019"
                xlink:label="loc_label_ver_100019"/>
      <gen:arc xlink:type="arc" xlink:title="label ver_100019"
               xlink:arcrole="http://xbrl.org/arcrole/2008/element-label"
               xlink:from="loc_label_ver_100019"
               xlink:to="label_ver_100019"/>
      <label:label xlink:type="resource" xlink:title="label"
                   xlink:role="http://www.xbrl.org/2003/role/label"
                   xlink:label="label_ver_100019"
                   id="ver_100019"
                   xml:lang="de">Vorschlag KPMG</label:label>
      <link:loc xlink:type="locator"
                xlink:href="de-pi-2018-04-01-shell-staffelform-with-2017-04-01-versioning.xml#ver_100020"
                xlink:label="loc_label_ver_100020"/>
      <gen:arc xlink:type="arc" xlink:title="label ver_100020"
               xlink:arcrole="http://xbrl.org/arcrole/2008/element-label"
               xlink:from="loc_label_ver_100020"
               xlink:to="label_ver_100020"/>
      <label:label xlink:type="resource" xlink:title="label"
                   xlink:role="http://www.xbrl.org/2003/role/label"
                   xlink:label="label_ver_100020"
                   id="ver_100020"
                   xml:lang="de">Vorschlag KPMG</label:label>
      <link:loc xlink:type="locator"
                xlink:href="de-pi-2018-04-01-shell-staffelform-with-2017-04-01-versioning.xml#ver_100021"
                xlink:label="loc_label_ver_100021"/>
      <gen:arc xlink:type="arc" xlink:title="label ver_100021"
               xlink:arcrole="http://xbrl.org/arcrole/2008/element-label"
               xlink:from="loc_label_ver_100021"
               xlink:to="label_ver_100021"/>
      <label:label xlink:type="resource" xlink:title="label"
                   xlink:role="http://www.xbrl.org/2003/role/label"
                   xlink:label="label_ver_100021"
                   id="ver_100021"
                   xml:lang="de">Vorschlag KPMG</label:label>
      <link:loc xlink:type="locator"
                xlink:href="de-pi-2018-04-01-shell-staffelform-with-2017-04-01-versioning.xml#ver_100022"
                xlink:label="loc_label_ver_100022"/>
      <gen:arc xlink:type="arc" xlink:title="label ver_100022"
               xlink:arcrole="http://xbrl.org/arcrole/2008/element-label"
               xlink:from="loc_label_ver_100022"
               xlink:to="label_ver_100022"/>
      <label:label xlink:type="resource" xlink:title="label"
                   xlink:role="http://www.xbrl.org/2003/role/label"
                   xlink:label="label_ver_100022"
                   id="ver_100022"
                   xml:lang="de">Vorschlag KPMG</label:label>
      <link:loc xlink:type="locator"
                xlink:href="de-pi-2018-04-01-shell-staffelform-with-2017-04-01-versioning.xml#ver_100023"
                xlink:label="loc_label_ver_100023"/>
      <gen:arc xlink:type="arc" xlink:title="label ver_100023"
               xlink:arcrole="http://xbrl.org/arcrole/2008/element-label"
               xlink:from="loc_label_ver_100023"
               xlink:to="label_ver_100023"/>
      <label:label xlink:type="resource" xlink:title="label"
                   xlink:role="http://www.xbrl.org/2003/role/label"
                   xlink:label="label_ver_100023"
                   id="ver_100023"
                   xml:lang="de">Vorschlag KPMG</label:label>
      <link:loc xlink:type="locator"
                xlink:href="de-pi-2018-04-01-shell-staffelform-with-2017-04-01-versioning.xml#ver_100024"
                xlink:label="loc_label_ver_100024"/>
      <gen:arc xlink:type="arc" xlink:title="label ver_100024"
               xlink:arcrole="http://xbrl.org/arcrole/2008/element-label"
               xlink:from="loc_label_ver_100024"
               xlink:to="label_ver_100024"/>
      <label:label xlink:type="resource" xlink:title="label"
                   xlink:role="http://www.xbrl.org/2003/role/label"
                   xlink:label="label_ver_100024"
                   id="ver_100024"
                   xml:lang="de">Vorschlag KPMG</label:label>
      <link:loc xlink:type="locator"
                xlink:href="de-pi-2018-04-01-shell-staffelform-with-2017-04-01-versioning.xml#ver_100025"
                xlink:label="loc_label_ver_100025"/>
      <gen:arc xlink:type="arc" xlink:title="label ver_100025"
               xlink:arcrole="http://xbrl.org/arcrole/2008/element-label"
               xlink:from="loc_label_ver_100025"
               xlink:to="label_ver_100025"/>
      <label:label xlink:type="resource" xlink:title="label"
                   xlink:role="http://www.xbrl.org/2003/role/label"
                   xlink:label="label_ver_100025"
                   id="ver_100025"
                   xml:lang="de">Vorschlag KPMG</label:label>
      <link:loc xlink:type="locator"
                xlink:href="de-pi-2018-04-01-shell-staffelform-with-2017-04-01-versioning.xml#ver_100026"
                xlink:label="loc_label_ver_100026"/>
      <gen:arc xlink:type="arc" xlink:title="label ver_100026"
               xlink:arcrole="http://xbrl.org/arcrole/2008/element-label"
               xlink:from="loc_label_ver_100026"
               xlink:to="label_ver_100026"/>
      <label:label xlink:type="resource" xlink:title="label"
                   xlink:role="http://www.xbrl.org/2003/role/label"
                   xlink:label="label_ver_100026"
                   id="ver_100026"
                   xml:lang="de">Vorschlag KPMG</label:label>
      <link:loc xlink:type="locator"
                xlink:href="de-pi-2018-04-01-shell-staffelform-with-2017-04-01-versioning.xml#ver_100027"
                xlink:label="loc_label_ver_100027"/>
      <gen:arc xlink:type="arc" xlink:title="label ver_100027"
               xlink:arcrole="http://xbrl.org/arcrole/2008/element-label"
               xlink:from="loc_label_ver_100027"
               xlink:to="label_ver_100027"/>
      <label:label xlink:type="resource" xlink:title="label"
                   xlink:role="http://www.xbrl.org/2003/role/label"
                   xlink:label="label_ver_100027"
                   id="ver_100027"
                   xml:lang="de">Vorschlag KPMG</label:label>
      <link:loc xlink:type="locator"
                xlink:href="de-pi-2018-04-01-shell-staffelform-with-2017-04-01-versioning.xml#ver_100028"
                xlink:label="loc_label_ver_100028"/>
      <gen:arc xlink:type="arc" xlink:title="label ver_100028"
               xlink:arcrole="http://xbrl.org/arcrole/2008/element-label"
               xlink:from="loc_label_ver_100028"
               xlink:to="label_ver_100028"/>
      <label:label xlink:type="resource" xlink:title="label"
                   xlink:role="http://www.xbrl.org/2003/role/label"
                   xlink:label="label_ver_100028"
                   id="ver_100028"
                   xml:lang="de">Vorschlag KPMG</label:label>
      <link:loc xlink:type="locator"
                xlink:href="de-pi-2018-04-01-shell-staffelform-with-2017-04-01-versioning.xml#ver_100029"
                xlink:label="loc_label_ver_100029"/>
      <gen:arc xlink:type="arc" xlink:title="label ver_100029"
               xlink:arcrole="http://xbrl.org/arcrole/2008/element-label"
               xlink:from="loc_label_ver_100029"
               xlink:to="label_ver_100029"/>
      <label:label xlink:type="resource" xlink:title="label"
                   xlink:role="http://www.xbrl.org/2003/role/label"
                   xlink:label="label_ver_100029"
                   id="ver_100029"
                   xml:lang="de">Vorschlag KPMG</label:label>
      <link:loc xlink:type="locator"
                xlink:href="de-pi-2018-04-01-shell-staffelform-with-2017-04-01-versioning.xml#ver_100030"
                xlink:label="loc_label_ver_100030"/>
      <gen:arc xlink:type="arc" xlink:title="label ver_100030"
               xlink:arcrole="http://xbrl.org/arcrole/2008/element-label"
               xlink:from="loc_label_ver_100030"
               xlink:to="label_ver_100030"/>
      <label:label xlink:type="resource" xlink:title="label"
                   xlink:role="http://www.xbrl.org/2003/role/label"
                   xlink:label="label_ver_100030"
                   id="ver_100030"
                   xml:lang="de">Vorschlag KPMG</label:label>
      <link:loc xlink:type="locator"
                xlink:href="de-pi-2018-04-01-shell-staffelform-with-2017-04-01-versioning.xml#ver_100031"
                xlink:label="loc_label_ver_100031"/>
      <gen:arc xlink:type="arc" xlink:title="label ver_100031"
               xlink:arcrole="http://xbrl.org/arcrole/2008/element-label"
               xlink:from="loc_label_ver_100031"
               xlink:to="label_ver_100031"/>
      <label:label xlink:type="resource" xlink:title="label"
                   xlink:role="http://www.xbrl.org/2003/role/label"
                   xlink:label="label_ver_100031"
                   id="ver_100031"
                   xml:lang="de">Vorschlag KPMG</label:label>
      <link:loc xlink:type="locator"
                xlink:href="de-pi-2018-04-01-shell-staffelform-with-2017-04-01-versioning.xml#ver_100032"
                xlink:label="loc_label_ver_100032"/>
      <gen:arc xlink:type="arc" xlink:title="label ver_100032"
               xlink:arcrole="http://xbrl.org/arcrole/2008/element-label"
               xlink:from="loc_label_ver_100032"
               xlink:to="label_ver_100032"/>
      <label:label xlink:type="resource" xlink:title="label"
                   xlink:role="http://www.xbrl.org/2003/role/label"
                   xlink:label="label_ver_100032"
                   id="ver_100032"
                   xml:lang="de">Mussfeld bei steuerlich nicht zulässiger Position</label:label>
      <link:loc xlink:type="locator"
                xlink:href="de-pi-2018-04-01-shell-staffelform-with-2017-04-01-versioning.xml#ver_100033"
                xlink:label="loc_label_ver_100033"/>
      <gen:arc xlink:type="arc" xlink:title="label ver_100033"
               xlink:arcrole="http://xbrl.org/arcrole/2008/element-label"
               xlink:from="loc_label_ver_100033"
               xlink:to="label_ver_100033"/>
      <label:label xlink:type="resource" xlink:title="label"
                   xlink:role="http://www.xbrl.org/2003/role/label"
                   xlink:label="label_ver_100033"
                   id="ver_100033"
                   xml:lang="de">Vorschlag KPMG</label:label>
      <link:loc xlink:type="locator"
                xlink:href="de-pi-2018-04-01-shell-staffelform-with-2017-04-01-versioning.xml#ver_100034"
                xlink:label="loc_label_ver_100034"/>
      <gen:arc xlink:type="arc" xlink:title="label ver_100034"
               xlink:arcrole="http://xbrl.org/arcrole/2008/element-label"
               xlink:from="loc_label_ver_100034"
               xlink:to="label_ver_100034"/>
      <label:label xlink:type="resource" xlink:title="label"
                   xlink:role="http://www.xbrl.org/2003/role/label"
                   xlink:label="label_ver_100034"
                   id="ver_100034"
                   xml:lang="de">Vorschlag KPMG</label:label>
      <link:loc xlink:type="locator"
                xlink:href="de-pi-2018-04-01-shell-staffelform-with-2017-04-01-versioning.xml#ver_100035"
                xlink:label="loc_label_ver_100035"/>
      <gen:arc xlink:type="arc" xlink:title="label ver_100035"
               xlink:arcrole="http://xbrl.org/arcrole/2008/element-label"
               xlink:from="loc_label_ver_100035"
               xlink:to="label_ver_100035"/>
      <label:label xlink:type="resource" xlink:title="label"
                   xlink:role="http://www.xbrl.org/2003/role/label"
                   xlink:label="label_ver_100035"
                   id="ver_100035"
                   xml:lang="de">Vorschlag KPMG</label:label>
      <link:loc xlink:type="locator"
                xlink:href="de-pi-2018-04-01-shell-staffelform-with-2017-04-01-versioning.xml#ver_100036"
                xlink:label="loc_label_ver_100036"/>
      <gen:arc xlink:type="arc" xlink:title="label ver_100036"
               xlink:arcrole="http://xbrl.org/arcrole/2008/element-label"
               xlink:from="loc_label_ver_100036"
               xlink:to="label_ver_100036"/>
      <label:label xlink:type="resource" xlink:title="label"
                   xlink:role="http://www.xbrl.org/2003/role/label"
                   xlink:label="label_ver_100036"
                   id="ver_100036"
                   xml:lang="de">Vorschlag KPMG</label:label>
      <link:loc xlink:type="locator"
                xlink:href="de-pi-2018-04-01-shell-staffelform-with-2017-04-01-versioning.xml#ver_100037"
                xlink:label="loc_label_ver_100037"/>
      <gen:arc xlink:type="arc" xlink:title="label ver_100037"
               xlink:arcrole="http://xbrl.org/arcrole/2008/element-label"
               xlink:from="loc_label_ver_100037"
               xlink:to="label_ver_100037"/>
      <label:label xlink:type="resource" xlink:title="label"
                   xlink:role="http://www.xbrl.org/2003/role/label"
                   xlink:label="label_ver_100037"
                   id="ver_100037"
                   xml:lang="de">Vorschlag KPMG</label:label>
      <link:loc xlink:type="locator"
                xlink:href="de-pi-2018-04-01-shell-staffelform-with-2017-04-01-versioning.xml#ver_100038"
                xlink:label="loc_label_ver_100038"/>
      <gen:arc xlink:type="arc" xlink:title="label ver_100038"
               xlink:arcrole="http://xbrl.org/arcrole/2008/element-label"
               xlink:from="loc_label_ver_100038"
               xlink:to="label_ver_100038"/>
      <label:label xlink:type="resource" xlink:title="label"
                   xlink:role="http://www.xbrl.org/2003/role/label"
                   xlink:label="label_ver_100038"
                   id="ver_100038"
                   xml:lang="de">Vorschlag KPMG</label:label>
      <link:loc xlink:type="locator"
                xlink:href="de-pi-2018-04-01-shell-staffelform-with-2017-04-01-versioning.xml#ver_100039"
                xlink:label="loc_label_ver_100039"/>
      <gen:arc xlink:type="arc" xlink:title="label ver_100039"
               xlink:arcrole="http://xbrl.org/arcrole/2008/element-label"
               xlink:from="loc_label_ver_100039"
               xlink:to="label_ver_100039"/>
      <label:label xlink:type="resource" xlink:title="label"
                   xlink:role="http://www.xbrl.org/2003/role/label"
                   xlink:label="label_ver_100039"
                   id="ver_100039"
                   xml:lang="de">Vorschlag KPMG</label:label>
      <link:loc xlink:type="locator"
                xlink:href="de-pi-2018-04-01-shell-staffelform-with-2017-04-01-versioning.xml#ver_100040"
                xlink:label="loc_label_ver_100040"/>
      <gen:arc xlink:type="arc" xlink:title="label ver_100040"
               xlink:arcrole="http://xbrl.org/arcrole/2008/element-label"
               xlink:from="loc_label_ver_100040"
               xlink:to="label_ver_100040"/>
      <label:label xlink:type="resource" xlink:title="label"
                   xlink:role="http://www.xbrl.org/2003/role/label"
                   xlink:label="label_ver_100040"
                   id="ver_100040"
                   xml:lang="de">Vorschlag KPMG</label:label>
      <link:loc xlink:type="locator"
                xlink:href="de-pi-2018-04-01-shell-staffelform-with-2017-04-01-versioning.xml#ver_100041"
                xlink:label="loc_label_ver_100041"/>
      <gen:arc xlink:type="arc" xlink:title="label ver_100041"
               xlink:arcrole="http://xbrl.org/arcrole/2008/element-label"
               xlink:from="loc_label_ver_100041"
               xlink:to="label_ver_100041"/>
      <label:label xlink:type="resource" xlink:title="label"
                   xlink:role="http://www.xbrl.org/2003/role/label"
                   xlink:label="label_ver_100041"
                   id="ver_100041"
                   xml:lang="de">Änderung durch FinVerw</label:label>
      <link:loc xlink:type="locator"
                xlink:href="de-pi-2018-04-01-shell-staffelform-with-2017-04-01-versioning.xml#ver_100042"
                xlink:label="loc_label_ver_100042"/>
      <gen:arc xlink:type="arc" xlink:title="label ver_100042"
               xlink:arcrole="http://xbrl.org/arcrole/2008/element-label"
               xlink:from="loc_label_ver_100042"
               xlink:to="label_ver_100042"/>
      <label:label xlink:type="resource" xlink:title="label"
                   xlink:role="http://www.xbrl.org/2003/role/label"
                   xlink:label="label_ver_100042"
                   id="ver_100042"
                   xml:lang="de">Vorschlag KPMG</label:label>
      <link:loc xlink:type="locator"
                xlink:href="de-pi-2018-04-01-shell-staffelform-with-2017-04-01-versioning.xml#ver_100043"
                xlink:label="loc_label_ver_100043"/>
      <gen:arc xlink:type="arc" xlink:title="label ver_100043"
               xlink:arcrole="http://xbrl.org/arcrole/2008/element-label"
               xlink:from="loc_label_ver_100043"
               xlink:to="label_ver_100043"/>
      <label:label xlink:type="resource" xlink:title="label"
                   xlink:role="http://www.xbrl.org/2003/role/label"
                   xlink:label="label_ver_100043"
                   id="ver_100043"
                   xml:lang="de">Vorschlag KPMG</label:label>
      <link:loc xlink:type="locator"
                xlink:href="de-pi-2018-04-01-shell-staffelform-with-2017-04-01-versioning.xml#ver_100044"
                xlink:label="loc_label_ver_100044"/>
      <gen:arc xlink:type="arc" xlink:title="label ver_100044"
               xlink:arcrole="http://xbrl.org/arcrole/2008/element-label"
               xlink:from="loc_label_ver_100044"
               xlink:to="label_ver_100044"/>
      <label:label xlink:type="resource" xlink:title="label"
                   xlink:role="http://www.xbrl.org/2003/role/label"
                   xlink:label="label_ver_100044"
                   id="ver_100044"
                   xml:lang="de">Vorschlag KPMG</label:label>
      <link:loc xlink:type="locator"
                xlink:href="de-pi-2018-04-01-shell-staffelform-with-2017-04-01-versioning.xml#ver_100045"
                xlink:label="loc_label_ver_100045"/>
      <gen:arc xlink:type="arc" xlink:title="label ver_100045"
               xlink:arcrole="http://xbrl.org/arcrole/2008/element-label"
               xlink:from="loc_label_ver_100045"
               xlink:to="label_ver_100045"/>
      <label:label xlink:type="resource" xlink:title="label"
                   xlink:role="http://www.xbrl.org/2003/role/label"
                   xlink:label="label_ver_100045"
                   id="ver_100045"
                   xml:lang="de">Vorschlag KPMG</label:label>
      <link:loc xlink:type="locator"
                xlink:href="de-pi-2018-04-01-shell-staffelform-with-2017-04-01-versioning.xml#ver_100046"
                xlink:label="loc_label_ver_100046"/>
      <gen:arc xlink:type="arc" xlink:title="label ver_100046"
               xlink:arcrole="http://xbrl.org/arcrole/2008/element-label"
               xlink:from="loc_label_ver_100046"
               xlink:to="label_ver_100046"/>
      <label:label xlink:type="resource" xlink:title="label"
                   xlink:role="http://www.xbrl.org/2003/role/label"
                   xlink:label="label_ver_100046"
                   id="ver_100046"
                   xml:lang="de">Vorschlag KPMG</label:label>
      <link:loc xlink:type="locator"
                xlink:href="de-pi-2018-04-01-shell-staffelform-with-2017-04-01-versioning.xml#ver_100047"
                xlink:label="loc_label_ver_100047"/>
      <gen:arc xlink:type="arc" xlink:title="label ver_100047"
               xlink:arcrole="http://xbrl.org/arcrole/2008/element-label"
               xlink:from="loc_label_ver_100047"
               xlink:to="label_ver_100047"/>
      <label:label xlink:type="resource" xlink:title="label"
                   xlink:role="http://www.xbrl.org/2003/role/label"
                   xlink:label="label_ver_100047"
                   id="ver_100047"
                   xml:lang="de">Vorschlag KPMG</label:label>
      <link:loc xlink:type="locator"
                xlink:href="de-pi-2018-04-01-shell-staffelform-with-2017-04-01-versioning.xml#ver_100048"
                xlink:label="loc_label_ver_100048"/>
      <gen:arc xlink:type="arc" xlink:title="label ver_100048"
               xlink:arcrole="http://xbrl.org/arcrole/2008/element-label"
               xlink:from="loc_label_ver_100048"
               xlink:to="label_ver_100048"/>
      <label:label xlink:type="resource" xlink:title="label"
                   xlink:role="http://www.xbrl.org/2003/role/label"
                   xlink:label="label_ver_100048"
                   id="ver_100048"
                   xml:lang="de">Vorschlag KPMG</label:label>
      <link:loc xlink:type="locator"
                xlink:href="de-pi-2018-04-01-shell-staffelform-with-2017-04-01-versioning.xml#ver_100049"
                xlink:label="loc_label_ver_100049"/>
      <gen:arc xlink:type="arc" xlink:title="label ver_100049"
               xlink:arcrole="http://xbrl.org/arcrole/2008/element-label"
               xlink:from="loc_label_ver_100049"
               xlink:to="label_ver_100049"/>
      <label:label xlink:type="resource" xlink:title="label"
                   xlink:role="http://www.xbrl.org/2003/role/label"
                   xlink:label="label_ver_100049"
                   id="ver_100049"
                   xml:lang="de">Vorschlag KPMG</label:label>
      <link:loc xlink:type="locator"
                xlink:href="de-pi-2018-04-01-shell-staffelform-with-2017-04-01-versioning.xml#ver_100050"
                xlink:label="loc_label_ver_100050"/>
      <gen:arc xlink:type="arc" xlink:title="label ver_100050"
               xlink:arcrole="http://xbrl.org/arcrole/2008/element-label"
               xlink:from="loc_label_ver_100050"
               xlink:to="label_ver_100050"/>
      <label:label xlink:type="resource" xlink:title="label"
                   xlink:role="http://www.xbrl.org/2003/role/label"
                   xlink:label="label_ver_100050"
                   id="ver_100050"
                   xml:lang="de">Vorschlag KPMG</label:label>
      <link:loc xlink:type="locator"
                xlink:href="de-pi-2018-04-01-shell-staffelform-with-2017-04-01-versioning.xml#ver_100051"
                xlink:label="loc_label_ver_100051"/>
      <gen:arc xlink:type="arc" xlink:title="label ver_100051"
               xlink:arcrole="http://xbrl.org/arcrole/2008/element-label"
               xlink:from="loc_label_ver_100051"
               xlink:to="label_ver_100051"/>
      <label:label xlink:type="resource" xlink:title="label"
                   xlink:role="http://www.xbrl.org/2003/role/label"
                   xlink:label="label_ver_100051"
                   id="ver_100051"
                   xml:lang="de">Vorschlag KPMG</label:label>
      <link:loc xlink:type="locator"
                xlink:href="de-pi-2018-04-01-shell-staffelform-with-2017-04-01-versioning.xml#ver_100053"
                xlink:label="loc_label_ver_100053"/>
      <gen:arc xlink:type="arc" xlink:title="label ver_100053"
               xlink:arcrole="http://xbrl.org/arcrole/2008/element-label"
               xlink:from="loc_label_ver_100053"
               xlink:to="label_ver_100053"/>
      <label:label xlink:type="resource" xlink:title="label"
                   xlink:role="http://www.xbrl.org/2003/role/label"
                   xlink:label="label_ver_100053"
                   id="ver_100053"
                   xml:lang="de">Vorschlag KPMG</label:label>
      <link:loc xlink:type="locator"
                xlink:href="de-pi-2018-04-01-shell-staffelform-with-2017-04-01-versioning.xml#ver_100054"
                xlink:label="loc_label_ver_100054"/>
      <gen:arc xlink:type="arc" xlink:title="label ver_100054"
               xlink:arcrole="http://xbrl.org/arcrole/2008/element-label"
               xlink:from="loc_label_ver_100054"
               xlink:to="label_ver_100054"/>
      <label:label xlink:type="resource" xlink:title="label"
                   xlink:role="http://www.xbrl.org/2003/role/label"
                   xlink:label="label_ver_100054"
                   id="ver_100054"
                   xml:lang="de">Vorschlag KPMG</label:label>
      <link:loc xlink:type="locator"
                xlink:href="de-pi-2018-04-01-shell-staffelform-with-2017-04-01-versioning.xml#ver_100055"
                xlink:label="loc_label_ver_100055"/>
      <gen:arc xlink:type="arc" xlink:title="label ver_100055"
               xlink:arcrole="http://xbrl.org/arcrole/2008/element-label"
               xlink:from="loc_label_ver_100055"
               xlink:to="label_ver_100055"/>
      <label:label xlink:type="resource" xlink:title="label"
                   xlink:role="http://www.xbrl.org/2003/role/label"
                   xlink:label="label_ver_100055"
                   id="ver_100055"
                   xml:lang="de">Vorschlag KPMG</label:label>
      <link:loc xlink:type="locator"
                xlink:href="de-pi-2018-04-01-shell-staffelform-with-2017-04-01-versioning.xml#ver_100056"
                xlink:label="loc_label_ver_100056"/>
      <gen:arc xlink:type="arc" xlink:title="label ver_100056"
               xlink:arcrole="http://xbrl.org/arcrole/2008/element-label"
               xlink:from="loc_label_ver_100056"
               xlink:to="label_ver_100056"/>
      <label:label xlink:type="resource" xlink:title="label"
                   xlink:role="http://www.xbrl.org/2003/role/label"
                   xlink:label="label_ver_100056"
                   id="ver_100056"
                   xml:lang="de">Vorschlag KPMG</label:label>
      <link:loc xlink:type="locator"
                xlink:href="de-pi-2018-04-01-shell-staffelform-with-2017-04-01-versioning.xml#ver_100057"
                xlink:label="loc_label_ver_100057"/>
      <gen:arc xlink:type="arc" xlink:title="label ver_100057"
               xlink:arcrole="http://xbrl.org/arcrole/2008/element-label"
               xlink:from="loc_label_ver_100057"
               xlink:to="label_ver_100057"/>
      <label:label xlink:type="resource" xlink:title="label"
                   xlink:role="http://www.xbrl.org/2003/role/label"
                   xlink:label="label_ver_100057"
                   id="ver_100057"
                   xml:lang="de">Mussfeld bei steuerlich nicht zulässiger Position</label:label>
      <link:loc xlink:type="locator"
                xlink:href="de-pi-2018-04-01-shell-staffelform-with-2017-04-01-versioning.xml#ver_100058"
                xlink:label="loc_label_ver_100058"/>
      <gen:arc xlink:type="arc" xlink:title="label ver_100058"
               xlink:arcrole="http://xbrl.org/arcrole/2008/element-label"
               xlink:from="loc_label_ver_100058"
               xlink:to="label_ver_100058"/>
      <label:label xlink:type="resource" xlink:title="label"
                   xlink:role="http://www.xbrl.org/2003/role/label"
                   xlink:label="label_ver_100058"
                   id="ver_100058"
                   xml:lang="de">Vorschlag KPMG</label:label>
      <link:loc xlink:type="locator"
                xlink:href="de-pi-2018-04-01-shell-staffelform-with-2017-04-01-versioning.xml#ver_100059"
                xlink:label="loc_label_ver_100059"/>
      <gen:arc xlink:type="arc" xlink:title="label ver_100059"
               xlink:arcrole="http://xbrl.org/arcrole/2008/element-label"
               xlink:from="loc_label_ver_100059"
               xlink:to="label_ver_100059"/>
      <label:label xlink:type="resource" xlink:title="label"
                   xlink:role="http://www.xbrl.org/2003/role/label"
                   xlink:label="label_ver_100059"
                   id="ver_100059"
                   xml:lang="de">Vorschlag KPMG</label:label>
      <link:loc xlink:type="locator"
                xlink:href="de-pi-2018-04-01-shell-staffelform-with-2017-04-01-versioning.xml#ver_100060"
                xlink:label="loc_label_ver_100060"/>
      <gen:arc xlink:type="arc" xlink:title="label ver_100060"
               xlink:arcrole="http://xbrl.org/arcrole/2008/element-label"
               xlink:from="loc_label_ver_100060"
               xlink:to="label_ver_100060"/>
      <label:label xlink:type="resource" xlink:title="label"
                   xlink:role="http://www.xbrl.org/2003/role/label"
                   xlink:label="label_ver_100060"
                   id="ver_100060"
                   xml:lang="de">Vorschlag KPMG</label:label>
      <link:loc xlink:type="locator"
                xlink:href="de-pi-2018-04-01-shell-staffelform-with-2017-04-01-versioning.xml#ver_100061"
                xlink:label="loc_label_ver_100061"/>
      <gen:arc xlink:type="arc" xlink:title="label ver_100061"
               xlink:arcrole="http://xbrl.org/arcrole/2008/element-label"
               xlink:from="loc_label_ver_100061"
               xlink:to="label_ver_100061"/>
      <label:label xlink:type="resource" xlink:title="label"
                   xlink:role="http://www.xbrl.org/2003/role/label"
                   xlink:label="label_ver_100061"
                   id="ver_100061"
                   xml:lang="de">Vorschlag KPMG</label:label>
      <link:loc xlink:type="locator"
                xlink:href="de-pi-2018-04-01-shell-staffelform-with-2017-04-01-versioning.xml#ver_100062"
                xlink:label="loc_label_ver_100062"/>
      <gen:arc xlink:type="arc" xlink:title="label ver_100062"
               xlink:arcrole="http://xbrl.org/arcrole/2008/element-label"
               xlink:from="loc_label_ver_100062"
               xlink:to="label_ver_100062"/>
      <label:label xlink:type="resource" xlink:title="label"
                   xlink:role="http://www.xbrl.org/2003/role/label"
                   xlink:label="label_ver_100062"
                   id="ver_100062"
                   xml:lang="de">Vorschlag KPMG</label:label>
      <link:loc xlink:type="locator"
                xlink:href="de-pi-2018-04-01-shell-staffelform-with-2017-04-01-versioning.xml#ver_100063"
                xlink:label="loc_label_ver_100063"/>
      <gen:arc xlink:type="arc" xlink:title="label ver_100063"
               xlink:arcrole="http://xbrl.org/arcrole/2008/element-label"
               xlink:from="loc_label_ver_100063"
               xlink:to="label_ver_100063"/>
      <label:label xlink:type="resource" xlink:title="label"
                   xlink:role="http://www.xbrl.org/2003/role/label"
                   xlink:label="label_ver_100063"
                   id="ver_100063"
                   xml:lang="de">Vorschlag KPMG</label:label>
      <link:loc xlink:type="locator"
                xlink:href="de-pi-2018-04-01-shell-staffelform-with-2017-04-01-versioning.xml#ver_100064"
                xlink:label="loc_label_ver_100064"/>
      <gen:arc xlink:type="arc" xlink:title="label ver_100064"
               xlink:arcrole="http://xbrl.org/arcrole/2008/element-label"
               xlink:from="loc_label_ver_100064"
               xlink:to="label_ver_100064"/>
      <label:label xlink:type="resource" xlink:title="label"
                   xlink:role="http://www.xbrl.org/2003/role/label"
                   xlink:label="label_ver_100064"
                   id="ver_100064"
                   xml:lang="de">Vorschlag KPMG</label:label>
      <link:loc xlink:type="locator"
                xlink:href="de-pi-2018-04-01-shell-staffelform-with-2017-04-01-versioning.xml#ver_100065"
                xlink:label="loc_label_ver_100065"/>
      <gen:arc xlink:type="arc" xlink:title="label ver_100065"
               xlink:arcrole="http://xbrl.org/arcrole/2008/element-label"
               xlink:from="loc_label_ver_100065"
               xlink:to="label_ver_100065"/>
      <label:label xlink:type="resource" xlink:title="label"
                   xlink:role="http://www.xbrl.org/2003/role/label"
                   xlink:label="label_ver_100065"
                   id="ver_100065"
                   xml:lang="de">Vorschlag KPMG</label:label>
      <link:loc xlink:type="locator"
                xlink:href="de-pi-2018-04-01-shell-staffelform-with-2017-04-01-versioning.xml#ver_100066"
                xlink:label="loc_label_ver_100066"/>
      <gen:arc xlink:type="arc" xlink:title="label ver_100066"
               xlink:arcrole="http://xbrl.org/arcrole/2008/element-label"
               xlink:from="loc_label_ver_100066"
               xlink:to="label_ver_100066"/>
      <label:label xlink:type="resource" xlink:title="label"
                   xlink:role="http://www.xbrl.org/2003/role/label"
                   xlink:label="label_ver_100066"
                   id="ver_100066"
                   xml:lang="de">Vorschlag KPMG</label:label>
      <link:loc xlink:type="locator"
                xlink:href="de-pi-2018-04-01-shell-staffelform-with-2017-04-01-versioning.xml#ver_100067"
                xlink:label="loc_label_ver_100067"/>
      <gen:arc xlink:type="arc" xlink:title="label ver_100067"
               xlink:arcrole="http://xbrl.org/arcrole/2008/element-label"
               xlink:from="loc_label_ver_100067"
               xlink:to="label_ver_100067"/>
      <label:label xlink:type="resource" xlink:title="label"
                   xlink:role="http://www.xbrl.org/2003/role/label"
                   xlink:label="label_ver_100067"
                   id="ver_100067"
                   xml:lang="de">Vorschlag KPMG</label:label>
      <link:loc xlink:type="locator"
                xlink:href="de-pi-2018-04-01-shell-staffelform-with-2017-04-01-versioning.xml#ver_100068"
                xlink:label="loc_label_ver_100068"/>
      <gen:arc xlink:type="arc" xlink:title="label ver_100068"
               xlink:arcrole="http://xbrl.org/arcrole/2008/element-label"
               xlink:from="loc_label_ver_100068"
               xlink:to="label_ver_100068"/>
      <label:label xlink:type="resource" xlink:title="label"
                   xlink:role="http://www.xbrl.org/2003/role/label"
                   xlink:label="label_ver_100068"
                   id="ver_100068"
                   xml:lang="de">Vorschlag KPMG</label:label>
      <link:loc xlink:type="locator"
                xlink:href="de-pi-2018-04-01-shell-staffelform-with-2017-04-01-versioning.xml#ver_100069"
                xlink:label="loc_label_ver_100069"/>
      <gen:arc xlink:type="arc" xlink:title="label ver_100069"
               xlink:arcrole="http://xbrl.org/arcrole/2008/element-label"
               xlink:from="loc_label_ver_100069"
               xlink:to="label_ver_100069"/>
      <label:label xlink:type="resource" xlink:title="label"
                   xlink:role="http://www.xbrl.org/2003/role/label"
                   xlink:label="label_ver_100069"
                   id="ver_100069"
                   xml:lang="de">Vorschlag KPMG</label:label>
      <link:loc xlink:type="locator"
                xlink:href="de-pi-2018-04-01-shell-staffelform-with-2017-04-01-versioning.xml#ver_100070"
                xlink:label="loc_label_ver_100070"/>
      <gen:arc xlink:type="arc" xlink:title="label ver_100070"
               xlink:arcrole="http://xbrl.org/arcrole/2008/element-label"
               xlink:from="loc_label_ver_100070"
               xlink:to="label_ver_100070"/>
      <label:label xlink:type="resource" xlink:title="label"
                   xlink:role="http://www.xbrl.org/2003/role/label"
                   xlink:label="label_ver_100070"
                   id="ver_100070"
                   xml:lang="de">Vorschlag KPMG</label:label>
      <link:loc xlink:type="locator"
                xlink:href="de-pi-2018-04-01-shell-staffelform-with-2017-04-01-versioning.xml#ver_100071"
                xlink:label="loc_label_ver_100071"/>
      <gen:arc xlink:type="arc" xlink:title="label ver_100071"
               xlink:arcrole="http://xbrl.org/arcrole/2008/element-label"
               xlink:from="loc_label_ver_100071"
               xlink:to="label_ver_100071"/>
      <label:label xlink:type="resource" xlink:title="label"
                   xlink:role="http://www.xbrl.org/2003/role/label"
                   xlink:label="label_ver_100071"
                   id="ver_100071"
                   xml:lang="de">Vorschlag KPMG</label:label>
      <link:loc xlink:type="locator"
                xlink:href="de-pi-2018-04-01-shell-staffelform-with-2017-04-01-versioning.xml#ver_100072"
                xlink:label="loc_label_ver_100072"/>
      <gen:arc xlink:type="arc" xlink:title="label ver_100072"
               xlink:arcrole="http://xbrl.org/arcrole/2008/element-label"
               xlink:from="loc_label_ver_100072"
               xlink:to="label_ver_100072"/>
      <label:label xlink:type="resource" xlink:title="label"
                   xlink:role="http://www.xbrl.org/2003/role/label"
                   xlink:label="label_ver_100072"
                   id="ver_100072"
                   xml:lang="de">Mussfeld bei steuerlich nicht zulässiger Position</label:label>
      <link:loc xlink:type="locator"
                xlink:href="de-pi-2018-04-01-shell-staffelform-with-2017-04-01-versioning.xml#ver_100073"
                xlink:label="loc_label_ver_100073"/>
      <gen:arc xlink:type="arc" xlink:title="label ver_100073"
               xlink:arcrole="http://xbrl.org/arcrole/2008/element-label"
               xlink:from="loc_label_ver_100073"
               xlink:to="label_ver_100073"/>
      <label:label xlink:type="resource" xlink:title="label"
                   xlink:role="http://www.xbrl.org/2003/role/label"
                   xlink:label="label_ver_100073"
                   id="ver_100073"
                   xml:lang="de">Vorschlag KPMG</label:label>
      <link:loc xlink:type="locator"
                xlink:href="de-pi-2018-04-01-shell-staffelform-with-2017-04-01-versioning.xml#ver_100074"
                xlink:label="loc_label_ver_100074"/>
      <gen:arc xlink:type="arc" xlink:title="label ver_100074"
               xlink:arcrole="http://xbrl.org/arcrole/2008/element-label"
               xlink:from="loc_label_ver_100074"
               xlink:to="label_ver_100074"/>
      <label:label xlink:type="resource" xlink:title="label"
                   xlink:role="http://www.xbrl.org/2003/role/label"
                   xlink:label="label_ver_100074"
                   id="ver_100074"
                   xml:lang="de">Vorschlag KPMG</label:label>
      <link:loc xlink:type="locator"
                xlink:href="de-pi-2018-04-01-shell-staffelform-with-2017-04-01-versioning.xml#ver_100075"
                xlink:label="loc_label_ver_100075"/>
      <gen:arc xlink:type="arc" xlink:title="label ver_100075"
               xlink:arcrole="http://xbrl.org/arcrole/2008/element-label"
               xlink:from="loc_label_ver_100075"
               xlink:to="label_ver_100075"/>
      <label:label xlink:type="resource" xlink:title="label"
                   xlink:role="http://www.xbrl.org/2003/role/label"
                   xlink:label="label_ver_100075"
                   id="ver_100075"
                   xml:lang="de">Vorschlag KPMG</label:label>
      <link:loc xlink:type="locator"
                xlink:href="de-pi-2018-04-01-shell-staffelform-with-2017-04-01-versioning.xml#ver_100076"
                xlink:label="loc_label_ver_100076"/>
      <gen:arc xlink:type="arc" xlink:title="label ver_100076"
               xlink:arcrole="http://xbrl.org/arcrole/2008/element-label"
               xlink:from="loc_label_ver_100076"
               xlink:to="label_ver_100076"/>
      <label:label xlink:type="resource" xlink:title="label"
                   xlink:role="http://www.xbrl.org/2003/role/label"
                   xlink:label="label_ver_100076"
                   id="ver_100076"
                   xml:lang="de">Vorschlag KPMG</label:label>
      <link:loc xlink:type="locator"
                xlink:href="de-pi-2018-04-01-shell-staffelform-with-2017-04-01-versioning.xml#ver_100077"
                xlink:label="loc_label_ver_100077"/>
      <gen:arc xlink:type="arc" xlink:title="label ver_100077"
               xlink:arcrole="http://xbrl.org/arcrole/2008/element-label"
               xlink:from="loc_label_ver_100077"
               xlink:to="label_ver_100077"/>
      <label:label xlink:type="resource" xlink:title="label"
                   xlink:role="http://www.xbrl.org/2003/role/label"
                   xlink:label="label_ver_100077"
                   id="ver_100077"
                   xml:lang="de">Vorschlag KPMG</label:label>
      <link:loc xlink:type="locator"
                xlink:href="de-pi-2018-04-01-shell-staffelform-with-2017-04-01-versioning.xml#ver_100078"
                xlink:label="loc_label_ver_100078"/>
      <gen:arc xlink:type="arc" xlink:title="label ver_100078"
               xlink:arcrole="http://xbrl.org/arcrole/2008/element-label"
               xlink:from="loc_label_ver_100078"
               xlink:to="label_ver_100078"/>
      <label:label xlink:type="resource" xlink:title="label"
                   xlink:role="http://www.xbrl.org/2003/role/label"
                   xlink:label="label_ver_100078"
                   id="ver_100078"
                   xml:lang="de">Vorschlag KPMG</label:label>
      <link:loc xlink:type="locator"
                xlink:href="de-pi-2018-04-01-shell-staffelform-with-2017-04-01-versioning.xml#ver_100079"
                xlink:label="loc_label_ver_100079"/>
      <gen:arc xlink:type="arc" xlink:title="label ver_100079"
               xlink:arcrole="http://xbrl.org/arcrole/2008/element-label"
               xlink:from="loc_label_ver_100079"
               xlink:to="label_ver_100079"/>
      <label:label xlink:type="resource" xlink:title="label"
                   xlink:role="http://www.xbrl.org/2003/role/label"
                   xlink:label="label_ver_100079"
                   id="ver_100079"
                   xml:lang="de">Vorschlag KPMG</label:label>
      <link:loc xlink:type="locator"
                xlink:href="de-pi-2018-04-01-shell-staffelform-with-2017-04-01-versioning.xml#ver_100080"
                xlink:label="loc_label_ver_100080"/>
      <gen:arc xlink:type="arc" xlink:title="label ver_100080"
               xlink:arcrole="http://xbrl.org/arcrole/2008/element-label"
               xlink:from="loc_label_ver_100080"
               xlink:to="label_ver_100080"/>
      <label:label xlink:type="resource" xlink:title="label"
                   xlink:role="http://www.xbrl.org/2003/role/label"
                   xlink:label="label_ver_100080"
                   id="ver_100080"
                   xml:lang="de">Auflösung Rücklage Verpflichtungsübernahme</label:label>
      <link:loc xlink:type="locator"
                xlink:href="de-pi-2018-04-01-shell-staffelform-with-2017-04-01-versioning.xml#ver_100081"
                xlink:label="loc_label_ver_100081"/>
      <gen:arc xlink:type="arc" xlink:title="label ver_100081"
               xlink:arcrole="http://xbrl.org/arcrole/2008/element-label"
               xlink:from="loc_label_ver_100081"
               xlink:to="label_ver_100081"/>
      <label:label xlink:type="resource" xlink:title="label"
                   xlink:role="http://www.xbrl.org/2003/role/label"
                   xlink:label="label_ver_100081"
                   id="ver_100081"
                   xml:lang="de">Vorschlag KPMG</label:label>
      <link:loc xlink:type="locator"
                xlink:href="de-pi-2018-04-01-shell-staffelform-with-2017-04-01-versioning.xml#ver_100082"
                xlink:label="loc_label_ver_100082"/>
      <gen:arc xlink:type="arc" xlink:title="label ver_100082"
               xlink:arcrole="http://xbrl.org/arcrole/2008/element-label"
               xlink:from="loc_label_ver_100082"
               xlink:to="label_ver_100082"/>
      <label:label xlink:type="resource" xlink:title="label"
                   xlink:role="http://www.xbrl.org/2003/role/label"
                   xlink:label="label_ver_100082"
                   id="ver_100082"
                   xml:lang="de">Vorschlag KPMG</label:label>
      <link:loc xlink:type="locator"
                xlink:href="de-pi-2018-04-01-shell-staffelform-with-2017-04-01-versioning.xml#ver_100083"
                xlink:label="loc_label_ver_100083"/>
      <gen:arc xlink:type="arc" xlink:title="label ver_100083"
               xlink:arcrole="http://xbrl.org/arcrole/2008/element-label"
               xlink:from="loc_label_ver_100083"
               xlink:to="label_ver_100083"/>
      <label:label xlink:type="resource" xlink:title="label"
                   xlink:role="http://www.xbrl.org/2003/role/label"
                   xlink:label="label_ver_100083"
                   id="ver_100083"
                   xml:lang="de">Vorschlag KPMG</label:label>
      <link:loc xlink:type="locator"
                xlink:href="de-pi-2018-04-01-shell-staffelform-with-2017-04-01-versioning.xml#ver_100084"
                xlink:label="loc_label_ver_100084"/>
      <gen:arc xlink:type="arc" xlink:title="label ver_100084"
               xlink:arcrole="http://xbrl.org/arcrole/2008/element-label"
               xlink:from="loc_label_ver_100084"
               xlink:to="label_ver_100084"/>
      <label:label xlink:type="resource" xlink:title="label"
                   xlink:role="http://www.xbrl.org/2003/role/label"
                   xlink:label="label_ver_100084"
                   id="ver_100084"
                   xml:lang="de">Vorschlag KPMG</label:label>
      <link:loc xlink:type="locator"
                xlink:href="de-pi-2018-04-01-shell-staffelform-with-2017-04-01-versioning.xml#ver_100085"
                xlink:label="loc_label_ver_100085"/>
      <gen:arc xlink:type="arc" xlink:title="label ver_100085"
               xlink:arcrole="http://xbrl.org/arcrole/2008/element-label"
               xlink:from="loc_label_ver_100085"
               xlink:to="label_ver_100085"/>
      <label:label xlink:type="resource" xlink:title="label"
                   xlink:role="http://www.xbrl.org/2003/role/label"
                   xlink:label="label_ver_100085"
                   id="ver_100085"
                   xml:lang="de">Vorschlag KPMG</label:label>
      <link:loc xlink:type="locator"
                xlink:href="de-pi-2018-04-01-shell-staffelform-with-2017-04-01-versioning.xml#ver_100086"
                xlink:label="loc_label_ver_100086"/>
      <gen:arc xlink:type="arc" xlink:title="label ver_100086"
               xlink:arcrole="http://xbrl.org/arcrole/2008/element-label"
               xlink:from="loc_label_ver_100086"
               xlink:to="label_ver_100086"/>
      <label:label xlink:type="resource" xlink:title="label"
                   xlink:role="http://www.xbrl.org/2003/role/label"
                   xlink:label="label_ver_100086"
                   id="ver_100086"
                   xml:lang="de">Vorschlag KPMG</label:label>
      <link:loc xlink:type="locator"
                xlink:href="de-pi-2018-04-01-shell-staffelform-with-2017-04-01-versioning.xml#ver_100087"
                xlink:label="loc_label_ver_100087"/>
      <gen:arc xlink:type="arc" xlink:title="label ver_100087"
               xlink:arcrole="http://xbrl.org/arcrole/2008/element-label"
               xlink:from="loc_label_ver_100087"
               xlink:to="label_ver_100087"/>
      <label:label xlink:type="resource" xlink:title="label"
                   xlink:role="http://www.xbrl.org/2003/role/label"
                   xlink:label="label_ver_100087"
                   id="ver_100087"
                   xml:lang="de">Vorschlag KPMG</label:label>
      <link:loc xlink:type="locator"
                xlink:href="de-pi-2018-04-01-shell-staffelform-with-2017-04-01-versioning.xml#ver_100088"
                xlink:label="loc_label_ver_100088"/>
      <gen:arc xlink:type="arc" xlink:title="label ver_100088"
               xlink:arcrole="http://xbrl.org/arcrole/2008/element-label"
               xlink:from="loc_label_ver_100088"
               xlink:to="label_ver_100088"/>
      <label:label xlink:type="resource" xlink:title="label"
                   xlink:role="http://www.xbrl.org/2003/role/label"
                   xlink:label="label_ver_100088"
                   id="ver_100088"
                   xml:lang="de">Vorschlag KPMG</label:label>
      <link:loc xlink:type="locator"
                xlink:href="de-pi-2018-04-01-shell-staffelform-with-2017-04-01-versioning.xml#ver_100089"
                xlink:label="loc_label_ver_100089"/>
      <gen:arc xlink:type="arc" xlink:title="label ver_100089"
               xlink:arcrole="http://xbrl.org/arcrole/2008/element-label"
               xlink:from="loc_label_ver_100089"
               xlink:to="label_ver_100089"/>
      <label:label xlink:type="resource" xlink:title="label"
                   xlink:role="http://www.xbrl.org/2003/role/label"
                   xlink:label="label_ver_100089"
                   id="ver_100089"
                   xml:lang="de">Vorschlag KPMG</label:label>
      <link:loc xlink:type="locator"
                xlink:href="de-pi-2018-04-01-shell-staffelform-with-2017-04-01-versioning.xml#ver_100090"
                xlink:label="loc_label_ver_100090"/>
      <gen:arc xlink:type="arc" xlink:title="label ver_100090"
               xlink:arcrole="http://xbrl.org/arcrole/2008/element-label"
               xlink:from="loc_label_ver_100090"
               xlink:to="label_ver_100090"/>
      <label:label xlink:type="resource" xlink:title="label"
                   xlink:role="http://www.xbrl.org/2003/role/label"
                   xlink:label="label_ver_100090"
                   id="ver_100090"
                   xml:lang="de">Vorschlag KPMG</label:label>
   </gen:link>
</link:linkbase>