<?xml version="1.0" encoding="UTF-8"?>
<ver:report xmlns:ver="http://xbrl.org/2013/versioning-base"
            xmlns:vercu="http://xbrl.org/2013/versioning-concept-use"
            xmlns:xlink="http://www.w3.org/1999/xlink"
            xmlns:link="http://www.xbrl.org/2003/linkbase"
            xmlns:xsi="http://www.w3.org/2001/XMLSchema-instance"
            xmlns:cur_label="http://xbrl.org/2008/label"
            xmlns:cur_xbrli="http://www.xbrl.org/2003/instance"
            xmlns:cur_de-pi="http://www.xbrl.de/taxonomies/de-pi-2018-04-01"
            xmlns:cur_formula="http://xbrl.org/2008/formula"
            xmlns:cur_gen="http://xbrl.org/2008/generic"
            xmlns:cur_de-hgbrole="http://www.xbrl.de/taxonomies/hgbrole-2018-04-01"
            xmlns:cur_xlink="http://www.w3.org/1999/xlink"
            xmlns:cur_variable="http://xbrl.org/2008/variable"
            xmlns:cur_de-gaap-ci="http://www.xbrl.de/taxonomies/de-gaap-ci-2018-04-01"
            xmlns:cur_table="http://xbrl.org/2014/table"
            xmlns:cur_xbrldt="http://xbrl.org/2005/xbrldt"
            xmlns:cur_link="http://www.xbrl.org/2003/linkbase"
            xmlns:cur_pi-shell-staffelform-fiscal="http://www.xbrl.de/taxonomies/de-pi-2018-04-01/shell-staffelform-fiscal"
            xmlns:cur_pi-shell-staffelform="http://www.xbrl.de/taxonomies/de-pi-2018-04-01/shell-staffelform"
            xmlns:cur_xl="http://www.xbrl.org/2003/XLink"
            xmlns:pre_de-gaap-ci="http://www.xbrl.de/taxonomies/de-gaap-ci-2017-04-01"
            xmlns:pre_pi-shell-staffelform-fiscal="http://www.xbrl.de/taxonomies/de-pi-2017-04-01/shell-staffelform-fiscal"
            xmlns:pre_pi-shell-staffelform="http://www.xbrl.de/taxonomies/de-pi-2017-04-01/shell-staffelform"
            xmlns:pre_de-pi="http://www.xbrl.de/taxonomies/de-pi-2017-04-01"
            xmlns:pre_de-hgbrole="http://www.xbrl.de/taxonomies/hgbrole-2017-04-01"
            id="ver_100000">
   <link:linkbaseRef xlink:type="simple"
                     xlink:href="de-pi-2018-04-01-shell-staffelform-fiscal-with-2017-04-01-label.xml"/>
   <ver:fromDTS>
      <link:schemaRef xlink:type="simple"
                      xlink:href="file:///var/opt/bamboo/xml-data/build-dir/131073/CORE-GRADLETESTER-JOB1/taxonomies/released/6.1-per-2017-04-01/xbrl/de-pi-2017-04-01/de-pi-2017-04-01-shell-staffelform-fiscal.xsd"/>
   </ver:fromDTS>
   <ver:toDTS>
      <link:schemaRef xlink:type="simple"
                      xlink:href="file:///var/opt/bamboo/xml-data/build-dir/131073/CORE-GRADLETESTER-JOB1/xbrl.de/modules/pi/build/cleanTaxonomy/de-pi-2018-04-01/de-pi-2018-04-01-shell-staffelform-fiscal.xsd"/>
   </ver:toDTS>
   <ver:assignment id="assig_domain"/>
   <ver:assignment id="assig_technical"/>
   <ver:assignment id="assig_correction"/>
   <ver:assignment id="assig_effectOnPosition"/>
   <ver:assignment id="assig_moved"/>
   <ver:action>
      <ver:assignmentRef ref="assig_technical"/>
      <ver:namespaceRename>
         <ver:fromURI value="http://www.xbrl.de/taxonomies/de-pi-2017-04-01/shell-staffelform"/>
         <ver:toURI value="http://www.xbrl.de/taxonomies/de-pi-2018-04-01/shell-staffelform"/>
      </ver:namespaceRename>
      <ver:namespaceRename>
         <ver:fromURI value="http://www.xbrl.de/taxonomies/hgbrole-2017-04-01"/>
         <ver:toURI value="http://www.xbrl.de/taxonomies/hgbrole-2018-04-01"/>
      </ver:namespaceRename>
      <ver:namespaceRename>
         <ver:fromURI value="http://www.xbrl.de/taxonomies/de-gaap-ci-2017-04-01"/>
         <ver:toURI value="http://www.xbrl.de/taxonomies/de-gaap-ci-2018-04-01"/>
      </ver:namespaceRename>
      <ver:namespaceRename>
         <ver:fromURI value="http://www.xbrl.de/taxonomies/de-pi-2017-04-01"/>
         <ver:toURI value="http://www.xbrl.de/taxonomies/de-pi-2018-04-01"/>
      </ver:namespaceRename>
      <ver:namespaceRename>
         <ver:fromURI value="http://www.xbrl.de/taxonomies/de-pi-2017-04-01/shell-staffelform-fiscal"/>
         <ver:toURI value="http://www.xbrl.de/taxonomies/de-pi-2018-04-01/shell-staffelform-fiscal"/>
      </ver:namespaceRename>
   </ver:action>
   <ver:action id="ver_100001">
      <vercu:conceptAdd physical="true">
         <vercu:toConcept name="cur_de-pi:isPi.tax.prevPeriodReceived.soli"/>
      </vercu:conceptAdd>
   </ver:action>
   <ver:action id="ver_100002">
      <ver:assignmentRef ref="assig_domain"/>
      <ver:assignmentRef ref="assig_correction"/>
      <vercu:conceptRename>
         <vercu:fromConcept name="pre_de-pi:isPi.adminExp.paymServicesAndEMoney.other.provisions"/>
         <vercu:toConcept name="cur_de-pi:isPi.adminExp.paymServicesAndEMoney.other.provisions"/>
      </vercu:conceptRename>
   </ver:action>
   <ver:action id="ver_100003">
      <vercu:conceptRename>
         <vercu:fromConcept name="pre_de-pi:isPi.tax.kest"/>
         <vercu:toConcept name="cur_de-pi:isPi.tax.kest"/>
      </vercu:conceptRename>
   </ver:action>
   <ver:action id="ver_100004">
      <vercu:conceptAdd physical="true">
         <vercu:toConcept name="cur_de-pi:isPi.otherOpRevenue.revalFixAss.intangible"/>
      </vercu:conceptAdd>
   </ver:action>
   <ver:action id="ver_100005">
      <ver:assignmentRef ref="assig_domain"/>
      <ver:assignmentRef ref="assig_correction"/>
      <vercu:conceptRename>
         <vercu:fromConcept name="pre_de-pi:bsPi.eqLiab.fundGeneralBankingRisks"/>
         <vercu:toConcept name="cur_de-pi:bsPi.eqLiab.fundGeneralBankingRisks"/>
      </vercu:conceptRename>
   </ver:action>
   <ver:action id="ver_100006">
      <vercu:conceptAdd physical="true">
         <vercu:toConcept name="cur_de-pi:isPi.lossFrParticip.expense.loss"/>
      </vercu:conceptAdd>
   </ver:action>
   <ver:action id="ver_100007">
      <vercu:conceptRename>
         <vercu:fromConcept name="pre_de-pi:isPi.otherCost.donations"/>
         <vercu:toConcept name="cur_de-pi:isPi.otherCost.donations"/>
      </vercu:conceptRename>
   </ver:action>
   <ver:action id="ver_100008">
      <vercu:conceptAdd physical="true">
         <vercu:toConcept name="cur_de-pi:isPi.otherCost.donations.nonDeductibleOther"/>
      </vercu:conceptAdd>
   </ver:action>
   <ver:action id="ver_100009">
      <vercu:conceptRename>
         <vercu:fromConcept name="pre_de-pi:isPi.adminExp.paymServicesAndEMoney.other.leasingAll.moveable"/>
         <vercu:toConcept name="cur_de-pi:isPi.adminExp.paymServicesAndEMoney.other.leasingAll.moveable"/>
      </vercu:conceptRename>
   </ver:action>
   <ver:action id="ver_100010">
      <vercu:conceptRename>
         <vercu:fromConcept name="pre_de-pi:isPi.tax.prevPeriodPaid"/>
         <vercu:toConcept name="cur_de-pi:isPi.tax.prevPeriodPaid"/>
      </vercu:conceptRename>
   </ver:action>
   <ver:action id="ver_100011">
      <vercu:conceptAdd physical="true">
         <vercu:toConcept name="cur_de-pi:isPi.otherOpRevenue.discount"/>
      </vercu:conceptAdd>
   </ver:action>
   <ver:action id="ver_100012">
      <vercu:conceptAdd physical="true">
         <vercu:toConcept name="cur_de-pi:isPi.adminExp.paymServicesAndEMoney.other.leasingAll.other"/>
      </vercu:conceptAdd>
   </ver:action>
   <ver:action id="ver_100013">
      <ver:assignmentRef ref="assig_domain"/>
      <vercu:conceptRename>
         <vercu:fromConcept name="pre_de-pi:isPi.incomeReleasePreTaxRes.EStG4g"/>
         <vercu:toConcept name="cur_de-pi:isPi.incomeReleasePreTaxRes.EStG4g"/>
      </vercu:conceptRename>
   </ver:action>
   <ver:action id="ver_100014">
      <vercu:conceptAdd physical="true">
         <vercu:toConcept name="cur_de-pi:isPi.tax.prevPeriodReceived.kst"/>
      </vercu:conceptAdd>
   </ver:action>
   <ver:action id="ver_100015">
      <ver:assignmentRef ref="assig_domain"/>
      <vercu:conceptRename>
         <vercu:fromConcept name="pre_de-pi:bsPi.eqLiab.pretaxRes.OtherForeign"/>
         <vercu:toConcept name="cur_de-pi:bsPi.eqLiab.pretaxRes.OtherForeign"/>
      </vercu:conceptRename>
   </ver:action>
   <ver:action id="ver_100016">
      <ver:assignmentRef ref="assig_domain"/>
      <vercu:conceptRename>
         <vercu:fromConcept name="pre_de-pi:isPi.retainedEarningsPrevYear.otherOperations"/>
         <vercu:toConcept name="cur_de-pi:isPi.retainedEarningsPrevYear.otherOperations"/>
      </vercu:conceptRename>
   </ver:action>
   <ver:action id="ver_100017">
      <vercu:conceptAdd physical="true">
         <vercu:toConcept name="cur_de-pi:isPi.otherCost.royalties.resident"/>
      </vercu:conceptAdd>
   </ver:action>
   <ver:action id="ver_100018">
      <vercu:conceptAdd physical="true">
         <vercu:toConcept name="cur_de-pi:isPi.otherOpRevenue.revalFixAss.financial.domestic"/>
      </vercu:conceptAdd>
   </ver:action>
   <ver:action id="ver_100019">
      <vercu:conceptRename>
         <vercu:fromConcept name="pre_de-pi:isPi.currIncome.paymServicesAndEMoney.particip.corporations"/>
         <vercu:toConcept name="cur_de-pi:isPi.currIncome.paymServicesAndEMoney.particip.corporations"/>
      </vercu:conceptRename>
   </ver:action>
   <ver:action id="ver_100020">
      <vercu:conceptAdd physical="true">
         <vercu:toConcept name="cur_de-pi:isPi.otherOpRevenue.revalFixAss.financial.foreignLoan.relatedParty"/>
      </vercu:conceptAdd>
   </ver:action>
   <ver:action id="ver_100021">
      <vercu:conceptAdd physical="true">
         <vercu:toConcept name="cur_de-pi:isPi.otherCost.discount"/>
      </vercu:conceptAdd>
   </ver:action>
   <ver:action id="ver_100022">
      <vercu:conceptAdd physical="true">
         <vercu:toConcept name="cur_de-pi:isPi.otherOpRevenue.revalCurrAss.financial.domesticLoan"/>
      </vercu:conceptAdd>
   </ver:action>
   <ver:action id="ver_100023">
      <vercu:conceptAdd physical="true">
         <vercu:toConcept name="cur_de-pi:isPi.otherOpRevenue.revalFixAss.financial.foreignLoan"/>
      </vercu:conceptAdd>
   </ver:action>
   <ver:action id="ver_100024">
      <vercu:conceptAdd physical="true">
         <vercu:toConcept name="cur_de-pi:isPi.otherOpRevenue.disposCurrAss.domesticCorp"/>
      </vercu:conceptAdd>
   </ver:action>
   <ver:action id="ver_100025">
      <vercu:conceptAdd physical="true">
         <vercu:toConcept name="cur_de-pi:isPi.otherCost.interestAOs233"/>
      </vercu:conceptAdd>
   </ver:action>
   <ver:action id="ver_100026">
      <vercu:conceptRename>
         <vercu:fromConcept name="pre_de-pi:isPi.adminExp.paymServicesAndEMoney.other.supervisoryBoard"/>
         <vercu:toConcept name="cur_de-pi:isPi.adminExp.paymServicesAndEMoney.other.supervisoryBoard"/>
      </vercu:conceptRename>
   </ver:action>
   <ver:action id="ver_100027">
      <vercu:conceptAdd physical="true">
         <vercu:toConcept name="cur_de-pi:isPi.otherCost.donations.taxPriviledged.EUrecipients"/>
      </vercu:conceptAdd>
   </ver:action>
   <ver:action id="ver_100028">
      <vercu:conceptAdd physical="true">
         <vercu:toConcept name="cur_de-pi:isPi.otherCost.royalties"/>
      </vercu:conceptAdd>
   </ver:action>
   <ver:action id="ver_100029">
      <vercu:conceptRename>
         <vercu:fromConcept name="pre_de-pi:isPi.lossFrParticip"/>
         <vercu:toConcept name="cur_de-pi:isPi.lossFrParticip"/>
      </vercu:conceptRename>
   </ver:action>
   <ver:action id="ver_100030">
      <vercu:conceptAdd physical="true">
         <vercu:toConcept name="cur_de-pi:isPi.otherCost.otherOperExpDisposalDomShares"/>
      </vercu:conceptAdd>
   </ver:action>
   <ver:action id="ver_100031">
      <vercu:conceptAdd physical="true">
         <vercu:toConcept name="cur_de-pi:isPi.otherCost.royalties.nonResident"/>
      </vercu:conceptAdd>
   </ver:action>
   <ver:action id="ver_100032">
      <ver:assignmentRef ref="assig_domain"/>
      <ver:assignmentRef ref="assig_correction"/>
      <vercu:conceptRename>
         <vercu:fromConcept name="pre_de-pi:isPi.adminExp.otherOperations.other.provisions"/>
         <vercu:toConcept name="cur_de-pi:isPi.adminExp.otherOperations.other.provisions"/>
      </vercu:conceptRename>
   </ver:action>
   <ver:action id="ver_100033">
      <vercu:conceptAdd physical="true">
         <vercu:toConcept name="cur_de-pi:isPi.otherOpRevenue.revalFixAss.financial.domesticLoan"/>
      </vercu:conceptAdd>
   </ver:action>
   <ver:action id="ver_100034">
      <vercu:conceptRename>
         <vercu:fromConcept name="pre_de-pi:isPi.profSharing"/>
         <vercu:toConcept name="cur_de-pi:isPi.profSharing"/>
      </vercu:conceptRename>
   </ver:action>
   <ver:action id="ver_100035">
      <vercu:conceptAdd physical="true">
         <vercu:toConcept name="cur_de-pi:isPi.currIncome.paymServicesAndEMoney.particip.corporations.domestic.10to15pt"/>
      </vercu:conceptAdd>
   </ver:action>
   <ver:action id="ver_100036">
      <vercu:conceptAdd physical="true">
         <vercu:toConcept name="cur_de-pi:isPi.otherCost.donations.taxPriviledged"/>
      </vercu:conceptAdd>
   </ver:action>
   <ver:action id="ver_100037">
      <vercu:conceptAdd physical="true">
         <vercu:toConcept name="cur_de-pi:isPi.otherCost.leasingMovable.interest"/>
      </vercu:conceptAdd>
   </ver:action>
   <ver:action id="ver_100038">
      <vercu:conceptAdd physical="true">
         <vercu:toConcept name="cur_de-pi:isPi.otherCost.donations.nonDeductiblePolParties"/>
      </vercu:conceptAdd>
   </ver:action>
   <ver:action id="ver_100039">
      <vercu:conceptRename>
         <vercu:fromConcept name="pre_de-pi:isPi.tax.soli"/>
         <vercu:toConcept name="cur_de-pi:isPi.tax.soli"/>
      </vercu:conceptRename>
   </ver:action>
   <ver:action id="ver_100040">
      <vercu:conceptRename>
         <vercu:fromConcept name="pre_de-pi:isPi.tax.prevPeriodReceived"/>
         <vercu:toConcept name="cur_de-pi:isPi.tax.prevPeriodReceived"/>
      </vercu:conceptRename>
   </ver:action>
   <ver:action id="ver_100041">
      <ver:assignmentRef ref="assig_domain"/>
      <vercu:conceptRename>
         <vercu:fromConcept name="pre_de-pi:bsPi.eqLiab.equity.TaxAdjustmentItem.reclassifications"/>
         <vercu:toConcept name="cur_de-pi:bsPi.eqLiab.equity.TaxAdjustmentItem.reclassifications"/>
      </vercu:conceptRename>
   </ver:action>
   <ver:action id="ver_100042">
      <vercu:conceptAdd physical="true">
         <vercu:toConcept name="cur_de-pi:isPi.otherOpRevenue.revalCurrAss.financial.domesticLoan.relatedParty"/>
      </vercu:conceptAdd>
   </ver:action>
   <ver:action id="ver_100043">
      <vercu:conceptAdd physical="true">
         <vercu:toConcept name="cur_de-pi:isPi.otherCost.taxRelatedPayments"/>
      </vercu:conceptAdd>
   </ver:action>
   <ver:action id="ver_100044">
      <vercu:conceptAdd physical="true">
         <vercu:toConcept name="cur_de-pi:isPi.otherCost.leasingImmovable.interest"/>
      </vercu:conceptAdd>
   </ver:action>
   <ver:action id="ver_100045">
      <vercu:conceptAdd physical="true">
         <vercu:toConcept name="cur_de-pi:isPi.earningProfSharingProfReceived.profTransfer"/>
      </vercu:conceptAdd>
   </ver:action>
   <ver:action id="ver_100046">
      <vercu:conceptRename>
         <vercu:fromConcept name="pre_de-pi:isPi.earningProfSharing.otherOperations"/>
         <vercu:toConcept name="cur_de-pi:isPi.earningProfSharing.otherOperations"/>
      </vercu:conceptRename>
   </ver:action>
   <ver:action id="ver_100047">
      <vercu:conceptAdd physical="true">
         <vercu:toConcept name="cur_de-pi:isPi.otherCost.interestAOss234to237.deductible"/>
      </vercu:conceptAdd>
   </ver:action>
   <ver:action id="ver_100048">
      <vercu:conceptRename>
         <vercu:fromConcept name="pre_de-pi:isPi.adminExp.paymServicesAndEMoney.other.leasingAll.moveable"/>
         <vercu:toConcept name="cur_de-pi:isPi.adminExp.paymServicesAndEMoney.other.leasingAll.moveable"/>
      </vercu:conceptRename>
   </ver:action>
   <ver:action id="ver_100049">
      <vercu:conceptAdd physical="true">
         <vercu:toConcept name="cur_de-pi:isPi.otherOpRevenue.revalFixAss.financial.foreign"/>
      </vercu:conceptAdd>
   </ver:action>
   <ver:action id="ver_100050">
      <vercu:conceptAdd physical="true">
         <vercu:toConcept name="cur_de-pi:isPi.otherCost.interestAOs233.nonDeductible"/>
      </vercu:conceptAdd>
   </ver:action>
   <ver:action id="ver_100051">
      <vercu:conceptRename>
         <vercu:fromConcept name="pre_de-pi:isPi.otherCost.interestAO233aTradeTax"/>
         <vercu:toConcept name="cur_de-pi:isPi.otherCost.interestAO233aTradeTax"/>
      </vercu:conceptRename>
   </ver:action>
   <ver:action id="ver_100052">
      <ver:assignmentRef ref="assig_domain"/>
      <vercu:conceptRename>
         <vercu:fromConcept name="pre_de-pi:isPi.otherForeign"/>
         <vercu:toConcept name="cur_de-pi:isPi.otherForeign"/>
      </vercu:conceptRename>
   </ver:action>
   <ver:action id="ver_100053">
      <vercu:conceptAdd physical="true">
         <vercu:toConcept name="cur_de-pi:isPi.otherCost.recognisedInOperExpNonDedInputVAT"/>
      </vercu:conceptAdd>
   </ver:action>
   <ver:action id="ver_100054">
      <vercu:conceptAdd physical="true">
         <vercu:toConcept name="cur_de-pi:isPi.tax.prevPeriodPaid.soli"/>
      </vercu:conceptAdd>
   </ver:action>
   <ver:action id="ver_100055">
      <vercu:conceptAdd physical="true">
         <vercu:toConcept name="cur_de-pi:isPi.otherCost.leasingImmovable"/>
      </vercu:conceptAdd>
   </ver:action>
   <ver:action id="ver_100056">
      <vercu:conceptAdd physical="true">
         <vercu:toConcept name="cur_de-pi:isPi.otherCost.otherOperExpDisposalForeignShares"/>
      </vercu:conceptAdd>
   </ver:action>
   <ver:action id="ver_100057">
      <ver:assignmentRef ref="assig_domain"/>
      <ver:assignmentRef ref="assig_correction"/>
      <vercu:conceptRename>
         <vercu:fromConcept name="pre_de-pi:bsPi.ass.receivCustomers.particip"/>
         <vercu:toConcept name="cur_de-pi:bsPi.ass.receivCustomers.particip"/>
      </vercu:conceptRename>
   </ver:action>
   <ver:action id="ver_100058">
      <vercu:conceptAdd physical="true">
         <vercu:toConcept name="cur_de-pi:isPi.otherCost.disposalOfShares"/>
      </vercu:conceptAdd>
   </ver:action>
   <ver:action id="ver_100059">
      <vercu:conceptAdd physical="true">
         <vercu:toConcept name="cur_de-pi:isPi.otherCost.interestAOss234to237"/>
      </vercu:conceptAdd>
   </ver:action>
   <ver:action id="ver_100060">
      <vercu:conceptAdd physical="true">
         <vercu:toConcept name="cur_de-pi:isPi.tax.soli.credit"/>
      </vercu:conceptAdd>
   </ver:action>
   <ver:action id="ver_100061">
      <vercu:conceptAdd physical="true">
         <vercu:toConcept name="cur_de-pi:isPi.otherCost.discount.KStG38"/>
      </vercu:conceptAdd>
   </ver:action>
   <ver:action id="ver_100062">
      <vercu:conceptAdd physical="true">
         <vercu:toConcept name="cur_de-pi:isPi.currIncome.paymServicesAndEMoney.particip.corporations.foreign"/>
      </vercu:conceptAdd>
   </ver:action>
   <ver:action id="ver_100063">
      <vercu:conceptAdd physical="true">
         <vercu:toConcept name="cur_de-pi:isPi.currIncome.paymServicesAndEMoney.particip.corporations.foreign.10to15pt"/>
      </vercu:conceptAdd>
   </ver:action>
   <ver:action id="ver_100064">
      <vercu:conceptRename>
         <vercu:fromConcept name="pre_de-pi:isPi.otherOpRevenue.revalCurrAss"/>
         <vercu:toConcept name="cur_de-pi:isPi.otherOpRevenue.revalCurrAss"/>
      </vercu:conceptRename>
   </ver:action>
   <ver:action id="ver_100065">
      <vercu:conceptAdd physical="true">
         <vercu:toConcept name="cur_de-pi:isPi.otherOpRevenue.revalFixAss.financial"/>
      </vercu:conceptAdd>
   </ver:action>
   <ver:action id="ver_100066">
      <vercu:conceptAdd physical="true">
         <vercu:toConcept name="cur_de-pi:isPi.lossFrParticip.expense"/>
      </vercu:conceptAdd>
   </ver:action>
   <ver:action id="ver_100067">
      <vercu:conceptAdd physical="true">
         <vercu:toConcept name="cur_de-pi:isPi.currIncome.paymServicesAndEMoney.particip.corporations.foreign.notLessThan15pt"/>
      </vercu:conceptAdd>
   </ver:action>
   <ver:action id="ver_100068">
      <vercu:conceptAdd physical="true">
         <vercu:toConcept name="cur_de-pi:isPi.otherOpRevenue.revalFixAss.financial.domesticLoan.unrelatedParty"/>
      </vercu:conceptAdd>
   </ver:action>
   <ver:action id="ver_100069">
      <vercu:conceptAdd physical="true">
         <vercu:toConcept name="cur_de-pi:isPi.profSharing.transferConsTaxGroup"/>
      </vercu:conceptAdd>
   </ver:action>
   <ver:action id="ver_100070">
      <vercu:conceptAdd physical="true">
         <vercu:toConcept name="cur_de-pi:isPi.otherOpRevenue.discount.prematRepaymentKStGs38"/>
      </vercu:conceptAdd>
   </ver:action>
   <ver:action id="ver_100071">
      <vercu:conceptAdd physical="true">
         <vercu:toConcept name="cur_de-pi:isPi.otherOpRevenue.revalCurrAss.financial.domesticLoan.unrelatedParty"/>
      </vercu:conceptAdd>
   </ver:action>
   <ver:action id="ver_100072">
      <ver:assignmentRef ref="assig_domain"/>
      <ver:assignmentRef ref="assig_correction"/>
      <vercu:conceptRename>
         <vercu:fromConcept name="pre_de-pi:bs.Pi.ass.receivBanks.particip"/>
         <vercu:toConcept name="cur_de-pi:bs.Pi.ass.receivBanks.particip"/>
      </vercu:conceptRename>
   </ver:action>
   <ver:action id="ver_100073">
      <vercu:conceptRename>
         <vercu:fromConcept name="pre_de-pi:isPi.otherOpRevenue.interestAO233tradeTax"/>
         <vercu:toConcept name="cur_de-pi:isPi.otherOpRevenue.interestAO233tradeTax"/>
      </vercu:conceptRename>
   </ver:action>
   <ver:action id="ver_100074">
      <vercu:conceptAdd physical="true">
         <vercu:toConcept name="cur_de-pi:isPi.otherCost.interestAOss234to237.nonDeductible"/>
      </vercu:conceptAdd>
   </ver:action>
   <ver:action id="ver_100075">
      <vercu:conceptAdd physical="true">
         <vercu:toConcept name="cur_de-pi:isPi.currIncome.paymServicesAndEMoney.particip.corporations.domestic"/>
      </vercu:conceptAdd>
   </ver:action>
   <ver:action id="ver_100076">
      <vercu:conceptAdd physical="true">
         <vercu:toConcept name="cur_de-pi:isPi.currIncome.paymServicesAndEMoney.particip.corporations.domestic.notLessThan15pt"/>
      </vercu:conceptAdd>
   </ver:action>
   <ver:action id="ver_100077">
      <vercu:conceptAdd physical="true">
         <vercu:toConcept name="cur_de-pi:isPi.otherOpRevenue.revalCurrAss.financial.foreignLoan.relatedParty"/>
      </vercu:conceptAdd>
   </ver:action>
   <ver:action id="ver_100078">
      <vercu:conceptAdd physical="true">
         <vercu:toConcept name="cur_de-pi:isPi.otherOpRevenue.revalFixAss.financial.domesticLoan.relatedParty"/>
      </vercu:conceptAdd>
   </ver:action>
   <ver:action id="ver_100079">
      <vercu:conceptAdd physical="true">
         <vercu:toConcept name="cur_de-pi:isPi.tax.prevPeriodPaid.kst"/>
      </vercu:conceptAdd>
   </ver:action>
   <ver:action id="ver_100080">
      <ver:assignmentRef ref="assig_domain"/>
      <vercu:conceptRename>
         <vercu:fromConcept name="pre_de-pi:isPi.addToPreTaxRes.EStG4g"/>
         <vercu:toConcept name="cur_de-pi:isPi.addToPreTaxRes.EStG4g"/>
      </vercu:conceptRename>
   </ver:action>
   <ver:action id="ver_100081">
      <vercu:conceptAdd physical="true">
         <vercu:toConcept name="cur_de-pi:isPi.otherCost.leasingMovable"/>
      </vercu:conceptAdd>
   </ver:action>
   <ver:action id="ver_100082">
      <vercu:conceptAdd physical="true">
         <vercu:toConcept name="cur_de-pi:isPi.otherOpRevenue.revalFixAss.financial.other"/>
      </vercu:conceptAdd>
   </ver:action>
   <ver:action id="ver_100083">
      <vercu:conceptAdd physical="true">
         <vercu:toConcept name="cur_de-pi:isPi.otherCost.interestAOs233.deductible"/>
      </vercu:conceptAdd>
   </ver:action>
   <ver:action id="ver_100084">
      <vercu:conceptAdd physical="true">
         <vercu:toConcept name="cur_de-pi:isPi.otherOpRevenue.revalFixAss.tangible"/>
      </vercu:conceptAdd>
   </ver:action>
   <ver:action id="ver_100085">
      <vercu:conceptAdd physical="true">
         <vercu:toConcept name="cur_de-pi:isPi.otherOpRevenue.disposCurrAss"/>
      </vercu:conceptAdd>
   </ver:action>
   <ver:action id="ver_100086">
      <vercu:conceptAdd physical="true">
         <vercu:toConcept name="cur_de-pi:isPi.otherOpRevenue.revalCurrAss.financial.foreignLoan"/>
      </vercu:conceptAdd>
   </ver:action>
   <ver:action id="ver_100087">
      <vercu:conceptAdd physical="true">
         <vercu:toConcept name="cur_de-pi:isPi.earningProfSharingProfReceived"/>
      </vercu:conceptAdd>
   </ver:action>
   <ver:action id="ver_100088">
      <vercu:conceptAdd physical="true">
         <vercu:toConcept name="cur_de-pi:isPi.adminExp.paymServicesAndEMoney.other.supervisoryBoard.deductible"/>
      </vercu:conceptAdd>
   </ver:action>
   <ver:action id="ver_100089">
      <vercu:conceptAdd physical="true">
         <vercu:toConcept name="cur_de-pi:isPi.tax.kest.credit"/>
      </vercu:conceptAdd>
   </ver:action>
   <ver:action id="ver_100090">
      <vercu:conceptRename>
         <vercu:fromConcept name="pre_de-pi:isPi.otherOpRevenue.revalFixAss"/>
         <vercu:toConcept name="cur_de-pi:isPi.otherOpRevenue.revalFixAss"/>
      </vercu:conceptRename>
   </ver:action>
</ver:report>